:020000040800F2
:1000000000000C20097E0008C1020008C10200089F
:10001000C1020008C1020008C1020008F77D000803
:10002000000000000000000000000000A90001081E
:10003000597E00080000000049000108F5FC000896
:10004000597E0008597E0008597E0008597E000834
:10005000597E0008597E0008597E0008597E000824
:10006000597E0008597E0008597E0008FB7D000873
:10007000597E0008597E0008597E0008597E000804
:10008000597E0008597E0008597E0008597E0008F4
:10009000597E0008597E0008597E0008597E0008E4
:1000A000597E0008597E0008597E0008597E0008D4
:1000B000597E0008597E0008597E0008597E0008C4
:1000C000597E0008597E0008597E0008597E0008B4
:1000D000597E0008597E0008597E0008597E0008A4
:1000E000597E0008597E0008597E0008597E000894
:1000F000597E0008597E0008597E0008597E000884
:10010000597E0008597E0008597E0008597E000873
:10011000597E0008597E0008597E0008597E000863
:10012000597E0008597E0008597E0008597E000853
:10013000597E0008597E0008597E0008597E000843
:10014000597E0008597E0008597E0008597E000833
:10015000597E0008597E0008597E0008597E000823
:10016000597E0008597E0008597E0008597E000813
:10017000597E0008597E0008597E0008597E000803
:10018000597E0008597E0008597E0008597E0008F3
:10019000597E0008597E0008597E0008597E0008E3
:1001A000597E0008597E0008597E0008597E0008D3
:1001B000597E0008597E0008597E0008597E0008C3
:1001C000597E0008597E0008597E0008597E0008B3
:1001D000597E0008597E0008597E0008597E0008A3
:1001E000597E0008597E0008597E0008597E000893
:1001F000597E0008597E0008597E0008597E000883
:10020000597E0008597E0008597E0008597E000872
:10021000597E0008597E0008597E0008597E000862
:10022000597E0008597E0008597E0008597E000852
:08023000597E0008597E000808
:1002380088B01E4801680091416801918168029167
:10024800C168039101690491CDF814E07146A1F1E8
:10025800040121F001010691EFF3038141F080715F
:1002680007911349C1F800D0EFF3038343F080737B
:10027800EFF30982EFF30881DFF8380085462DE9AE
:10028800FE4FEFF31481C1F340014FF6B872CFF679
:10029800FF7242EA81020B92684605F0A5FE0CB097
:1002A8000349096848698D4608B00047944800200A
:1002B800904800208C5500202DE9005004F0EAFCFD
:1002C800BDE80050EFF30383EFF30982EFF30881F1
:1002D800DFF820D02DE9FE4F684605F085FEBDE821
:1002E800FE4F8D462DE9005004F002FDBDE8005098
:1002F800704700008C550020F1EE101AA0EC200A7F
:1003080001607047A0EC108A704700BF53B94AB922
:10031800002908BF00281CBF4FF0FF314FF0FF3005
:1003280000F06AB9ADF1080C6DE904CE00F006F8EA
:10033800DDF804E0DDE9022304B070472DE9F04759
:100348008C468E46089E154604461946002B40F0FA
:10035800D080724547D9B2FA82F74FB1C7F120036E
:100368000EFA07FCBD40BC4020FA03F343EA0C0C2C
:100378004FEA154EA8B2230CBCFBFEF80EFB18CCB6
:1003880008FB00F943EA0C43994528D9EB1808F112
:10039800FF3204D2994502D9A8F102022B44A3EBFB
:1003A8000903A4B2B3FBFEFC0EFB1C330CFB00F0EC
:1003B80044EA0344A04214D92C190CF1FF3304D2A7
:1003C800A04202D9ACF102032C44241A43EA0240A9
:1003D8001EB1FC40002334607360BDE8F0874246DC
:1003E800DDE76346F1E7002A79D0B2FA82F3002B01
:1003F8003FD01946C1F1200302FA01F500FA01F4D1
:100408002EFA03F20EFA01FE20FA03F3AFB243EA22
:100418000E034FEA154EB2FBFEFC0EFB1C201A0C15
:100428000CFB07F842EA004290455AD9AA180CF189
:10043800FF3004D2904502D9ACF102002A44A2EB65
:1004480008029BB2B2FBFEFC0EFB1C220CFB07F75A
:1004580043EA02439F4246D9EB180CF1FF3204D21B
:100468009F4202D9ACF102022B44DB1B42EA004254
:1004780002E0AEEB020301224FEA154EAFB2200CA8
:10048800B3FBFEFC0EFB1C330CFB07F840EA0343EE
:1004980098452AD9EB180CF1FF3004D2984502D9B7
:1004A800ACF102002B44A3EB0803A4B2B3FBFEFC9F
:1004B8000EFB1C330CFB07F744EA0344A74216D98A
:1004C8002C190CF1FF3304D2A74202D9ACF1020374
:1004D8002C44E41B43EA00400F46114678E71F21ED
:1004E80088E76046ABE76246BFE76046DBE76346FE
:1004F800EFE7734506D916B9002108466DE7C6E946
:10050800000EF9E7B3FA83F787B9734501D382423E
:1005180007D8841A6EEB030301209C461EB90021FC
:100528005BE73846FAE7C6E9004CF8E7C7F1200C64
:10053800BB4000FA07F422FA0CF520FA0CF1BA4095
:100548001D432EFA0CF30EFA07FE4FEA154941EA4D
:100558000E011FFA85FEB3FBF9F809FB18300B0CE6
:1005680008FB0EFA43EA00439A4540D9EB1808F114
:10057800FF3004D29A4502D9A8F102002B44A3EB1C
:100588000A0389B2B3FBF9F809FB183308FB0EFE1E
:1005980041EA03418E452CD9691808F1FF3304D28A
:1005A8008E4502D9A8F10203294443EA0040A1EB91
:1005B8000E01A0FB02984145CE46434602D306D120
:1005C8004C4504D20138B9EB020E68EB0503002E46
:1005D800A5D0B4EB0E0261EB030101FA0CFC22FA80
:1005E80007F3F9404CEA0303C6E9003197E74046B0
:1005F800C5E74346D9E70000704700BF844641EA93
:10060800000313F0030349D1403A23D30B68036076
:100618004B6843608B688360CB68C3600B69036178
:100628004B6943618B698361CB69C3610B6A036260
:100638004B6A43628B6A8362CB6AC3620B6B036348
:100648004B6B43638B6B8363CB6BC363403040312D
:10065800403ADBD230320BD30B6803604B684360FF
:100668008B688360CB68C36010301031103AF3D2C6
:100678000C3205D351F8043B40F8043B043AF9D254
:10068800043208D0D2071CBF11F8013B00F8013B27
:1006980001D30B8803806046704700BF082A13D334
:1006A8008B07B1D010F00303AED0C3F10403D21A04
:1006B800DB071CBF11F8013B00F8013BA4D331F85C
:1006C800023B20F8023B9FE7043AD9D3013A11F8DC
:1006D800013B00F8013BF9D20B7803704B7843706B
:1006E8008B7883706046704770B4840746D0541E78
:1006F800002A41D0CDB2034602E0621EE4B314469C
:1007080003F8015B9A07F8D1032C2ED9CDB245EA3C
:1007180005250F2C45EA054519D9264603F110028F
:10072800103E0F2E42F8105C42F80C5C42F8085C50
:1007380042F8045C02F11002F2D8A4F1100222F08F
:100748000F0204F00F041032032C13440DD91E4677
:100758002246043A032A46F8045BFAD8221F22F0FC
:1007680003020432134404F003042CB1C9B21C443C
:1007780003F8011BA342FBD170BC70471446034623
:10078800C2E7000080B483B000AF7860094A7B6894
:100798001360084B1B6800221A60074B1B6843F460
:1007A8008003054A1360002318460C37BD465DF8E0
:1007B800047B704770000020AC3B002080B485B0FB
:1007C80000AF78600F4A7B6813600023FB6008E085
:1007D8000C4B1B68FA68002143F82210FB680133B0
:1007E800FB60FB68042BF3D9074B1B6843F0080335
:1007F800054A1360002318461437BD465DF8047B8C
:10080800704700BF74000020AC3B002080B483B068
:1008180000AF03463960FB71094B1B68FA7953F83E
:100828002200074B1B68FA793968014443F8221003
:10083800002318460C37BD465DF8047B704700BF9F
:100848007400002080B582B000AF0346FB71FB79CD
:1008580001211846FFF7DAFF034618460837BD4658
:1008680080BD000080B483B000AF03463960FB71DF
:100878000A4B1B68FA7953F822303A689A4205DD28
:10088800064B1B68FA79396843F82210002318468A
:100898000C37BD465DF8047B704700BF740000202C
:1008A80080B500AF1D4B1B6803F00803002B01D176
:1008B800012330E01A4B1B685B68002B06DD08201B
:1008C80000F01EFA164B1B6800225A60144B1B6876
:1008D8001B681C2B06DD092000F012FA104B1B6860
:1008E80000221A600E4B1B689B68002B06DD0A204D
:1008F80000F006FA0A4B1B6800229A60084B1B6836
:10090800DB68002B06DD0E2000F0FAF9044B1B68AB
:100918000022DA600023184680BD00BFAC3B0020EF
:100928007400002080B582B000AF7860044A7B680C
:10093800136000F06FF9034618460837BD4680BDBE
:100948007C00002080B485B000AF7860284A7B68BE
:100958001360274B1B6838221A60254B1B681C2222
:100968005A60234B1B6803229A600023BB602FE068
:100978001F4B1968BA6813465B0013441B010B44EC
:100988000C3300221A600023FB6010E0184B196832
:10099800BA6813465B0013449B00FA681344023399
:1009A8009B000B4400229A60FB680133FB60FB68E4
:1009B800022BEBD90E4B1968BA6813465B00134437
:1009C8001B010B44203300221A70BB680133BB6043
:1009D800BB68372BCCD9074B1B6843F01003054A7B
:1009E8001360002318461437BD465DF8047B704732
:1009F80078000020AC3B002080B58CB000AF786058
:100A0800324B1B68FB624FF00003314B1B6803F04D
:100A18001003002B01D101234BE0EFF310833B625D
:100A28003B6A7B610123FB61FB6983F3108800BF8C
:100A380007F10F03184600F00FF90346002B0AD000
:100A48000120FFF7FFFE7B697B627B6A83F31088D6
:100A580000BF01232DE01F4B1A68FB7B19460B468C
:100A68005B000B441B01083313440433BB61BB69AF
:100A7800BA691A6000233B6108E0BA693B699B00C8
:100A8800134400225A603B6901333B613B69022BE6
:100A9800F3D9BB6900221A61BB6900221A757B6809
:100AA800BA691A607B69BB62BB6A83F3108800BFAE
:100AB8000023064A1168FA6A51404FF0000201D03B
:100AC80004F0A0F818463037BD4680BD1800002055
:100AD800AC3B00207800002080B489B000AF78607B
:100AE8007B681E4A12680C329B1A1D4AA2FB03231C
:100AF8005B09FB72EFF310837B617B69FB60012369
:100B08003B613B6983F3108800BF7B681B68002B3F
:100B180007D1FB68BB61BB6983F3108800BF012361
:100B280015E07B6800221A600E4B1A680D4B1B6893
:100B38009B6BF97AD1540B4B1B689A6B01329A6301
:100B4800FB68FB61FB6983F3108800BF002318462C
:100B58002437BD465DF8047B704700BF780000204D
:100B6800ABAAAAAA7C00002080B485B000AF786048
:100B780039600023BB6017E0104B1968BA68134648
:100B88005B0013441B0108330B440433FB60FB6810
:100B98001B687A689A4204D13B68FA681A60002395
:100BA80006E0BB680133BB60BB68372BE4D901237F
:100BB80018461437BD465DF8047B7047780000205E
:100BC80080B584B000AFF860B9607A60BB68002B6C
:100BD80003D10F4BBB6000237B607B681946002064
:100BE800FFF740FE7B681B2B02D91C237B6002E0C9
:100BF8007B6801337B60FB6814337A68B9681846F0
:100C0800FFF7FCFC002318461037BD4680BD00BF27
:100C1800B829010880B483B000AF00237B600AE0E4
:100C28000C4B1A687B68D9B27B6813440A461A7061
:100C38007B6801337B607B68372BF1D9054B1B68D8
:100C480038229A63002318460C37BD465DF8047BAA
:100C5800704700BF7C00002080B485B000AF78608A
:100C6800144B1B689B6B002B01D101231CE0114B1B
:100C78001B681B78FB730F4B1B689A6B013A9A63CE
:100C88000C4B19680B4B1B689A6B0A4B1B688A5CE8
:100C98001A70084B1A68074B1B689B6BFF21D154CD
:100CA8007B68FA7B1A70002318461437BD465DF836
:100CB800047B70477C00002080B483B000AF78606C
:100CC8000D4A7B6813600C4B1B6800221A600A4BA4
:100CD8001B6800225A60084B1B6800229A60074B69
:100CE8001B6843F02003054A1360002318460C379D
:100CF800BD465DF8047B704780000020AC3B0020B7
:100D080080B582B000AF7860124B1B6803F02003F7
:100D1800002B01D1012319E00F4B1B681A687B686F
:100D2800013B22FA03F303F00103002B0DD10A4B18
:100D38001B6819687B68013B01229A40064B1B68B7
:100D48000A431A60786800F047F800231846083705
:100D5800BD4680BDAC3B00208000002080B582B03D
:100D680000AF7860194B1B6803F02003002B01D1FA
:100D7800012327E0164B1B685B68002B21D1144B1D
:100D88001B6819687B68013B01229A40104B1B685D
:100D98000A431A600E4B1B687A685A60786800F03C
:100DA8001BF80346012B03D102F094F9012309E053
:100DB800074B1B689B680749184601F0F1FD02F0D4
:100DC80089F9002318460837BD4680BDAC3B002092
:100DD80080000020BC29010880B584B000AF78608D
:100DE800244B1B68FB604FF00003234B1B689B6878
:100DF800002B0BD1204B1B68083319461F4802F003
:100E080001FB0346012B01D1012325E007F108036B
:100E18001946786800F036F87B68012B11D07B689A
:100E2800002B10D07B68023B0C2B0CD8124B1B6894
:100E38009B68BA681146184601F0B2FD00BF00234E
:100E48000AE0012308E00C4B1B689B687A680C4990
:100E5800184601F0DBFD0123064A1168FA68514083
:100E68004FF0000201D003F0CDFE18461037BD4602
:100E780080BD00BF1800002080000020E429010880
:100E8800EC29010880B483B000AF786039607B68D2
:100E98000E2B5BD801A252F823F000BFE10E000828
:100EA8004D0F0008250F00082D0F0008350F00080A
:100EB8003D0F0008450F00081D0F0008E50E00084B
:100EC800ED0E0008F50E0008FD0E0008050F0008DD
:100ED8000D0F0008150F000801233CE03B68214A6C
:100EE8001A6037E03B68204A1A6033E03B681F4AC3
:100EF8001A602FE03B681E4A1A602BE03B681D4AC7
:100F08001A6027E03B681C4A1A6023E03B681B4ACA
:100F18001A601FE03B68174A1A601BE03B68184AD2
:100F28001A6017E03B68174A1A6013E03B68164AD4
:100F38001A600FE03B68154A1A600BE03B68144AD8
:100F48001A6007E03B68134A1A6003E03B68124ADC
:100F58001A6000BF002318460C37BD465DF8047BB5
:100F6800704700BF082A0108282A0108542A0108E6
:100F7800682A0108942A0108C02A0108DC2A010805
:100F8800FC2A0108102B0108282B01083C2B01081A
:100F9800582B0108702B0108EC29010880B485B092
:100FA80000AF78600F4A7B6813600023FB6008E09D
:100FB8000C4B1B68FA68002143F83210FB680133B8
:100FC800FB60FB68002BF3D0074B1B6843F0400322
:100FD800054A1360002318461437BD465DF8047BA4
:100FE800704700BF84000020AC3B002090B58BB058
:100FF80000AF786039603E4B1B687B624FF000039E
:101008000023BB600023FB603A4B1B6803F001031D
:10101800002B04D0384B1B685B68002B01D10123DF
:1010280059E0EFF31083BB61BB693B6101237B612E
:101038007B6983F3108800BF304B1B681A68013244
:101048001A602F4B1B681B6807F108020C21184611
:1010580000F074FF0346012B07D13B69FB61FB6974
:1010680083F3108800BF012335E07B689AB2BB6820
:1010780042F4805292B21A80204B1B681A68BB68EF
:1010880092B25A80BC6806F06DFD03466360BB6887
:101098005A681C4B1B685B699A4204D2194B1B683F
:1010A800DA680132DA60BA68164B1B6852685A610E
:1010B800BB683A689A60124B1B681868B96807F1F0
:1010C8000C030C2201F052F83B693B623B6A83F344
:1010D800108800BF0023064A11687A6A51404FF011
:1010E800000201D003F08EFD18462C37BD4690BD96
:1010F80018000020AC3B0020A43B00208400002006
:10110800C03B0020B83B002090B58DB000AFF86020
:10111800B9607A603F4B1B68FB624FF00003002305
:101128003B6100237B613C4B1B6803F00103002BF0
:1011380004D03A4B1B685B68002B01D101235CE0AB
:10114800EFF310833B623B6ABB610123FB61FB69E0
:1011580083F3108800BF324B1B681A6801321A608B
:10116800304B1B681B6807F110021021184600F06D
:10117800E5FE0346012B07D1BB697B627B6A83F3DB
:10118800108800BF012338E0FB689AB23B6942F43B
:10119800005292B21A80224B1B681A683B6992B2BD
:1011A8005A803C6906F0DEFC034663603B695A6876
:1011B8001D4B1B685B699A4204D21B4B1B68DA689B
:1011C8000132DA603A69184B1B6852685A613B6908
:1011D800BA689A603B697A68DA60124B1B681868CB
:1011E800396907F11403102200F0C0FFBB69BB6224
:1011F800BB6A83F3108800BF0023064A1168FA6AA5
:1012080051404FF0000201D003F0FCFC184634377F
:10121800BD4690BD18000020AC3B0020A43B002038
:1012280084000020C03B0020B83B002090B58DB062
:1012380000AFF860B9607A603B60414B1B68FB62A5
:101248004FF0000300233B6100237B613D4B1B688B
:1012580003F00103002B04D03B4B1B685B68002B99
:1012680001D101235FE0EFF310833B623B6ABB616E
:101278000123FB61FB6983F3108800BF334B1B68B4
:101288001A6801321A60324B1B681B6807F110029A
:101298001421184600F052FE0346012B07D1BB6902
:1012A8007B627B6A83F3108800BF01233BE0FB6805
:1012B8009AB23B6942F4405292B21A80234B1B689F
:1012C8001A683B6992B25A803C6906F04BFC0346A7
:1012D80063603B695A681F4B1B685B699A4204D27A
:1012E8001C4B1B68DA680132DA603A69194B1B68D3
:1012F80052685A613B69BA689A603B697A68DA60F1
:101308003B693A681A61124B1B681868396907F11A
:101318001403142200F02AFFBB69BB62BB6A83F383
:10132800108800BF0023064A1168FA6A51404FF03E
:10133800000201D003F066FC18463437BD4690BD64
:1013480018000020AC3B0020A43B002084000020B3
:10135800C03B0020B83B002090B58DB000AFF860CE
:10136800B9607A603B60434B1B68FB624FF0000337
:1013780000233B6100237B613F4B1B6803F00103A3
:10138800002B04D03D4B1B685B68002B01D1012367
:1013980062E0EFF310833B623B6ABB610123FB61B0
:1013A800FB6983F3108800BF354B1B681A6801324C
:1013B8001A60344B1B681B6807F110021821184685
:1013C80000F0BCFD0346012B07D1BB697B627B6A39
:1013D80083F3108800BF01233EE0FB689AB23B69A3
:1013E80042F4804292B21A80254B1B681A683B6906
:1013F80092B25A803C6906F0B5FB034663603B69CC
:101408005A68214B1B685B699A4204D21E4B1B68C1
:10141800DA680132DA603A691B4B1B6852685A6114
:101428003B69BA689A603B697A68DA603B693A68EE
:101438001A613B693A6C5A61124B1B681868396922
:1014480007F11403182200F091FEBB69BB62BB6A66
:1014580083F3108800BF0023064A1168FA6A5140D6
:101468004FF0000201D003F0CDFB18463437BD46DB
:1014780090BD00BF18000020AC3B0020A43B00201A
:1014880084000020C03B0020B83B002090B58DB000
:1014980000AFF860B9607A60434B1B68FB624FF09D
:1014A800000300233B6100237B617B68033323F047
:1014B80003037B607B680833402B01D938237B60AA
:1014C800EFF310833B623B6ABB610123FB61FB695D
:1014D80083F3108800BF354B1B681A6801321A6005
:1014E800334B1B6818687B68083307F110021946EC
:1014F80000F024FD0346012B07D1BB697B627B6AA0
:1015080083F3108800BF012340E0FB681AB27B68B0
:101518009B081BB21B031BB213431AB23B6992B25E
:101528001A80224B1B681A683B6992B25A803C6940
:1015380006F018FB034663603B695A681D4B1B683D
:101548005B699A4204D21B4B1B68DA680132DA6085
:101558003A69184B1B6852685A613B6908337A68C4
:10156800B9681846FFF74AF8114B1B6818683969BB
:101578007B6803F1080207F1140300F0F7FDBB696B
:10158800BB62BB6A83F3108800BF0023064A116858
:10159800FA6A51404FF0000201D003F033FB1846BD
:1015A8003437BD4690BD00BF1800002084000020DD
:1015B800C03B0020B83B002090B58DB000AFF8606C
:1015C800B9607A603B604C4B1B68FB624FF00003CC
:1015D80000233B6100237B613B68033323F0030353
:1015E8003B603B680C33402B01D934233B60434BB1
:1015F8001B6803F00103002B04D0414B1B685B6898
:10160800002B01D1012369E0EFF310833B623B6AB1
:10161800BB610123FB61FB6983F3108800BF394B71
:101628001B681A6801321A60374B1B6818683B68D8
:101638000C3307F11002194600F080FC0346012B19
:1016480007D1BB697B627B6A83F3108800BF0123E3
:1016580044E0FB681AB23B6804339B081BB21B03C7
:101668001BB213431AB23B6992B21A80254B1B680E
:101678001A683B6992B25A803C6906F073FA0346CD
:1016880063603B695A68214B1B685B699A4204D2C4
:101698001E4B1B68DA680132DA603A691B4B1B681B
:1016A80052685A613B69BA689A603B690C333A6878
:1016B80079681846FEF7A2FF134B1B68186839694A
:1016C8003B6803F10C0207F1140300F04FFDBB69FE
:1016D800BB62BB6A83F3108800BF0023064A116807
:1016E800FA6A51404FF0000201D003F08BFA184615
:1016F8003437BD4690BD00BF18000020AC3B002029
:10170800A43B002084000020C03B0020B83B002000
:1017180090B58DB000AFF860B9607A603B604D4B12
:101728001B68FB624FF0000300233B6100237B61D1
:101738003B6C033323F003033B643B6C1033402BB7
:1017480001D930233B64444B1B6803F00103002B91
:1017580004D0424B1B685B68002B01D101236CE06D
:10176800EFF310833B623B6ABB610123FB61FB69BA
:1017780083F3108800BF3A4B1B681A6801321A605D
:10178800384B1B6818683B6C103307F11002194678
:1017980000F0D4FB0346012B07D1BB697B627B6A4F
:1017A80083F3108800BF012347E0FB681AB23B6C43
:1017B80008339B081BB21B031BB213431AB23B69C5
:1017C80092B21A80264B1B681A683B6992B25A80FB
:1017D8003C6906F0C7F9034663603B695A68224BC7
:1017E8001B685B699A4204D21F4B1B68DA68013296
:1017F800DA603A691C4B1B6852685A613B69BA68DF
:101808009A603B697A68DA603B6910333A6C3968E8
:101818001846FEF7F3FE134B1B68186839693B6CD2
:1018280003F1100207F1140300F0A0FCBB69BB62CE
:10183800BB6A83F3108800BF0023064A1168FA6A5E
:1018480051404FF0000201D003F0DCF9184634375C
:10185800BD4690BD18000020AC3B0020A43B0020F2
:1018680084000020C03B0020B83B002090B58FB01A
:1018780000AF78613961FA60BB60BB6C7B604F4B2D
:101888001B687B634FF000030023BB610023FB61EF
:10189800FB6C033323F00303FB64FB6C1433402B12
:1018A80001D92C23FB64464B1B6803F00103002B72
:1018B80004D0444B1B685B68002B01D101236FE007
:1018C800EFF31083BB62BB6A3B6201237B627B6AD6
:1018D80083F3108800BF3C4B1B681A6801321A60FA
:1018E8003A4B1B681868FB6C143307F11802194649
:1018F80000F024FB0346012B07D13B6AFB62FB6A1D
:1019080083F3108800BF01234AE07B691AB2FB6C9D
:101918000C339B081BB21B031BB213431AB2BB69DF
:1019280092B21A80284B1B681A68BB6992B25A8017
:10193800BC6906F017F903466360BB695A68244B13
:101948001B685B699A4204D2214B1B68DA68013232
:10195800DA60BA691E4B1B6852685A61BB693A69FA
:101968009A60BB69FA68DA60BB69BA681A61BB69D0
:101978001433FA6C79681846FEF740FE134B1B685F
:101988001868B969FB6C03F1140207F11C0300F035
:10199800EDFB3B6A3B633B6B83F3108800BF00237E
:1019A800064A11687A6B51404FF0000201D003F0EB
:1019B80029F918463C37BD4690BD00BF18000020E5
:1019C800AC3B0020A43B002084000020C03B00204A
:1019D800B83B002090B58FB000AF78613961FA60EC
:1019E800BB60FB6C7B60504B1B687B634FF0000354
:1019F8000023BB610023FB613B6D033323F003032A
:101A08003B653B6D1833402B01D928233B65474B79
:101A18001B6803F00103002B04D0454B1B685B686F
:101A2800002B01D1012372E0EFF31083BB62BB6A84
:101A38003B6201237B627B6A83F3108800BF3D4BC6
:101A48001B681A6801321A603B4B1B6818683B6DAB
:101A5800183307F11802194600F070FA0346012BF3
:101A680007D13B6AFB62FB6A83F3108800BF01233E
:101A78004DE07B691AB23B6D10339B081BB21B0308
:101A88001BB213431AB2BB6992B21A80294B1B6866
:101A98001A68BB6992B25A80BC6906F063F80346BB
:101AA8006360BB695A68254B1B685B699A4204D21C
:101AB800224B1B68DA680132DA60BA691F4B1B686F
:101AC80052685A61BB693A699A60BB69FA68DA6018
:101AD800BB69BA681A61BB69BA6C5A61BB691833C9
:101AE8003A6D79681846FEF789FD134B1B6818682C
:101AF800B9693B6D03F1180207F11C0300F036FBCE
:101B08003B6A3B633B6B83F3108800BF0023064AA4
:101B180011687A6B51404FF0000201D003F072F85F
:101B280018463C37BD4690BD18000020AC3B00204D
:101B3800A43B002084000020C03B0020B83B0020CC
:101B480090B58FB000AF78613961FA60BB603B6DCA
:101B58007B60524B1B687B634FF000030023BB6123
:101B68000023FB617B6D033323F003037B657B6DEF
:101B78001C33402B01D924237B65494B1B6803F098
:101B88000103002B04D0474B1B685B68002B01D175
:101B9800012375E0EFF31083BB62BB6A3B6201234C
:101BA8007B627B6A83F3108800BF3F4B1B681A680F
:101BB80001321A603D4B1B6818687B6D1C3307F1B6
:101BC8001802194600F0BAF90346012B07D13B6AFF
:101BD800FB62FB6A83F3108800BF012350E07B6936
:101BE8001AB27B6D14339B081BB21B031BB2134341
:101BF8001AB2BB6992B21A802B4B1B681A68BB6970
:101C080092B25A80BC6905F0ADFF03466360BB69B8
:101C18005A68274B1B685B699A4204D2244B1B689D
:101C2800DA680132DA60BA69214B1B6852685A6176
:101C3800BB693A699A60BB69FA68DA60BB69BA68D5
:101C48001A61BB69BA6C5A61BB69FA6C9A61BB6963
:101C58001C337A6D79681846FEF7D0FC134B1B6865
:101C68001868B9697B6D03F11C0207F11C0300F0C9
:101C78007DFA3B6A3B633B6B83F3108800BF00230C
:101C8800064A11687A6B51404FF0000201D002F009
:101C9800B9FF18463C37BD4690BD00BF180000206C
:101CA800AC3B0020A43B002084000020C03B002067
:101CB800B83B002090B58FB000AF78613961FA6009
:101CC800BB607B6D7B60534B1B687B634FF00003ED
:101CD8000023BB610023FB61BB6D033323F00303C7
:101CE800BB65BB6D2033402B01D92023BB654A4B14
:101CF8001B6803F00103002B04D0484B1B685B688A
:101D0800002B01D1012378E0EFF31083BB62BB6A9B
:101D18003B6201237B627B6A83F3108800BF404BE0
:101D28001B681A6801321A603E4B1B681868BB6D45
:101D3800203307F11802194600F000F90346012B79
:101D480007D13B6AFB62FB6A83F3108800BF01235B
:101D580053E07B691AB2BB6D18339B081BB21B0397
:101D68001BB213431AB2BB6992B21A802C4B1B6880
:101D78001A68BB6992B25A80BC6905F0F3FE034643
:101D88006360BB695A68284B1B685B699A4204D236
:101D9800254B1B68DA680132DA60BA69224B1B6886
:101DA80052685A61BB693A699A60BB69FA68DA6035
:101DB800BB69BA681A61BB69BA6C5A61BB69FA6CCB
:101DC8009A61BB693A6DDA61BB692033BA6D79688B
:101DD8001846FEF713FC134B1B681868B969BB6DEE
:101DE80003F1200207F11C0300F0C0F93B6A3B63D2
:101DF8003B6B83F3108800BF0023064A11687A6B97
:101E080051404FF0000201D002F0FCFE18463C376A
:101E1800BD4690BD18000020AC3B0020A43B00202C
:101E280084000020C03B0020B83B002080B483B071
:101E380000AF786039607B681B881B0B9BB203F08E
:101E48000F0302339A003B681A60002318460C37C8
:101E5800BD465DF8047B704780B485B000AFF8607C
:101E6800B9607A603B60FB68BA68DA60FB68002298
:101E78001A60FB6800225A60FB683A689A60FB683F
:101E88003A685A61FB687A689A62FB6800229A612C
:101E9800FB680022DA61FB6800221A62064B1B68A5
:101EA80043F08003044A1360002318461437BD46E4
:101EB8005DF8047B704700BFAC3B002080B584B060
:101EC80000AF78601C4B1B68FB604FF000030023D9
:101ED800BB607B685A687B6899687B689B69CB1A8A
:101EE8009A4203D37B6800225A6017E07B689A6A9B
:101EF8007B685B68134407F1080211461846FFF730
:101F080095FF7B685A68BB6813447A689268B3FB8C
:101F1800F2F101FB02F29A1A7B685A600023064A22
:101F28001168FA6851404FF0000201D002F06AFED1
:101F380018461037BD4680BD1800002080B588B00F
:101F480000AFF860B9607A60FB689B683B61FB682A
:101F5800DB68012B40F09380FB681A68FB685B68BC
:101F68009A4241D3FB681B683A69D31ABA689A4205
:101F780014D2FB689A6AFB681B681A447B681A606B
:101F8800FB681A68BB6813443A69B3FBF2F2396913
:101F980001FB02F29A1AFB68DA61E2E0F868FFF7DF
:101FA8008DFFFB685B68043BFB61FA69BB689A427A
:101FB800F4D3FB681B683A69D21AFB689A61FB681C
:101FC80000221A60FB689A6A7B681A60FB681A68C4
:101FD800BB6813443A69B3FBF2F2396901FB02F2B8
:101FE8009A1AFB68DA61BCE0FB685A68FB681B68F0
:101FF800D31A043BFB61FA69BB689A4231D2FB6889
:102008009A68FB681B68D31ABA689A4210D9F868AC
:10201800FFF754FFFB685B68002BF8D0FB689A68F1
:10202800FB681B68D21AFB689A61FB6800221A6079
:10203800F868FFF743FFFB685A68FB681B68D31A08
:10204800043BFB61FA69BB689A42F1D3FB685B68A1
:10205800002B06D1FB689A6AFB681B681A447B68E8
:102068001A60FB689A6AFB681B681A447B681A60E6
:10207800FB681A68BB681A44FB68DA6171E0FB68A0
:102088001B687B61FB685B68BB617A69BB699A42C4
:102098004DD33A697B69D21ABB691344043BFB618F
:1020A800FA69BB689A4204D27B6800221A6001234D
:1020B80058E03A697B69D31ABA689A4213D2FB6826
:1020C8009A6AFB681B681A447B681A607A69BB685D
:1020D80013443A69B3FBF2F2396901FB02F29A1A26
:1020E800FB68DA613DE0BB69FB61FA69BB689A424B
:1020F80004D27B6800221A60012333E03A697B69C5
:10210800D21AFB689A61FB689A6A7B681A60FB6856
:102118009A697B691A44BB6813443A69B3FBF2F2C3
:10212800396901FB02F29A1AFB68DA6119E0BA69A7
:102138007B69D31A043BFB61FA69BB689A4204D2F3
:102148007B6800221A6001230CE0FB689A6AFB682E
:102158001B681A447B681A607A69BB681A44FB6872
:10216800DA61002318462037BD4680BD80B485B0AB
:1021780000AFF860B9607A603B60094B1B68DA68A9
:10218800FB681A62FB68DA69FB681A607A683B6860
:102198001A60002318461437BD465DF8047B704763
:1021A800B83B002080B483B000AF78607B68002221
:1021B8001A607B6800225A607B689A687B685A615B
:1021C8007B6800229A617B680022DA610023184646
:1021D8000C37BD465DF8047B7047000080B483B0BF
:1021E80000AF7860094A7B681360084B1B68FD22C2
:1021F8001A60074B1B6843F48073054A1360002379
:1022080018460C37BD465DF8047B704788000020EF
:10221800AC3B002080B58EB004AF78613961FA60BC
:10222800BB603B6B7B60134B1B687B624FF000030A
:102238003B69BB61FB68FB61BB683B627B680293DF
:102248004FF00043019307F11803009303237A69C1
:102258000021F22000F078F90346064A11687A6AEC
:1022680051404FF0000201D002F0CCFC184628374C
:10227800BD4680BD1800002080B586B000AFF8606C
:10228800B9607A60174B1B687B614FF00003FB68ED
:10229800002B01D1012318E0BB68002B09D0FB6893
:1022A8005B683B613A697B68D31A3B613A69FB68B2
:1022B8005A60BB68002B01D0392300E0EA23B968D3
:1022C8007A681846FEF720FF0023064A11687A69E3
:1022D80051404FF0000201D002F094FC1846183724
:1022E800BD4680BD1800002080B487B000AF78607C
:1022F8001B4A7B6813600023FB6020E0184B1968B9
:10230800FA6813469B001344DB000B447B610023EF
:102318003B6107E07B693A69002143F822103B6979
:1023280001333B613B69072BF4D97B694FF0FF32DE
:102338001A627B6900225A62FB680133FB60FB6802
:10234800002BDBD0074B1B6843F48053054A13600E
:10235800002318461C37BD465DF8047B704700BF54
:102368008C000020AC3B002080B483B000AF7860C4
:102378007B68002B01D101230BE0094A7B681360BD
:10238800074B1B6800221A60054B1B6800225A6025
:10239800002318460C37BD465DF8047B704700BF24
:1023A800F004002090B585B004AF1A4B1B681B6879
:1023B800002B09D1174B1B6800934FF40033002200
:1023C80000211548FFF726FF124B1B685B68002B9E
:1023D8001AD1104B1C68114B0293114B0193002327
:1023E800009300234FF480720E490F480BF028FD2C
:1023F80003466360074B1B685B68002B04D106200B
:10240800FEF7ACFC012300E0002318460437BD4664
:1024180090BD00BFF0040020802B0108900400202C
:10242800900000208C2B01083524000880B582B06C
:1024380000AF786000F07AFE4FF4FA700BF01CFFE2
:1024480000BFF7E780B582B000AF786039607B687D
:10245800002B01D1012315E03B68002B01D101239A
:1024680010E03B6800221A60002178680CF0BAFC82
:1024780002463B681A603B681B68002B01D10123A8
:1024880000E0002318460837BD4680BD80B400AF81
:10249800034B1B681B681846BD465DF8047B7047F4
:1024A800F004002080B586B000AFF860B9607A60AB
:1024B8003B603B6823F003037B6100233B6121E021
:1024C8003B697A6902FB03F37A68D118FB683A69B9
:1024D80043F82210FB683A6953F822003B697A698D
:1024E80002FB03F32C337A681A447B692C3BB968E6
:1024F800FFF7B2FC0346012B01D1012306E03B693B
:1025080001333B613B69002BDAD0002318461837AA
:10251800BD4680BD80B584B000AF78600023FB6005
:1025280009E07B68FA6853F822301846FFF73AFE4C
:10253800FB680133FB60FB68002BF2D000231846D0
:102548001037BD4680BD000080B592B002AF7861FB
:102558003961FA60BB60BB6C7B603B6D3B605D4B77
:102568001B68FB634FF00003EFF31083FB62FB6A09
:102578007B620123BB62BB6A83F3108800BF3B699F
:10258800002B1AD007F118031846FEF735FA034650
:10259800002B04D1BB693A691A60002300E00123CB
:1025A800002B07D07B6A3B633B6B83F3108800BF2B
:1025B800012381E03B69FB6112E007F1180318462B
:1025C800FEF71AFA0346012B07D17B6A7B637B6B04
:1025D80083F3108800BF01236EE0BB691B68FB61B1
:1025E80000233B620CE03B6A9B007A681344B9699C
:1025F8001A683B6A9B000B445A603B6A01333B6292
:102608003A6ABB689A42EED3BB691969BB69FA6C2E
:102618000A431A61BA693B681A607B6ABB63BB6B81
:1026280083F3108800BFFB68002B08D0FB681B7879
:10263800002B04D0BB69F968184600F095F8BB6810
:10264800032B36D801A252F823F000BF65260008F4
:10265800712600088326000899260008FB69194698
:102668007869FEF7C3FC26E0FB6919467B681B689E
:102678001A467869FEF748FD1DE0FB6919467B6834
:102688001A687B6804331B687869FEF7CFFD12E08F
:10269800FB6918467B681A687B68043319687B688D
:1026A80008331B6800930B4601467869FEF754FE11
:1026B80001E0012300E00023064A1168FA6B51404B
:1026C8004FF0000201D002F09DFA18464037BD468F
:1026D80080BD00BF1800002080B58AB000AFF86048
:1026E800B9607A601F4B1B687B624FF000030023C0
:1026F8007B610023BB61FB681B687B61FB6814334B
:10270800BB610023FB6102E0FB690133FB61BA692D
:10271800FB6913441B78002B02D0FB697F2BF3D98C
:10272800FB693B627B691946BA693B6A013303203E
:10273800FEF742FF7B697A681946B868FEF7E4FC41
:10274800F868FEF7C9F90346064A11687A6A5140E3
:102758004FF0000201D002F055FA18462837BD465E
:1027680080BD00BF1800002080B586B000AF78603B
:102778003960194B1B687B614FF000030023BB6075
:102788003B68002B01D1154B3B607B681B68BB6025
:102798000023FB6002E0FB680133FB603A68FB68DA
:1027A80013441B78002B02D0FB687F2BF3D9FB68FE
:1027B8003B613A6939687868FEF702FA0346064AC7
:1027C80011687A6951404FF0000201D002F01AFAFC
:1027D80018461837BD4680BD18000020942B010804
:1027E80080B58AB004AFF860B9607A603B60104B7E
:1027F8001B687B614FF0000307F11003029300236D
:1028080001933B46009301237A68B968F868FFF79B
:102818009BFE0346064A11687A6951404FF0000250
:1028280001D002F0EFF918461837BD4680BD00BF49
:102838001800002080B58CB000AFF860B9607A60ED
:102848001D4B1B68FB624FF00003EFF310833B62E4
:102858003B6A7B610123FB61FB6983F3108800BF3E
:1028680007F110031946B868FEF77EF90346012BF5
:1028780007D17B697B627B6A83F3108800BF0123E1
:102888000DE03B697A68F9681846FFF725FFB861DB
:102898007B69BB62BB6A83F3108800BFBB69064AC9
:1028A8001168FA6A51404FF0000201D002F0AAF90B
:1028B80018463037BD4680BD1800002080B58AB064
:1028C80000AF78603960254B1B687B624FF00003CE
:1028D800EFF31083BB61BB69FB6001237B617B69FC
:1028E80083F3108800BF07F1080319467868FEF7DC
:1028F8003BF90346012B17D107F108031846FEF7E9
:102908007BF80346002B04D1BB687A681A60002361
:1029180000E00123002B07D0FB68FB61FB6983F310
:10292800108800BF01230CE0BB6839681846FFF720
:102938001BFF3861FB683B623B6A83F3108800BF6A
:102948003B69064A11687A6A51404FF0000201D08B
:1029580002F058F918462837BD4680BD18000020F7
:1029680080B483B000AF78600B4A7B6813600A4B71
:102978001B6800221A60084B1B6800225A60074B2C
:102988001B6843F40043054A1360002318460C37BC
:10299800BD465DF8047B7047F4040020AC3B002082
:1029A80080B586B002AF78603960164B1B6803F4B7
:1029B8000043002B01D101231FE03B68002B01D10C
:1029C800114B3B600023BB6002E0BB680133BB6076
:1029D8003A68BB6813441B78002B02D0BB687F2B76
:1029E800F3D9BB680133FB60002300930023FA6826
:1029F8003968786800F092F8034618461037BD46E3
:102A080080BD00BFAC3B0020982B01080EB480B5F8
:102A180087B000AF78607B6A3B60144B1B687B61B2
:102A28004FF00003124B1B6803F40043002B01D145
:102A380001230BE007F12803FB6007F10C031A469A
:102A48003968786800F016F838613B69074A1168F8
:102A58007A6951404FF0000201D002F0D3F81846CD
:102A68001C37BD46BDE8804003B070471800002001
:102A7800AC3B002080B58AB002AFF860B9607A60DC
:102A88000023BB61234B1B6803F40043002B01D1D7
:102A980001233BE0BB68002B01D11F4BBB60002327
:102AA8007B611EE0BA687B6913441B78252B15D11E
:102AB8007B690133BA6813441B78002B0DD07B69FE
:102AC8000133BA6813441B78252B02D0BB69013344
:102AD800BB617B6901337B6100E000BF7B69013327
:102AE8007B61BA687B6913441B78002B02D07B6931
:102AF8007F2BD7D97B690133FB617B680093BB6966
:102B0800FA69B968F86800F009F8034618462037EA
:102B1800BD4680BDAC3B0020982B010880B592B023
:102B280006AFF860B9607A603B603B689133BB617F
:102B3800FB68002B13D1734B1B681B68002B0AD151
:102B4800704B1B681946704800F05CFC0346012B6B
:102B580001D10123D1E06B4B1B681B68FB603B680C
:102B6800052B00F2C68001A252F823F08D2B000835
:102B78009D2B0008BF2B0008F32B0008392C0008F8
:102B8800912C0008F9687B68BA68B869FEF714FDEB
:102B98007861B1E0BB6B1B68191DBA6B11601B68CB
:102BA800FB61F9687B680093BB68FA69B869FEF74E
:102BB800AFFD7861A0E0BB6B1B68191DBA6B116093
:102BC8001B68FB61BB6B1B68191DBA6B11601B6826
:102BD8003B62F9687B680193BB6800933B6AFA69BA
:102BE800B869FEF743FE786186E0BB6B1B68191D68
:102BF800BA6B11601B68FB61BB6B1B68191DBA6B54
:102C080011601B683B62BB6B1B68191DBA6B1160B6
:102C18001B687B62F9687B680293BB6801937B6AD7
:102C280000933B6AFA69B869FEF7D4FE786163E0FD
:102C3800BB6B1B68191DBA6B11601B68FB61BB6B12
:102C48001B68191DBA6B11601B683B62BB6B1B6864
:102C5800191DBA6B11601B687B62BB6B1B68191D61
:102C6800BA6B11601B68BB62F9687B680393BB6829
:102C78000293BB6A01937B6A00933B6AFA69B8695D
:102C8800FEF75EFF786137E0BB6B1B68191DBA6BF6
:102C980011601B68FB61BB6B1B68191DBA6B116067
:102CA8001B683B62BB6B1B68191DBA6B11601B6804
:102CB8007B62BB6B1B68191DBA6B11601B68BB621A
:102CC800BB6B1B68191DBA6B11601B68FB62F96846
:102CD8007B680493BB680393FB6A0293BB6A019306
:102CE8007B6A00933B6AFA69B869FEF7E3FF78618B
:102CF80002E001237B6100BF7B6918463037BD467F
:102D080080BD00BFF4040020AC2B010880B483B060
:102D180000AF7860074A7B681360074B1B6843F471
:102D28008023054A1360002318460C37BD465DF81A
:102D3800047B7047F8040020AC3B002080B582B0CB
:102D480000AF6C4B1B68002B01D00023CDE004F0D2
:102D5800E9FE694B694A1A60674B1B6800221A60D2
:102D6800654B1B6800225A6000237B6009E0624BB8
:102D78001B687A680232002143F822107B6801330D
:102D88007B607B68002BF2D05B4B1B6814331846C2
:102D9800FDF7C8FD0346012B01D10123A5E0564BE1
:102DA8001B6803F5575330331846FDF7EBFC034611
:102DB800012B01D1012398E04F4B1B6803F55753B2
:102DC8003433184600F0DEFB0346012B01D1012302
:102DD8008BE0494B1B685433184600F01FFD03462F
:102DE800012B01D1012380E0434B1B6803F55753A6
:102DF80018331846FDF7E2FC0346012B01D10123E5
:102E080073E03D4B1B6803F557532C331846FFF707
:102E1800E5F90346012B01D1012366E0364B1B6817
:102E280003F54D5304331846FFF770FF0346012B93
:102E380001D1012359E0304B1B6803F55653043385
:102E48001846FEF7ABF80346012B01D101234CE0ED
:102E5800294B1B6803F556530C331846FFF780FDC2
:102E68000346012B01D101233FE0234B1B6803F5E7
:102E7800565314331846FDF71FFF0346012B01D1A3
:102E8800012332E01C4B1B6803F5565320331846C8
:102E9800FFF72AFA0346012B01D1012325E0164B3F
:102EA8001B6803F557531033184600F0F3FA03462E
:102EB800012B01D1012318E00F4B1B6803F5575371
:102EC80008331846FFF750FA0346012B01D10123B6
:102ED8000BE0094B1B684FF0FF32DA60054B1B68AB
:102EE80043F00103034A1360002318460837BD4620
:102EF80080BD00BFAC3B0020A43B0020FC040020A8
:102F080080B584B000AF7860414BFB607B68002BD4
:102F180001D1012378E043F2F02000F061FA034682
:102F2800012B01D101236FE0082000F059FA034674
:102F3800012B01D1012367E0082000F051FA034674
:102F4800012B01D101235FE0324A7B681360314BCA
:102F58001B68314A1A602F4B1B680E229A802D4B32
:102F68001B6841F6A122DA800023BB6013E0FA68EF
:102F7800BB681344274A12681978BB68134418338E
:102F88000A461A70FA68BB6813441B78002B06D0EF
:102F9800BB680133BB60BB68072BE8D900E000BF02
:102FA8001C4B1B6800229A821A4B1B6802229A75D6
:102FB800184B1B680122DA75164B1B680122DA6070
:102FC800144B1B68DA68134B1B6842F44072DA60D2
:102FD800104B1B6800221A610E4B1B6800229A6076
:102FE8000C4B1A680B4B1B6892689A6000F0E4F867
:102FF8000346002B07D0074B1B689A68054B1B68D4
:1030080042F008029A60002318461037BD4680BD7A
:10301800B42B0108A83B00200046535080B586B069
:1030280000AF7860294B1B687B614FF0000307F104
:103038000C0300221A605A60FFF780FE0346012B3A
:1030480001D1012334E0FFF7ADF90346012B01D18B
:1030580001232DE07B68022B17D10023BB60BB68DE
:10306800082B0CD107F10C03184600F067F903464A
:10307800002B04D007F10C03184600F09AF9144B02
:103088001B685B68002BE8D011E07B68012B09D135
:1030980001233B7301237B7307F10C03184600F0EF
:1030A80088F904E07B68002B01D0012300E00023AD
:1030B800064A11687A6951404FF0000201D001F0C8
:1030C800A1FD18461837BD4680BD00BF1800002076
:1030D800A43B002080B500AF00F0D0F800231846CC
:1030E80080BD000080B483B000AF786039600E4BBB
:1030F8001B68002B05D07B68002B02D03B68002B97
:1031080001D101230AE0084B1B6803F154027B68D4
:103118001A603B6843F2F0221A60002318460C3705
:10312800BD465DF8047B7047A43B002080B584B0A1
:1031380000AF1E4B1B68FB604FF000033B1D0022D5
:103148001A605A6000233B603B68082B0AD13B1D7C
:10315800184600F0F3F80346002B03D03B1D184631
:1031680000F027F9124B1B6803F00103002B3B68A2
:10317800002BE7DC0E4B1B6803F00103002B06D085
:103188000C4B1B685B68002B01D0FDF789FB002303
:10319800064A1168FA6851404FF0000201D001F068
:1031A80031FD18461037BD4680BD00BF180000200D
:1031B800AC3B0020A43B002080B400AF002318469D
:1031C800BD465DF8047B704780B588B000AF274BDB
:1031D8001B68FB614FF0000300237B600023BB608A
:1031E800234B1B685B68012B33D0224B1B689B6801
:1031F8007B607B68002B03D11E4B1B681E4A9A60BC
:103208001C4B1B685B68BB60BB68002B03D1194B68
:103218001B6800225A60EFF31083BB61BB69FB6037
:1032280001237B617B6983F3108800BF00F0B2FB48
:1032380000F04AF80E4B1B681A6801321A600C4BF2
:103248001B6801225A60FB683B613B6983F3108865
:1032580000E000BF054B1A68FB695A404FF00003B5
:1032680001D001F0CFFC2037BD4680BD18000020FA
:10327800A43B0020B83B0020000E270780B485B08F
:1032880000AF104B1B685B68002B14D0EFF3108362
:10329800FB60FB683B600123BB60BB6883F310885D
:1032A80000BF084B1B6800225A603B687B607B6844
:1032B80083F3108800E000BF1437BD465DF8047B37
:1032C800704700BFA43B002080B584B000AF194B05
:1032D8001B68FB604FF0000300233B6000237B600A
:1032E80010E0154B1B687A6853F822303B603B6846
:1032F8001A467B689B0010333B4443F8082C7B68D4
:1033080001337B607B68002BEBD007F108030422B4
:1033180019460120FEF7BAF800BF064B1A68FB6889
:103328005A404FF0000301D001F06CFC1037BD4645
:1033380080BD00BF18000020B03B002080B485B0DD
:1033480000AF78607B681A787B685B781344DAB2E0
:103358007B689B781344DAB27B68DB781344DAB273
:103368007B681B791344DAB27B685B791344DBB260
:10337800DB43FB817B68DA79FB891B0A9BB2DBB2F2
:103388009A4201D000230EE07B689A79FB89DBB270
:103398009A4201D0002306E07B681B78012B01D9F3
:1033A800002300E0012318461437BD465DF8047B6E
:1033B800704780B582B000AF78607B681B78012BBE
:1033C80009D17B685B78012B02D1FFF7FDFE03E092
:1033D800FFF754FF00E000BF00BF0837BD4680BDBF
:1033E80080B483B000AF78607B6803F00303002BE0
:1033F80014BF01230023DBB218460C37BD465DF825
:10340800047B704780B586B000AF78603960204B88
:103418001B687B614FF0000300233B6107F1080341
:103428001846FDF7E9FA0346012B01D1012322E0F2
:103438000023FB6002E0FB680133FB60FB687A68ED
:1034480013441B78002B02D0FB681B2BF3DDFB68B1
:103458003B61BB683A6979681846FDF7B1FBBA6801
:103468003B681A60BB6819463B6901337A680320D8
:10347800FEF7A2F80346064A11687A6951404FF0F0
:10348800000201D001F0BEFB18461837BD4680BDCA
:103498001800002080B485B000AF78600F4A7B68C0
:1034A80013600023FB6008E00C4B1B68FA680221DC
:1034B80043F82210FB680133FB60FB68002BF3DD47
:1034C800074B1B6843F48013054A13600023184612
:1034D8001437BD465DF8047B704700BFB03B002041
:1034E800AC3B002080B588B000AF7860396001231C
:1034F800FB60214B1B6803F00103002B01D1FB6823
:1035080035E01D4B1B6803F00103002B04D01B4B57
:103518001B685B68002B05D1194B1B687A681A6019
:10352800FB6824E0154B1B6801229A60EFF31083B7
:10353800FB61FB693B610123BB61BB6983F31088B5
:1035480000BF0F4B1B687A681A607B683A68194697
:103558003720FDF7D9FDF860084B1B6802229A60F6
:103568003B697B617B6983F3108800BFFB68184661
:103578002037BD4680BD00BFAC3B0020A43B0020E7
:10358800B03B002080B485B000AF78604D4A7B68BE
:1035980013604C4B1B6800221A600023FB6009E093
:1035A800484B1A68FB689B00134400225A60FB686A
:1035B8000133FB60FB68002BF2D0424B1B680022F2
:1035C8009A600023FB6046E03E4B1968FA68134690
:1035D8005B001344DB000B440C3300221A60394BA8
:1035E8001968FA6813465B001344DB000B44103378
:1035F80000221A60334B1968FA6813465B001344BB
:10360800DB000B44143300221A602E4B1968FA6849
:1036180013465B001344DB000B44183300221A6086
:10362800284B1968FB685A1C13465B001344DB00DF
:103638000B44083300221A60224B1968FB685A1C95
:1036480013465B001344DB000B44043364221A6006
:10365800FB680133FB60FB68042BB5D90023FB60D2
:1036680020E0184B1B680022C3F88420154B1B6808
:10367800002283F88820134B1B680022C3F8A4207B
:10368800104B1B680022C3F8A8200E4B1B680022B1
:10369800C3F8AC200B4B1B680022C3F8B020FB68B2
:1036A8000133FB60FB68042BDBD9074B1B6843F431
:1036B8000003054A1360002318461437BD465DF819
:1036C800047B7047B43B0020AC3B002080B483B03F
:1036D80000AF78607B68002B01D1012304E0054B23
:1036E8001B687A689A60002318460C37BD465DF857
:1036F800047B7047B43B002080B586B000AF78608B
:10370800284B1B687B614FF000030023BB6000233C
:10371800FB6000233B6104F025FA0346FB60224B63
:103728001B685A69FB689A4204D91F4B1B68DA6800
:103738000132DA601C4B1B68FA685A61FA681B4B45
:103748001B685B68D31A3B61184B1B68FA685A60A0
:103758007B68002B01D1012317E007F10803194604
:103768007868FEF76FFE0346012B01D101230CE0B8
:10377800BB681B68002B01D1012306E0BB685968B0
:10378800BB683A690A445A600023064A11687A6994
:1037980051404FF0000201D001F034FA18461837B2
:1037A800BD4680BD18000020B83B0020B43B002077
:1037B80080B483B000AF7860164A7B681360154BFD
:1037C8001B6800229A60134B1B6800225A60114B39
:1037D8001B684FF47A721A610E4B1B6800229A61BB
:1037E8000C4B1B680022DA600A4B1B6801221A6026
:1037F800084B1B6800225A61074B1B6843F40013EF
:10380800054A1360002318460C37BD465DF8047B53
:10381800704700BFB83B0020AC3B002080B584B0A7
:1038280000AF78607B68002B01D10123A9E0574ADB
:103838007B681360554B1B680433FB60544AFB6874
:103848001360FB684FF42052C3F8D82A4F4B1B680B
:103858001846FB6803F6DC224FF420530121FEF7DB
:1038680021FE0346012B01D101238AE0FB681033B6
:103878001846FFF745FB0346012B01D1012380E0E1
:10388800FB684C331846FDF75DF80346012B01D160
:10389800012376E0FB6830331846FFF789FF0346BB
:1038A800012B01D101236CE0FB6803F540530A2288
:1038B80083F8DC22FB6803F540530B2283F8DD22F2
:1038C800FB6803F540530C2283F8DE22FB6803F5FE
:1038D80040530D2283F8DF22FB6803F54053712221
:1038E80083F8E022FB6803F54053722283F8E12253
:1038F800FB6803F54053732283F8E222FB6803F563
:103908004053742283F8E322FB6803F54053F12205
:1039180083F8E422FB6803F54053F22283F8E5229A
:10392800FB6803F54053F32283F8E622FB6803F5AE
:103938004053F42283F8E722FB6805221A71FB68DA
:1039480006225A71FB6807229A71FB680822DA710D
:10395800FB6875221A72FB6876225A72FB68772216
:103968009A72FB687822DA72FB68F5221A73FB6890
:10397800F6225A73FB68F7229A73FB68F822DA7307
:10398800002318461037BD4680BD00BFC03B00204D
:10399800BC3B002080B500AF034B1B681846FEF700
:1039A800B9FD0346184680BDC03B002080B586B0EF
:1039B80000AFF860B9607A60094AB968F8680CF035
:1039C8009BFD03467B617B69002B04D07B687A6989
:1039D8001A60002300E0012318461837BD4680BD51
:1039E800C02B010880B586B000AFF860B9607A6076
:1039F800094AB968F8680CF07FFD03467B617B696A
:103A0800002B04D07B687A691A60002300E0012348
:103A180018461837BD4680BDD42B010880B500AFC5
:103A28000349044800F008F80346184680BD00BF63
:103A3800B5390008ED39000880B582B000AF78606C
:103A480039604A4B1B68002B05D1494949480CF09D
:103A580041FD012385E07B68002B05D14649454897
:103A68000CF038FD01237CE03B68002B05D143496D
:103A780040480CF02FFD012373E03C4B1B6840F6D7
:103A8800344200211846FCF72FFE3D4A7B6813603C
:103A98003C4A3B681360354B1B680433184601F0F9
:103AA800F3FB0346012B05D1374932480CF012FDD0
:103AB800012356E02D4B1B68A433184602F0E0F8AA
:103AC8000346012B05D131492A480CF003FD012397
:103AD80047E0264B1B6803F50373184600F09CF873
:103AE8000346012B05D12A4922480CF0F3FC012397
:103AF80037E01E4B1B6803F57873184601F028FA67
:103B08000346012B05D123491A480CF0E3FC012395
:103B180027E0164B1B68B033184600F07DFC0346BF
:103B2800012B05D11C4913480CF0D4FC012318E0E3
:103B38000E4B1B68A833184601F07AFE0346012B8A
:103B480005D116490B480CF0C5FC012309E001F02A
:103B580095FF064B1B6801221A60002001F028FC23
:103B6800002318460837BD4680BD00BF000000206E
:103B7800E82B0108142C0108182C01084C2C01080A
:103B8800F8470020FC470020782C0108B02C0108D9
:103B9800EC2C0108202D0108542D0108882D01085E
:103BA80080B400AF034B1B681846BD465DF8047B24
:103BB800704700BFC43B002080B582B000AF78607A
:103BC800786801F0B3FE034618460837BD4680BD45
:103BD80080B582B000AF7860786801F0FBFE002302
:103BE80018460837BD4680BD80B582B000AF786002
:103BF800786800F033FC034618460837BD4680BD98
:103C080080B582B000AF7860786800F06FFC002360
:103C180018460837BD4680BD80B582B000AF7860D1
:103C28007B68002B05D10F490F480CF053FC01238A
:103C380014E00E4A7B6813600C4B1B680022C3F823
:103C4800D0210A4B1B6801221A60084B1B68181DFB
:103C5800074B0122032100F0DDF903461846083717
:103C6800BD4680BDC02D0108F02D01088048002008
:103C7800F42D010880B586B000AFF860B9607A60AD
:103C880001F014FC0346002B01D101234FE02A4B1D
:103C98001B68002B01D1012349E0274B1B681B68D7
:103CA800002B01D1012342E07B68002B01D10123C5
:103CB8003DE0BB68002B01D1012338E0BB681B78CD
:103CC800002B01D1012332E01B4B1B6804337B61BD
:103CD800786900F02FFA7B6903229A717B69FA6888
:103CE8001A6101F0DDFC0346012B01D101231EE01E
:103CF80000233B6112E0BA683B69134419787A697A
:103D08003B6913449C330A461A70BA683B691344EA
:103D18001B78002B06D03B6901333B613B69672B5D
:103D2800E9D900E000BF7B687A691A600023184669
:103D38001837BD4680BD00BF8048002080B586B0DA
:103D480000AFF860B9607A60FB687B6101F0AEFB98
:103D58000346002B01D1012334E01C4B1B68002BC8
:103D680001D101232EE0194B1B681B68002B01D1E0
:103D7800012327E07B69002B01D1012322E0134BAB
:103D88001B685B7B072B04D9042001F0CDFC0123C1
:103D980018E00E4B1B685B7B7A690233DB00134427
:103DA800BA685A60094B1B685B7B7A690233DB008F
:103DB80013447A689A60054B1B685A7B0132D2B269
:103DC8005A73002318461837BD4680BD8048002026
:103DD80080B586B000AFF860B9607A603B60FB6878
:103DE8007B6101F063FB0346002B01D101237AE0DC
:103DF8003F4B1B68002B01D1012374E03C4B1B682F
:103E08001B68002B01D101236DE07B69002B01D1D8
:103E1800012368E0BB68002B01D1012363E07B68C4
:103E2800002B01D101235EE03B68002B01D1012367
:103E380059E03B681B78002B01D1012353E02C4B40
:103E48001B68D3F8D031072B01D901234BE0284B4D
:103E58001968274B1B68D3F8D02113465B0013441D
:103E6800DB000B4403F58873BA681A60204B1968A5
:103E78001F4B1B68D3F8D02113465B001344DB00AB
:103E88000B4403F58A737A681A6000233B611DE0CE
:103E98003A683B691344164A1168154A1268D2F801
:103EA800D021187813465B001344DB00CA183B691D
:103EB800134403F58C7302461A703A683B6913443D
:103EC8001B78002B06D03B6901333B613B690F2B04
:103ED800DED900E000BF064B1B68D3F8D0210132C1
:103EE800C3F8D021002318461837BD4680BD00BF4F
:103EF8008048002080B584B000AF786039607B6866
:103F0800FB6001F0D3FA0346002B01D101231CE02A
:103F1800104B1B68002B01D1012316E00D4B1B68C9
:103F28001B68002B01D101230FE0FB68002B01D196
:103F380001230AE03B68002B01D1012305E0FB685F
:103F480003F19C023B681A60002318461037BD46EF
:103F580080BD00BF8048002080B584B000AF786085
:103F680039607B68FB6001F0A1FA0346002B01D1A0
:103F7800012340E0224B1B68002B01D101233AE0CA
:103F88001F4B1B681B68002B01D1012333E0FB6822
:103F9800002B01D101232EE04FF48471F86800F062
:103FA8002FFA0246FB68C3F808213B6803F48073C4
:103FB800002B0BD01349144800F022F90346002BBC
:103FC80004D1F86800F0B6F8002314E03B6803F465
:103FD8000073002B0BD00D490D4800F011F9034672
:103FE800002B04D1F86800F0A5F8002303E0F86876
:103FF80000F0A0F8012318461037BD4680BD00BF69
:1040080080480020093C0008F13B0008D93B000823
:10401800C13B000880B588B000AFF8607A603B60AB
:104028000B46FB72FB68FB6148237B613C4B1B68BA
:10403800002B05D13B493C480CF04CFA01236AE0BF
:10404800FB69002B05D1394937480CF043FA0123A5
:1040580061E03B68002B05D1354933480CF03AFA4A
:10406800012358E02E4B1B6850221A712C4B1B68F9
:1040780044225A712A4B1B6866229A71284B1B6886
:104088006D22DA71264B1B684FF47F621A81244B2C
:104098001B68FA7A9A72224B1B6808221A737A698B
:1040A8001F4B1B68D2B2DA721D4B1B6868229A73C9
:1040B8001B4B1B687A681A610023BB6112E03A68DF
:1040C800BB6913441978FA69BB69134454330A4627
:1040D8001A703A68BB6913441B78002B06D0BB6979
:1040E8000133BB61BB69472BE9D900E000BFF86920
:1040F80000F020F8FB696D2283F80421FB69662231
:1041080083F80521FB69442283F80621FB695022C4
:1041180083F80721002318462037BD4680BD00BF1D
:1041280080480020042E0108F02D01083C2E0108CB
:104138006C2E010880B485B000AF78607B680022DF
:104148009A717B6800221A610023FB6010E07A688C
:10415800FB680233DB00134400225A607A68FB686C
:104168000233DB00134400229A60FB680133FB60D2
:10417800FB68072BEBD97B6800225A727B68002208
:1041880083F89C200023FB6026E01C4B1968FA6822
:1041980013465B001344DB000B4403F588730022CD
:1041A8001A60164B1968FA6813465B001344DB0063
:1041B8000B4403F58A7300221A60104B1968FA68D9
:1041C80013465B001344DB000B4403F58C73002299
:1041D8001A70FB680133FB60FB68072BD5D9074BC6
:1041E8001B680022C3F8D0217B680022C3F808218D
:1041F80000BF1437BD465DF8047B70478048002037
:10420800B0B58EB004AF786039607A4B1B687B62BA
:104218004FF0000300233B61774B1B6804333B627C
:104228007B68002B01D10123D7E03B68002B01D12B
:104238000123D2E007F110031946386A00F0B4FEF2
:104248000346012B01D10123C7E03A697B68104678
:1042580098470346012B01D10123BEE000237B616F
:10426800B2E0654B19687A6913465B001344DB00BA
:104278000B4403F58A731B68013B604AA2FB0323C6
:10428800DB099BB20133FB810023BB617B699BB2D5
:10429800013398B2584B19687A6913465B00134486
:1042A800DB000B4403F58A731C68534B19687A6961
:1042B80013465B001344DB0003F58C73CA1807F13F
:1042C80010030093134622460146386A00F0BEFEEA
:1042D8000346012B74D03A693B6810469847034659
:1042E800012B01D1012378E00023BB8163E04FF467
:1042F800FA63FB61404B19687A6913465B00134403
:10430800DB000B4403F58A731A68BB69D31AFA6990
:104318009A420DD9384B19687A6913465B001344E1
:10432800DB000B4403F58A731A68BB69D31AFB6177
:104338007B699BB2013398B2BB8901339CB22E4B87
:1043480019687A6913465B001344DB000B4403F5D4
:1043580088731B681A46BB6913441D46264B1968A7
:104368007A6913465B001344DB0003F58C730B4436
:10437800F98907F1100203920293FB6901930095F2
:104388000B4622460146386A00F008FF0346012B17
:104398000DD03A693B68104698470346012B01D176
:1043A80001231AE0BA69FB691344BB6100E000BF4E
:1043B800BB890133BB81BA89FB899A4297D300E054
:1043C80000BF7B6901337B610B4B1B68D3F8D0318D
:1043D8007A699A42FFF445AF0023064A11687A6A5F
:1043E80051404FF0000201D000F00CFC184628376D
:1043F800BD46B0BD1800002080480020D34D621093
:1044080080B483B000AF78603960002318460C3759
:10441800BD465DF8047B704780B582B000AF786018
:104428007B68002B01D1012311E07B680433184617
:1044380001F076FD0346012B01D1012307E0064A6E
:104448007B681360044B1B6801221A60002318461E
:104458000837BD4680BD00BF8448002080B584B0C1
:1044680000AF78601F4B1B68FB604FF00003002310
:10447800FB721D4B1B68002B01D1012325E01A4B51
:104488001B681B68002B01D101231EE001F00EF808
:104498000346002B01D1012317E07B68002B01D1D3
:1044A800012312E007F10B03184601F063F90346F4
:1044B800012B01D1012308E0FB7A002B01D1012354
:1044C80003E0786801F03CFD0346064A1168FA6883
:1044D80051404FF0000201D000F094FB184610370D
:1044E800BD4680BD180000208448002080B584B0F7
:1044F80000AF78601F4B1B68FB604FF00003002380
:10450800FB721D4B1B68002B01D1012325E01A4BC0
:104518001B681B68002B01D101231EE000F0C6FFB9
:104528000346002B01D1012317E07B68002B01D142
:10453800012312E007F10B03184601F01BF90346AB
:10454800012B01D1012308E0FB7A002B01D10123C3
:1045580003E0786801F000FD0346064A1168FA682E
:1045680051404FF0000201D000F04CFB18461037C4
:10457800BD4680BD180000208448002080B400AFEC
:10458800BFF34F8F00BF064BDB6803F4E0620449BA
:10459800044B1343CB60BFF34F8F00BF00BFFDE751
:1045A80000ED00E00400FA050FB407480099016027
:1045B80001994160029981600399C1606146016176
:1045C8000FBC704700BF00009448002080B400AFC3
:1045D8000A4B4FF0FF321A60084B00225A60074B13
:1045E80000221A61054B00229A60044B0022DA600F
:1045F80000BFBD465DF8047B704700BF0400002083
:1046080080B584B000AF234B1B68234A1360214B4D
:104618001B6803F59673204A53601F4B1B68B3F160
:10462800005F0CD31C4B1B681C4A934207D81A4BDB
:104638005B681A4A934202D9174B194A5A601948BB
:104648000BF0DCFE7860144B1B6823F003033B601F
:10465800114B5B68BB6013E03B68FB607A681149EB
:10466800F8680BF009FF0346002B06D13A687B680F
:1046780013440133084A536006E03B6804333B6047
:104688003A68BB689A42E7D3034B18461037BD46D1
:1046980080BD00BFB85000201C000020FFFF0B2089
:1046A800FCFF0B20882F010890B589B002AF786015
:1046B800644B1B687B614FF0000300233B610023C0
:1046C800BB607B681B68604A1360604B604A1A6075
:1046D800604B00221A60604B00221A605F4B1B6817
:1046E800002B16DB5D4B9B68184601F075FA3861A4
:1046F8005A4B5A68594BDB6801933B690093134640
:10470800574A802157480BF0F7FE544B1B68FB6053
:1047180009E0554B1B68554A802152480BF0ECFEC6
:1047280040F20143FB60524B00221A60514B1B6858
:1047380003F00103002B15D04F4B1B685B68002B5F
:1047480010D04B4B01221A604C4B1B68002B03D135
:104758004A494B48FEF756FE484B1B6841491846E4
:10476800FEF71EF9474948480BF0B4FE3D49464854
:104778000BF0B0FE454944480BF0ACFEFB68364AE6
:1047880038491846FFF776FA0346002B45D107F15A
:104798000803184601F08EFA2F4B1C68BB682021CD
:1047A800184601F043FA03461A4601212046FFF74E
:1047B800C5FA294B18687B681B681A460721FFF75A
:1047C800BDFA264B1B68002B14DB234B1C682021E9
:1047D800386901F02BFA03461A4602212046FFF7F2
:1047E800ADFA1D4B1B681D4AD26804211846FFF715
:1047F800A5FA07E0184B1B681B4A126806211846E1
:10480800FFF79CFA1A4B1B68002B01D000F044F804
:104818001F491D480BF05EFE03E01E491A480BF0C5
:1048280059FE1A4918480BF055FE00BF054B1A6887
:104838007B695A404FF0000301D000F0E3F91C37C0
:10484800BD4690BD18000020B8500020B048002098
:10485800B84800208C480020884800200400002028
:10486800442F01080048002028ED00E0982F010897
:10487800AC480020AC3B0020A43B0020A848002006
:10488800682F0108502F0108602F0108642F0108C4
:10489800B82F0108D42F010880B584B000AF124B9F
:1048A8001B68FB604FF0000300237B600023BB60A4
:1048B80007F108023B1D11461846FEF713FC0B4B87
:1048C80018687968BA680A4BFFF782FA00BF064B86
:1048D8001A68FB685A404FF0000301D000F092F9C3
:1048E8001037BD4680BD00BF180000208848002052
:1048F8000030010880B586B000AFF8600B467A60DA
:10490800FB722A4B1B681A46294BD31A7B61FB7A28
:104918007A6803FB02F27B691344B3F5006F07D38F
:10492800244B01221A60244924480BF0D3FD39E0B6
:10493800234B1B68234A934205D023491F480BF099
:10494800C9FD00BFFDE77B68002B04D11F491B4848
:104958000BF0C0FD26E0FB7A042B19D0042B1CDCDD
:10496800012B02D0022B0ED017E0104B1B687A687F
:10497800F9681846FBF742FE0C4B1A687B6813442B
:104988000A4A13600EE07968F86800F023F809E035
:104998007968F86800F056F804E00D4907480BF00C
:1049A80099FD00BF1837BD4680BD00BFB048002044
:1049B800B84800208C48002010300108602F0108FA
:1049C800DC500020ED55CEAC403001089030010895
:1049D800BC30010880B586B000AF78603960174BED
:1049E8001B687B614FF0000300233B6114E07B6888
:1049F8009A1C7A601B88FB81114B1B6807F10E011A
:104A080002221846FBF7FAFD0D4B1B6802330C4ACD
:104A180013603B6901333B613A693B689A42E6D3CC
:104A280000BF064B1A687B695A404FF0000301D05B
:104A380000F0E8F81837BD4680BD00BF1800002018
:104A4800B048002080B586B000AF78603960174B59
:104A58001B687B614FF0000300233B6114E07B6817
:104A68001A1D7A601B68FB60114B1B6807F10C016B
:104A780004221846FBF7C2FD0D4B1B6804330C4A91
:104A880013603B6901333B613A693B689A42E6D35C
:104A980000BF064B1A687B695A404FF0000301D0EB
:104AA80000F0B0F81837BD4680BD00BF18000020E0
:104AB800B048002080B584B000AF00237B60424B33
:104AC8001B68002B42D0414B1B681A46404BD31A37
:104AD800BB60404B1B68002B01DB3F4B00E03F4BAA
:104AE800FB603F4B1B68002B0DD1374B1868FB68E8
:104AF800BA683749FFF76CF90346002B03D03949E8
:104B080039480BF0E7FC394B1B68002B10D0384BA9
:104B18001B6803F00103002B0AD0364B1B685B6847
:104B2800002B05D0334B1B6800225A6001237B60A1
:104B3800254B1B684FF4E0611846FFF70DFA034652
:104B4800002B03D02C4928480BF0C4FC214B1B68D0
:104B5800B3F1FF3F1DD01F4B1B69012B0FD1274914
:104B680021480BF0B7FC00233B6002E03B680133AF
:104B78003B603B68224A9342F8DDFFF7FFFC7B6805
:104B8800002B03D01B4B1B6801225A60FFF71EFD48
:104B98000FE01A4914480BF09DFC00233B6002E02B
:104BA8003B6801333B603B68154A9342F8DDFFF7E9
:104BB800E5FC054B00221A600C4B00221A60012309
:104BC80018461037BD4680BD88480020B0480020F0
:104BD800B848002004000020DC300108E830010853
:104BE8008C480020F4300108602F0108AC480020F0
:104BF800AC3B0020A43B002020310108702F0108A5
:104C08003F420F0080B500AFFFF7CEFC104B0522E6
:104C18001A600F4B0F4A5A600D4B0F4A9A600C4BA3
:104C280040F2ED12DA600A4B01221A61FEF7B8FF72
:104C38000346002B06D000F02DF8FBF7F9FA00F038
:104C480057F802E0FFF7C2FC00BF00BFFDE700BF56
:104C5800040000203C3101085031010880B483B0C1
:104C680000AFEFF305833B603B68002B01D00023C6
:104C78000AE0EFF314837B607B6803F00203002BE8
:104C880001D0012300E0002318460C37BD465DF82B
:104C9800047B704780B584B000AFFFF7DFFF0346A1
:104CA800012B0ED1EFF30B837B607B680E4A1360F8
:104CB80000233B603B6883F30B8800BFBFF36F8F13
:104CC8000EE0EFF30A83FB60FB68084A13600023D9
:104CD800BB60BB6883F30A8800BFBFF36F8F00BF58
:104CE80000BF1037BD4680BDBC500020C05000201A
:104CF80080B582B000AFFFF7B1FF0346012B09D1A1
:104D08000B4B1B683B603B6883F30B8800BFBFF30A
:104D18006F8F09E0074B1B687B607B6883F30A8809
:104D280000BFBFF36F8F00BF00BF0837BD4680BD0F
:104D3800BC500020C050002080B400AF202318468B
:104D4800BD465DF8047B704790B58FB000AF044650
:104D5800084611461A462346FB820346BB820B4689
:104D68007B8213463B82FB6CFB603B6DBB60BB6D7B
:104D78007B60754B1B687B634FF00003734B1B68AC
:104D88000433BB620023FB610023FB6200233B6208
:104D980000237B62FB68002B01D10123C6E0FB687E
:104DA8001B78002B01D10123C0E0BB68002B01D187
:104DB8000123BBE07B6D002B01D10123B6E07B68AA
:104DC800002B01D10123B1E07B8A002B01D1012303
:104DD800ACE07A8A3B8A9A4201D90123A6E007F11E
:104DE8001C03184600F088FB0346012B01D1012360
:104DF8009CE007F12003184600F070FC0346012BE5
:104E080001D1012392E007F12403184600F0E2FBE8
:104E18000346012B01D1012388E0BB6AD1221A7015
:104E2800BB6AD2225A70BB6AD3229A70BB6AD42258
:104E3800DA70BB6A4FF47F629A80BB6A0122DA801B
:104E4800BB6AFA8A1A81BB6ABA8A5A81BB6A7A8AA9
:104E58009A81BB6A3A8ADA813A6ABB6A1A61BB6A82
:104E680020229A82BB6A2022DA82BB6C9AB2BB6A81
:104E78001A83BB6A7A6DDA61FB6A2033FB62334BB3
:104E88001B6804331A46FB6A13441846FB69202240
:104E98001946FBF7B3FBFB6A2033FB622B4B1B68FD
:104EA80004331A46FB6A134418467B6A20221946C3
:104EB800FBF7A4FBFB6A2033FB62244B1B6804331B
:104EC8001A46FB6A1344BA6CF9681846FBF796FB56
:104ED800FA6ABB6C1344FB621C4B1B6804331A460A
:104EE800FB6A13447A6DB9681846FBF787FBFA6AC0
:104EF8007B6D1344FB62154B1B6804331A46FB6A2F
:104F080013443B63BB6ADA783B6B1A70BB6A9A78C6
:104F18003B6B5A70BB6A5A783B6B9A70BB6A1A78BB
:104F28003B6BDA707B68BA6A1A600023064A11681C
:104F38007A6B51404FF0000201D0FFF763FE18462C
:104F48003C37BD4690BD00BF18000020C45000206B
:104F580080B582B000AF78607B68002B01D1012357
:104F68001BE0104A7B681360FFF7E6FE034603F573
:104F7800DC73B3F5056F01D901230EE0FFF7DCFE02
:104F8800034603F62403B3F5056F01D9012304E0B2
:104F9800044B1B6801221A60002318460837BD46D7
:104FA80080BD00BFC450002080B58AB006AF7860CD
:104FB8003960244B1B68FB604FF000030023BB6083
:104FC800214B1B68002B01D101232EE01E4B1B68CF
:104FD8001B68002B01D1012327E07B68002B01D13E
:104FE800012322E007F1080319467868FEF782FFDB
:104FF8000346012B01D1012317E0BB683A680492EC
:105008004FF4867203927A680292019368230093A0
:1050180001230122002141F21250FFF795FE0346B9
:10502800012B01D1012300E00023064A1168FA6828
:1050380051404FF0000201D0FFF7E4FD1846103749
:10504800BD4680BD18000020C450002080B598B02F
:1050580006AF7861FA60BB600B467B823B6D7B6074
:105068004C4B1B687B644FF0000307F1200324229C
:1050780000211846FBF738FB474B1B68002B01D172
:10508800012379E0444B1B681B68002B01D10123E5
:1050980072E07B69002B01D101236DE0FB68002BD6
:1050A80001D1012368E0BB68002B01D1012363E033
:1050B800BB681B78002B01D101235DE07B68002BC6
:1050C80001D1012358E0502387F82030442387F882
:1050D8002130612387F82230502387F823304FF49A
:1050E8007F63BB84032387F82630102387F8273093
:1050F800FB68BB620023FB6113E0BA68FB691344D9
:10510800197807F12C02FB6913440A461A7007F153
:105118002C02FB6913441B78002B06D0FB69013372
:10512800FB61FB690F2BE8D900E000BF502387F82B
:105138003C30612387F83D30442387F83E305023C4
:1051480087F83F3000233B64798A7B6804932423E3
:10515800039307F120030293BB6801931023009384
:105168000123012244F21860FFF7EEFD0346012BEC
:1051780001D1012300E00023064A11687A6C5140EE
:105188004FF0000201D0FFF73DFD18464837BD46F5
:1051980080BD00BF18000020C450002080B58AB030
:1051A80006AFF860084611461A4603467B810B464F
:1051B8003B811346FB80174B1B68002B01D1012351
:1051C80023E0144B1B681B68002B01D101231CE052
:1051D800FB68002B01D1012317E0F8883A89798907
:1051E8007B6A0493FB690393BB6902933B6A01934F
:1051F80010230093034648F27130FFF7A5FD0346DC
:10520800012B01D1012300E0002318461037BD46C9
:1052180080BD00BFC450002080B485B000AF786066
:105228003960184B1B68002B01D1012323E0154B73
:105238001B681B68002B01D101231CE07B68002B35
:1052480001D1012317E03B68002B01D1012312E0B3
:105258007B68FB60FB689B8A1A46FB68DB8A134401
:10526800FA68128B1A44FB68DB69134403F12402C1
:105278003B681A60002318461437BD465DF8047B66
:10528800704700BFC450002080B586B000AF78607A
:10529800424B1B687B614FF000037B68002B01D1F8
:1052A80001236EE03E4A7B6813603D4B1B68002279
:1052B800C3F89C203A4B1B680122DA60384B1B6804
:1052C80000221A72364B1B6801225A72344B1B6833
:1052D80001229A72324B1B6801221A61304B1B68FB
:1052E800304A5A602E4B1B689B7A002B1CD12E4BE0
:1052F8001B68002B01D1012343E02B4B1B68284A74
:10530800126802F17C0007F10C022021984703463D
:10531800012B01D1012334E0214B1B6893F87C3029
:10532800002B06D101232CE01D4B1B68002283F8BB
:105338007C201B4B1B68002283F85C2000233B6108
:1053480015E0174B1A6819493B690B4419783B69F2
:10535800134414330A461A70114B1A683B691344F4
:1053680014331B78002B06D03B6901333B613B6942
:105378003F2BE6D900E000BF094B1B6801221A60E9
:105388000023064A11687A6951404FF0000201D0A3
:10539800FFF738FC18461837BD4680BD18000020B6
:1053A800C850002003922871F8470020AC3101084A
:1053B80080B588B000AF7860374B1B68FB614FF051
:1053C800000307F1140300221A605A60334BFB6094
:1053D80007F114033B61324B1B68002B01D10123F9
:1053E8004DE02F4B1B681B68002B01D1012346E0C1
:1053F800FEF7D6FB0346002B01D101233FE0284BE3
:105408001B685B68274A934201D1002337E007F104
:1054180014030821184600F05BFA0346002B0CD150
:1054280007F10C0207F114031146184600F0EAF9D7
:105438000346012B01D1194BFB60FB68174A9342C5
:1054480006D07B68012B0FD1FB68174A93420BD11A
:105458003B6901221A603B69124A5A60082138697F
:1054680000F008FA0F4BFB60FB680F4A934201D12A
:10547800012304E00A4B1B680A4A5A600023064AC3
:105488001168FA6951404FF0000201D0FFF7BAFBEA
:1054980018462037BD4680BD180000207152109371
:1054A800C8500020252715150392287180B500AF34
:1054B8000F4B1B68002B01D1002316E00C4B1B6817
:1054C8001B68002B01D100230FE0FEF769FB0346A0
:1054D800002B01D1002308E0054B1B685B68054AD7
:1054E80093420CBF01230023DBB2184680BD00BFE6
:1054F800C85000202527151580B584B000AF786006
:10550800314B1B68FB604FF000030023BB602F4B3F
:105518001B68002B01D1012349E02C4B1B681B6839
:10552800002B01D1012342E07B68002B01D101232C
:105538003DE0264B1B6893F87C30002B30D1234B81
:105548001B689B7A012B29D1214B1B68002B01D1A9
:1055580001232CE01E4B1B681C4A126802F17C00D8
:1055680007F108021F2198470346012B01D10123A7
:105578001DE0164B1B6893F87C30002B01D10123EA
:1055880015E0BB681F2B01D9012310E00F4B1A68E7
:10559800BB681344002283F87C2001E0012306E065
:1055A8000A4B1B6803F17C027B681A600023064AD9
:1055B8001168FA6851404FF0000201D0FFF722FB52
:1055C80018461037BD4680BD18000020C85000207E
:1055D800F847002080B584B000AF78602D4B1B6879
:1055E800FB604FF000030023BB602B4B1B68002BB4
:1055F80001D1012341E0284B1B681B68002B01D116
:1056080001233AE07B68002B01D1012335E0224BCE
:105618001B6893F85C30002B28D1204B1B68002BAB
:1056280001D1012329E01D4B1B681B4A126802F1B6
:105638005C0007F108021F2198470346012B01D19E
:1056480001231AE0144B1B6893F85C30002B01D13E
:10565800012312E0BB681F2B01D901230DE00E4B7B
:105668001A68BB681344002283F85C200A4B1B6845
:1056780003F15C027B681A600023064A1168FA6825
:1056880051404FF0000201D0FFF7BCFA184610371E
:10569800BD4680BD18000020C8500020FC470020EF
:1056A80080B400AF0C4B1B68002B01D101230EE026
:1056B800094B1B681B68002B01D1012307E0064B2F
:1056C8001B68D3F89C200132C3F89C20002318469D
:1056D800BD465DF8047B7047C850002080B483B095
:1056E80000AF78600F4B1B68002B01D1012312E03B
:1056F8000C4B1B681B68002B01D101230BE07B6856
:10570800002B01D1012306E0064B1B68D3F89C202F
:105718007B681A60002318460C37BD465DF8047B89
:10572800704700BFC850002080B483B000AF7860D5
:105738000F4B1B68002B01D1012312E00C4B1B6897
:105748001B68002B01D101230BE0094B1B681B6967
:10575800012B01D0012304E0054B1B687A681A610C
:10576800002318460C37BD465DF8047B704700BF20
:10577800C850002080B483B000AF78600E4B1B681F
:10578800002B01D1012311E00B4B1B681B68002B78
:1057980001D101230AE07B68002B01D1012305E038
:1057A800054B1B685A7A7B681A70002318460C3719
:1057B800BD465DF8047B7047C850002080B483B0B4
:1057C80000AF78600E4B1B68002B01D1012311E05C
:1057D8000B4B1B681B68002B01D101230AE07B6877
:1057E800002B01D1012305E0054B1B681A7A7B6861
:1057F8001A70002318460C37BD465DF8047B7047C5
:10580800C850002080B483B000AF786039607B68EE
:105818001B68012B01D0012304E07B685A683B68B0
:105828001A60002318460C37BD465DF8047B7047A4
:1058380080B582B000AF78607B68002B01D101236E
:1058480012E00B4A7B681360094B1B680433184647
:1058580000F08EFB0346012B01D1012304E0044B29
:105868001B6801221A60002318460837BD4680BD10
:10587800CC50002080B582B000AF78603960134BFF
:105888001B68002B01D101231CE0104B1B681B680F
:10589800002B01D1012315E0FFF708FE0346002B7A
:1058A80001D101230EE07B68002B01D1012309E01F
:1058B8003B68002B01D1012304E03968786800F0C7
:1058C80062FB034618460837BD4680BDCC50002011
:1058D80080B582B000AF78603960134B1B68002B2D
:1058E80001D101231CE0104B1B681B68002B01D160
:1058F800012315E0FFF7DAFD0346002B01D1012350
:105908000EE07B68002B01D1012309E03B68002BE6
:1059180001D1012304E03968786800F040FB0346B0
:1059280018460837BD4680BDCC50002080B584B0ED
:1059380000AF7860254B1B68FB604FF00003022323
:10594800FB72234B1B68002B01D1012331E0204B54
:105958001B681B68002B01D101232AE0FFF7A6FD75
:105968000346002B01D1012323E07B68002B01D1E2
:1059780001231EE007F10B031846FFF71FFF03463C
:10598800012B01D1012314E0FB7A002B01D1012363
:105998000FE0FB7A012B0CBF01230023DBB2194671
:1059A800786800F008FB0346012B01D1012300E0D1
:1059B8000023064A1168FA6851404FF0000201D0EE
:1059C800FFF720F918461037BD4680BD18000020A3
:1059D800CC50002080B584B000AF7860254B1B68A0
:1059E800FB604FF000030223FB72234B1B68002B64
:1059F80001D1012331E0204B1B681B68002B01D12A
:105A080001232AE0FFF752FD0346002B01D10123B1
:105A180023E07B68002B01D101231EE007F10B0373
:105A28001846FFF7CBFE0346012B01D1012314E0F2
:105A3800FB7A002B01D101230FE0FB7A012B0CBF6D
:105A480001230023DBB21946786800F0C0FA034648
:105A5800012B01D1012300E00023064A1168FA68EE
:105A680051404FF0000201D0FFF7CCF8184610372C
:105A7800BD4680BD18000020CC50002080B500AF86
:105A88000248FDF723FE0346184680BD995A0008D0
:105A980090B589B002AF7860454B1B687B614FF0C9
:105AA80000030023FB6000233B617B681A6A7B6864
:105AB8009B6A9A420BD97B681A1D7B681B6A009304
:105AC80013463C4A80213C480AF016FD1CE07B68DE
:105AD8001A6A7B685B6A9A420BD27B681A1D7B68DC
:105AE8001B6A00931346354A802133480AF004FDA7
:105AF8000AE07B681A1D7B681B6A00931346304ACC
:105B080080212D480AF0F8FC07F108031A462A49B3
:105B18000620FEF7AFF80346002B3BD1294B1B6844
:105B2800002B03D127492848FDF76CFC254B1B683F
:105B380021491846FCF734FFFDF7CCFA07F11002AB
:105B480007F10C0311461846FDF7CCFAB868F96856
:105B58003A691E4BFEF73CF9BC687B6804331C218C
:105B6800184600F063F803461A4601212046FEF75E
:105B7800E5F8BB684FF4E0611846FEF7EDF9034617
:105B8800002B03D0124913480AF0A4FC0120FDF7AA
:105B980045FA00E000BF064B1A687B695A404FF08F
:105BA800000301D0FFF72EF81C37BD4690BD00BF9B
:105BB80018000020BC31010800480020EC31010821
:105BC8001C320108D05000205C3201086432010800
:105BD800743201089032010880B586B000AF786051
:105BE80078680AF00BFC78617B69002B19D07B6917
:105BF8003B6113E03B69013B7A6813441B78FB73F4
:105C0800FB7B2F2B02D0FB7B5C2B04D17A683B6992
:105C180013447B6005E03B69013B3B613B69002B1A
:105C2800E8D17B6818461837BD4680BD80B485B07A
:105C380000AF786039600023BB607B68002B17D009
:105C48000023FB600AE07A68FB6813441B781A4655
:105C5800BB681344BB60FB680133FB607A68FB6870
:105C680013441B78002B03D0FA683B689A42EAD3A6
:105C7800BB6818461437BD465DF8047B70470000C2
:105C880080B483B000AF78607B68002B01D101231A
:105C980007E0074A7B681360054B1B6800221A60FF
:105CA800002318460C37BD465DF8047B704700BFDB
:105CB800D450002080B584B000AF78600023FB602A
:105CC8007B68002B01D101230EE009F0B1F9F860DF
:105CD800FB68002B01D1012306E0F86808F0DCFC22
:105CE80002467B681A60002318461037BD4680BDFF
:105CF80080B489B000AF0346B9607A60FB81FB8944
:105D0800FB820023FB6126E0BA68FB6913441B7819
:105D18001A46FB8A53409BB2DBB23B833B8B1B0189
:105D28009AB23B8B53409BB2DBB27B83FB8A1B0A44
:105D38009AB27B8B1B029BB253409AB27B8BDB00DF
:105D48009BB253409AB27B8B1B099BB25340FB8298
:105D5800FB690133FB61FA697B689A42D4D3FB8AF9
:105D680018462437BD465DF8047B704780B58AB075
:105D780000AF0346B9607A60FB81374B1B687B62D2
:105D88004FF000037A68FB89B9681846FFF7B0FF3F
:105D980003467B8200237B6139E07B69BA68134440
:105DA8001B787B747B7C07F118002C4A0A210AF0C7
:105DB800A3FB79692A4B83FB0123DA10CB17D21A8C
:105DC80013469B0013449B00CA1A002A03D1254995
:105DD80025480AF07FFB07F11803194622480AF004
:105DE80079FB7B69591C1E4B83FB0123DA10CB1707
:105DF800D21A13469B0013449B00CA1A002A03D1E7
:105E08001A4919480AF066FB7B6901337B617A6994
:105E18007B689A42C1DB7969114B83FB0123DA1055
:105E2800CB17D21A13469B0013449B00CA1A002AA8
:105E380003D00E490C480AF04DFB7B8A064A1168CC
:105E48007A6A51404FF0000201D0FEF7DBFE184697
:105E58002837BD4680BD00BF1800002094320108D5
:105E6800676666669C320108A8320108AC320108F0
:105E780080B586B000AF7860244B1B687B614FF01B
:105E88000003234B1B68002B01D1012330E07B6802
:105E9800002B01D101232BE007F110031946786884
:105EA800FFF7BAF90346012B01D1012320E03B6932
:105EB800B3F5803F01D301231AE0164916480AF0CA
:105EC80009FB3B691A4679680020FFF74FFF034634
:105ED800FB810F4B1B681846FB89104A50210AF0BA
:105EE8000BFB0B4B1B6819460B480AF0F3FA00230F
:105EF800064A11687A6951404FF0000201D0FEF756
:105F080081FE18461837BD4680BD00BF1800002026
:105F1800D8500020B4320108A8320108D432010850
:105F280080B483B000AF7860044A7B6813600023B4
:105F380018460C37BD465DF8047B7047D8500020E2
:105F480080B582B000AF78607868FFF791FF0346AC
:105F580018460837BD4680BD80B582B000AF78606E
:105F68007868FFF785FF034618460837BD4680BDA9
:105F780080B483B000AF7860002318460C37BD4664
:105F88005DF8047B704780B483B000AF78603960F7
:105F9800012318460C37BD465DF8047B704780B472
:105FA80083B000AF78603960012318460C37BD46CE
:105FB8005DF8047B704780B483B000AF78603960C7
:105FC800012318460C37BD465DF8047B704780B442
:105FD80083B000AF78603960012318460C37BD469E
:105FE8005DF8047B7047000080B588B000AF78602A
:105FF8003B4B1B68FB614FF0000307F1080379680E
:10600800184600F06FF807F10803184600F0AAF8E0
:1060180007F10803184600F0E0F807F108031846EE
:1060280000F00AF900F016F907F108030C331846D6
:10603800FEF73AFB00F01CF907F10803184600F0D8
:1060480023F907F10803184600F02DF907F10803B2
:10605800184600F037F907F10803184600F042F92E
:1060680007F10803184600F04DF907F10803184630
:1060780000F057F907F10803184600F062F93B6988
:1060880003F00103002B04D007F10803184600F0C1
:1060980067F9FEF7B5FA0346184600F0A3F900F0D1
:1060A800F9F90346002B01D100F014FA00F0C8F901
:1060B800FEF700FD0346002BB4D007F1080318468D
:1060C80000F038FA00BF064B1A68FB695A404FF0D7
:1060D800000301D0FEF796FD2037BD4680BD00BF06
:1060E80018000020B0B588B000AF786039603B6810
:1060F800FB60386800F016F80346BB61BB691846B8
:1061080000F025F803463B6100237B617B681D4650
:1061180007F10C040FCC0FC523682B607868203773
:10612800BD46B0BD80B483B000AF78607B68DB6AE1
:1061380003F00403002B02D07B685B6801E07B68F6
:106148001B6818460C37BD465DF8047B704780B461
:1061580083B000AF78607B6818460C37BD465DF8A1
:10616800047B704780B582B000AF78607B68DB68DD
:1061780003F120027B68DA60786800F018F80346BB
:10618800002B05D07B68DB6803F148027B68DA6086
:106198007B68DA687B685B68DB69DB0903F004030A
:1061A8001A437B68DA6000BF0837BD4680BD80B4FB
:1061B80085B000AF78607B681B68DB6A03F010036A
:1061C800002B0CBF01230023DBB2FB60FB681846E1
:1061D8001437BD465DF8047B704780B582B000AFC8
:1061E800786000F00DF80346002B05D07B689B68AB
:1061F80043F001027B689A6000BF0837BD4680BD46
:1062080080B483B000AF0A4B1B681B687B60094BE6
:106218001A687B681A40074B1B689A420CBF012317
:106228000023DBB218460C37BD465DF8047B704787
:10623800540000208C3F010880B483B000AF786020
:106248007B6800221A6100BF0C37BD465DF8047BED
:106258007047000080B400AF034B044A1A6000BFC7
:10626800BD465DF8047B7047DC500020ED55CEAC90
:1062780080B500AF042201210248FEF73BFB00BFB6
:1062880080BD00BF903F010880B582B000AF786044
:106298007B680833042201211846FEF72BFB00BF58
:1062A8000837BD4680BD80B582B000AF78607B6896
:1062B8005B68102201211846FEF71CFB00BF083757
:1062C800BD4680BD80B582B000AF78607B681B6832
:1062D8000C33202201211846FEF70CFB00BF0837BB
:1062E800BD4680BD80B582B000AF78607B685B68D2
:1062F8001033042201211846FEF7FCFA00BF0837C4
:10630800BD4680BD80B582B000AF78607B680C3335
:10631800042201211846FEF7EDFA00BF0837BD46F2
:1063280080BD80B582B000AF78607B685B6814334D
:106338000C2201211846FEF7DDFA00BF0837BD46DA
:1063480080BD80B582B000AF78607B681B680C2286
:1063580001211846FEF7CEFA00BF0837BD4680BDBA
:1063680080B5A4B000AF78601D4B1B68C7F88C30AF
:106378004FF000037868FFF71AFF0346002B15D08B
:1063880007F1080340331846F9F7BCFF7B685B68E0
:1063980003F1200107F1080340221846FAF72EF905
:1063A8007B685B681B6EC7F8883004E007F1080358
:1063B8001846F9F7A1FF07F10803842201211846BE
:1063C800FEF798FA00BF064B1A68D7F88C305A4087
:1063D8004FF0000301D0FEF715FC9037BD4680BD95
:1063E8001800002080B584B000AF78601CE0082257
:1063F80001217868FEF77EFA7B685A687B681B681B
:10640800D31A7A68127AB3FBF2F3FB607B681B68D5
:106418001846FFF79CFE7B681B7AFA681946FEF758
:1064280069FA7B680C337B607B68002B04D07B683F
:106438001B68B3F1FF3FDAD100BF1037BD4680BDFE
:1064480080B582B000AF0F4B1B687B604FF0000334
:106458000D4B1B680D4A934207D00D4B3B603B46E2
:10646800042201211846FEF745FA00BF054B1A68B9
:106478007B685A404FF0000301D0FEF7C3FB083792
:10648800BD4680BD18000020DC500020ED55CEAC84
:10649800ACCE55ED80B485B000AF0C4B1B681B68C3
:1064A8007B607B6803F47023BB60094B1B68BA6888
:1064B8009A420CBF01230023DBB2FB60FB6818463D
:1064C8001437BD465DF8047B704700BF4C000020C0
:1064D800943F010880B588B000AF144B1B68FB617E
:1064E8004FF00003124B1B683B603B687B603B68C6
:1064F8001433BB6004233B734FF0FF333B614FF011
:10650800FF337B6101233B763B1D1846FFF76AFF8B
:1065180000BF064B1A68FB695A404FF0000301D0D0
:10652800FEF770FB2037BD4680BD00BF1800002075
:106538005000002080B483B000AF78607B681B698E
:10654800002B06D07B685B689A697B685B680232BF
:106558009A6100BF0C37BD465DF8047B70470000A8
:1065680080B400AFBFF34F8F00BF064BDB6803F466
:10657800E0620449044B1343CB60BFF34F8F00BF65
:1065880000BFFDE700ED00E00400FA0580B584B027
:1065980000AFF8600B467A60FB72FB7A002B01D0E3
:1065A800054A00E0054A7B68F968054809F092FF4A
:1065B80000BF1037BD4680BD00330108083301080D
:1065C8001033010880B483B000AF074B7B607B6851
:1065D800002B01D07B6800E0012318460C37BD462C
:1065E8005DF8047B704700BF9FFBB39280B584B011
:1065F80000AF214B1B6803F00103002B0DD1FCF702
:106608009DFB78607B68002B0CBF01230023DBB265
:106618001A4A19461A48FFF7B9FF174B1B6803F0C7
:106628000103002B04D0174B1B685B68002B0ED1AD
:106638000120FCF7F3FCB860BB68002B0CBF0123FA
:106648000023DBB2104A19460D48FFF79FFF0F4998
:106658000F48FCF7D7FEF860FB68002B0CBF01233E
:106668000023DBB20B4A19460548FFF78FFF00BF2E
:106678001037BD4680BD00BFAC3B00203833010851
:106688004C330108A43B0020543301088C550020EA
:10669800643301087033010880B400AF034B1B68F2
:1066A8001846BD465DF8047B704700BF8C55002036
:1066B80080B584B000AF78601A4BBB607B689B697B
:1066C800FB607B685B68012B06D87B685B68164AB1
:1066D8001B0113441B68BB607B685B69FA68B96877
:1066E800124809F0F7FEFB68062B08D07B685B6848
:1066F800012B04D87B685B685A1C7B685A607B68EE
:1067080000229A607B680122DA607B6800225A6165
:106718007B6800229A61786800F092FB00BF10370E
:10672800BD4680BD8C330108983F010894330108A9
:1067380080B586B000AF78607B685B68012B06D8AF
:106748007B685B68574A1B0113441B6800E0564B83
:10675800FB607B68DB68023B052B00F29E8001A290
:1067680052F823F085680008A36800086F680008DD
:10677800A7670008856700089B6800087B689B6816
:10678800FA681946494809F0A5FE7B6800229A6014
:106798007B680122DA60786800F052FB7EE07B6853
:1067A8005B68012B4FD87B685B683E4A1B0113442A
:1067B80004331A687B689B689A4244D17B685B689B
:1067C8001B01384A13443B617B689B687B613B69CA
:1067D80019687B685A697B689B69354809F07AFEB5
:1067E8003B6918687B685B69002B0CBF0123002399
:1067F800DBB2304A1946FFF7C9FE3B6918687B6867
:106808009B6903F00203002B0CBF01230023DBB2BA
:10681800294A1946FFF7BAFE7B685B685A1C7B68F1
:106828005A607B685B68012B06D87B685B681D4AE9
:106838001B0113441B6800E01B4BFB60FA68796975
:106848001A4809F047FE7B6800229A607B6801229B
:10685800DA607B6800225A617B6800229A61786856
:1068680000F0EEFA1AE07B684FF0FF325A617B685D
:1068780004229A617868FFF71BFF0FE07B684FF0EE
:10688800FF325A617B6802229A617868FFF710FF2D
:1068980004E07868FFF70CFF00E000BF00BF18377E
:1068A800BD4680BD983F0108CC330108D0330108AC
:1068B800E4330108143401082034010880B584B099
:1068C80000AF786039603B685A687B689A607B687B
:1068D8000322DA607B681B695A1C7B681A617B6833
:1068E80000225A617B6800229A61786800F0A8FA51
:1068F8003B681B681946084809F0ECFD0023FB605B
:1069080003E000BFFB680133FB60FB6842F20F72D3
:106918009342F6D9FFF724FE3034010890B595B0BC
:1069280002AF7860824B1B687B644FF00003814B99
:1069380007F134040FCB07C4237007F11803184676
:1069480000F03EFA034683F00103DBB2002B11D0BE
:10695800FFF738FE0346184600F0EAFA07F1180375
:10696800184600F02DFABB691A467349734809F0B6
:10697800B1FD25E0FB69022B16D9FB691946704861
:1069880009F0A8FDFFF71EFE0346184600F0D0FAEE
:1069980007F11803184600F013FABB691A4666494E
:1069A800664809F097FD0BE0B969786AFB69BA6A2D
:1069B8000192009303460A465F49624809F08AFD3E
:1069C8007B6A082B08D1BB691A465B495E4809F007
:1069D80081FD002007F0A4FB07F118031846FFF714
:1069E800A7FEFFF703FE80E0FB691B01574A13442B
:1069F800FB60FB681B68FA691946554809F06AFD8F
:106A0800FB681B7A012B05D107F11803F9681846B2
:106A1800FFF754FFFFF740FEFB685B681A464D49D5
:106A2800FBF7F4FFFB685B683B620023FB62002313
:106A38003B63FB681B7A022B03D0FB681B7A032B92
:106A48002AD1FB681B7A022B01D1434B00E0434B50
:106A58007B61FB690133FB6106237B62BB6A0133FF
:106A6800BB6207F11803184600F0EAF9FB681B68D7
:106A78007A6919463A4809F02DFDFB68DB68FA681F
:106A88001268104698473861FB681B683A691946CE
:106A9800344809F01FFD17E002237B6207F1180351
:106AA800184600F0CDF9FB68DB68FA6812681046F2
:106AB80098473861FB681B683A6919462A4809F003
:106AC80009FDFB690133FB6100233B6201237B6203
:106AD8000023FB6200233B6307F11803184600F00C
:106AE800AFF94FF4967007F0C7FBFB69012B7FF6EF
:106AF8007BAF08237B6200233B6207F1180318462B
:106B080000F09EF9BB691A460B490F4809F0E2FCF0
:106B1800002007F005FB00BF054B1A687B6C5A4044
:106B28004FF0000301D0FEF76DF84C37BD4690BD1D
:106B38001800002090350108543401086034010819
:106B48007C340108AC340108DC340108983F0108A2
:106B5800FC340108103501081C35010820350108EE
:106B680028350108443501087835010880B586B014
:106B780004AF254809F0AEFC00F070FAFCF7DEF827
:106B88000346002B05D0214809F0A4FC4FF0FF3341
:106B980036E0FCF743FF0346002B05D01C4809F0FC
:106BA80099FC4FF0FF332BE00120FCF737FA03463E
:106BB800002B05D0174809F08DFC4FF0FF331FE07C
:106BC80000F0B2FA144B0293144B01930323009381
:106BD80000234FF480521249124807F031F97860C7
:106BE8007B68002B05D1104809F074FC4FF0FF3387
:106BF80006E007F0F1FB0D4809F06CFC4FF0FF339D
:106C080018460837BD4680BDA0350108E0350108A3
:106C18000C3601083436010890550020F055002044
:106C280058360108256900086436010888360108C5
:106C380080B58AB000AF7860154B1B687B624FF057
:106C4800000307F10803184600F0BAF8034683F07A
:106C58000103DBB2002B0ED17B69082B0BD07B68BC
:106C6800FB617B693B6207237B6107F108031846D8
:106C780000F0E6F800E000BF054B1A687B6A5A404E
:106C88004FF0000301D0FDF7BDFF2837BD4680BD9A
:106C98001800002080B483B000AF78607B681A6861
:106CA8007B685B685A407B689B685A407B68DB68F6
:106CB8005A407B681B695A407B685B695A407B680D
:106CC8009B695A407B68DB695A407B681B6A5A405B
:106CD8007B685B6A5A40044B534018460C37BD46E4
:106CE8005DF8047B704700BFE5713CA980B483B0B0
:106CF80000AF7860184B1A687B681A60164B5A68A0
:106D08007B685A60144B9A687B689A60124BDA6801
:106D18007B68DA60104B1A697B681A610E4B5A69F6
:106D28007B685A610C4B9A697B689A610A4BDA69ED
:106D38007B68DA61084B1A6A7B681A62064B5A6AE2
:106D48007B685A62044B9A6A7B689A6200BF0C3768
:106D5800BD465DF8047B704720AF022090B583B034
:106D680000AF78607B681B68134A934208D17B6840
:106D78005B68022B04D17B689B68104A934201D060
:106D8800002314E07B689B69002B03D07B689B6918
:106D9800082B01D900230AE07B689C6A7868FFF712
:106DA80079FF03469C420CBF01230023DBB218463F
:106DB8000C37BD4690BD00BF4D465444D0BDE0D60B
:106DC80080B58EB000AF78601C4B1B687B634FF0BA
:106DD800000307F108031846FFF788FF07F10803C7
:106DE8001846FFF7BBFF034683F00103DBB2002B15
:106DF80001D0002315E07A697B681A60BA697B685C
:106E08005A60FA697B689A603A6A7B68DA607A6ADB
:106E18007B681A61BA6A7B685A61FA6A7B689A6108
:106E28000123064A11687A6B51404FF0000201D0E5
:106E3800FDF7E8FE18463837BD4680BD180000202B
:106E480080B590B000AF7860354B1B68FB634FF09E
:106E5800000307F110032C2200211846F9F744FC1F
:106E6800304B3B6102237B612F4BBB617B681B6806
:106E7800FB617B685B683B627B689B687B627B68C5
:106E8800DB68BB627B681B69FB627B685B693B6391
:106E98007B689B697B6307F110031846FFF7FAFECE
:106EA8000346BB63EFF31083FB60FB68BB6072B6FD
:106EB80000BF1E4B00229A623B691C4A13607B6923
:106EC8001A4A5360BB69194A9360FB69174AD36031
:106ED8003B6A164A13617B6A144A5361BB6A134AB8
:106EE8009361FB6A114AD3613B6B104A13627B6B57
:106EF8000E4A5362BB6B0D4A9362BB68002B01D1EB
:106F080062B600BF00BF064B1A68FB6B5A404FF0D1
:106F1800000301D0FDF776FE4037BD4680BD00BFB7
:106F2800180000204D465444D0BDE0D620AF0220C2
:106F380080B58AB000AF7860124B1B687B624FF057
:106F4800000307F1080300221A605A609A60DA60A9
:106F58001A615A619A617B68BB6001237B6107F102
:106F680008031846FFF76CFF00BF064B1A687B6AD8
:106F78005A404FF0000301D0FDF744FE2837BD46C4
:106F880080BD00BF1800002080B58AB000AF7860CF
:106F9800154B1B687B624FF0000307F10803184686
:106FA800FFF70EFF034683F00103DBB2002B0ED17F
:106FB8007B69032B0BD13B697A689A4207D104237A
:106FC8007B6107F108031846FFF73AFF00E000BFAE
:106FD800054B1A687B6A5A404FF0000301D0FDF751
:106FE80011FE2837BD4680BD1800002080B58CB042
:106FF80000AFF860B9607A60174B1B68FB624FF00E
:10700800000307F110031846FFF7DAFE034683F082
:107018000103DBB2002B12D1FB69042B0FD1BB6932
:10702800FA689A420BD1BB687B627B68BB62052316
:10703800FB6107F110031846FFF702FF00E000BFED
:10704800054B1A68FB6A5A404FF0000301D0FDF760
:10705800D9FD3037BD4680BD1800002080B58CB002
:1070680000AF2D4B1B68FB624FF0000307F11003C4
:107078001846FFF7A5FE034683F00103DBB2002B99
:107088003CD1FB69032B39D1BB6940F2F232934200
:1070980034D140F2F230FFF777FFEFF30583FB605E
:1070A800FB683B60EFF31483BB60BB687B60FDF754
:1070B8007BFA1A4B40F2F2321A60184B184A5A609F
:1070C800164B184A9A60154B1522DA60134B0122A9
:1070D8001A61FCF765FD0346002B06D0FDF7DAFDC3
:1070E800F9F7A6F8FDF704FE01E0FDF76FFA7A68F4
:1070F800396840F2F230FFF779FF00E000BF064B35
:107108001A68FB6A5A404FF0000301D0FDF77AFD78
:107118003037BD4680BD00BF1800002004000020A5
:10712800DC360108E836010880B58CB000AF2F4B7B
:107138001B68FB624FF0000307F110031846FFF7C6
:107148003FFE034683F00103DBB2002B41D1FB690C
:10715800032B3ED1BB6940F2ED32934239D140F264
:10716800ED30FFF711FFEFF30583FB60FB683B6031
:10717800EFF31483BB60BB687B607A6839681C488E
:1071880009F0A8F9FDF710FA1A4B40F2ED321A602F
:10719800184B194A5A60174B184A9A60154B2A22FD
:1071A800DA60144B00221A61FCF7FAFC0346002B44
:1071B80006D0FDF76FFDF9F73BF8FDF799FD01E003
:1071C800FDF704FA7A68396840F2ED30FFF70EFFF0
:1071D80000E000BF054B1A68FB6A5A404FF00003F5
:1071E80001D0FDF70FFD3037BD4680BD18000020E7
:1071F8002C370108040000205C370108E836010834
:1072080080B582B000AFEFF305837B607B68184AD6
:107218001360FFF741FA164B1B681A461549FBF72E
:10722800F5FBFDF7C1F9144B40F2EE321A60124B30
:10723800124A5A60104B124A9A600F4B3722DA6092
:107248000D4B00221A61FCF7ABFC0346002B06D05D
:10725800FDF720FDF8F7ECFFFDF74AFD01E0FDF72B
:10726800B5F9084B01221A7000BF0837BD4680BD2A
:10727800F0950020683701080400002084370108D1
:10728800E8360108F495002080B584B000AFF860B6
:107298000B467A60FB72FB7A002B01D0054A00E0AE
:1072A800054A7B68F968054809F014F900BF1037EA
:1072B800BD4680BDA43A0108AC3A0108B43A0108B9
:1072C80080B52DED028B8AB002AF574B5B68BB606F
:1072D8000023FB71FFF7E0F90346BA6853491846E3
:1072E800FBF794FBFFF7D8F9034664225049184688
:1072F800FBF78CFB642308EE103ABFF34F8F00BFF7
:10730800BFF36F8F00BFEFF31483BB61BB69FB60F2
:10731800FDF74AF9474B40F2FE321A60454B464AA0
:107328005A60444B454A9A60424B2022DA60414BEE
:1073380000221A61FCF734FC0346002B06D0FDF747
:10734800A9FCF8F775FFFDF7D3FC01E0FDF73EF95E
:107358000123FB71EFF31483FB61FB693B6118EEBA
:10736800103A7B617B6900933B69FA68B9683448D5
:1073780009F0B0F8BB6803F04043B3F1404F0CBFCD
:1073880001230023DBB22F4A19462F48FFF77CFF61
:10739800FB6803F00403002B14BF01230023DBB2B6
:1073A8002A4A19462848FFF76FFF7B69642B0CBFF0
:1073B80001230023DBB2264A19462348FFF764FF5E
:1073C8003B6903F00403002B14BF01230023DBB245
:1073D800204A19461C48FFF757FFFB791E4A1946F1
:1073E8001948FFF751FFBB6803F04043B3F1404F22
:1073F80011D1FB6803F00403002B0CD07B69642BCC
:1074080009D13B6903F00403002B04D0FB79002B5E
:1074180001D0002301E04FF0FF3318462037BD4666
:10742800BDEC028B80BD00BF30EF00E0CC3A010814
:10743800E03A010804000020F43A0108003B010882
:10744800403B0108903B0108AC3B0108B43B0108F4
:10745800C83B0108E03B0108F83B010880B582B051
:1074680000AF7860FFF72CFF034618460837BD4683
:1074780080BD000080B5ADF5856D00AF07F585636B
:10748800A3F2244318609E4B1B68C7F824344FF0BE
:10749800000307F58563A3F21C4300221A6007F571
:1074A8008563A3F5836300221A603BE007F58563D3
:1074B800A3F583631B6803F57A7107F58563A3F267
:1074C800044307F58562A2F58362126843F8221027
:1074D80007F58563A3F21C431B685A0107F585630A
:1074E800A3F21C431B689B0882EA030107F5856326
:1074F800A3F2044307F58562A2F58362126853F884
:10750800222007F58563A3F21C434A401A6007F559
:107518008563A3F5836307F58562A2F58362126824
:1075280001321A6007F58563A3F583631B68FF2B97
:10753800BCD9744A07F58563A3F21C431B689361A1
:10754800002007F009FD03469B006E4A1361EFF324
:107558000B8207F58563A3F582631A6007F58563D7
:10756800A3F582631B68674A1360EFF3098207F586
:107578008563A3F214431A6007F58563A3F21443E5
:107588001B68604A9360FFF787F85E4B9B681A4652
:107598005D49FBF73BFAFFF77FF85A4B1B681A4621
:1075A8005A49FBF733FAFFF777F8564B1B691A4627
:1075B8005749FBF72BFAFCF7F7FF564B40F2FF321F
:1075C8001A60544B544A5A60524B544A9A60514B71
:1075D8007522DA604F4B00221A61FCF7E1FA034684
:1075E800002B06D0FDF756FBF8F722FEFDF780FBCF
:1075F80001E0FCF7EBFF434B012283F82020EFF377
:107608000B8207F58563A3F581631A6007F5856327
:10761800A3F581631B683B4A5360EFF3098207F5C2
:107628008563A3F20C431A6007F58563A3F20C4344
:107638001B68344AD360002007F08EFC03469B0089
:10764800304A536107F58563A3F21C4300221A6090
:1076580007F58563A3F5836300221A6029E007F51F
:107668008563A3F21C431B685A0107F58563A3F2DF
:107678001C431B689B0882EA030107F58563A3F294
:10768800044307F58562A2F58362126853F8222045
:1076980007F58563A3F21C434A401A6007F5856322
:1076A800A3F5836307F58562A2F583621268013248
:1076B8001A6007F58563A3F583631B68FF2BCED992
:1076C800104A07F58563A3F21C431B68D361144B6A
:1076D800186800230022002105F0D2FC002006F0E3
:1076E8001FFD00BF064B1A68D7F824345A404FF0E4
:1076F800000301D0FDF786FA07F58567BD4680BD12
:1077080018000020AC9E0020083C0108183C010825
:107718002C3C010804000020443C0108003B0108FF
:10772800A89E0020B0B58AB004AF7860242200215A
:107738007848F8F7D9FF03230093774B00220021FC
:10774800012005F0FBFB0346744A1360744B029357
:10775800744B01930723009300234FF4007272497E
:10776800724806F06DFBF860FB68002B08D06B4B85
:107778001B6842F21071184605F0B8FF034600E096
:1077880000233B61634B9A68624B1B68D31A7B6189
:10779800604B18685F4B5C685E4B9D685D4BDB68AF
:1077A8005C4A12695B494969039102927A690192BC
:1077B80000932B46224601465D4808F08BFEFB6885
:1077C800002B14BF01230023DBB25A4A19465A483A
:1077D800FFF75AFD3B69012B0CBF01230023DBB2E5
:1077E800564A19465448FFF74FFD4A4B93F8203044
:1077F800DBB2534A19465048FFF746FD454B1B6814
:10780800002B14BF01230023DBB24E4A19464A4815
:10781800FFF73AFD3F4B5A683E4B1B689A420CBF34
:1078280001230023DBB2484A19464348FFF72CFDE1
:10783800384B9A68374B1B689A4208D97B697F2B6B
:1078480005D97B69B3F5906F01D8012300E00023C7
:1078580003F00103DBB23D4A19463748FFF714FD30
:107868002C4B5B69002B14BF01230023DBB2384A81
:1078780019463148FFF708FD264BDA69254B9B6905
:107888009A420CBF01230023DBB2324A19462A4828
:10789800FFF7FAFCFB68002B2BD03B69012B28D1A2
:1078A8001C4B93F82030DBB2002B22D0194B1B68FD
:1078B800002B1ED0174B5A68164B1B689A4218D1DA
:1078C800144B9A68134B1B689A4212D97B697F2B19
:1078D8000FD97B69B3F5906F0BD80E4B5B69002B02
:1078E80007D00C4BDA690B4B9B699A4201D10123F3
:1078F80000E00023FB72FB7A03F00103FB72FB7AC2
:10790800002B01D0002301E04FF0FF331846183751
:10791800BD46B0BDAC9E0020589E0020A89E002009
:10792800F895002058960020503C01087D74000806
:10793800583C0108E03C0108F03C0108F83C01080B
:10794800F83B0108083D0108183D0108283D0108D9
:10795800403D0108543D010880B500AF00F0C4F86F
:1079680000F0D8F9FFF702F90346184680BD000079
:1079780080B400AFBFF34F8F00BF064BDB6803F442
:10798800E0620449044B1343CB60BFF34F8F00BF41
:1079980000BFFDE700ED00E00400FA0580B483B005
:1079A80000AF7860002318460C37BD465DF8047BAD
:1079B8007047000080B582B000AF124BD3F8943006
:1079C800104A43F00403C2F894300E4BD3F89430B5
:1079D80003F004033B603B680A4BD3F8A830094A1C
:1079E80043F00203C2F8A830064BD3F8A83003F0DE
:1079F80002037B607B6800F0B5FD00BF0837BD4619
:107A080080BD00BF000C024680B5A0B000AF354B6A
:107A18001B68FB674FF000033B1D00221A605A6089
:107A28009A60DA601A615A6107F11C03602200212A
:107A38001846F8F759FE4FF4403000F007FD0346AA
:107A4800002B02D04FF0FF333FE01023FB610123EE
:107A5800BB631023FB6300233B6402237B65012384
:107A6800BB654FF400533B660323FB650F237B661E
:107A78000223BB660223FB6602233B670C237B675A
:107A88000023BB6707F11C03184600F07BFD034683
:107A9800002B02D04FF0FF3317E01F237B60032336
:107AA800BB600023FB6000233B6100237B61002354
:107AB800BB613B1D0321184601F034FC0346002B33
:107AC80001D1002301E04FF0FF33064A1168FA6F35
:107AD80051404FF0000201D0FDF794F81846803766
:107AE800BD4680BD1800002080B500AF00F0EAF95F
:107AF800FFF78AFF0346002B01D000BFFDE70020F7
:107B080000F074FC00F092FC054B4FF000629A60A4
:107B1800BFF34F8F00BFBFF36F8F00BF00BF80BDA3
:107B280000ED00E080B400AF0C4BDB680B4A43F07B
:107B38008073D3600A4B00225A60094B1B68084ABD
:107B480043F001031360BFF34F8F00BFBFF36F8F84
:107B580000BF00BFBD465DF8047B7047F0ED00E054
:107B6800001000E080B400AF034B5B681846BD46C8
:107B78005DF8047B704700BF001000E080B485B05A
:107B880000AFF860B9607A60FB68074A1A60BB68A2
:107B9800064A1A607B684FF480721A6000BF143777
:107BA800BD465DF8047B7047D09E0020309F0020C2
:107BB80080B485B000AFF860B9607A60FB68074AA6
:107BC8001A60BB68064A1A607B684FF400721A6034
:107BD80000BF1437BD465DF8047B704730A3002012
:107BE80090A3002080B582B000AF78603960396812
:107BF800044808F06FFC0520FFF71AF808F00AFAA5
:107C0800FFF7B6FE903D010880B582B000AF7860FE
:107C180039603A687968054808F05CFC0120FFF78C
:107C280007F808F0F7F9FFF7A3FE00BFB03D010819
:107C380080B5BEB000AF7860324B1B68C7F8F4302F
:107C48004FF0000307F1140300221A605A609A608B
:107C5800DA601A6107F12803C82200211846F8F7EC
:107C680043FD7B681B68284A93423CD14FF00102D0
:107C78004FF00003C7E90A230023BB6707F1280375
:107C8800184601F01FFF214BD3F8A4301F4A43F4D4
:107C98008043C2F8A4301D4BD3F8A43003F48043CA
:107CA800FB60FB68194BD3F88C30184A43F001038A
:107CB800C2F88C30154BD3F88C3003F001033B61CC
:107CC8003B694FF4C0637B610223BB610023FB6106
:107CD80002233B6207237B6207F1140319460C4811
:107CE80000F0ACF900E000BF064B1A68D7F8F43092
:107CF8005A404FF0000301D0FCF784FFF837BD4627
:107D080080BD00BF1800002000380140000C02466A
:107D18000000024280B500AF184B194A1A60174B91
:107D28004FF4E1225A60154B00229A60134B00224F
:107D3800DA60124B00221A61104B0C225A610F4B69
:107D480000229A610D4B0022DA610C4B00221A6264
:107D58000A4B00225A62094B00229A62074804F033
:107D6800A1FB0346002B06D1044805F031F8034671
:107D7800002B00D100E0FEE780BD00BF90AB0020E3
:107D88000038014080B584B000AF0346FB710E4B4C
:107D98001B68FB604FF00003FB79FB7207F10B01D6
:107DA8004FF0FF330122094804F0CAFB00BF064B1D
:107DB8001A68FB685A404FF0000301D0FCF722FF15
:107DC8001037BD4680BD00BF1800002090AB0020D2
:107DD80080B582B000AF03463960FB71FB79184665
:107DE800FFF7D0FFFB7918460837BD4680BDF8F786
:107DF80063BA80B500AFFFF703FA00BF80BD00008B
:107E0800DFF834D000F026F8002103E00B4B5B5874
:107E1800435004310A480B4B42189A42F6D30A4A97
:107E280002E0002342F8043B084B9A42F9D308F0D9
:107E380013FBFFF791FDFEE700000C200844010842
:107E480000000020700000207000002020AF0220F9
:107E5800FEE7000080B400AF184BD3F88830174A0B
:107E680043F47003C2F88830154B01221A60144B92
:107E78000022DA61124B00221A62114B00225A6268
:107E88000F4B1B680E4A23F0A85323F410231360EA
:107E98000B4B00229A620A4B1B68094A23F4802381
:107EA8001360074B00221A65044B4FF000629A607A
:107EB80000BFBD465DF8047B704700BF00ED00E0E1
:107EC800000C024680B500AF032000F053F801F023
:107ED8001BFC02460C4B1B6A03F00F030B49CB5CDF
:107EE80022FA03F30A4A1360042000F04FF8002036
:107EF800FFF754FD0346002B01D0012302E0FFF7F2
:107F080059FD0023184680BD000C0246BC3F0108FD
:107F18006800002080B400AF034B1B681846BD46BC
:107F28005DF8047B704700BF18AC002080B485B0B2
:107F380000AF78607B6803F00703BB600C4BDB681D
:107F4800FB60FA684FF6FF031340FB60BB681A0238
:107F5800FB68134343F0BF6343F40033FB60044AF8
:107F6800FB68D36000BF1437BD465DF8047B7047DB
:107F780000ED00E080B582B000AF78607868FFF768
:107F8800D5FF00BF0837BD4680BD000080B483B070
:107F980000AF78607B68042B44D801A252F823F024
:107FA800CB7F0008E97F00080B8000082D800008BF
:107FB800BD7F00081F4B1B681E4A43F00403136073
:107FC80031E01C4B1B681B4A23F0040313601A4B57
:107FD800D3F8E030184A23F44003C2F8E03022E036
:107FE800144B1B68134A23F004031360124BD3F895
:107FF800E03023F44003104A43F48003C2F8E03031
:1080080011E00C4B1B680B4A23F0040313600A4B66
:10801800D3F8E03023F44003074A43F40003C2F8DE
:10802800E03000E000BF00BF0C37BD465DF8047BC0
:10803800704700BF10E000E0000C024680B489B031
:1080480000AF7860396000237B617B68BB61BAE16F
:108058003B681A6801217B6901FA03F31340FB614D
:108068007B693B61FB69002B00F0AA817B68554A5C
:1080780093425DD17B681B68FB6001227B6902FA31
:1080880003F3DB43FA681340FB603B685B6803F06B
:1080980001027B6902FA03F3FA681343FB607B6809
:1080A800FA681A60484A7B6952F83330BB61464A1D
:1080B8007B69DB0013445B683B613B69DA08BB6999
:1080C800083253F82230FB603B6903F007039B003A
:1080D8000F2202FA03F3DB43FA681340FB603B69A3
:1080E80003F007039B000B2202FA03F3FA68134319
:1080F800FB603B69DA08BB690832F96843F822106B
:10810800BB691B68FB603B695B00032202FA03F34F
:10811800DB43FA681340FB603B695B00022202FA0A
:1081280003F3FA681343FB60BB69FA681A6067E0F7
:108138003B685B68022B03D03B685B68122B45D118
:108148007B69DA087B68083253F82230FB607B6968
:1081580003F007039B000F2202FA03F3DB43FA68DC
:108168001340FB603B681B6903F00F027B6903F057
:1081780007039B0002FA03F3FA681343FB607B6969
:10818800DA087B680832F96843F82210BB691B6873
:10819800FB603B695B00032202FA03F3DB43FA68E6
:1081A8001340FB603B685B6803F003023B695B00BC
:1081B80002FA03F3FA681343FB60BB69FA681A60B2
:1081C8001EE000BF0000024614400108BB691B689E
:1081D800FB603B695B00032202FA03F3DB43FA68A6
:1081E8001340FB603B685B6803F003023B695B007C
:1081F80002FA03F3FA681343FB60BB69FA681A6072
:108208003B685B68012B0BD03B685B68022B07D08F
:108218003B685B68112B03D03B685B68122B30D13D
:10822800BB699B68FB603B695B00032202FA03F3AE
:10823800DB43FA681340FB603B68DA683B695B0024
:1082480002FA03F3FA681343FB60BB69FA689A60A1
:10825800BB695B68FB6001223B6902FA03F3DB43FD
:10826800FA681340FB603B685B681B0903F0010276
:108278003B6902FA03F3FA681343FB60BB69FA68C7
:108288005A603B685B68032B17D0BB69DB68FB60EF
:108298003B695B00032202FA03F3DB43FA681340ED
:1082A800FB603B689A683B695B0002FA03F3FA6873
:1082B8001343FB60BB69FA68DA603B685B6803F0EC
:1082C8008053002B7CD0474A7B699B08183352F8AF
:1082D8002330FB607B6903F00303DB000F2202FA03
:1082E80003F3DB43FA681340FB607B689A0A3E4B52
:1082F80013407A6902F00302D2009340FA681343EC
:10830800FB6038497B699B081833FA6841F82320D9
:10831800344B1B68FB60FB69DB43FA681340FB6066
:108328003B685B6803F48013002B03D0FA68FB6991
:108338001343FB602B4AFB6813602A4B5B68FB60A6
:10834800FB69DB43FA681340FB603B685B6803F436
:108358000013002B03D0FA68FB691343FB60214A22
:10836800FB6853601F4BD3F88430FB60FB69DB4329
:10837800FA681340FB603B685B6803F40033002B2A
:1083880003D0FA68FB691343FB60164AFB68C2F81E
:108398008430144BD3F88030FB60FB69DB43FA6808
:1083A8001340FB603B685B6803F48033002B03D009
:1083B800FA68FB691343FB600A4AFB68C2F880301D
:1083C8007B6901337B613B681A687B6922FA03F396
:1083D800002B7FF43DAE00BF00BF2437BD465DF8DB
:1083E800047B7047002002467F7F2F0080B485B051
:1083F80000AF78600023FB730B4B1B6803F001038D
:10840800002B02D00123FB7307E0074B1B6823F006
:10841800040205497B6813430B60FB7B184614373D
:10842800BD465DF8047B70470004034080B400AF8C
:10843800054B1B68044A43F00103136000231846E8
:10844800BD465DF8047B70470004034080B485B0E6
:1084580000AF7860394BDB6B03F44033FB60FA689C
:108468007B689A420BD17B68B3F5803F05D9334BC3
:10847800DB68324A43F48023D360002357E07B68EB
:10848800B3F5803F0AD92D4BDB6823F4E0227B68E3
:1084980013432A4A43F48023D36007E0274BDB6861
:1084A80023F4E02225497B681343CB60244B1B68E7
:1084B800244AA2FB03239B09322202FB03F3214A2D
:1084C800A2FB03239B090133BB6002E0BB68013BAD
:1084D800BB601A4BDB6803F40043002B02D1BB6876
:1084E800002BF3D1BB68002B1BD0154B1B68154A1A
:1084F800A2FB03239B09322202FB03F3114AA2FBCE
:1085080003239B090133BB6002E0BB68013BBB60EE
:108518000A4BDB6B03F40043002B02D1BB68002B32
:10852800F3D1BB68002B01D1032300E000231846D8
:108538001437BD465DF8047B704700BF000802464B
:1085480068000020D34D621080B400AF044BDB6B91
:1085580003F440331846BD465DF8047B704700BFFE
:108568000008024680B400AF054BDB6A044A43F0BA
:108578000103D36200BFBD465DF8047B704700BFAE
:108588000008024680B58EB000AF78600023FB7308
:108598007B68002B02D1012300F0BDBE974BDB693D
:1085A80003F00C033B62954B9B6A03F003037B6269
:1085B8007B681B6803F01003002B00F069813B6A9D
:1085C800002B07D03B6A0C2B40F0DB807B6A012B29
:1085D80040F0D7807B68DB69002B02D1012300F0D3
:1085E8009ABE7B685A6A854B9B6803F40003002B8C
:1085F80004D0824B9B6803F0704305E07F4BD3F8AF
:10860800F4301B0403F07043934255D23B6A002BAD
:108618000AD17B685B6A184601F0CEF90346002B45
:1086280002D0012300F077BE744B9B68734A43F471
:1086380000039360714B9B6823F070427B685B6A10
:108648006E4913438B607B685B6AB3F1404F09D373
:108658006A4BDB6823F01F027B681B6A6749134378
:10866800CB607EE07B685B6A002B0ADA634BDB68D1
:1086780023F478727B681B6A5B0160491343CB6003
:108688006FE07B685B6AB3F1804F0AD35B4BDB68B2
:1086980023F4F8427B681B6A9B0258491343CB605A
:1086A8005FE0564BDB6823F478227B681B6ADB03A8
:1086B80052491343CB6054E0504B9B684F4A43F4F4
:1086C800000393604D4B9B6823F070427B685B6AA4
:1086D8004A4913438B607B685B6AB3F1404F09D307
:1086E800464BDB6823F01F027B681B6A4349134330
:1086F800CB6028E07B685B6A002B0ADA3F4BDB68BB
:1087080023F478727B681B6A5B013C491343CB6096
:1087180019E07B685B6AB3F1804F0AD3374BDB689B
:1087280023F4F8427B681B6A9B0234491343CB60ED
:1087380009E0324BDB6823F478227B681B6ADB0391
:108748002E491343CB603B6A002B0AD17B685B6AD6
:10875800184601F031F90346002B02D0012300F03E
:10876800DABD01F0D3F8264B1B681846FFF716F957
:108778000346FB74FB7C002B00F08980FB7C00F037
:10878800CABD7B68DB69002B66D01C4B1B681B4A83
:1087980043F001031360FFF7BDFBB86209E0FFF780
:1087A800B9FB0246BB6AD31A022B02D9032300F095
:1087B800B2BD124B1B6803F00403002BEFD00F4B24
:1087C8009B680E4A43F4000393600C4B9B6823F0AC
:1087D80070427B685B6A094913438B607B685B6AFC
:1087E800B3F1404F0ED3054BDB6823F01F027B68C3
:1087F8001B6A02491343CB604AE000BF000C0246E3
:108808006C0000207B685B6A002B0ADA984BDB68F7
:1088180023F478727B681B6A5B0195491343CB602C
:1088280036E07B685B6AB3F1804F0AD3904BDB6814
:1088380023F4F8427B681B6A9B028D491343CB6083
:1088480026E08B4BDB6823F478227B681B6ADB030A
:1088580087491343CB601BE0854B1B68844A23F090
:1088680001031360FFF756FBB86209E0FFF752FBFC
:108878000246BB6AD31A022B02D9032300F04BBD70
:108888007B4B1B6803F00403002BEFD100E000BF13
:108898007B681B6803F00103002B00F08B803B6AA8
:1088A800082B05D03B6A0C2B09D17B6A032B06D118
:1088B8007B685B68002B7DD1012300F02CBD7B68B1
:1088C8005B68B3F5803F06D1694B1B68684A43F47F
:1088D8008033136041E07B685B68B3F5A02F12D149
:1088E800634B1B68624A43F480231360604B1B6828
:1088F8005F4A23F4801313605D4B1B685C4A43F4A2
:108908008033136029E07B685B68B3F5A81F12D138
:10891800574B1B68564A43F480231360544B1B681B
:10892800534A43F480131360514B1B68504A43F475
:108938008033136011E04E4B1B684D4A23F480339B
:1089480013604B4B1B684A4A23F480231360484B3F
:108958001B68474A23F4801313607B685B68002B0D
:1089680014D0FFF7D7FAB86209E0FFF7D3FA024646
:10897800BB6AD31A642B02D9032300F0CCBC3C4B4E
:108988001B6803F40033002BEFD013E0FFF7C2FAA3
:10899800B86209E0FFF7BEFA0246BB6AD31A642B35
:1089A80002D9032300F0B7BC314B1B6803F4003332
:1089B800002BEFD17B681B6803F00203002B5FD00C
:1089C8003B6A042B05D03B6A0C2B14D17B6A022B23
:1089D80011D17B68DB68002B02D1012300F09BBC1E
:1089E800234B1B6923F4F8127B681B691B0420497D
:1089F80013430B6144E07B68DB68002B24D01C4BDD
:108A08001B681B4A43F480731360FFF783FAB8624C
:108A180009E0FFF77FFA0246BB6AD31A022B02D994
:108A2800032300F078BC124B1B6803F48063002B0F
:108A3800EFD00F4B1B6923F4F8127B681B691B04EA
:108A48000B4913430B611BE0094B1B68084A23F4CD
:108A580080731360FFF75EFAB8620BE0FFF75AFA0B
:108A68000246BB6AD31A022B04D9032300F053BC75
:108A7800000C0246AD4B1B6803F48063002BEDD15C
:108A88007B681B6803F00803002B00F0C5800023F7
:108A98003B74A64BD3F8943003F00403002B10D199
:108AA800A24BD3F89430A14A43F00403C2F894309F
:108AB8009E4BD3F8943003F004037B617B69012358
:108AC8003B749B4B9B6A03F00103002B19D1984B15
:108AD8009B6A974A43F001039362FFF71BFAB86257
:108AE80009E0FFF717FA0246BB6AD31A022B02D92C
:108AF800032300F010BC8E4B9B6A03F00103002B8C
:108B0800EFD07B685B69002B5FD0884BD3F8F030DF
:108B1800FB627B689A69FB6A03F080539A4237D0FC
:108B2800FB6A03F00063002B06D0FB6A03F0806346
:108B3800002B01D10123EEE3FB6A03F08063002BD5
:108B48001BD07A4BD3F8F030784A23F0A053C2F800
:108B5800F030FFF7DFF9B86208E0FFF7DBF902460B
:108B6800BB6AD31A052B01D90323D4E36F4BD3F87F
:108B7800F03003F00063002BEFD16C4BD3F8F030EA
:108B880023F080527B689B6968491343C1F8F03031
:108B9800664BD3F8F030654A43F08063C2F8F03092
:108BA800FFF7B8F9B86208E0FFF7B4F90246BB6A04
:108BB800D31A052B01D90323ADE35C4BD3F8F0306E
:108BC80003F00063002BEFD01BE0584BD3F8F030D4
:108BD800564A23F0A053C2F8F030FFF79BF9B86269
:108BE80008E0FFF797F90246BB6AD31A052B01D9AB
:108BF800032390E34D4BD3F8F03003F00063002BD0
:108C0800EFD13B7C012B07D1484BD3F89430474A2E
:108C180023F00403C2F894307B681B6803F0040354
:108C2800002B00F00F8100237B74404BD3F8943065
:108C380003F00403002B10D13C4BD3F894303B4A8B
:108C480043F00403C2F89430384BD3F8943003F05F
:108C58000403BB61BB6901237B74354B9B6A03F03A
:108C68000103002B18D1324B9B6A314A43F00103B0
:108C78009362FFF74FF9B86208E0FFF74BF9024635
:108C8800BB6AD31A022B01D9032344E3284B9B6AFE
:108C980003F00103002BF0D07B689B6803F001030D
:108CA800002B1FD07B689B6803F00403002B10D0B7
:108CB8001E4BD3F8F0301D4A43F00403C2F8F030DD
:108CC8001A4BD3F8F030194A43F00103C2F8F030D8
:108CD80018E0164BD3F8F030144A43F00103C2F8F9
:108CE800F0300FE0114BD3F8F030104A23F00103B5
:108CF800C2F8F0300D4BD3F8F0300C4A23F00403DF
:108D0800C2F8F0307B689B68002B58D0FFF702F957
:108D1800B8620FE0FFF7FEF80246BB6AD31A41F2C9
:108D28008832934206D90323F5E200BF000C0246BD
:108D3800000802469C4BD3F8F03003F00203002BE6
:108D4800E8D07B689B6803F08003002B1BD0964B10
:108D5800D3F8F030944A43F08003C2F8F0300AE0C8
:108D6800FFF7D8F80246BB6AD31A41F28832934219
:108D780001D90323CFE28C4BD3F8F03003F400631E
:108D8800002BEDD053E0884BD3F8F030864A23F01F
:108D98008003C2F8F0300AE0FFF7BCF80246BB6A6D
:108DA800D31A41F28832934201D90323B3E27E4BAE
:108DB800D3F8F03003F40063002BEDD137E0FFF770
:108DC800A9F8B8620AE0FFF7A5F80246BB6AD31A09
:108DD80041F28832934201D903239CE2724BD3F8C3
:108DE800F03003F00203002BEDD16F4BD3F8F030D5
:108DF80003F08003002B1AD06B4BD3F8F0306A4A8B
:108E080023F08003C2F8F0300AE0FFF783F8024647
:108E1800BB6AD31A41F28832934201D903237AE21A
:108E2800614BD3F8F03003F40063002BEDD17B7C69
:108E3800012B07D15C4BD3F894305B4A23F0040331
:108E4800C2F894307B681B6803F02003002B36D0EF
:108E58007B68DB6A002B19D0534B1B68524A43F4DA
:108E680080531360FFF756F8B86208E0FFF752F82E
:108E78000246BB6AD31A022B01D903234BE24A4BA1
:108E88001B6803F40053002BF0D018E0464B1B6816
:108E9800454A23F480531360FFF73CF8B86208E0B2
:108EA800FFF738F80246BB6AD31A022B01D903230D
:108EB80031E23D4B1B6803F40053002BF0D17B6873
:108EC8001B6803F08003002B36D07B681B6B002BDC
:108ED80019D0354B1B68344A43F480431360FFF7BD
:108EE80019F8B86208E0FFF715F80246BB6AD31A0A
:108EF800022B01D903230EE22B4B1B6803F400431A
:108F0800002BF0D018E0284B1B68274A23F4804335
:108F18001360FEF7FFFFB86208E0FEF7FBFF0246AA
:108F2800BB6AD31A022B01D90323F4E11E4B1B6839
:108F380003F40043002BF0D17B681B6803F0400367
:108F4800002B00F080807B685B6B002B62D0164B97
:108F58009B68154A43F400039360134B9B6823F006
:108F680070627B689B6A104913438B607B685B6AFD
:108F7800B3F1404F09D30C4BDB6823F01F027B6829
:108F88001B6A09491343CB602AE07B685B6A002BA4
:108F98000CDA054BDB6823F478727B681B6A5B018B
:108FA80001491343CB601BE0000C02467B685B6AF7
:108FB800B3F1804F0AD39F4BDB6823F4F8427B68F8
:108FC8001B6A9B029B491343CB6009E0994BDB6802
:108FD80023F478227B681B6ADB0396491343CB6032
:108FE800944B1B68934A43F010031360FEF792FFFB
:108FF800B86208E0FEF78EFF0246BB6AD31A022B5E
:1090080001D9032387E18B4B1B6803F02003002B56
:10901800F0D018E0874B1B68864A23F010031360D2
:10902800FEF778FFB86208E0FEF774FF0246BB6AF5
:10903800D31A022B01D903236DE17E4B1B6803F081
:109048002003002BF0D17B689B6B002B00F0628122
:109058000023BB74774BDB6903F00C030C2B00F087
:10906800EF807B689B6B022B40F0C180714B1B68C3
:10907800704A23F080731360FEF74CFFB86208E073
:10908800FEF748FF0246BB6AD31A022B01D9032315
:1090980041E1684B1B6803F00073002BF0D1654B6E
:1090A800D3F8943003F00403002B10D1614BD3F8AC
:1090B8009430604A43F00403C2F894305D4BD3F80F
:1090C800943003F00403FB61FB690123BB745A4B22
:1090D800DB6803F48023B3F5802F01D10123FB73F0
:1090E800554BDB68544A23F48023D360514B9B6A69
:1090F80023F47F4323F003037A68D16B7A68126CF8
:10910800013A120211437A68526C0A4349491343DF
:109118008B62484B5A6B494B13407A68926C013A00
:10912800C2F308017A68D26C013A520292B2114332
:109138007A68126D013A120402F4FE0211437A6849
:10914800526D013A120602F0FE420A4339491343AE
:109158004B63384B9B6A374A23F0100393627B6852
:10916800DB6D344ADB009363324B9B6A314A43F030
:10917800100393622F4B9B6A23F00C027B689B6D54
:109188002C4913438B62FB7B012B05D12A4BDB68EF
:10919800294A43F48023D360BB7C012B07D1254B9C
:1091A800D3F89430234A23F00403C2F89430214BB7
:1091B8001B68204A43F080731360FEF7ABFEB86269
:1091C80008E0FEF7A7FE0246BB6AD31A022B01D9B4
:1091D8000323A0E0174B1B6803F00073002BF0D0AB
:1091E800144B9B6A134A43F48023936292E0114B19
:1091F8001B68104A23F080731360FEF78BFEB86279
:1092080008E0FEF787FE0246BB6AD31A022B01D993
:10921800032380E0074B1B6803F00073002BF0D199
:10922800044B9B6A034A23F4E02323F0030393626D
:1092380070E000BF000C0246000802460000808073
:10924800374B9B6A3B63364B5B6B7B637B689B6BE3
:10925800012B39D03B6B03F003027B68DB6B9A422E
:1092680032D13B6B1B0A03F00F027B681B6C013B7E
:109278009A4229D13B6B03F470427B685B6C9A423B
:1092880022D17B6BC3F308027B689B6C013B9A423B
:109298001AD17B6B5B0A03F07F027B68DB6C013BB6
:1092A8009A4211D17B6B1B0C03F07F027B681B6D0C
:1092B800013B9A4208D17B6B1B0E03F07F027B684F
:1092C8005B6D013B9A4201D0012324E0144B9B6B58
:1092D800DB08C3F30C027B68DB6D9A421AD0104B93
:1092E8009B6A0F4A23F010039362FEF713FEB862DD
:1092F80000BFFEF70FFE0246BB6A9342F9D07B68B7
:10930800DB6D074ADB009363054B9B6A044A43F015
:1093180010039362002318463837BD4680BD00BF4E
:10932800000C024680B586B000AF786039607B6873
:10933800002B01D10123D9E19B4B1B6803F00F03DC
:109348003A689A4210D9984B1B6823F00F02964945
:109358003B6813430B60944B1B6803F00F033A6898
:109368009A4201D00123C1E17B681B6803F0100316
:10937800002B10D07B685A698C4B5B6A03F0700332
:109388009A4208D9894B5B6A23F070027B685B6953
:10939800864913434B627B681B6803F00803002B64
:1093A80012D07B681A69814B1B6A1B0903F0700392
:1093B8009A4209D97D4B1B6A23F4E0627B681B69DA
:1093C8001B017A4913430B627B681B6803F0040393
:1093D800002B10D07B68DA68744B1B6A03F07003AB
:1093E8009A4208D9714B1B6A23F070027B68DB68CC
:1093F8006E4913430B627B681B6803F00203002B62
:1094080010D07B689A68694B1B6A03F00F039A4275
:1094180008D9664B1B6A23F00F027B689B68634977
:1094280013430B627B681B6803F00103002B00F0F9
:10943800D2800023BB737B685B68032B43D15B4BF3
:10944800D3F8943003F00403002B10D1574BD3F812
:109458009430564A43F00403C2F89430534BD3F87F
:10946800943003F004033B613B690123BB73FEF7AF
:1094780051FD78614E4BDB6803F48023002B0FD03D
:1094880008E0FEF747FD02467B69D31A022B01D993
:1094980003232BE1464BDB6803F48043002BF0D019
:1094A800BB7B012B07D1414BD3F894303F4A23F0C3
:1094B8000403C2F894303D4B1B6803F00073002B83
:1094C80021D1012312E17B685B68022B07D1374B5E
:1094D8001B6803F40033002B15D1012306E17B68D8
:1094E8005B68002B07D1314B1B6803F00403002B8A
:1094F80009D10123FAE02D4B1B6803F48063002B8C
:1095080001D10123F2E0294BDB6923F003027B68D8
:109518005B6826491343CB61FEF7FCFC78617B68E6
:109528005B68032B12D10AE0FEF7F4FC02467B6964
:10953800D31A41F28832934201D90323D6E01B4B58
:10954800DB6903F00C030C2BEED144E07B685B680D
:10955800022B12D10AE0FEF7DDFC02467B69D31A22
:1095680041F28832934201D90323BFE00F4BDB69F4
:1095780003F00C03082BEED12DE07B685B68002B11
:1095880023D10AE0FEF7C6FC02467B69D31A41F2F2
:109598008832934201D90323A8E0044BDB6903F026
:1095A8000C03002BEED116E000200240000C02460E
:1095B80000080246FEF7AEFC02467B69D31A41F268
:1095C8008832934201D9032390E04A4BDB6903F0C8
:1095D8000C03042BEED17B681B6803F00203002BFD
:1095E80010D07B689A68434B1B6A03F00F039A42BA
:1095F80008D2404B1B6A23F00F027B689B683D49E9
:1096080013430B623C4B1B6803F00F033A689A4202
:1096180010D2394B1B6823F00F0237493B681343BC
:109628000B60354B1B6803F00F033A689A4201D070
:1096380001235BE07B681B6803F00403002B10D058
:109648007B68DA682B4B1B6A03F070039A4208D2D6
:10965800284B1B6A23F070027B68DB68254913439B
:109668000B627B681B6803F00803002B12D07B6831
:109678001A69204B1B6A1B0903F070039A4209D22E
:109688001C4B1B6A23F4E0627B681B691B011949A8
:1096980013430B627B681B6803F01003002B10D088
:1096A8007B685A69134B5B6A03F070039A4208D2CD
:1096B800104B5B6A23F070027B685B690D491343AA
:1096C8004B6200F021F802460A4B1B6A03F00F03B5
:1096D8000A49CB5C22FA03F3094A1360094B1B6859
:1096E8001846FEF75BF90346FB73FB7B18461837F1
:1096F800BD4680BD000C024600200240BC3F010868
:10970800680000206C00002080B48BB000AF0023FC
:109718003B6000237B60784BDB6903F00C03FB6044
:10972800754B9B6A03F003033B61FB68002B05D074
:10973800FB680C2B21D13B69012B1ED16E4B9B681A
:1097480003F40003002B07D16B4BD3F8F4301B0B49
:1097580003F00F033B6005E0674B9B681B0F03F0AA
:109768000F033B60654A3B6852F823303B60FB6857
:10977800002B10D13B687B600DE05F4BDB6903F089
:109788000C03042B02D15E4B7B6004E0FB68082BC2
:1097980001D15B4B7B60FB680C2B40F0A580564BDE
:1097A8009B6A03F003037B61534B9B6A1B0A03F01C
:1097B8000F030133BB61504B9B6A1B0903F0010384
:1097C800FB614D4B9B6BDB08C3F30C03FA6902FB8F
:1097D80003F307EE903AF8EE677AC7ED087A7B69EB
:1097E800022B03D07B69032B22D043E0BB6907EE31
:1097F800903AF8EE677ADFED436A86EEA77A3E4B39
:109808005B6BC3F3080307EE903AF8EE676A97EDCF
:10981800086ADFED3D5AC6EE257A76EEA77AF7EEAE
:10982800006A77EEA67A67EE277AC7ED027A46E0F5
:10983800BB6907EE903AF8EE677ADFED326A86EE9A
:10984800A77A2D4B5B6BC3F3080307EE903AF8EE4B
:10985800676A97ED086ADFED2C5AC6EE257A76EE30
:10986800A77AF7EE006A77EEA67A67EE277AC7ED51
:10987800027A24E03B6807EE903AF8EE676ABB6923
:1098880007EE903AF8EE677A86EEA77A1A4B5B6B8A
:10989800C3F3080307EE903AF8EE676A97ED086A93
:1098A800DFED195AC6EE257A76EEA77AF7EE006A4A
:1098B80077EEA67A67EE277AC7ED027A00BF0E4BDD
:1098C8005B6B1B0E03F07F0301337B627B6A07EE41
:1098D800903AB8EE677AD7ED026AC6EE877AFCEE60
:1098E800E77A17EE903A7B607B6818462C37BD46BE
:1098F8005DF8047B704700BF000C0246D43F0108A6
:109908000024F4000024744B0000004680B500AF2A
:10991800FFF7FAFE0246074B1B6A03F00F030649DE
:10992800CB5C22FA03F3054A1360044B1B68184604
:1099380080BD00BF000C0246BC3F01086800002043
:1099480080B500AFFFF7E2FF0246054B1B6A1B0913
:1099580003F007030349CB5C22FA03F3184680BDE2
:10996800000C0246CC3F010880B500AFFFF7CEFFE0
:109978000246054B1B6A1B0A03F007030349CB5C2D
:1099880022FA03F3184680BD000C0246CC3F0108BA
:1099980080B500AFFFF7BAFF0246054B5B6A1B09AB
:1099A80003F007030349CB5C22FA03F3184680BD92
:1099B800000C0246CC3F010880B586B000AF786045
:1099C8003E4BD3F8943003F00403002B03D0FEF78A
:1099D800BBFD386119E0394BD3F89430374A43F06E
:1099E8000403C2F89430354BD3F8943003F00403E1
:1099F800FB60FB68FEF7A8FD3861304BD3F8943064
:109A08002E4A23F00403C2F894303B69B3F5403F73
:109A180003D03B69B3F5003F09D17B68B3F1805FA0
:109A280002D201237B6133E000237B6130E07B6855
:109A3800B3F1805F08D23B69B3F5803F02D10323BD
:109A48007B6125E0012335E07B68B3F1005F0FD926
:109A58003B69002B09D17B68B3F1405F02D9002331
:109A68007B6115E001237B6112E000237B610FE03D
:109A78007B68B3F1805F09D13B69B3F5803F02D1C0
:109A880001237B6104E002237B6101E001237B6108
:109A98000B4B1B6823F00F0209497B6913430B60CA
:109AA800074B1B6803F00F037A699A4201D0012320
:109AB80000E0002318461837BD4680BD000C02465A
:109AC800002002402DE9B04FBAB000AFC7F8D4006B
:109AD800002387F8D930002387F8DA30D7F8D43054
:109AE800D3E9002302F00104002554EA05030BD052
:109AF800CB4BD3F8E03023F00301D7F8D4301B6DFB
:109B0800C74A0B43C2F8E030D7F8D430D3E9002372
:109B180002F002084FF0000958EA09030BD0C04BC5
:109B2800D3F8E03023F00C01D7F8D4305B6DBC4A91
:109B38000B43C2F8E030D7F8D430D3E9002302F061
:109B4800040A4FF0000B5AEA0B030BD0B44BD3F8BE
:109B5800E03023F03001D7F8D4309B6DB04A0B4386
:109B6800C2F8E030D7F8D430D3E9002302F0080374
:109B7800C7F8C8300023C7F8CC30D7E932120B46F3
:109B880013430BD0A64BD3F8E03023F0C001D7F82D
:109B9800D430DB6DA24A0B43C2F8E030D7F8D4309A
:109BA800D3E9002302F01003C7F8C0300023C7F838
:109BB800C430D7E930120B4613430BD0984BD3F877
:109BC800E03023F44071D7F8D4301B6E944A0B432D
:109BD800C2F8E030D7F8D430D3E9002302F02003EC
:109BE800C7F8B8300023C7F8BC30D7E92E120B46A7
:109BF80013430BD08A4BD3F8E83023F00701D7F88A
:109C0800D4305B6E864A0B43C2F8E830D7F8D430BC
:109C1800D3E9002302F04003C7F8B0300023C7F8A7
:109C2800B430D7E92C120B4613430BD07C4BD3F836
:109C3800E03023F44061D7F8D4309B6E784A0B4368
:109C4800C2F8E030D7F8D430D3E9002302F080031B
:109C5800C7F8A8300023C7F8AC30D7E92A120B465A
:109C680013430BD06E4BD3F8E03023F44051D7F8B0
:109C7800D430DB6E6A4A0B43C2F8E030D7F8D430F0
:109C8800D3E9002302F48073C7F8A0300023C7F893
:109C9800A430D7E928120B4613430BD0604BD3F8F6
:109CA800E83023F0C001D7F8D4301B6F5C4A0B436F
:109CB800C2F8E830D7F8D430D3E9002302F480039F
:109CC800C7F898300023C7F89C30D7E926120B460E
:109CD80013430BD0524BD3F8E03023F44041D7F86C
:109CE800D4305B6F4E4A0B43C2F8E030D7F8D4301B
:109CF800D3E9002302F40073C7F890300023C7F8B3
:109D08009430D7E924120B4613430BD0444BD3F8B5
:109D1800E83023F44061D7F8D4309B6F404A0B43B6
:109D2800C2F8E830D7F8D430D3E9002302F48063CE
:109D3800C7F888300023C7F88C30D7E922120B46C1
:109D480013430BD0364BD3F8E03023F44021D7F837
:109D5800D430DB6F324A0B43C2F8E030D7F8D43046
:109D6800D3E9002302F40063C7F880300023C7F862
:109D78008430D7E920120B4613430CD0284BD3F874
:109D8800E83023F44071D7F8D430D3F88030244A2F
:109D98000B43C2F8E830D7F8D430D3E9002302F4F3
:109DA8000053BB670023FB67D7E91E120B4613431A
:109DB8004FD0D7F8D430D3F89030802B2DD0802BCB
:109DC80027D8602B2ED0602B23D8402B06D0402BD1
:109DD8001FD8002B09D0202B11D01AE0104B9B6AFA
:109DE8000F4A43F4803393621DE0D7F8D430083328
:109DF800184602F027FA034687F8D93013E0D7F857
:109E0800D4302C33184602F0B5FA034687F8D93017
:109E180009E0012387F8D93005E000BF03E000BF5F
:109E2800000C024600BF97F8D930002B0DD1B64B75
:109E3800D3F8E43023F0E001D7F8D430D3F89030E9
:109E4800B14A0B43C2F8E43003E097F8D93087F8F9
:109E5800DA30D7F8D430D3E9002302F480433B67E3
:109E680000237B67D7E91C120B46134353D0D7F85E
:109E7800D430D3F89430B3F5806F33D0B3F5806F16
:109E88002CD8B3F5407F2FD0B3F5407F26D8B3F553
:109E9800007F08D0B3F5007F20D8002B0AD0B3F597
:109EA800807F11D01AE0984B9B6A974A43F480331D
:109EB80093621AE0D7F8D4300833184602F0C2F992
:109EC800034687F8D93010E0D7F8D4302C33184639
:109ED80002F050FA034687F8D93006E0012387F8E4
:109EE800D93002E000BF00E000BF97F8D930002B5E
:109EF8000DD1854BD3F8E43023F4E061D7F8D430A2
:109F0800D3F89430804A0B43C2F8E43003E097F862
:109F1800D93087F8DA30D7F8D430D3E9002302F4FF
:109F28000043BB660023FB66D7E91A120B461343AE
:109F380046D0D7F8D430D3F8A830B3F5A04F28D0FE
:109F4800B3F5A04F21D8B3F5804F22D0B3F5804F99
:109F58001BD8B3F5405F1CD0B3F5405F15D8B3F5F7
:109F6800005F08D0B3F5005F0FD8002B11D0B3F510
:109F7800805F0ED009E0D7F8D4300833184602F0D5
:109F880061F9034687F8D93004E0012387F8D9300E
:109F980000E000BF97F8D930002B0DD15A4BD3F809
:109FA800E83023F4E041D7F8D430D3F8A830564A43
:109FB8000B43C2F8E83003E097F8D93087F8DA3075
:109FC800D7F8D430D3E9002302F480333B6600236A
:109FD8007B66D7E918120B4613433FD0D7F8D43025
:109FE800D3F88830042B1ED801A252F823F000BF02
:109FF80037A000080DA000081BA0000837A0000823
:10A0080037A00008404B9B6A3F4A43F48033936271
:10A018000EE0D7F8D4302C33184602F0ABF90346DB
:10A0280087F8D93004E0012387F8D93000E000BF71
:10A0380097F8D930002B0DD1334BD3F8E43023F007
:10A048000701D7F8D430D3F888302F4A0B43C2F829
:10A05800E43003E097F8D93087F8DA30D7F8D4300D
:10A06800D3E9002302F40033BB650023FB65D7E97D
:10A0780016120B4613434DD0D7F8D430D3F88C3092
:10A08800B3F5802F28D0B3F5802F21D8B3F5403F02
:10A0980024D0B3F5403F1BD8B3F5003F0ED0B3F53D
:10A0A800003F15D8002B1BD0B3F5803F10D1164BBD
:10A0B8009B6A154A43F48033936212E0D7F8D43090
:10A0C8002C33184602F056F9034687F8D93008E0D1
:10A0D800012387F8D93004E000BF02E000BF00E0A8
:10A0E80000BF97F8D930002B10D1074BD3F8E830D0
:10A0F80023F4E021D7F8D430D3F88C30024A0B434C
:10A10800C2F8E83006E000BF000C024697F8D930E4
:10A1180087F8DA30D7F8D430D3E9002302F4802363
:10A128003B6500237B65D7E914120B46134300F007
:10A13800B580002387F8DB309D4BD3F8943003F0CB
:10A148000403002B13D19A4BD3F89430984A43F068
:10A158000403C2F89430964BD3F8943003F0040308
:10A16800C7F8DC30D7F8DC30012387F8DB30914BB7
:10A178009B6A904A43F001039362FDF7CBFEC7F850
:10A18800E4000BE0FDF7C6FE0246D7F8E430D31A28
:10A19800022B03D9032387F8D93005E0854B9B6A46
:10A1A80003F00103002BEDD097F8D930002B65D1CF
:10A1B8007F4BD3F8F03003F44073C7F8E030D7F89A
:10A1C800E030002B23D0D7F8D430D3F8C020D7F80C
:10A1D800E03093421BD0764BD3F8F03023F4407331
:10A1E800C7F8E030724BD3F8F030714A43F480334B
:10A1F800C2F8F0306E4BD3F8F0306D4A23F4803358
:10A20800C2F8F0306A4AD7F8E030C2F8F030D7F830
:10A21800E03003F00103002B19D0FDF77BFEC7F8EF
:10A22800E4000DE0FDF776FE0246D7F8E430D21AD6
:10A2380041F288339A4203D9032387F8D93006E0DC
:10A248005B4BD3F8F03003F00203002BEAD097F809
:10A25800D930002B0DD1564BD3F8F03023F4407190
:10A26800D7F8D430D3F8C030514A0B43C2F8F03095
:10A2780008E097F8D93087F8DA3003E097F8D93052
:10A2880087F8DA3097F8DB30012B07D1484BD3F841
:10A298009430474A23F00403C2F89430D7F8D430F6
:10A2A800D3E9002302F48013BB640023FB64D7E9DD
:10A2B80012120B46134342D0D7F8D430D3F8A0304B
:10A2C800B3F1406F22D0B3F1406F1BD8B3F1006FE8
:10A2D80011D0B3F1006F15D8002B19D0B3F1806FEE
:10A2E80010D1D7F8D4300833184601F0ABFF034635
:10A2F80087F8D9300DE02E4B9B6A2D4A43F4003382
:10A30800936206E0012387F8D93002E000BF00E03D
:10A3180000BF97F8D930002B0DD1254BD3F8E0308A
:10A3280023F04061D7F8D430D3F8A030204A0B434B
:10A33800C2F8E03003E097F8D93087F8DA30D7F878
:10A34800D430D3E9002302F400233B6400237B6468
:10A35800D7E910120B46134332D0D7F8D430D3F8CC
:10A368009830B3F5005F0BD0B3F5005F04D8002B2D
:10A3780008D0B3F5805F07D0012387F8D93004E00F
:10A3880000BF02E000BF00E000BF97F8D930002B03
:10A3980012D1074BD3F8E43023F44051D7F8D43026
:10A3A800D3F89830024A0B43C2F8E43008E000BF03
:10A3B800000C02460008024697F8D93087F8DA30D0
:10A3C800D7F8D430D3E9002302F48053BB630023C9
:10A3D800FB63D7E90E120B4613430CD0984BD3F806
:10A3E800E43023F40061D7F8D430D3F89C30944A91
:10A3F8000B43C2F8E430D7F8D430D3E9002302F491
:10A4080000133B6300237B63D7E90C120B4613430D
:10A4180019D0D7F8D430D3F8A430B3F5804F05D18C
:10A42800874B9B6A864A43F480339362844BD3F804
:10A43800E43023F48041D7F8D430D3F8A430804AEC
:10A448000B43C2F8E430D7F8D430D3E9002302F440
:10A458000003BB620023FB62D7E90A120B461343D1
:10A468000CD0774BD3F8E03023F44012D7F8D4302F
:10A47800D3F8B43072491343C1F8E030D7F8D43078
:10A48800D3E9002302F080733B6200237B62D7E9A3
:10A4980008120B4613430CD0694BD3F8E03023F471
:10A4A8004032D7F8D430D3F8B83065491343C1F8EF
:10A4B800E030D7F8D430D3E9002302F00073BB6151
:10A4C8000023FB61D7E906120B4613430CD05C4B03
:10A4D800D3F8E83023F01802D7F8D430D3F8BC30DA
:10A4E80057491343C1F8E830D7F8D430D3E90023EB
:10A4F80002F080633B6100237B61D7E904120B46BD
:10A50800134332D0D7F8D430D3F8B030B3F5001FA6
:10A5180005D14B4B9B6A4A4A43F400339362D7F800
:10A52800D430D3F8B030B3F5401F08D1D7F8D430C1
:10A538000833184601F086FE034687F8D93097F8A5
:10A54800D930002B0DD13E4BD3F8E43023F4401220
:10A55800D7F8D430D3F8B03039491343C1F8E430D0
:10A5680003E097F8D93087F8DA30D7F8D430D3E950
:10A57800002302F00063BB600023FB60D7E90212EE
:10A588000B4613433AD0D7F8D430D3F88430B3F11C
:10A59800007F0ED0B3F1007F15D8002B17D0B3F190
:10A5A800807F10D1264B9B6A254A43F4003393627F
:10A5B8000EE0D7F8D4300833184601F043FE0346BE
:10A5C80087F8D93004E0012387F8D93000E000BFCC
:10A5D80097F8D930002B0DD1194BD3F8E03023F080
:10A5E8004072D7F8D430D3F8843015491343C1F8F2
:10A5F800E03003E097F8D93087F8DA30D7F8D4306C
:10A60800D3E9002302F080533B6000237B60D7E945
:10A6180000120B4613430CD0094BD3F8E83023F44F
:10A628000042D7F8D430D3F8AC3005491343C1F809
:10A63800E83097F8DA301846E837BD46BDE8B08FFD
:10A64800000C024680B489B000AF7860A64B5B6B03
:10A65800C3F30803FB60A44B9B6A03F003033B614D
:10A66800A14B9B6A1B0A03F00F0301337B619E4BCE
:10A678009B6A1B0903F00103BB619B4B9B6BDB08C7
:10A68800C3F30C03BA6902FB03F307EE903AF8EE42
:10A69800677AC7ED077A3B69032B62D03B69032BC6
:10A6A80000F281803B69012B24D03B69022B7AD1CF
:10A6B8007B6907EE903AF8EE677ADFED8C6A86EEF2
:10A6C800A77A894B5B6BC3F3080307EE903AF8EE61
:10A6D800676A97ED076ADFED865AC6EE257A76EE49
:10A6E800A77AF7EE006A77EEA67A67EE277AC7EDC3
:10A6F800027A8FE07C4B9B6803F40003002B05D0A3
:10A70800794B9B681B0F03F00F0306E0764BD3F8D9
:10A71800F4301B041B0F03F00F03764A52F8233062
:10A7280007EE903AF8EE676A7B6907EE903AF8EE22
:10A73800677A86EEA77AFB6807EE903AF8EE676AC2
:10A7480097ED076ADFED6A5AC6EE257A76EEA77AA4
:10A75800F7EE006A77EEA67A67EE277AC7ED027AF7
:10A7680058E07B6907EE903AF8EE677ADFED5F6AAA
:10A7780086EEA77A5C4B5B6BC3F3080307EE903A4F
:10A78800F8EE676A97ED076ADFED595AC6EE257A43
:10A7980076EEA77AF7EE006A77EEA67A67EE277A62
:10A7A800C7ED027A36E0504B9B6803F40003002B98
:10A7B80005D04D4B9B681B0F03F00F0306E04A4B77
:10A7C800D3F8F4301B041B0F03F00F03494A52F867
:10A7D800233007EE903AF8EE676A7B6907EE903A05
:10A7E800F8EE677A86EEA77AFB6807EE903AF8EEFD
:10A7F800676A97ED076ADFED3E5AC6EE257A76EE70
:10A80800A77AF7EE006A77EEA67A67EE277AC7EDA1
:10A81800027A00BF344B9B6A03F48033002B17D0B5
:10A82800314B5B6B5B0A03F07F0307EE903AF8EE5F
:10A83800677AB7EE007A37EE877AD7ED026AC6EE06
:10A84800877AFCEEE77A17EE902A7B681A6002E0B6
:10A858007B6800221A60244B9B6A03F40033002BA8
:10A8680017D0214B5B6B1B0C03F07F0307EE903A6C
:10A87800F8EE677AB7EE007A37EE877AD7ED026A94
:10A88800C6EE877AFCEEE77A17EE902A7B685A6064
:10A8980002E07B6800225A60134B9B6A03F4802312
:10A8A800002B17D0104B5B6B1B0E03F07F0307EEDA
:10A8B800903AF8EE677AB7EE007A37EE877AD7EDF6
:10A8C800026AC6EE877AFCEEE77A17EE902A7B6872
:10A8D8009A6002E07B6800229A6000BF2437BD4678
:10A8E8005DF8047B704700BF000C02460024744BDF
:10A8F80000000046D43F010880B489B000AF7860FA
:10A90800A64BDB6BC3F30803FB60A44BDB6A03F0C5
:10A9180003033B61A14BDB6A1B0A03F00F030133FE
:10A928007B619E4BDB6A1B0903F00103BB619B4BF8
:10A938001B6CDB08C3F30C03BA6902FB03F307EED5
:10A94800903AF8EE677AC7ED077A3B69032B62D035
:10A958003B69032B00F281803B69012B24D03B69C2
:10A96800022B7AD17B6907EE903AF8EE677ADFED31
:10A978008C6A86EEA77A894BDB6BC3F3080307EE74
:10A98800903AF8EE676A97ED076ADFED865AC6EEE9
:10A99800257A76EEA77AF7EE006A77EEA67A67EE62
:10A9A800277AC7ED027A8FE07C4B9B6803F400039B
:10A9B800002B05D0794B9B681B0F03F00F0306E0B3
:10A9C800764BD3F8F4301B041B0F03F00F03764AC1
:10A9D80052F8233007EE903AF8EE676A7B6907EE83
:10A9E800903AF8EE677A86EEA77AFB6807EE903A17
:10A9F800F8EE676A97ED076ADFED6A5AC6EE257AC0
:10AA080076EEA77AF7EE006A77EEA67A67EE277AEF
:10AA1800C7ED027A58E07B6907EE903AF8EE677A5C
:10AA2800DFED5F6A86EEA77A5C4BDB6BC3F3080346
:10AA380007EE903AF8EE676A97ED076ADFED595A24
:10AA4800C6EE257A76EEA77AF7EE006A77EEA67A52
:10AA580067EE277AC7ED027A36E0504B9B6803F41D
:10AA68000003002B05D04D4B9B681B0F03F00F0311
:10AA780006E04A4BD3F8F4301B041B0F03F00F0316
:10AA8800494A52F8233007EE903AF8EE676A7B6934
:10AA980007EE903AF8EE677A86EEA77AFB6807EE3B
:10AAA800903AF8EE676A97ED076ADFED3E5AC6EE10
:10AAB800257A76EEA77AF7EE006A77EEA67A67EE41
:10AAC800277AC7ED027A00BF344BDB6A03F4803380
:10AAD800002B17D0314BDB6B5B0A03F07F0307EECB
:10AAE800903AF8EE677AB7EE007A37EE877AD7EDC4
:10AAF800026AC6EE877AFCEEE77A17EE902A7B6840
:10AB08001A6002E07B6800221A60244BDB6A03F4B7
:10AB18000033002B17D0214BDB6B1B0C03F07F039A
:10AB280007EE903AF8EE677AB7EE007A37EE877A52
:10AB3800D7ED026AC6EE877AFCEEE77A17EE902A1E
:10AB48007B685A6002E07B6800225A60134BDB6A1C
:10AB580003F48023002B17D0104BDB6B1B0E03F084
:10AB68007F0307EE903AF8EE677AB7EE007A37EE91
:10AB7800877AD7ED026AC6EE877AFCEEE77A17EE97
:10AB8800902A7B689A6002E07B6800229A6000BF86
:10AB98002437BD465DF8047B704700BF000C0246B1
:10ABA8000024744B00000046D43F010880B489B0EB
:10ABB80000AF7860A64B5B6CC3F30803FB60A44B43
:10ABC8001B6B03F003033B61A14B1B6B1B0A03F0D8
:10ABD8000F0301337B619E4B1B6B1B0903F00103C1
:10ABE800BB619B4B9B6CDB08C3F30C03BA6902FB8C
:10ABF80003F307EE903AF8EE677AC7ED077A3B69F8
:10AC0800032B62D03B69032B00F281803B69012B47
:10AC180024D03B69022B7AD17B6907EE903AF8EE93
:10AC2800677ADFED8C6A86EEA77A894B5B6CC3F393
:10AC3800080307EE903AF8EE676A97ED076ADFEDCA
:10AC4800865AC6EE257A76EEA77AF7EE006A77EE90
:10AC5800A67A67EE277AC7ED027A8FE07C4B9B686D
:10AC680003F40003002B05D0794B9B681B0F03F0FE
:10AC78000F0306E0764BD3F8F4301B041B0F03F0E8
:10AC88000F03764A52F8233007EE903AF8EE676AD7
:10AC98007B6907EE903AF8EE677A86EEA77AFB684A
:10ACA80007EE903AF8EE676A97ED076ADFED6A5AA1
:10ACB800C6EE257A76EEA77AF7EE006A77EEA67AE0
:10ACC80067EE277AC7ED027A58E07B6907EE903A7B
:10ACD800F8EE677ADFED5F6A86EEA77A5C4B5B6C0D
:10ACE800C3F3080307EE903AF8EE676A97ED076A30
:10ACF800DFED595AC6EE257A76EEA77AF7EE006AA6
:10AD080077EEA67A67EE277AC7ED027A36E0504BDF
:10AD18009B6803F40003002B05D04D4B9B681B0F69
:10AD280003F00F0306E04A4BD3F8F4301B041B0F63
:10AD380003F00F03494A52F8233007EE903AF8EE31
:10AD4800676A7B6907EE903AF8EE677A86EEA77A2B
:10AD5800FB6807EE903AF8EE676A97ED076ADFED51
:10AD68003E5AC6EE257A76EEA77AF7EE006A77EEB7
:10AD7800A67A67EE277AC7ED027A00BF344B1B6BC1
:10AD880003F48033002B17D0314B5B6C5B0A03F064
:10AD98007F0307EE903AF8EE677AB7EE007A37EE5F
:10ADA800877AD7ED026AC6EE877AFCEEE77A17EE65
:10ADB800902A7B681A6002E07B6800221A60244BA4
:10ADC8001B6B03F40033002B17D0214B5B6C1B0C5F
:10ADD80003F07F0307EE903AF8EE677AB7EE007A51
:10ADE80037EE877AD7ED026AC6EE877AFCEEE77A05
:10ADF80017EE902A7B685A6002E07B6800225A604E
:10AE0800134B1B6B03F48023002B17D0104B5B6C88
:10AE18001B0E03F07F0307EE903AF8EE677AB7EE61
:10AE2800007A37EE877AD7ED026AC6EE877AFCEEAB
:10AE3800E77A17EE902A7B689A6002E07B68002226
:10AE48009A6000BF2437BD465DF8047B704700BF99
:10AE5800000C02460024744B00000046D43F010851
:10AE680080B58EB000AFC7E900019A4B1B687B63C1
:10AE78004FF00003D7E90023A2F580210B4345D109
:10AE8800954BD3F8F03003F44073FB60924BD3F842
:10AE9800F03003F00203022B08D1FB68B3F5807F82
:10AEA80004D14FF40043BB6001F0B3B98A4BD3F827
:10AEB800F03003F00063B3F1006F14D1FB68B3F511
:10AEC800007F10D1844BD3F8F03003F08053B3F1F6
:10AED800805F03D1FA23BB6001F09BB94FF4FA43BA
:10AEE800BB6001F096B97C4B1B6803F40033B3F5E3
:10AEF800003F07D1FB68B3F5407F03D1774BBB60B8
:10AF080001F087B90023BB6001F083B9D7E90023BA
:10AF1800A2F500510B4351D16F4BD3F8E43003F045
:10AF2800E003FB60FB68802B35D0FB68802B41D8A1
:10AF3800FB68602B2AD0FB68602B3BD8FB68402B52
:10AF480009D0FB68402B35D8FB68002B0CD0FB6878
:10AF5800202B12D02EE007F110031846FFF772FBE2
:10AF68003B69BB6001F055B907F11C031846FFF7B0
:10AF7800C3FCFB69BB6001F04CB907F12803184614
:10AF8800FFF714FEBB6ABB6001F043B94BF6803390
:10AF9800BB6001F03EB9504B1B6803F48063B3F506
:10AFA800806F03D14E4BBB6001F033B90023BB6007
:10AFB80001F02FB90023BB6001F02BB9D7E90023BA
:10AFC800A2F580410B4358D1434BD3F8E43003F446
:10AFD800E063FB60FB68B3F5806F3BD0FB68B3F5BB
:10AFE800806F46D8FB68B3F5407F2ED0FB68B3F579
:10AFF800407F3ED8FB68B3F5007F0BD0FB68B3F504
:10B00800007F36D8FB68002B0DD0FB68B3F5807F36
:10B0180012D02EE007F110031846FFF713FB3B6927
:10B02800BB6001F0F6B807F11C031846FFF764FC93
:10B03800FB69BB6001F0EDB807F128031846FFF77C
:10B04800B5FDBB6ABB6001F0E4B84BF68033BB606A
:10B0580001F0DFB8204B1B6803F48063B3F5806F01
:10B0680003D11F4BBB6001F0D4B80023BB6001F0D3
:10B07800D0B80023BB6001F0CCB8D7E90023A2F513
:10B0880080510B4330D1144BD3F8E43003F4006300
:10B09800FB60114B1B6803F48063B3F5806F06D126
:10B0A800FB68002B03D10E4BBB6001F0B2B80A4B12
:10B0B8001B6803F48063B3F5806F07D1FB68B3F5B1
:10B0C800006F03D1074BBB6001F0A3B80023BB603E
:10B0D80001F09FB818000020000C024620A10700CC
:10B0E8000024F40000127A00D7E90023A2F58011A9
:10B0F8000B4365D1A84BD3F8E03003F04063FB6005
:10B10800FB68B3F1406F34D0FB68B3F1406F53D89C
:10B11800FB68B3F1006F0BD0FB68B3F1006F4BD83D
:10B12800FB68002B16D0FB68B3F1806F09D043E0B1
:10B1380007F110031846FFF785FA7B69BB6001F039
:10B1480068B807F11C031846FFF7D6FB3B6ABB60DB
:10B1580001F05FB8904B1B6803F40053B3F5005F30
:10B1680003D18E4BBB6001F054B80023BB6001F0E3
:10B1780050B8894B1B6803F02003202B18D1864B4D
:10B188009B6803F40003002B05D0834B9B681B0EC0
:10B1980003F00F0306E0804BD3F8F4301B041B0EBA
:10B1A80003F00F037E4A52F82330BB6001F031B838
:10B1B8000023BB6001F02DB80023BB6001F029B863
:10B1C800D7E90023A2F500110B437FD1724BD3F8C6
:10B1D800E43003F48043FB60FB68002B65D16E4BC1
:10B1E800D3F8E03003F04063FB60FB68B3F1406FD5
:10B1F80034D0FB68B3F1406F53D8FB68B3F1006FEC
:10B208000BD0FB68B3F1006F4BD8FB68002B16D04E
:10B21800FB68B3F1806F09D043E007F110031846CB
:10B22800FFF710FA7B69BB6000F0F3BF07F11C035E
:10B238001846FFF761FB3B6ABB6000F0EABF564B5C
:10B248001B6803F40053B3F5005F03D1534BBB6095
:10B2580000F0DFBF0023BB6000F0DBBF4E4B1B6874
:10B2680003F02003202B18D14B4B9B6803F40003F9
:10B27800002B05D0484B9B681B0E03F00F0306E01C
:10B28800454BD3F8F4301B041B0E03F00F03444A5C
:10B2980052F82330BB6000F0BCBF0023BB6000F055
:10B2A800B8BF0023BB6000F0B4BFFB68B3F5804FA4
:10B2B80008D107F110031846FFF7C4F93B69BB60D2
:10B2C80000F0A7BF0023BB6000F0A3BFD7E90023AD
:10B2D800511E0B4336D1304BD3F8E03003F0030353
:10B2E800FB60FB68002B04D1FEF73EFBB86000F062
:10B2F80090BFFB68012B04D1FEF706FAB86000F096
:10B3080088BF254B1B6803F48063B3F5806F06D1B3
:10B31800FB68022B03D1234BBB6000F07ABF1E4BA6
:10B32800D3F8F03003F00203022B07D1FB68032B9C
:10B3380004D14FF40043BB6000F06BBF0023BB6037
:10B3480000F067BFD7E90023911E0B433FD1124B92
:10B35800D3F8E03003F00C03FB60FB68002B04D14A
:10B36800FEF7EEFAB86000F054BFFB68042B04D176
:10B37800FEF7CAF9B86000F04CBF074B1B6803F42E
:10B388008063B3F5806F0FD1FB68082B0CD1054B98
:10B39800BB6000F03EBF00BF000C0246006CDC0240
:10B3A800D43F01080024F400AA4BD3F8F03003F08E
:10B3B8000203022B07D1FB680C2B04D14FF4004386
:10B3C800BB6000F026BF0023BB6000F022BFD7E9B6
:10B3D8000023111F0B4336D19E4BD3F8E03003F006
:10B3E8003003FB60FB68002B04D1FEF7A9FAB860B4
:10B3F80000F00FBFFB68102B04D1FEF785F9B86089
:10B4080000F007BF934B1B6803F48063B3F5806FAC
:10B4180006D1FB68202B03D18F4BBB6000F0F9BE2F
:10B428008C4BD3F8F03003F00203022B07D1FB68F2
:10B43800302B04D14FF40043BB6000F0EABE002378
:10B44800BB6000F0E6BED7E90023A2F108010B4378
:10B4580036D1804BD3F8E03003F0C003FB60FB68C3
:10B46800002B04D1FEF76CFAB86000F0D2BEFB687E
:10B47800402B04D1FEF748F9B86000F0CABE754BFE
:10B488001B6803F48063B3F5806F06D1FB68802BDB
:10B4980003D1714BBB6000F0BCBE6E4BD3F8F030EB
:10B4A80003F00203022B07D1FB68C02B04D14FF431
:10B4B8000043BB6000F0ADBE0023BB6000F0A9BE36
:10B4C800D7E90023A2F110010B4339D1614BD3F81E
:10B4D800E03003F44073FB60FB68002B04D1FEF7F7
:10B4E8002FFAB86000F095BEFB68B3F5807F04D1F1
:10B4F800FEF70AF9B86000F08CBE564B1B6803F4DF
:10B508008063B3F5806F07D1FB68B3F5007F03D183
:10B51800514BBB6000F07DBE4E4BD3F8F03003F0CA
:10B528000203022B08D1FB68B3F5407F04D14FF426
:10B538000043BB6000F06DBE0023BB6000F069BE35
:10B54800D7E90023A2F120010B4358D1414BD3F88E
:10B55800E83003F00703FB60FB68002B04D1FEF71B
:10B5680017FAB86000F055BEFB68012B04D1FEF74E
:10B57800CBF8B86000F04DBE364B1B6803F480630F
:10B58800B3F5806F06D1FB68022B03D1324BBB6049
:10B5980000F03FBE2F4BD3F8F03003F00203022B2C
:10B5A80007D1FB68032B04D14FF40043BB6000F0C4
:10B5B80030BE284B1B6803F02003202B1BD1FB68EF
:10B5C800042B18D1234B9B6803F40003002B05D0F0
:10B5D800204B9B681B0E03F00F0306E01D4BD3F8AE
:10B5E800F4301B041B0E03F00F031C4A52F82330DF
:10B5F800BB6000F00EBE0023BB6000F00ABED7E9B6
:10B608000023A2F500410B4373D1124BD3F8E83065
:10B6180003F4E043FB60FB68B3F5805F04D1FEF7F9
:10B6280073F8B86000F0F5BDFB68B3F5005F08D1AA
:10B6380007F11C031846FFF75FF97B6ABB6000F04F
:10B64800E8BDFB68002B0BD1FEF760F9B86000F08D
:10B65800E0BD00BF000C02460024F400D43F0108FE
:10B66800FB68B3F5A04F22D1B04B1B6803F0200351
:10B67800202B18D1AD4B9B6803F40003002B05D099
:10B68800AA4B9B681B0E03F00F0306E0A74BD3F8E9
:10B69800F4301B041B0E03F00F03A54A52F82330A5
:10B6A800BB6000F0B6BD0023BB6000F0B2BD9F4B8D
:10B6B8001B6803F40033B3F5003F07D1FB68B3F50B
:10B6C800405F03D19B4BBB6000F0A3BD974B1B6849
:10B6D80003F48063B3F5806F07D1FB68B3F5804F3F
:10B6E80003D1944BBB6000F094BD0023BB6000F015
:10B6F80090BDD7E90023A2F580310B4359D18B4B7C
:10B70800D3F8E43003F00703FB60FB68042B4CD844
:10B7180001A252F823F000BF59B7000835B7000856
:10B7280047B7000863B700086DB7000807F11003B2
:10B738001846FEF787FF3B69BB6000F06ABD07F15A
:10B7480028031846FFF732FAFB6ABB6000F061BDB8
:10B75800FEF7DCF8B86000F05CBD4BF68033BB60E8
:10B7680000F057BD714B1B6803F02003202B18D144
:10B778006E4B9B6803F40003002B05D06B4B9B6852
:10B788001B0E03F00F0306E0684BD3F8F4301B04DC
:10B798001B0E03F00F03664A52F82330BB6000F01B
:10B7A80038BD0023BB6000F034BD0023BB6000F04F
:10B7B80030BDD7E90023A2F500310B4367D15B4BBD
:10B7C800D3F8E83003F4E023FB60FB68B3F5802F7F
:10B7D80036D0FB68B3F5802F55D8FB68B3F5403FEA
:10B7E80029D0FB68B3F5403F4DD8FB68B3F5003F5F
:10B7F80013D0FB68B3F5003F45D8FB68002B15D084
:10B80800FB68B3F5803F3ED107F110031846FEF7F9
:10B8180019FF3B69BB6000F0FCBC07F12803184620
:10B82800FFF7C4F9FB6ABB6000F0F3BCFEF76EF8E3
:10B83800B86000F0EEBC4BF68033BB6000F0E9BCAA
:10B848003A4B1B6803F02003202B18D1374B9B6819
:10B8580003F40003002B05D0344B9B681B0E03F048
:10B868000F0306E0314BD3F8F4301B041B0E03F032
:10B878000F032F4A52F82330BB6000F0CABC0023E4
:10B88800BB6000F0C6BC0023BB6000F0C2BCD7E9B7
:10B898000023A2F140010B4352D1244BD3F8E030EE
:10B8A80003F44063FB60FB68002B04D1FEF748F803
:10B8B800B86000F0AEBCFB68B3F5806F04D1FDF74B
:10B8C80023FFB86000F0A5BC184B1B6803F4806325
:10B8D800B3F5806F07D1FB68B3F5006F03D1154B43
:10B8E800BB6000F096BC114B1B6803F02003202BB3
:10B8F80022D1FB68B3F5406F1ED10C4B9B6803F453
:10B908000003002B05D0094B9B681B0E03F00F03A7
:10B9180006E0064BD3F8F4301B041B0E03F00F03AC
:10B92800034A52F82330BB6000F073BC000C024697
:10B93800D43F01080024F4000023BB6000F069BC78
:10B94800D7E90023A2F180010B434CD19E4BD3F8D9
:10B95800E03003F44053FB60FB68002B04D1FDF793
:10B96800EFFFB86000F055BCFB68B3F5805F04D109
:10B97800FDF7CAFEB86000F04CBC934B1B6803F49B
:10B988008063B3F5806F07D1FB68B3F5005F03D11F
:10B998008E4BBB6000F03DBC8B4B1B6803F0200353
:10B9A800202B1CD1FB68B3F5405F18D1864B9B68F0
:10B9B80003F40003002B05D0834B9B681B0E03F098
:10B9C8000F0306E0804BD3F8F4301B041B0E03F082
:10B9D8000F037F4A52F82330BB6000F01ABC0023E3
:10B9E800BB6000F016BCD7E90023A2F580710B43B9
:10B9F80051D1754BD3F8E83003F0C003FB60FB6806
:10BA0800C02B24D0FB68C02B42D8FB68802B0DD0FC
:10BA1800FB68802B3CD8FB68002B03D0FB68402BCD
:10BA280011D035E0FDF7B4FFB860F2E3664B1B6850
:10BA380003F48063B3F5806F02D1644BBB60E8E325
:10BA48000023BB60E5E3FDF75FFEB860E1E35E4B12
:10BA58001B6803F02003202B17D15B4B9B6803F472
:10BA68000003002B05D0584B9B681B0E03F00F03F7
:10BA780006E0554BD3F8F4301B041B0E03F00F03FC
:10BA8800534A52F82330BB60C3E30023BB60C0E3D2
:10BA98000023BB60BDE3D7E90023A2F580010B4377
:10BAA80047D1494BD3F8E03003F44043FB60FB68CF
:10BAB800002B03D1FDF744FFB860AAE3FB68B3F598
:10BAC800804F03D1FDF720FEB860A2E33E4B1B6810
:10BAD80003F48063B3F5806F06D1FB68B3F5004FBC
:10BAE80002D13A4BBB6094E3374B1B6803F0200349
:10BAF800202B1BD1FB68B3F5404F17D1324B9B6805
:10BB080003F40003002B05D02F4B9B681B0E03F09A
:10BB18000F0306E02C4BD3F8F4301B041B0E03F084
:10BB28000F032B4A52F82330BB6072E30023BB603B
:10BB38006FE3D7E90023A2F500610B436AD1224BDA
:10BB4800D3F8E83003F44073FB60FB68002B20D186
:10BB58001D4B1B6803F02003202B17D11A4B9B6841
:10BB680003F40003002B05D0174B9B681B0E03F052
:10BB78000F0306E0144BD3F8F4301B041B0E03F03C
:10BB88000F03134A52F82330BB6042E30023BB6023
:10BB98003FE30D4BD3F8F03003F00063B3F1006FCF
:10BBA80018D1FB68B3F5807F14D1074BD3F8F03078
:10BBB80003F08053B3F1805F02D1FA23BB6028E31E
:10BBC8004FF4FA43BB6024E3000C02460024F4005F
:10BBD800D43F0108A14B1B6803F48063B3F5806F61
:10BBE80006D1FB68B3F5007F02D19D4BBB6010E323
:10BBF8009A4BD3F8F03003F00203022B07D1FB680D
:10BC0800B3F5407F03D14FF40043BB6001E3002349
:10BC1800BB60FEE2D7E90023A2F500710B4364D1B3
:10BC28008E4BD3F8E83003F44063FB60FB68002BCD
:10BC380020D18A4B1B6803F02003202B17D1874B98
:10BC48009B6803F40003002B05D0844B9B681B0EF4
:10BC580003F00F0306E0814BD3F8F4301B041B0EEE
:10BC680003F00F037F4A52F82330BB60D1E2002370
:10BC7800BB60CEE2794BD3F8F03003F00063B3F148
:10BC8800006F12D1FB68B3F5806F0ED1734BD3F8F8
:10BC9800F03003F08053B3F1805F02D1FA23BB6028
:10BCA800B7E24FF4FA43BB60B3E26C4B1B6803F492
:10BCB8008063B3F5806F06D1FB68B3F5006F02D1DE
:10BCC800674BBB60A5E2654BD3F8F03003F0020385
:10BCD800022B07D1FB68B3F5406F03D14FF4004343
:10BCE800BB6096E20023BB6093E2D7E90023A2F58C
:10BCF80080610B4347D1594BD3F8E03003F440231C
:10BD0800FB60FB68002B03D1FDF71AFEB86080E2E8
:10BD1800524BD3F8F03003F00063B3F1006F12D147
:10BD2800FB68B3F5802F0ED14C4BD3F8F03003F0FD
:10BD38008053B3F1805F02D1FA23BB6069E24FF40C
:10BD4800FA43BB6065E2454B1B6803F48063B3F5B7
:10BD5800806F06D1FB68B3F5002F02D1404BBB6062
:10BD680057E23E4BD3F8F03003F00203022B07D121
:10BD7800FB68B3F5402F03D14FF40043BB6048E2A2
:10BD88000023BB6045E2D7E9002302F178410B4369
:10BD98002DD1324BD3F8E03003F04073FB602F4BCA
:10BDA8001B6803F40033B3F5003F05D1FB68002B93
:10BDB80002D12B4BBB602CE2FB68B3F1807F07D12B
:10BDC80007F110031846FEF73DFC7B69BB6020E2D3
:10BDD800FB68B3F1007F07D107F11C031846FEF793
:10BDE8008BFDFB69BB6014E20023BB6011E2D7E95D
:10BDF8000023A2F500010B435DD1184BD3F8E030C6
:10BE080003F44013FB60FB68B3F5401F2FD0FB68B9
:10BE1800B3F5401F4CD8FB68B3F5001F13D0FB687F
:10BE2800B3F5001F44D8FB68002B04D0FB68B3F5BA
:10BE3800801F04D03CE0FDF797FDB860E9E1FDF70D
:10BE480063FCB860E5E1054B1B6803F48063B3F558
:10BE5800806F09D1024BBB60DBE100BF000C0246DA
:10BE68000024F400D43F01080023BB60D1E1AB4BB0
:10BE78001B6803F02003202B17D1A84B9B6803F401
:10BE88000003002B05D0A54B9B681B0E03F00F0386
:10BE980006E0A24BD3F8F4301B041B0E03F00F038B
:10BEA8009F4A52F82330BB60B3E10023BB60B0E186
:10BEB8000023BB60ADE1D7E9002302F17F410B43CA
:10BEC80056D1964BD3F8E03003F44033FB60FB685F
:10BED800B3F5403F28D0FB68B3F5403F45D8FB6831
:10BEE800B3F5003F13D0FB68B3F5003F3DD8FB68BE
:10BEF800002B04D0FB68B3F5803F04D035E0FDF794
:10BF08001FFDB86085E1FDF7FFFBB86081E1834B59
:10BF18001B6803F48063B3F5806F02D1814BBB606B
:10BF280077E10023BB6074E17C4B1B6803F02003BE
:10BF3800202B17D1794B9B6803F40003002B05D005
:10BF4800764B9B681B0E03F00F0306E0734BD3F888
:10BF5800F4301B041B0E03F00F03714A52F8233010
:10BF6800BB6056E10023BB6053E10023BB6050E196
:10BF7800D7E9002302F17E410B4376D1674BD3F812
:10BF8800E83003F01803FB60FB68182B6AD801A29D
:10BF980052F823F001C000086DC000086DC0000809
:10BFA8006DC000086DC000086DC000086DC00008B5
:10BFB8006DC0000809C000086DC000086DC0000809
:10BFC8006DC000086DC000086DC000086DC0000895
:10BFD8006DC0000811C000086DC000086DC00008E1
:10BFE8006DC000086DC000086DC000086DC0000875
:10BFF8006DC000082BC00008FDF7CAFCB86008E156
:10C00800FDF782FBB86004E1444B1B6803F48063CE
:10C01800B3F5806F02D1434BBB60FAE00023BB60ED
:10C02800F7E03E4B1B6803F02003202B17D13B4B56
:10C038009B6803F40003002B05D0384B9B681B0E4C
:10C0480003F00F0306E0354BD3F8F4301B041B0E46
:10C0580003F00F03324A52F82330BB60D9E00023C3
:10C06800BB60D6E00023BB60D3E0D7E9002302F130
:10C078007C410B435BD1294BD3F8E43003F44013E4
:10C08800FB60FB68B3F5401F13D0FB68B3F5401F96
:10C098004AD8FB68B3F5001F13D0FB68B3F5001F3F
:10C0A80042D8FB68002B14D0FB68B3F5801F14D06E
:10C0B8003AE007F11C031846FEF71EFC3B6ABB601A
:10C0C800A7E007F110031846FEF7BCFA7B69BB60CE
:10C0D8009FE0FDF719FBB8609BE0104B1B6803F06D
:10C0E8002003202B17D10D4B9B6803F40003002B72
:10C0F80005D00A4B9B681B0E03F00F0306E0074BA5
:10C10800D3F8F4301B041B0E03F00F03044A52F853
:10C118002330BB607DE00023BB607AE0000C024660
:10C12800D43F01080024F4000023BB6071E0D7E984
:10C13800002302F170410B4331D13D4BD3F8E83075
:10C1480003F40043FB603A4BD3F8F03003F00203EA
:10C15800022B06D1FB68002B03D14FF40043BB60D0
:10C1680057E0334BD3F8F03003F00063B3F1006FBE
:10C1780012D1FB68B3F5004F0ED12D4BD3F8F03038
:10C1880003F08053B3F1805F02D1FA23BB6040E033
:10C198004FF4FA43BB603CE00023BB6039E0D7E9C9
:10C1A8000023A2F500210B4331D1214BD3F8E43011
:10C1B80003F44053FB601E4B1B6803F40053B3F5B4
:10C1C800005F05D1FB68002B02D11A4BBB6020E051
:10C1D800174B1B6803F40053B3F5005F06D1FB68E7
:10C1E800B3F5805F02D1144BBB6012E0104B1B68A3
:10C1F80003F48063B3F5806F06D1FB68B3F5005F85
:10C2080002D10E4BBB6004E00023BB6001E00023B9
:10C21800BB60BB680A4A11687A6B51404FF0000254
:10C2280001D0F8F7EFFC18463837BD4680BD00BF8F
:10C23800000C0246006CDC0200366E010024F4009B
:10C248001800002080B584B000AF7860474B1B68A9
:10C25800464A23F080631360FBF75CFEF86008E051
:10C26800FBF758FE0246FB68D31A022B01D90323B9
:10C2780077E03E4B1B6803F00063002BF0D13B4B8B
:10C28800DB6A23F4706323F003037A6811687A6821
:10C298005268013A12020A4334491343CB62334BC2
:10C2A800DA6B334B13407A689268013AC2F308019B
:10C2B8007A68D268013A520292B211437A681269D6
:10C2C800013A120402F4FE0211437A685269013AF3
:10C2D800120602F0FE420A4324491343CB63234B60
:10C2E800DB6A23F00C027B689B6920491343CB620D
:10C2F8001E4BDA6A7B681B6A1C491343CB621B4BD3
:10C30800DB6A1A4A23F01003D362184B1B6C23F420
:10C318007F4323F0F8037A68D269D20013491343A4
:10C328000B64124BDB6A114A43F01003D3620F4BC4
:10C338001B680E4A43F080631360FBF7EBFDF8605F
:10C3480008E0FBF7E7FD0246FB68D31A022B01D988
:10C35800032306E0054B1B6803F00063002BF0D0B5
:10C36800002318461037BD4680BD00BF000C0246AA
:10C378000000808080B584B000AF7860474B1B68B0
:10C38800464A23F080531360FBF7C4FDF86008E0C9
:10C39800FBF7C0FD0246FB68D31A022B01D9032321
:10C3A80077E03E4B1B6803F00053002BF0D13B4B6A
:10C3B8001B6B23F4706323F003037A6811687A68AF
:10C3C8005268013A12020A43344913430B63334B50
:10C3D8005A6C334B13407A689268013AC2F30801E9
:10C3E8007A68D268013A520292B211437A681269A5
:10C3F800013A120402F4FE0211437A685269013AC2
:10C40800120602F0FE420A43244913434B64234BAD
:10C418001B6B23F00C027B689B69204913430B6359
:10C428001E4B1A6B7B681B6A1C4913430B631B4B1F
:10C438001B6B1A4A23F010031363184B9B6C23F4ED
:10C448007F4323F0F8037A68D269D2001349134373
:10C458008B64124B1B6B114A43F0100313630F4B91
:10C468001B680E4A43F080531360FBF753FDF860D6
:10C4780008E0FBF74FFD0246FB68D31A022B01D9EF
:10C48800032306E0054B1B6803F00053002BF0D094
:10C49800002318461037BD4680BD00BF000C024679
:10C4A8000000808080B582B000AF78607B68002B88
:10C4B80001D1012340E07B68DB6F002B06D17B684C
:10C4C800002283F878207868FBF7B2FB7B68242287
:10C4D800DA677B681B681A687B681B6822F00102B0
:10C4E8001A607B689B6A002B02D0786800F064FAB7
:10C4F800786800F0BFF80346012B01D101231BE047
:10C508007B681B685A687B681B6822F490425A60F3
:10C518007B681B689A687B681B6822F02A029A600D
:10C528007B681B681A687B681B6842F001021A6006
:10C53800786800F0D2FA034618460837BD4680BD31
:10C5480080B58AB002AFF860B9603B601346FB80E3
:10C55800FB68DB6F202B40F08780BB68002B02D084
:10C56800FB88002B01D101237FE0FB681B689B68D7
:10C5780003F08003802B07D1FB681B689A68FB686F
:10C588001B6822F080029A60FB680022C3F88420AE
:10C59800FB682122DA67FBF7BDFCF861FB68FA88C3
:10C5A800A3F85020FB68FA88A3F85220FB689B6820
:10C5B800B3F5805F08D1FB681B69002B04D1002309
:10C5C8007B61BB68BB6103E0BB687B610023BB6127
:10C5D8002FE03B680093FB6900228021F86800F097
:10C5E80024FB0346002B04D0FB682022DA670323D0
:10C5F8003BE07B69002B0BD1BB691B881A46FB68A3
:10C608001B68C2F308029A62BB690233BB6107E088
:10C618007B691A78FB681B689A627B6901337B61C6
:10C62800FB68B3F852309BB2013B9AB2FB68A3F89F
:10C638005220FB68B3F852309BB2002BC9D13B683B
:10C648000093FB6900224021F86800F0EEFA0346E7
:10C65800002B04D0FB682022DA67032305E0FB687F
:10C668002022DA67002300E0022318462037BD465F
:10C6780080BD00002DE9B04F92B000AFF8620023F2
:10C6880087F83130FB6A1A687E4B9A42FB6A9A68CF
:10C69800FB6A1B691A43FB6A5B691A43FB6ADB691D
:10C6A80013437B63FB6A1B681B6877491940FB6A65
:10C6B8001A687B6B0B431360FB6A1B685B6823F487
:10C6C8004050FB6AD968FB6A1A6840EA0103536064
:10C6D800FB6A9B697B63FB6A1A686A4B9A4209D0BA
:10C6E800FB6A1A68694B9A4204D0FB6A1A6A7B6B28
:10C6F80013437B63FB6A1B689B6823F06E4121F43C
:10C708003061FB6A1A687B6B0B439360FB6A1B689A
:10C71800DB6A23F00F00FB6A596AFB6A1A6840EA71
:10C728000103D362FB6A1A68594B9A4202D101236A
:10C73800BB6329E0FB6A1A68564B9A4202D102236E
:10C74800BB6321E0FB6A1A68534B9A4202D1042367
:10C75800BB6319E0FB6A1A68504B9A4202D108235E
:10C76800BB6311E0FB6A1A684D4B9A4202D1102351
:10C77800BB6309E0FB6A1A68424B9A4202D1202344
:10C78800BB6301E00023BB63FB6A1A683D4B9A4216
:10C7980005D0FB6A1A683D4B9A4240F08580BB6B16
:10C7A80000223B627A62D7E90801FEF759FBF86379
:10C7B800FB6B002B00F0E880FB6A5B6A394A32F8B1
:10C7C80013301A46FB6BB3FBF2F37B64FB6A5A68BF
:10C7D80013465B0013447A6C9A4205D3FB6A5B6884
:10C7E8001B037A6C9A4203D9012387F8313048E059
:10C7F800FB6B0022BB61FA61FB6A5B6A294A32F86B
:10C8080013309BB200223B617A61D7E90423D7E950
:10C818000601F3F77BFD02460B46104619464FF01A
:10C8280000024FF000030B0243EA10630202F96AA8
:10C838004968490800200C46054612EB040843EBFA
:10C848000509FB6A5B680022BB60FA60D7E902232E
:10C8580040464946F3F75AFD02460B4613463B64E9
:10C868003B6CB3F5407F08D33B6CB3F5801F04D213
:10C87800FB6A1B683A6CDA6003E0012387F8313001
:10C8880082E081E000240046F369FFCF00240056CF
:10C89800003801400044004000480040004C00407F
:10C8A8000050004094400108FB6ADB69B3F5004F73
:10C8B8003CD1BB6B00223B607A60D7E90001FEF7F0
:10C8C800CFFAF863FB6B002B5ED0FB6A5B6A394AD0
:10C8D80032F813301A46FB6BB3FBF2F35A00FB6ACB
:10C8E8005B685B081A44FB6A5B68B2FBF3F33B6462
:10C8F8003B6C0F2B16D93B6CB3F5803F12D23B6CC7
:10C908009BB223F00F037B863B6C5B089BB203F062
:10C9180007039AB27B8E13437B86FB6A1B687A8E69
:10C92800DA6031E0012387F831302DE0BB6B00225B
:10C938009A46934650465946FEF792FAF863FB6BBF
:10C94800002B21D0FB6A5B6A1A4A32F813301A4668
:10C95800FB6BB3FBF2F2FB6A5B685B081A44FB6A89
:10C968005B68B2FBF3F33B643B6C0F2B09D93B6C60
:10C97800B3F5803F05D23B6C9AB2FB6A1B68DA605C
:10C9880002E0012387F83130FB6A0122A3F8662010
:10C99800FB6A0122A3F86420FB6A00221A67FB6A7B
:10C9A80000225A6797F8313018464837BD46BDE827
:10C9B800B08F00BF9440010880B483B000AF7860A6
:10C9C8007B689B6A03F00803002B0AD07B681B680E
:10C9D8005B6823F400417B689A6B7B681B680A4399
:10C9E8005A607B689B6A03F00103002B0AD07B68BE
:10C9F8001B685B6823F400317B68DA6A7B681B6814
:10CA08000A435A607B689B6A03F00203002B0AD032
:10CA18007B681B685B6823F480317B681A6B7B68D2
:10CA28001B680A435A607B689B6A03F00403002B67
:10CA38000AD07B681B685B6823F480217B685A6B8B
:10CA48007B681B680A435A607B689B6A03F0100383
:10CA5800002B0AD07B681B689B6823F480517B6895
:10CA6800DA6B7B681B680A439A607B689B6A03F0F1
:10CA78004003002B1AD07B681B685B6823F4801185
:10CA88007B681A6C7B681B680A435A607B681B6C5E
:10CA9800B3F5801F0AD17B681B685B6823F4C0016B
:10CAA8007B685A6C7B681B680A435A607B689B6A80
:10CAB80003F08003002B0AD07B681B685B6823F4B3
:10CAC80000217B689A6C7B681B680A435A6000BF28
:10CAD8000C37BD465DF8047B704780B598B002AF4F
:10CAE80078607B680022C3F88420FBF713FAF860AB
:10CAF8007B681B681B6803F00803082B2ED16FF0B6
:10CB08007E430093FB6800224FF40011786800F020
:10CB18008CF80346002B21D07B681B68BB62BB6A7C
:10CB280053E8003FFB62FB6A23F080033B617B68AC
:10CB38001B681A463B69FB613A62396AFA6941E83F
:10CB480000237B627B6A002BE6D17B682022DA67B0
:10CB58007B68002283F87820032362E07B681B68E7
:10CB68001B6803F00403042B49D16FF07E43009344
:10CB7800FB6800224FF48001786800F056F80346FD
:10CB8800002B3CD07B681B68FB63FB6B53E8003FC2
:10CB98003B643B6C23F490737B617B681B681A468B
:10CBA8007B693B637A63796B3A6B41E80023BB632B
:10CBB800BB6B002BE6D17B681B6808333B653B6D7C
:10CBC80053E8003F7B657B6D23F00103BB617B6805
:10CBD8001B680833BA697A64BB64B96C7A6C41E83B
:10CBE8000023FB64FB6C002BE5D17B682022C3F893
:10CBF80080207B68002283F87820032311E07B687B
:10CC08002022DA677B682022C3F880207B68002214
:10CC18009A667B680022DA667B68002283F87820AF
:10CC2800002318465837BD4680BD80B584B000AF94
:10CC3800F860B9603B601346FB714FE0BB69B3F124
:10CC4800FF3F4BD0FBF766F902463B68D31ABA6937
:10CC58009A4202D3BB69002B01D103234EE0FB6843
:10CC68001B681B6803F00403002B37D0BB68802BBC
:10CC780034D0BB68402B31D0FB681B68DB6903F0FC
:10CC88000803082B10D1FB681B6808221A62F86891
:10CC980000F038F8FB680822C3F88420FB680022FB
:10CCA80083F87820012329E0FB681B68DB6903F41B
:10CCB8000063B3F5006F11D1FB681B684FF4006285
:10CCC8001A62F86800F01EF8FB682022C3F8842076
:10CCD800FB68002283F8782003230FE0FB681B68B9
:10CCE800DA69BB681340BA689A420CBF0123002373
:10CCF800DBB21A46FB799A42A0D0002318461037B7
:10CD0800BD4680BD80B495B000AF78607B681B6875
:10CD18003B623B6A53E8003F7B627B6A23F4907373
:10CD2800BB607B681B681A46BB687B61BA61B969DE
:10CD38007A6941E80023FB61FB69002BE6D17B6837
:10CD48001B6808337B637B6B53E8003FBB63BB6B9B
:10CD580023F0805323F00103FB607B681B680833D2
:10CD6800FA68BA62FB62F96ABA6A41E800233B636F
:10CD78003B6B002BE3D17B689B6E012B18D17B6842
:10CD88001B68BB64BB6C53E8003FFB64FB6C23F07F
:10CD980010033B617B681B681A463B69FB633A6476
:10CDA800396CFA6B41E800237B647B6C002BE6D17D
:10CDB8007B682022C3F880207B6800229A667B6803
:10CDC80000221A6700BF5437BD465DF8047B7047E0
:10CDD80080B485B000AF78607B6893F87830012B19
:10CDE80001D1022325E07B68012283F878207B6843
:10CDF8002422DA677B681B681B68FB607B681B68FA
:10CE08001A687B681B6822F001021A60FB6823F02D
:10CE18000053FB607B6800221A667B681B68FA680F
:10CE28001A607B682022DA677B68002283F8782002
:10CE3800002318461437BD465DF8047B7047000090
:10CE480080B584B000AF786039600123BB607B682F
:10CE5800FB60FB68002B04D140F237113648FAF723
:10CE6800D3FEFB68002B57D0FB68DB6B002B53D03D
:10CE7800FB681A6CFB68DB6B0021A3FB0223002B09
:10CE880000D001210B46002B46D102F0FFFEFB68C3
:10CE98001A68FB68DB6BF968096C01FB03F31A4439
:10CEA800FB689A60FB6800229A63FB681A68FB6853
:10CEB8005A60FB681A68FB68DB6B013BF968096C10
:10CEC80001FB03F31A44FB68DA60FB68FF2283F86E
:10CED8004420FB68FF2283F845203B68002B0ED1D5
:10CEE800FB681B69002B14D0FB681033184601F04F
:10CEF8001BFE0346002B0CD002F0B6FE09E0FB68CF
:10CF08001033184603F0C6F9FB682433184603F0BB
:10CF1800C1F902F0CDFE01E00023BB60BB68002B25
:10CF280004D14FF4B6710448FAF76EFEBB68184690
:10CF38001037BD4680BD00BFCC3D010880B588B024
:10CF480002AFF860B9607A603B6000237B613B68A0
:10CF5800002B04D14FF4C2711E48FAF755FEFB6846
:10CF6800002B2AD03B68002B27D07B68002B02D0EF
:10CF7800BB68002B21D07B68002B02D1BB68002B3B
:10CF88001BD150233B613B69502B04D04FF4CB712C
:10CF98001048FAF739FE3B693B687B617B690122DF
:10CFA80083F8462097F820207B69009313467A6817
:10CFB800B968F86800F010F807E07B69002B04D125
:10CFC8004FF4D8710348FAF71FFE7B6918461837E3
:10CFD800BD4680BDCC3D010880B584B000AFF86087
:10CFE800B9607A60FB70BB68002B03D1BB69BA6972
:10CFF8001A6002E0BB697A681A60BB69FA68DA638A
:10D00800BB69BA681A640121B869FFF719FFBB69DF
:10D01800FA7883F84C20BB6993F84C30042B28D855
:10D0280001A252F823F000BF45D0000861D00008E3
:10D038007BD0000853D000086FD00008FB680F4A67
:10D04800B9691120F5F7CCFB13E000230B4AB96945
:10D058001220F5F7C5FB0CE00023084AB969132034
:10D06800F5F7BEFB05E00023044AB9691720F5F778
:10D07800B7FB00BF1037BD4680BD00BF143E010896
:10D0880080B58AB000AFF860B9607A603B60AA4B9F
:10D098001B687B624FF0000300233B61FB687B61E8
:10D0A8007B69002B04D14FF47071A448FAF7ACFDEA
:10D0B800BB68002B03D17B691B6C002B01D10123BA
:10D0C80000E00023002B04D140F2C1319B48FAF75D
:10D0D8009BFD3B68022B03D17B69DB6B012B01D1E4
:10D0E800012300E00023002B04D140F2C231934811
:10D0F800FAF78AFD01F0ACFF0346002B02D17B68EA
:10D10800002B01D1012300E00023002B04D140F2C1
:10D11800C5318A48FAF778FD02F0B8FD7B699A6B49
:10D128007B69DB6B9A4202D33B68022B52D17B6945
:10D1380093F84C30042B2FD801A252F823F000BFEB
:10D148005DD100088BD1000879D1000879D1000899
:10D1580097D100083B68002B01D1502000E0C02087
:10D1680079697B699B6B01331A46F3F7CDFF13E0AE
:10D1780079697B699B6B01331A465120F3F7C4FF29
:10D188000AE07B6919465220F3F730FF04E07B6917
:10D198001946C520F3F72AFF3A68B968786900F09C
:10D1A80071FCB8617B695B6A002B0AD07B69243308
:10D1B800184601F0B9FC0346002B07D002F054FDD5
:10D1C80004E0BB69002B01D002F04EFD02F070FDB7
:10D1D8000123E8E07B68002B30D102F069FD7B6910
:10D1E80093F84C30042B27D801A252F823F000BF43
:10D1F8000DD2000837D2000827D2000827D200082D
:10D2080037D200083B68002B01D1532000E0C12031
:10D2180079697B699B6B1A46F3F776FF0CE07969AD
:10D228007B699B6B1A465420F3F76EFF04E07B6919
:10D2380019465520F3F7DAFE0023B4E03B69002BCA
:10D2480006D107F11C03184601F046FD01233B6196
:10D2580002F02EFD01F002F902F018FD7B6993F847
:10D2680044305BB2B3F1FF3F03D17B69002283F8FE
:10D2780044207B6993F845305BB2B3F1FF3F03D19B
:10D288007B69002283F8452002F012FD3A1D07F160
:10D298001C031146184601F035FD0346002B4FD1FB
:10D2A800786900F0E7FC0346002B3ED07B6993F8D1
:10D2B8004C30042B26D801A252F823F0D9D200080A
:10D2C80003D30008F3D20008F3D2000803D3000800
:10D2D8003B68002B01D1562000E0C22079697B69A8
:10D2E8009B6B1A46F3F710FF0CE079697B699B6B1F
:10D2F8001A465720F3F708FF04E07B6919465820BF
:10D30800F3F774FE7B6910337A681146184601F00A
:10D318009FFB786900F046FC01F0AEF80346002B4D
:10D328007FF4FAAE02F0A0FCF6E6786900F03AFC69
:10D3380001F0A2F8F0E600BF18000020CC3D01087B
:10D34800786900F02FFC01F097F87B6993F84C306E
:10D35800042B27D801A252F823F000BF79D3000884
:10D36800A3D3000893D3000893D30008A3D30008DD
:10D378003B68002B01D1532000E0C12079697B690B
:10D388009B6B1A46F3F7C0FE0CE079697B699B6BCF
:10D398001A465420F3F7B8FE04E07B691946552075
:10D3A800F3F724FE0023064A11687A6A51404FF0C9
:10D3B800000201D0F7F726FC18462837BD4680BD85
:10D3C8001800002080B58AB000AFF860B9607A60B4
:10D3D800B14B1B687B624FF0000300233B61FB6885
:10D3E8007B617B69002B04D14FF4BE61AB48FAF72F
:10D3F8000BFCBB68002B03D17B691B6C002B01D194
:10D40800012300E00023002B04D140F2F451A3488B
:10D41800FAF7FAFB01F01CFE0346002B02D17B68E9
:10D42800002B01D1012300E00023002B04D140F29E
:10D43800F9519A48FAF7E8FB02F028FC7B699B6BE4
:10D44800BB61BB69002B4AD0B968786900F084FBDE
:10D458007B6993F84C30042B2BD801A252F823F0A7
:10D468007DD40008A1D400088FD400088FD4000808
:10D47800AFD4000879697A687B699B6B013B6020AF
:10D48800F3F7D4FE15E079697A687B699B6B013BF9
:10D498006120F3F7CBFE0CE07B697A6819466220BD
:10D4A800F3F732FE05E07B697A681946C720F3F77F
:10D4B8002BFEBB695A1E7B699A637B691B69002B2B
:10D4C80009D07B691033184601F02EFB0346002B68
:10D4D80001D002F0C9FB02F0EBFB0123F6E07B6808
:10D4E800002B32D102F0E4FB7B6993F84C30042B1B
:10D4F80029D801A252F823F015D5000835D500081F
:10D5080025D5000825D5000843D5000879697A682B
:10D518007B699B6B6320F3F789FE14E079697A686D
:10D528007B699B6B6420F3F781FE0CE07B697A686A
:10D5380019466520F3F7E8FD05E07B697A68194626
:10D54800C820F3F7E1FD0023C0E03B69002B06D1BA
:10D5580007F11C03184601F0BFFB01233B6102F0F1
:10D56800A7FB00F07BFF02F091FB7B6993F8443046
:10D578005BB2B3F1FF3F03D17B69002283F84420FB
:10D588007B6993F845305BB2B3F1FF3F03D17B6908
:10D59800002283F8452002F08BFB3A1D07F11C039B
:10D5A8001146184601F0AEFB0346002B4ED17869B0
:10D5B80000F04AFB0346002B42D07B6993F84C30BD
:10D5C800042B2AD801A252F823F000BFE9D500089D
:10D5D80009D60008F9D50008F9D5000817D60008BB
:10D5E80079697A687B699B6B6620F3F71FFE14E004
:10D5F80079697A687B699B6B6720F3F717FE0CE003
:10D608007B697A6819466820F3F77EFD05E07B6937
:10D618007A681946F620F3F777FD7B6924337A6830
:10D628001146184601F014FA786900F0BBFA00F0C8
:10D6380023FF0346002B7FF4FFAE02F015FBFBE649
:10D64800786900F0AFFA00F017FFF5E6786900F0A6
:10D65800A9FA00F011FF786900F0F6FA0346002BEA
:10D668003FF4EAAE7B6993F84C30042B2DD801A225
:10D6780052F823F091D60008B9D60008A9D60008B8
:10D68800A9D60008C7D6000879697A687B699B6BB8
:10D698006320F3F7CBFD18E018000020CC3D01080B
:10D6A80079697A687B699B6B6420F3F7BFFD0CE0AE
:10D6B8007B697A6819466520F3F726FD05E07B69E2
:10D6C8007A681946C820F3F71FFD0023064A116837
:10D6D8007A6A51404FF0000201D0F7F793FA1846E2
:10D6E8002837BD4680BD00BF1800002080B58AB02D
:10D6F80000AF78603960A64B1B687B624FF000036F
:10D708000023FB607B683B610023BB603B69002B07
:10D7180004D140F289619F48FAF776FA3B691B6C9D
:10D72800002B04D040F28D619A48FAF76DFA01F0A7
:10D738008FFC0346002B02D13B68002B01D101234B
:10D7480000E00023002B04D140F292619148FAF7DF
:10D758005BFA02F09BFA3B699B6B7B617B69002B50
:10D7680050D03B6993F84C30042B2CD801A252F8C6
:10D7780023F000BF91D70008B5D70008A3D7000849
:10D78800A3D70008C3D7000839693A683B699B6B7F
:10D79800013B6020F3F74AFD15E039693A683B69B7
:10D7A8009B6B013B6120F3F741FD0CE03B693A6854
:10D7B80019466220F3F7A8FC05E03B693A68194668
:10D7C800C720F3F7A1FC7B695A1E3B699A633B6942
:10D7D8001B68002B04D101F06BFE02463B699A607E
:10D7E8003B691B69002B09D03B691033184601F0CF
:10D7F8009BF90346002B01D002F036FA02F058FAE2
:10D80800012317E13B68002B33D102F051FA3B6941
:10D8180093F84C30042B2AD801A252F823F000BF09
:10D828003DD800085DD800084DD800084DD800083C
:10D838006BD8000839693A683B699B6B6320F3F73A
:10D84800F5FC14E039693A683B699B6B6420F3F78F
:10D85800EDFC0CE03B693A6819466520F3F754FC87
:10D8680005E03B693A681946C820F3F74DFC0023E8
:10D87800E0E0FB68002B06D107F11C03184601F015
:10D888002BFA0123FB6002F013FA00F0E7FD02F027
:10D89800FDF93B6993F844305BB2B3F1FF3F03D124
:10D8A8003B69002283F844203B6993F845305BB21A
:10D8B800B3F1FF3F03D13B69002283F8452002F012
:10D8C800F7F93A4607F11C031146184601F01AFA0F
:10D8D8000346002B60D1386900F0B6F90346002BE7
:10D8E80050D03B6993F84C30042B2AD801A252F847
:10D8F80023F000BF11D9000831D9000821D9000848
:10D9080021D900083FD9000839693A683B699B6BFF
:10D918006620F3F78BFC14E039693A683B699B6B26
:10D928006720F3F783FC0CE03B693A6819466820E6
:10D93800F3F7EAFB05E03B693A681946F620F3F786
:10D94800E3FB3B691B68002B09D102F09FF93B6997
:10D958009B68184601F09AFBB86002F0A9F93B6988
:10D9680024333A681146184601F072F8386900F015
:10D9780019F900F081FD0346002B7FF4EAAE02F0AE
:10D9880073F9E6E6386900F00DF900F075FDE0E698
:10D9980018000020CC3D0108386900F003F900F0B8
:10D9A8006BFD386900F050F90346002B3FF4D1AE07
:10D9B800BB68002B0DD002F069F9386900F04AF80D
:10D9C800B8613B699B68B969184601F0B5FC02F07B
:10D9D8006FF93B6993F84C30042B2AD801A252F80E
:10D9E80023F000BF01DA000821DA000811DA000884
:10D9F80011DA00082FDA000839693A683B699B6B2D
:10DA08006320F3F713FC14E039693A683B699B6BB0
:10DA18006420F3F70BFC0CE03B693A681946652073
:10DA2800F3F772FB05E03B693A681946C820F3F73B
:10DA38006BFB0023064A11687A6A51404FF00002D6
:10DA480001D0F7F7DFF818462837BD4680BD00BF7C
:10DA58001800002080B485B000AF78607B685B6AEE
:10DA6800002B06D07B681B6B1B68C3F10903FB60A6
:10DA780001E00023FB60FB6818461437BD465DF8DB
:10DA8800047B704780B586B000AFF860B9607A60F3
:10DA980000233B61FB689B6B7B61FB681B6C002B65
:10DAA8000DD1FB681B68002B4DD1FB689B6818469D
:10DAB80001F09AFB3861FB6800229A6043E07B68BA
:10DAC800002B19D1FB685868FB681B6C1A46B968AB
:10DAD800F2F794FDFB685A68FB681B6C1A44FB68F4
:10DAE8005A60FB685A68FB689B689A422BD3FB68AC
:10DAF8001A68FB685A6026E0FB68D868FB681B6CEC
:10DB08001A46B968F2F77AFDFB68DA68FB681B6C9D
:10DB18005B421A44FB68DA60FB68DA68FB681B68DA
:10DB28009A4207D2FB689A68FB681B6C5B421A44EE
:10DB3800FB68DA607B68022B05D17B69002B02D079
:10DB48007B69013B7B617B695A1CFB689A633B6973
:10DB580018461837BD4680BD80B582B000AF7860E2
:10DB680039607B681B6C002B18D07B68DA687B688F
:10DB78001B6C1A447B68DA607B68DA687B689B6890
:10DB88009A4203D37B681A687B68DA607B68D96835
:10DB98007B681B6C1A463868F2F730FD00BF0837FF
:10DBA800BD4680BD80B584B000AF786002F06EF8E5
:10DBB8007B6893F84530BB7311E07B685B6A002B88
:10DBC80012D07B682433184600F0AEFF0346002BC2
:10DBD80001D001F0F3F8BB7B013BDBB2BB7397F9D3
:10DBE8000E30002BE9DC00E000BF7B68FF2283F8E1
:10DBF800452002F05DF802F049F87B6893F844305C
:10DC0800FB7311E07B681B69002B12D07B68103313
:10DC1800184600F089FF0346002B01D001F0CEF82A
:10DC2800FB7B013BDBB2FB7397F90F30002BE9DC80
:10DC380000E000BF7B68FF2283F8442002F038F838
:10DC480000BF1037BD4680BD80B584B000AF786096
:10DC580002F01CF87B689B6B002B02D10123FB6050
:10DC680001E00023FB6002F023F8FB681846103738
:10DC7800BD4680BD80B584B000AF786002F006F87C
:10DC88007B689A6B7B68DB6B9A4202D10123FB604D
:10DC980001E00023FB6002F00BF8FB681846103720
:10DCA800BD4680BD80B584B000AF78603960002380
:10DCB800FB607B68002B04D140F6CE311D48F9F794
:10DCC800A3FF3B68002B24D00023BB601EE01A4A48
:10DCD800BB68DB0013445B687A689A4205D1BB686D
:10DCE800DB00154A1344FB6013E0FB68002B0AD1E4
:10DCF800114ABB6852F83330002B04D1BB68DB00F3
:10DD08000D4A1344FB60BB680133BB60BB680F2B33
:10DD1800DDD9FB68002B09D0FB683A681A60FB68FC
:10DD28007A685A6039687868F4F7C8FD00BF103718
:10DD3800BD4680BDCC3D01081CAC002080B586B036
:10DD480000AFF860B9607A60FB687B6101F09EFF04
:10DD58007B6993F844305BB2B3F1FF3F03D17B6931
:10DD6800002283F844207B6993F845305BB2B3F115
:10DD7800FF3F03D17B69002283F8452001F098FF1B
:10DD88007B699B6B002B06D17B6924337A68B96861
:10DD9800184600F07DFE7869FFF704FF00BF1837CA
:10DDA800BD4680BD80B58AB004AFF860B9607A60BE
:10DDB8003B607B6A002B04D140F2FC411F48F9F715
:10DDC80023FFBB6A002B04D140F2FD411B48F9F741
:10DDD8001BFF60233B613B69602B04D040F2055177
:10DDE8001648F9F711FF3B69BB6A002B1FD07B6A05
:10DDF800002B1CD0BB6A7B61602200217869F2F796
:10DE080073FC7B697A6A1A637B69022283F85D2056
:10DE1800002303937B690293FB6A01933B6A009397
:10DE28003B687A68B968F86800F042F801E00023B6
:10DE38007B617B6918461837BD4680BD183E0108CE
:10DE480080B58EB004AF78613961FA60BB607B6BD6
:10DE58007B60BB6B3B60154B1B687B624FF000031C
:10DE68000023FB6107F11C0303933B6802937B6863
:10DE780001933B6B0093BB68FA6839697869FFF7CF
:10DE880091FF38623B6A002B02D0386A00F0A4F890
:10DE9800FB69064A11687A6A51404FF0000201D0C6
:10DEA800F6F7B0FE18462837BD4680BD180000209A
:10DEB80080B586B000AFF860B9607A603B60BB6A35
:10DEC800186B7B689B001A46A521F2F70DFCBB6A0C
:10DED8001A6B7B6803F18043013B9B0013447B6111
:10DEE8007B6923F007037B617B6903F00703002B41
:10DEF80004D040F239713748F9F786FEBB68002B29
:10DF08001ED000233B6112E0BA683B6913441978BC
:10DF1800BA6A3B69134434330A461A70BA683B69D3
:10DF280013441B78002B06D03B6901333B613B69E6
:10DF38000F2BE9D900E000BFBB6A002283F8432019
:10DF48003B6A082B04D940F26F712248F9F75CFE4E
:10DF58003B6A082B01D908233B62BB6A3A6ADA623A
:10DF6800BB6A3A6ADA64BB6A0433184602F0B2F94B
:10DF7800BB6A1833184602F0ADF9BB6ABA6A1A616F
:10DF88003B6AC3F10902BB6A9A61BB6ABA6A5A6200
:10DF9800BB6A196B3B68FA68786901F0DFFE0246D4
:10DFA800BB6A1A60BB6A1B687A69D31A9B101A4647
:10DFB8007B68934204D840F2D2710648F9F724FEF0
:10DFC8007B6A002B02D07B6ABA6A1A6000BF1837D6
:10DFD800BD4680BD183E010880B584B000AF7860AA
:10DFE80001F054FE484B1B680133474A1360474B06
:10DFF8001B68002B09D1454A7B681360424B1B689C
:10E00800012B10D100F01EFF0DE0414B1B68002BC7
:10E0180009D13E4B1B68DA6A7B68DB6A9A4202D8F0
:10E028003A4A7B6813603B4B1B680133394A1360DB
:10E03800384B1A687B685A647B68002B0BD07B6866
:10E04800002B08D07B6803F134027B68DB6A7968AF
:10E058001020F4F7C5FB7B6819463020F2F7C6FF9D
:10E068007B68DB6A01229A402B4B1B6813432A4AC0
:10E0780013607B68DA6A294913469B0013449B00A6
:10E088000B4404331B68FB607B68FA689A60FB6882
:10E098009A687B68DA60FB689B687A6804325A6021
:10E0A8007B681A1DFB689A607B68DA6A13469B00D6
:10E0B80013449B00194A1A447B685A617B68DA6AE0
:10E0C800164913469B0013449B000B441B687A684F
:10E0D800D26A591C114813469B0013449B00034401
:10E0E800196001F0E5FD0A4B1B68002B08D0074BAF
:10E0F8001B68DA6A7B68DB6A9A4201D201F0B4FDD8
:10E1080000BF1037BD4680BDC4AD00209CAC0020C8
:10E11800D0AD0020E0AD0020CCAD0020A0AC0020A8
:10E1280080B586B000AF78600023FB6001F0AEFDDB
:10E138007B68002B02D1464B1B6800E07B683B6183
:10E148003B69002B04D140F6B1014248F9F75CFD68
:10E158003B690433184602F027F90346002B15D112
:10E168003B69DA6A3C4913469B0013449B000B4405
:10E178001B68002B0AD13B69DB6A012202FA03F310
:10E18800DA43364B1B681340344A13603B699B6A79
:10E19800002B04D03B691833184602F005F9304BC0
:10E1A8001B6801332E4A1360294B1B683A699A424F
:10E1B80001D1012300E000237B612A4B1B68002B5F
:10E1C80017D07B69002B14D03B69043319462648C5
:10E1D80002F08DF8254B1B680133244A13603B6914
:10E1E800DB6A1A4639692020F4F724FB0123FB6017
:10E1F8000DE01F4B1B68013B1D4A13603B69DB6A3E
:10E208001A4639692020F4F715FB00F0F5FE01F0F5
:10E218004FFDFB68012B02D0386900F0C1FE114B9D
:10E228001B68002B0FD00A4B1B683A699A420AD127
:10E23800104B1B68002B04D040F62A110548F9F74B
:10E24800E3FC01F011FD00BF1837BD4680BD00BFDB
:10E258009CAC0020183E0108A0AC0020CCAD0020EA
:10E26800E0AD0020D0AD002098AD0020ACAD00207E
:10E27800C4AD0020ECAD002080B584B000AF78605C
:10E288000023FB607B68002B15D000F0E7F80E4BED
:10E298001B68012B04D040F6D5110C48F9F7B4FCE3
:10E2A80079687A20F2F7A2FE0021786801F018F95F
:10E2B80000F0E2F8F860FB68002B01D101F0D4FC13
:10E2C80000BF1037BD4680BDECAD0020183E0108E8
:10E2D80080B590B004AF3C4B1B68FB624FF0000365
:10E2E8000123FB6007F11C0300221A605A609A6040
:10E2F800DA600023BB6100237B6113E0334A7B694A
:10E308001344197807F11C027B6913440A461A70F2
:10E3180007F11C027B6913441B78002B06D07B692C
:10E3280001337B617B690E2BE8D900E000BF07F160
:10E338001C027B69134400221A7000233B6130E001
:10E34800234BBB6100233B6000237B6007F108027D
:10E35800391D3B461846F9F711FCB8687B683A68DE
:10E3680007F11C0102920193002300930023024647
:10E37800B869FFF765FD024616493B6941F8232055
:10E38800144A3B6952F82330002B02D00123FB606A
:10E3980001E00023FB60FB68012B06D13B690133D8
:10E3A8003B613B69002BCBDD00E000BFFB68064A00
:10E3B8001168FA6A51404FF0000201D0F6F722FCCA
:10E3C80018463037BD4680BD18000020603E010861
:10E3D800DDED0008E8AD002080B582B000AFFFF7A2
:10E3E80077FF78607B68012B02D101F0FBF8786039
:10E3F8007B68012B17D101F00DFE124B4FF0FF3255
:10E408001A60114B01221A60104B00221A60104B3F
:10E418001A680F4B1B68DB6A19461046F5F762F855
:10E4280001F026FD08E07B68B3F1FF3F04D140F618
:10E43800F8610848F9F7E8FB074B1B6800BF083785
:10E44800BD4680BDE4AD0020D0AD0020C8AD0020A1
:10E458009CAC0020183E0108AC40010880B400AF15
:10E46800044B1B680133034A136000BFBD465DF8C7
:10E47800047B7047ECAD002080B588B000AF002366
:10E488007B600023BB6001F001FC00233B61714B02
:10E498001B68002B04D140F6F6716F48F9F7B4FBFE
:10E4A8006C4B1B68013B6B4A13606A4B1B68002B63
:10E4B80040F0C980694B1B68002B00F0C48093E0D2
:10E4C800674BDB68DB687B607B689B6A7B617B688A
:10E4D800DB697A68126A9A607B681B6A7A68D26913
:10E4E8005A607B695A687B6818339A4203D17B6803
:10E4F8001A6A7B695A607B6800229A627B691B688A
:10E508005A1E7B691A607B685B69BB617B689B6884
:10E518007A68D2689A607B68DB687A6892685A6021
:10E52800BB695A687B6804339A4203D17B68DA680E
:10E53800BB695A607B6800225A61BB691B685A1E16
:10E54800BB691A607B6819463020F2F74FFD7B687B
:10E55800DB6A01229A40434B1B681343414A13600C
:10E568007B68DA6A404913469B0013449B000B44BE
:10E5780004331B68FB617B68FA699A60FB699A68D7
:10E588007B68DA60FB699B687A6804325A607B684A
:10E598001A1DFB699A607B68DA6A13469B0013446C
:10E5A8009B00314A1A447B685A617B68DA6A2E49B3
:10E5B80013469B0013449B000B441B687A68D26A7D
:10E5C800591C294813469B0013449B0003441960B7
:10E5D8007B68DA6A254B1B68DB6A9A4204D9244AAD
:10E5E8003B69012142F823101D4B1B68002B7FF467
:10E5F80067AF7B68002B01D000F0FEFC1D4B1B6849
:10E60800FB60FB68002B12D000F064F80346002B77
:10E6180004D0174A3B69012142F82310FB68013BEB
:10E62800FB60FB68002BEFD1124B00221A60104AE6
:10E638003B6952F82330002B05D00123BB600B4BFC
:10E648001B6801F011FB01F033FBBB68184620374B
:10E65800BD4680BDECAD0020183E0108C4AD0020C9
:10E6680084AD0020CCAD0020A0AC00209CAC0020E4
:10E67800D8AD0020D4AD002080B483B000AF054BE6
:10E688001B687B607B6818460C37BD465DF8047BC9
:10E69800704700BFC8AD002080B584B000AF786077
:10E6A8007B68002B02D1094B1B6800E07B68FB608C
:10E6B800FB68002B04D14FF486510548F9F7A4FAFA
:10E6C800FB68343318461037BD4680BD9CAC00202B
:10E6D800183E010880B588B000AF00233B60854B29
:10E6E8001B68012B03D0844B1B68002B05D1834B7F
:10E6F8001A68834B1B6801329A617E4B1B68002B9A
:10E7080040F0ED807D4B1B6801337B607B4A7B6862
:10E7180013607B68002B1AD17A4B1B681B68002B8F
:10E7280004D041F2FC217848F9F76EFA754B1B6862
:10E73800BB60764B1B68734A1360744ABB681360EE
:10E74800734B1B680133724A136000F055FC714B20
:10E758001B687A689A42C0F0AD806A4B1B681B68D8
:10E76800002B04D16B4B4FF0FF321A60A2E0654BCF
:10E778001B68DB68DB68FB60FB685B683B617A6889
:10E788003B699A4203D2634A3B69136092E0FB6893
:10E798005B697B61FB689B68FA68D2689A60FB6872
:10E7A800DB68FA6892685A607B695A68FB680433C8
:10E7B8009A4203D1FB68DA687B695A60FB680022D9
:10E7C8005A617B691B685A1E7B691A60FB689B6AE1
:10E7D800002B1ED0FB689B6ABB61FB68DB69FA688B
:10E7E800126A9A60FB681B6AFA68D2695A60BB6948
:10E7F8005A68FB6818339A4203D1FB681A6ABB69E6
:10E808005A60FB6800229A62BB691B685A1EBB6982
:10E818001A60FB6819463020F2F7E8FBFB68DB6AF0
:10E8280001229A403C4B1B6813433B4A1360FB6828
:10E83800DA6A3A4913469B0013449B000B4404339D
:10E848001B68FB61FB68FA699A60FB699A68FB6858
:10E85800DA60FB699B68FA6804325A60FB681A1D23
:10E86800FB699A60FB68DA6A13469B0013449B00B5
:10E878002A4A1A44FB685A61FB68DA6A2749134630
:10E888009B0013449B000B441B68FA68D26A591C0E
:10E89800224813469B0013449B0003441960FB68FD
:10E8A800DA6A1F4B1B68DB6A9A427FF656AF012370
:10E8B8003B6052E71A4B1B68DA6A184913469B00FB
:10E8C80013449B000B441B68012B01D901233B60B7
:10E8D800144B1B68002B07D001233B6004E0064B58
:10E8E8001B680133044A13603B6818462037BD464D
:10E8F80080BD00BFECAD0020D4AD0020C8AD002025
:10E90800B83B00207CAD0020183E010880AD0020F7
:10E91800DCAD0020E4AD0020CCAD0020A0AC002090
:10E928009CAC0020D8AD002080B588B000AF424B29
:10E938001B68002B03D0414B01221A6078E03F4B43
:10E9480000221A603E4B1B681846F4F7D5FE3C4B74
:10E958001B681B6B7B604FF0A533BB60384B1B6893
:10E968001A68374B1B681B6B9A4216D97B681B6861
:10E97800BA689A4211D17B6804331B68BA689A4214
:10E988000BD17B6808331B68BA689A4205D17B684B
:10E998000C331B68BA689A4209D0294B1B68343378
:10E9A800FB60274B1B68F9681846F9F71BF9254BDC
:10E9B8001B68BB61BB69B3FA83F3FB61FB69C3F1F5
:10E9C8001F033B6120493A6913469B0013449B008F
:10E9D8000B441B68002B04D141F299411B48F9F7FD
:10E9E80013F93A6913469B0013449B00164A1344D3
:10E9F8007B617B695B685A687B695A607B695A6886
:10EA08007B6908339A4203D17B69DA687B695A606B
:10EA18007B695B68DB680A4A1360094B1A68084B14
:10EA28001B68DB6A19461046F4F75CFD044B1B684B
:10EA380000BF2037BD4680BDECAD0020D8AD00201A
:10EA48009CAC0020CCAD0020A0AC0020183E0108F2
:10EA580080B582B000AF786039607B68002B04D144
:10EA680041F21F510848F9F7CFF8084B1B681833D3
:10EA78001946786801F05FFC0121386800F030FD24
:10EA880000BF0837BD4680BD183E01089CAC002079
:10EA980080B586B000AFF860B9607A60FB68002B7B
:10EAA80004D141F25D511D48F9F7AEF8FB685B6887
:10EAB8007B611B4B1B687A69DA61194B1B687A69A1
:10EAC80092681A62164B1A687B699B6818325A60FA
:10EAD800134B1B6803F118027B699A60104B1B6883
:10EAE800FA689A62FB681B685A1CFB681A607B68A4
:10EAF800002B02D04FF0FF33BB600A4B1A68BB688B
:10EB0800134419467920F2F771FA7968B86800F069
:10EB1800E7FC00BF1837BD4680BD00BF183E01089E
:10EB28009CAC0020C8AD002080B588B000AF7860EC
:10EB38007B68DB68DB68FB60FB68002B04D141F273
:10EB480094515E48F9F760F8FB689B6A3B61FB6883
:10EB5800DB69FA68126A9A60FB681B6AFA68D2690C
:10EB68005A603B695A68FB6818339A4203D1FB68BC
:10EB78001A6A3B695A60FB6800229A623B691B6803
:10EB88005A1E3B691A604E4B1B68002B65D1FB6807
:10EB98005B69BB61FB689B68FA68D2689A60FB682E
:10EBA800DB68FA6892685A60BB695A68FB68043384
:10EBB8009A4203D1FB68DA68BB695A60FB68002295
:10EBC8005A61BB691B685A1EBB691A60FB68194603
:10EBD8003020F2F70BFAFB68DB6A01229A40394BC6
:10EBE8001B681343374A1360FB68DA6A36491346D1
:10EBF8009B0013449B000B4404331B68FB61FB68B8
:10EC0800FA699A60FB699A68FB68DA60FB699B6835
:10EC1800FA6804325A60FB681A1DFB699A60FB683F
:10EC2800DA6A13469B0013449B00274A1A44FB6880
:10EC38005A61FB68DA6A244913469B0013449B0017
:10EC48000B441B68FA68D26A591C1F4813469B007C
:10EC580013449B00034419601BE01C4B5B687B61F9
:10EC6800FB687A69DA617B699A68FB681A627B6972
:10EC78009B68FA6818325A60FB6803F118027B69CE
:10EC88009A60FB68114A9A62104B1B6801330F4A5D
:10EC98001360FB68DA6A0E4B1B68DB6A9A4205D977
:10ECA8000123BB600B4B01221A6001E00023BB600B
:10ECB800BB6818462037BD4680BD00BF183E010816
:10ECC800ECAD0020CCAD0020A0AC002084AD00202D
:10ECD8009CAC0020D8AD002080B483B000AF786031
:10ECE800064B1A687B681A60054B1A687B685A607D
:10ECF80000BF0C37BD465DF8047B7047DCAD0020D3
:10ED0800C8AD002080B586B000AF786039607B68F8
:10ED1800002B04D141F244612548F8F775FF3B68A0
:10ED2800002B04D141F245612148F8F76DFF00F04E
:10ED3800ADFF204B1B683B617B685B683A69D31A5F
:10ED48007B613B681B68B3F1FF3F02D10023FB6086
:10ED580026E07B681A68184B1B689A420AD07B68C1
:10ED68005B683A699A4205D30123FB603B6800223D
:10ED78001A6015E03B681B687A699A420BD23B68B7
:10ED88001A687B69D21A3B681A607868FFF7A4FF93
:10ED98000023FB6004E03B6800221A600123FB604B
:10EDA80000F086FFFB6818461837BD4680BD00BFD7
:10EDB800183E0108C8AD0020DCAD002080B400AFCB
:10EDC800034B01221A6000BFBD465DF8047B704703
:10EDD800D8AD002080B582B000AF786000F072F83E
:10EDE800FCE7000080B584B000AF7860396000238C
:10EDF800BB603B68002B1ADB3B68002B17DC7B6889
:10EE0800002B02D10D4B1B6800E07B68FB60FB68A0
:10EE1800002B04D141F2F8710948F8F7F5FEFA68B9
:10EE28003B6814339B0013445B68BB6001E000231C
:10EE3800BB60BB6818461037BD4680BD9CAC00203F
:10EE4800183E010880B582B000AF00237B600CE05B
:10EE58007A6813469B0013449B00124A13441846D1
:10EE680001F018FA7B6801337B607B68082BEFD9C7
:10EE78000D4801F00FFA0D4801F00CFA0C4801F0AA
:10EE880009FA0C4801F006FA0B4801F003FA0B4B9B
:10EE9800054A1A600A4B054A1A6000BF0837BD4682
:10EEA80080BD00BFA0AC002054AD002068AD00209C
:10EEB80084AD002098AD0020B0AD00207CAD0020CE
:10EEC80080AD002080B582B000AF19E000F0DEFE12
:10EED800104BDB68DB687B607B680433184601F005
:10EEE80063FA0D4B1B68013B0B4A13600B4B1B6805
:10EEF800013B0A4A136000F0DBFE786800F050F826
:10EF0800064B1B68002BE1D100BF00BF0837BD4688
:10EF180080BD00BF98AD0020C4AD0020ACAD00207E
:10EF280080B485B000AF78600023FB6005E07B68A3
:10EF380001337B60FB680133FB607B681B78A52B82
:10EF4800F5D0FB689B08FB60FB6818461437BD4684
:10EF58005DF8047B7047000080B586B000AF78602C
:10EF68007B68002B02D10C4B1B6800E07B68FB60C0
:10EF7800FB68002B04D141F66F110848F8F744FEEE
:10EF8800FB681B6B3B613869FFF7CAFF78617B69D7
:10EF980018461837BD4680BD9CAC0020183E0108B5
:10EFA80080B582B000AF78607B6893F85D30002B45
:10EFB80008D17B681B6B184601F07EF8786801F071
:10EFC8007BF812E07B6893F85D30012B03D17868F9
:10EFD80001F072F809E07B6893F85D30022B04D0E9
:10EFE80041F6D3110348F8F70FFE00BF0837BD46B6
:10EFF80080BD00BF183E010880B400AF0A4B1B68F3
:10F008001B68002B04D1094B4FF0FF321A6005E052
:10F01800054B1B68DB681B68044A136000BFBD46CC
:10F028005DF8047B704700BF7CAD0020E4AD002094
:10F0380080B483B000AF054B1B687B607B681846C3
:10F048000C37BD465DF8047B704700BF9CAC0020C0
:10F0580080B483B000AF0B4B1B68002B02D1012397
:10F068007B6008E0084B1B68002B02D102237B6001
:10F0780001E000237B607B6818460C37BD465DF8CD
:10F08800047B7047D0AD0020ECAD002080B586B081
:10F0980000AF78607B683B610023FB607B68002BD6
:10F0A80000F097803B69DA6A4C4B1B68DB6A9A422E
:10F0B80080F086803B699B69002B06DB474B1B6809
:10F0C800DB6AC3F109023B699A613B6959693B698B
:10F0D800DA6A13469B0013449B00414A1344994241
:10F0E8005ED13B690433184601F05EF90346002BF4
:10F0F8000AD13B69DB6A012202FA03F3DA43394B8E
:10F108001B681340374A1360344B1B68DA6A3B6943
:10F11800DA623B6919463020F1F768FF3B69DB6A20
:10F1280001229A402F4B1B6813432E4A13603B69F8
:10F13800DA6A2B4913469B0013449B000B440433A3
:10F148001B687B613B697A699A607B699A683B694D
:10F15800DA607B699B683A6904325A603B691A1D18
:10F168007B699A603B69DA6A13469B0013449B00EB
:10F178001B4A1A443B695A613B69DA6A18491346C3
:10F188009B0013449B000B441B683A69D26A591CC4
:10F19800134813469B0013449B000344196004E082
:10F1A8000E4B1B68DA6A3B69DA6239690B4B1B68DC
:10F1B800DB6A1A460520F1F7A7FF0123FB6008E088
:10F1C8003B69DA6C054B1B68DB6A9A4201D2012362
:10F1D800FB60FB6818461837BD4680BD9CAC002014
:10F1E800A0AC0020CCAD002080B586B000AF786020
:10F1F8007B683B610023FB607B68002B00F08E80FE
:10F20800494B1B683A699A4204D041F6CD214748D8
:10F21800F8F7FAFC3B691B6D002B04D141F6CE21AF
:10F228004248F8F7F1FC3B691B6D5A1E3B691A65A9
:10F238003B69DA6A3B69DB6C9A426FD03B691B6DAC
:10F24800002B6BD13B690433184601F0ADF8034637
:10F25800002B0AD13B69DB6A012202FA03F3DA4385
:10F26800334B1B681340324A136039693B69DB6CC6
:10F278001A460620F1F748FF3B69DA6C3B69DA6207
:10F288003B69DB6AC3F109023B699A613B6919462C
:10F298003020F1F7ABFE3B69DB6A01229A40244B30
:10F2A8001B681343224A13603B69DA6A21491346F3
:10F2B8009B0013449B000B4404331B687B613B6930
:10F2C8007A699A607B699A683B69DA607B699B68AE
:10F2D8003A6904325A603B691A1D7B699A603B6936
:10F2E800DA6A13469B0013449B00124A1A443B698E
:10F2F8005A613B69DA6A0F4913469B0013449B0025
:10F308000B441B683A69D26A591C0A4813469B0089
:10F3180013449B00034419600123FB60FB681846F3
:10F328001837BD4680BD00BF9CAC0020183E0108C0
:10F33800CCAD0020A0AC002080B588B000AF7860CC
:10F3480039607B683B6101237B617B68002B00F09F
:10F35800A2803B691B6D002B04D141F62B3150482C
:10F36800F8F752FC3B69DB6C3A689A4202D93B6871
:10F37800FB6002E03B69DB6CFB603B69DB6AFA68B7
:10F388009A4200F088803B691B6D7A699A4240F086
:10F398008280444B1B683A699A4204D141F646314F
:10F3A8003F48F8F731FC3B69FA6819460620F1F73F
:10F3B800ABFE3B69DB6ABB613B69FA68DA623B69B1
:10F3C8009B69002B04DBFB68C3F109023B699A6166
:10F3D8003B695969BA6913469B0013449B00324A3A
:10F3E8001344994257D13B690433184600F0DCFFB7
:10F3F8000346002B09D10122BB6902FA03F3DA4361
:10F408002A4B1B681340294A13603B691946302070
:10F41800F1F7ECFD3B69DB6A01229A40234B1B683C
:10F428001343224A13603B69DA6A1F4913469B005B
:10F4380013449B000B4404331B68FB613B69FA6966
:10F448009A60FB699A683B69DA60FB699B683A696C
:10F4580004325A603B691A1DFB699A603B69DA6A93
:10F4680013469B0013449B000F4A1A443B695A6198
:10F478003B69DA6A0C4913469B0013449B000B4412
:10F488001B683A69D26A591C074813469B00134403
:10F498009B000344196000BF2037BD4680BD00BFF4
:10F4A800183E01089CAC0020A0AC0020CCAD002088
:10F4B80080B483B000AF094B1B687B607B68002B6E
:10F4C80004D07B681B6D5A1C7B681A657B681846DC
:10F4D8000C37BD465DF8047B704700BF9CAC00202C
:10F4E80080B588B000AF78603960374B1B68FB6027
:10F4F800364B1B683B61364B1B687B61354B1B6881
:10F508000433184600F050FF0346002B0BD1314B53
:10F518001B68DB6A012202FA03F3DA432E4B1B68ED
:10F5280013402D4A13607B68B3F1FF3F24D13B6839
:10F53800002B21D0294B5B68BB61264B1B68BA693D
:10F548009A60244B1B68BA699268DA60214B1A6882
:10F55800BB699B6804325A601E4B1B681A1DBB6945
:10F568009A601C4B1B681D4A5A611C4B1B6801336F
:10F578001A4A136000BF22E0FA687B681344FB61F3
:10F58800144B1B68FA695A60FA69FB689A4207D2F9
:10F59800104B1B6804331946786900F0CCFE0EE066
:10F5A8000C4B1B6804331946386900F0C4FE0C4B39
:10F5B8001B68FA699A4202D2094AFB69136000BFC4
:10F5C8002037BD4680BD00BFC8AD00207CAD0020FF
:10F5D80080AD00209CAC0020CCAD0020B0AD002058
:10F5E800E4AD002080B58AB004AF224B1B687B6174
:10F5F8004FF0000300233B6100F0A4FA1E4B1B6888
:10F60800002B21D000237B600023BB6007F10C0294
:10F6180007F108013B1D1846F8F7CAFAF968BB68F4
:10F628007A68029201930123009300230A46134942
:10F638001348FEF705FC0346124A1360114B1B687A
:10F64800002B01D001233B613B69002B04D14FF40F
:10F65800A3710D48F8F7D8FA3B69064A11687A6928
:10F6680051404FF0000201D0F5F7CCFA1846183790
:10F67800BD4680BD1800002020AE0020683E01086D
:10F6880039F7000824AE0020703E010880B584B028
:10F6980000AFF860B9607A6008E0FB689B69BA68F7
:10F6A8001344BB60FB681B6AF8689847FB689A6953
:10F6B800BB68D118BB687A68F86800F0EDF80346B3
:10F6C800002BEAD100BF00BF1037BD4680BD000047
:10F6D80080B584B000AF78603960144B1B68DB6874
:10F6E800DB68FB60FB680433184600F05DFEFB68CE
:10F6F80093F8283003F00403002B05D03A687968A2
:10F70800F868FFF7C3FF08E0FB6893F8283023F098
:10F718000103DAB2FB6883F82820FB681B6AF868E3
:10F72800984700BF1037BD4680BD00BF18AE002007
:10F7380080B586B000AF7860094B1B687B614FF0DD
:10F74800000307F10C03184600F062F83861FB6803
:10F758001946386900F006F800F0E0F800BFF0E755
:10F768001800002080B586B000AF78603960254B5E
:10F778001B687B614FF00003FEF770FE07F10C0376
:10F78800184600F069F83861FB68002B2AD13B68FD
:10F79800002B0AD17A683B699A4206D8FEF76CFEBC
:10F7A80039697868FFF794FF1EE03B68002B08D0A2
:10F7B800154B1B681B68002B01D1012300E00023B7
:10F7C8003B60124B18687A683B69D31A3A68194645
:10F7D800FEF7B4FAFEF750FE0346002B04D100F002
:10F7E80043FA01E0FEF748FE00BF064B1A687B6942
:10F7F8005A404FF0000301D0F5F704FA1837BD4618
:10F8080080BD00BF180000201CAE002020AE0020E4
:10F8180080B485B000AF78600E4B1B681B68002B66
:10F8280001D1012200E000227B681A607B681B6816
:10F83800002B05D1074B1B68DB681B68FB6001E0E8
:10F848000023FB60FB6818461437BD465DF8047B4F
:10F85800704700BF18AE002080B584B000AF786054
:10F86800FEF70AFFF8600B4B1B68FA689A4205D24C
:10F8780000F042F97B6801221A6002E07B680022EE
:10F888001A60044AFB681360FB6818461037BD46C7
:10F8980080BD00BF28AE002080B586B000AFF860FC
:10F8A800B9607A603B6000237B61FB68BA685A6084
:10F8B800FB68FA681A61BA687B689A4212D87A6853
:10F8C8003B68D21AFB689B699A4202D301237B6189
:10F8D8001BE0104B1A68FB6804331946104600F009
:10F8E8002AFD12E07A683B689A4206D2BA683B68F9
:10F8F8009A4202D301237B6107E0074B1A68FB6831
:10F9080004331946104600F016FD7B69184618376F
:10F91800BD4680BD1CAE002018AE002080B58AB060
:10F9280000AF724B1B687B624FF0000307F11403B2
:10F9380000221A605A609A60DA60BEE07B69002B88
:10F9480013DA07F114030433BB60BB68002B04D13E
:10F9580040F2BB316648F8F757F9BB681B68BA68CC
:10F968005068BA689268114698477B69002BC0F2C4
:10F97800A480FB69FB60FB68002B00F09E80FB689D
:10F988005B69002B04D0FB680433184600F00CFDBB
:10F998003B1D1846FFF760FF38617B69013B082B68
:10F9A80000F2888001A252F823F000BFD9F90008BC
:10F9B800D9F9000841FA000855FA000893FA000836
:10F9C800D9F90008D9F9000841FA000855FA0008E1
:10F9D800FB6893F8283043F00103DAB2FB6883F838
:10F9E8002820BA69FB689B69D118BB693A69F8682D
:10F9F800FFF752FF0346002B5ED0FB6893F82830D0
:10FA080003F00403002B09D0BA69FB689B6913440F
:10FA18003A691946F868FFF739FE08E0FB6893F879
:10FA2800283023F00103DAB2FB6883F82820FB684A
:10FA38001B6AF86898473FE0FB6893F8283023F082
:10FA48000103DAB2FB6883F8282036E0FB6893F8F4
:10FA5800283043F00103DAB2FB6883F82820BA693A
:10FA6800FB689A61FB689B69002B04D14FF48261A3
:10FA78001F48F8F7C9F8FB689A693B69D1183B69D0
:10FA88003A69F868FFF708FF17E0FB6893F8283031
:10FA980003F00203002B03D1F86800F00DFB0CE023
:10FAA800FB6893F8283023F00103DAB2FB6883F887
:10FAB800282002E000BF00E000BF0E4B1B6807F1E2
:10FAC800140100221846FDF77DFC0346002B7FF445
:10FAD80035AF00BF054B1A687B6A5A404FF00003E8
:10FAE80001D0F5F78FF82837BD4680BD18000020F3
:10FAF800703E010820AE002080B582B000AF09E05A
:10FB08000E4B1B68DB681B687B604FF0FF31786821
:10FB1800FFF7DEFD094B1B681B68002BF0D1074B74
:10FB28001B683B60064B1B68044A1360044A3B6829
:10FB3800136000BF0837BD4680BD00BF18AE002067
:10FB48001CAE002080B582B002AF00F09FF8154BC4
:10FB58001B68002B20D1144800F09CFB134800F0D0
:10FB680099FB134B104A1A60124B104A1A60002373
:10FB78000093114B114A10210820FDF7DFF90346C5
:10FB8800084A1360074B1B68002B05D0054B1B6800
:10FB98000B491846FEF786F800F08AF800BFBD4604
:10FBA80080BD00BF20AE0020F0AD002004AE0020D4
:10FBB80018AE00201CAE0020ACAE00202CAE0020F9
:10FBC800BC3E010880B400AF084B04221A60084B01
:10FBD80000221A60074B084A1A60044B07221A6071
:10FBE80000BFBD465DF8047B704700BF10E000E031
:10FBF80018E000E014E000E0BFD4010080B582B056
:10FC080000AF00237B600A4B1B68B3F1FF3F04D0B1
:10FC180040F275310748F7F7F7FF00F0FBF900BF2E
:10FC28007B68002BFCD000BF00BF0837BD4680BDF5
:10FC3800FCAE0020C43E010880B400AF084B1B682E
:10FC4800074A43F470031360064B1B68054A43F0E8
:10FC58004043136000BFBD465DF8047B704700BF9A
:10FC680088ED00E034EF00E080B400AF064B4FF0C1
:10FC780080521A60BFF34F8FBFF36F8F00BFBD462E
:10FC88005DF8047B704700BF04ED00E080B500AF6D
:10FC980000F0C0F9054B1B680133044A1360BFF339
:10FCA8004F8FBFF36F8F00BF80BD00BFFCAE002039
:10FCB80080B500AF0B4B1B68002B04D140F22A41E2
:10FCC8000948F7F7A1FF074B1B68013B054A13607A
:10FCD800044B1B68002B02D1002000F0A8F900BFDC
:10FCE80080BD00BFFCAE0020C43E010880B582B0D4
:10FCF80000AF00F08FF97860FEF7ECFC0346002BAC
:10FD080003D0054B4FF080521A60786800F08FF9E5
:10FD180000BF0837BD4680BD04ED00E080B584B063
:10FD280000AF78607B689B69FB60FB68023B1B78CF
:10FD3800FB72FB7A662B04D1FFF77EFF00F040F9D7
:10FD480005E04FF49D610448F7F75EFF00BF00BF70
:10FD58001037BD4680BD00BFC43E010880B485B0E1
:10FD680000AFF860B9607A603B60FB68043BFB60F9
:10FD7800FB684FF080721A60FB68043BFB607A688E
:10FD8800FB681A60FB68043BFB60384AFB681A6032
:10FD9800FB68043BFB60FB684FF012321A60FB689B
:10FDA800043BFB60FB684FF003321A60FB68043BBE
:10FDB800FB60FB684FF002321A60FB68043BFB6093
:10FDC800FB684FF001321A60FB68043BFB603A683D
:10FDD800FB681A60FB68043BFB60FB684FF011325C
:10FDE8001A60FB68043BFB60FB684FF010321A6036
:10FDF800FB68043BFB60FB684FF009321A60FB6844
:10FE0800043BFB60FB684FF008321A60FB68043B58
:10FE1800FB60FB684FF007321A60FB68043BFB602D
:10FE2800FB684FF006321A60FB68043BFB60FB6816
:10FE38004FF005321A60FB68043BFB60FB684FF02B
:10FE480004321A60FB68043BFB60FB686FF0020237
:10FE58001A60FB68043BFB60BA68FB681A60FB68C1
:10FE680018461437BD465DF8047B704705FC00084A
:10FE780080B582B000AF154B1B687B607B682C3364
:10FE88001B68134A934204D040F20F711148F7F7E8
:10FE9800BBFE7B6838331B680F4A934204D04FF48B
:10FEA800E2610C48F7F7B0FE00F01AF8FFF78AFE97
:10FEB8000A4B00221A6000F09DF8FEF735FDFFF7A7
:10FEC8009DFE002318460837BD4680BD08ED00E0BA
:10FED800A9000108C43E010849000108FCAE002041
:10FEE80080B582B000AF00237B60304B4FF07F427B
:10FEF8001A602E4B1B681B0EDBB2FB70FB78DBB263
:10FF080003F05003DAB22A4B1A70294B1B78002BE6
:10FF180004D140F6AD012748F7F776FEFB78DBB24F
:10FF2800DB43DBB203F05003DBB2002B0DD040F60D
:10FF3800B1012048F7F768FE07E07B6801337B6072
:10FF4800FB78DBB25B00DBB2FB70FB78DBB203F063
:10FF58008003802BF1D07B68082B03D1164B00223D
:10FF68001A6004E07B68C3F10703134A1360124B5D
:10FF78001B681B02104A13600F4B1B6803F4E063F5
:10FF88000D4A13600D4B1B680C4A43F47F03136042
:10FF98000A4B1B68094A43F07F431360034B002256
:10FFA8001A6000BF0837BD4680BD00BF1CED00E0E9
:10FFB80000AF0020C43E010804AF002020ED00E09F
:10FFC8000B4A1168086806C881F30B88EFF314819F
:10FFD80051F0020181F31488203080F30988BFF3BF
:10FFE8006F8F4FF0000080F31188104700BF0000AA
:08FFF8009CAC002006480068E3
:020000040801F1
:10000000006880F3088862B661B6BFF34F8FBFF314
:100010006F8F66DF00BF00BF08ED00E0EFF31180D7
:100020004FF0500181F31188BFF34F8FBFF36F8FF3
:10003000704700BF184680F31188BFF34F8FBFF39E
:100040006F8F704700BF0000EFF309801EF0100FA4
:1000500008BF20ED108AEFF30B82734620E9FC0FF6
:10006000104A116808604FF0500080F31188BFF308
:100070004F8FBFF36F8FFEF75BFC4FF0000080F3F4
:100080001188084A11680868B0E8FC0F13F0100FD7
:1000900008BFB0EC108A82F30B8880F309881847F8
:1000A00000BF00009CAC00201EF0040F0CBFEFF35B
:1000B0000880EFF309800149084700BF25FD0008CB
:1000C00080B584B000AF78607B68BB607B68002B34
:1000D0005ED008235B42BA681344BB60BB68FB6018
:1000E000FB682D4A934205D3FB682C4A934201D802
:1000F000012300E00023002B04D14FF4B8712848FD
:10010000F7F786FDFB685B68002B04DB40F271119A
:100110002348F7F77DFDFB681B68002B04D04FF4E4
:10012000B9711F48F7F774FDFB685B68002B2FDA85
:10013000FB681B68002B2BD1FB685B6823F0004237
:10014000FB685A60FEF78EF9FB685A68154B1B680E
:100150001344144A1360144B1B6803F00103002B73
:100160000CD0124B1B685B68002B07D0F2F792F99A
:10017000FB685B681A467968F2F782F8F86800F065
:1001800019F80B4B1B680133094A1360FEF778F925
:1001900000BF1037BD4680BD08AF002007AF02206A
:1001A000303F010814AF0220AC3B0020A43B0020EC
:1001B00018AF022080B584B000AF7860324BBB60CE
:1001C00002E0BB681B68BB60BB681B687A689A4228
:1001D000F7D8BB682C4A934211D0BB682B4A934294
:1001E00005D3BB682A4A934201D8012300E00023CB
:1001F000002B04D140F206212648F7F709FDBB6821
:10020000FB60BB685B68FA6813447A689A4208D15D
:10021000BB685A687B685B681A44BB685A60BB68F5
:100220007B607B68FB607B685B68FA681A44BB682C
:100230001B689A4218D1BB681A68174B1B689A4210
:100240000DD07B685A68BB681B685B681A447B6882
:100250005A60BB681B681A687B681A6008E00E4B1E
:100260001A687B681A6003E0BB681A687B681A60CA
:10027000BA687B689A4202D0BB687A681A6000BF8D
:100280001037BD4680BD00BF08AF022008AF002078
:1002900007AF0220303F010810AF022080B483B0C6
:1002A00000AF78607B6803F108027B685A607B6866
:1002B0004FF0FF329A607B6803F108027B68DA60D6
:1002C0007B6803F108027B681A617B6800221A6070
:1002D00000BF0C37BD465DF8047B704780B483B027
:1002E00000AF78607B6800221A6100BF0C37BD4602
:1002F0005DF8047B704780B485B000AF78603960EA
:100300007B685B68FB603B68FA685A60FB689A68C8
:100310003B689A60FB689B683A685A60FB683A6879
:100320009A603B687A681A617B681B685A1C7B6814
:100330001A6000BF1437BD465DF8047B704780B477
:1003400085B000AF786039603B681B68FB60FB6874
:10035000B3F1FF3F03D17B681B69BB600CE07B6896
:100360000833BB6002E0BB685B68BB60BB685B686E
:100370001B68FA689A42F6D2BB685A683B685A60B2
:100380003B685B683A689A603B68BA689A60BB6889
:100390003A685A603B687A681A617B681B685A1C25
:1003A0007B681A6000BF1437BD465DF8047B704758
:1003B00080B485B000AF78607B681B69FB607B68A8
:1003C0005B687A6892689A607B689B687A68526812
:1003D0005A60FB685B687A689A4203D17B689A68C6
:1003E000FB685A607B6800221A61FB681B685A1E12
:1003F000FB681A60FB681B6818461437BD465DF839
:10040000047B704720F0030110F00300C0F10000EE
:1004100051F8043B00F1040C4FEACC0C6FF00002E1
:100420001CBF22FA0CF213434FF0010C4CEA0C2CC7
:100430004CEA0C4CA3EB0C0222EA030212EACC12A7
:1004400004BF51F8043B0430F4D0C2F1000102EAC9
:100450000102B2FA82F2C2F11F0200EBD200704731
:1004600038B5054C054DAC4204D054F8043B9847D0
:10047000AC42FAD138BD00BF00000000000000000F
:10048000032A30B412D941EA000484460B46A4077B
:1004900021D11946604653F8044B5CF8045BA54231
:1004A00019D1043A032AF4D860461946541E7AB189
:1004B000431E0139021901E09A4209D013F8010FD5
:1004C00011F801CF6045F7D0A0EB0C0030BC7047AD
:1004D000002030BC7047541EEAE700BF0FB400B5DF
:1004E00083B0064B04AA186852F8041B019200F06E
:1004F000D3F903B05DF804EB04B07047B83F0108CE
:100500000CB430B58BB00D4620220446002102A861
:10051000F0F7EEF80222134B002D06948DF80A2016
:1005200003931DDB10D0013D2C440FAA0E9902A8A5
:100530000794019200F0B0F9069B00221A700BB0EC
:10054000BDE8304002B070470FAA0E9902A8079488
:10055000019200F0A1F90BB0BDE8304002B0704745
:100560000024E2E7A92901082DE9F041C3F1370889
:1005700005460C46174603F01F065FFA88F8284622
:10058000214632460023EFF7C5FE2346D2B20C4681
:10059000AC460546092A08EB020188BFCAB2B44539
:1005A00002F1300207F8012B4FF000029341E6D22E
:1005B0003846BDE8F08100BF2DE9F0434FF0010E51
:1005C000724508DD034601E0252C06D09C4613F851
:1005D000014B002CF8D1BDE8F0831C780CF1020C23
:1005E000252C01D16346F1E70026AA4FB04609E069
:1005F00027FA03F3DB0740F1F4801CF8014B002CD1
:1006000000F09280A4F12003102BF1D963464FF043
:10061000000CA4F12405152D20D8DFE805F0B21F49
:100620001F1F1F1FAA1F1F1FAA1F0C0C0C0C0C0C36
:100630000C0C0C0C6346303C06EB86064FF0200C8D
:1006400004EB460613F8014B002C70D0BCF11F0FD1
:1006500040F2BA80BCF17F0F40F2AE80A4F14C05AD
:100660002E2D64D80FF2040959F825F077070108F8
:100670002F0701082F0701082F0701082F0701087E
:100680002F0701082F0701082F0701082F0701086E
:100690002F0701082F0701082F0701082F0701085E
:1006A0002F0701082F0701082F0701082F0701084E
:1006B0002F0701082F0701082F0701082F0701083E
:1006C0002F0701082F0701082F0701082F0701082E
:1006D0002F0701082F0701082F070108A9070108A4
:1006E0002F070108770701082F070108990701085C
:1006F0002F0701082F0701082F0701082F070108FE
:100700002F0701082F0701082F07010845060108D8
:100710002F0701082F0701082F0701082F070108DD
:100720002F0701084506010863464FF0000CB8F199
:10073000000F3FF450AFF0457FF448AF44F0200580
:100740000B68A5F16506022E40F29F80612D00F036
:100750009C80633C102C00F29280DFE804F018903B
:100760009090909090909090909090909090180091
:10077000B046002666E74CF4207C63E763464FF002
:10078000000CB8F1000FF3D07645F2D10B680433BA
:100790000EF1010E0B6013E71CF0800F18BF4CF434
:1007A000007C4CF0800C4DE71CF4807F18BF4CF4AB
:1007B000007C4CF4807C45E74FF0200C29E713F8CF
:1007C000014B0026002CB0D0A4F1200C314DBCF11F
:1007D000100F25FA0CF54FD815F0010526D09C46D0
:1007E0000BE7A4F124030C2B9ED801A555F823F0A8
:1007F0007D070108290701082907010829070108C1
:100800002907010829070108250801082907010807
:1008100029070108290701082508010829070108F7
:100820003506010800266346B4460BE7A4F1240907
:10083000AC464D460C2D3FF678AF0FF2080959F83B
:1008400025F000BF830701082B0701082B070108CB
:100850002B0701082B0701082B070108BF07010818
:100860002B0701082B0701082B070108BF07010808
:100870002B070108370601084FF0000CC9E61CF0F1
:10088000800F84D01CF4007F81D0073323F007034E
:1008900008337DE7892801002DE9F04F837893B074
:1008A00047689C07049240F134870B4683468E4686
:1008B0000B9213F8010B002800F092860C464FF0C3
:1008C000000A05910DE01C4659460AF1010AB84795
:1008D0000028C0F26A81234613F8010B002800F0BB
:1008E0006C812528EFD165780234252DECD04FF0AE
:1008F0000008C1464646CDF808801F2E40D97F2EFD
:1009000075D9A5F14C032E2B00F25B81DFE813F0C3
:100910000F01590159015901590159015901590151
:1009200059015901590159015901590159015901F7
:1009300059015901590159015901590159015901E7
:100940005901590159015901920159010F015901E8
:10095000860159015901590159015901590159019A
:10096000B50059015901590159015901B50046F025
:10097000020614F8015B46F00406002D00F08280A8
:10098000A5F12003102B32D801A252F823F000BFAA
:1009900073090108EF090108EF090108FF0A0108BE
:1009A000EF090108EF090108EF0901087B0A0108B6
:1009B000EF090108EF090108EF0901086F090108B3
:1009C000EF0901080F0B0108EF090108EF09010801
:1009D0001F0B01087306A5F1300540F16B8109EB8F
:1009E000890905EB490914F8015B002D4AD0A5F1EE
:1009F0002403152B85D801A252F823F0550A0108CB
:100A00000309010803090108030901080309010892
:100A100003090108DD0B01080309010803090108A6
:100A200003090108090C010803090108D509010897
:100A3000D5090108D5090108D5090108D50901081A
:100A4000D5090108D5090108D5090108D50901080A
:100A5000D5090108B8F1000F00F02181049B72064E
:100A60000B9300F13581029A0BA90598FFF7A4FDBD
:100A70000B9B1A1D1B680B92029314F8015B002D4F
:100A80007FF43BAF202303950693B8F1000F06D007
:100A9000049B42460BA905980B93FFF78DFDB9F116
:100AA000000F04DA26F040064FF00009B6B2039BAF
:100AB000002B00F0DA80ED4306F0400205F0200341
:100AC00007930B9B073323F0070303F108010B91F6
:100AD000D3E90001069B612B00F04B81002A40F016
:100AE0000E81652B00F07C84662B4FF0060900F028
:100AF0005D834B4600226525039208950EE114F8AC
:100B0000015B46F01006002D7FF43AAFBAE714F807
:100B1000015B46F00806002D7FF432AFB2E714F80F
:100B2000015B46F00106002D7FF42AAFAAE714F816
:100B3000015B46F42076002D7FF4E3AEA2E72D257D
:100B4000029B042B00F37C82002302932846594623
:100B5000B84700280AF1010A27DB9DF834301D0749
:100B600040F14D83AE4E3546DDF81C8003E0C0B247
:100B7000B847002819DBA94615F8013B5946A3EBF5
:100B80000800002BF3D1AAEB0606B144029DCA4629
:100B90004D44A5EB0A0359462020002B7FF79BAE5E
:100BA000B84700280AF1010AF3DA9BF802304FF047
:100BB000FF3A43F004038BF80230504613B0BDE80F
:100BC000F08F45F02002A2F165030692612A18BF5A
:100BD000022B94BF01230023039356E7B8F1000FC3
:100BE0007FF44BAF0B9B750653F8042B0B937FD40C
:100BF000002AC0F2548314F8015B46F02006002D51
:100C000000F056830292F2E67006D6D414F8015B27
:100C100046F04006002D7FF4EAAE33E7330614F8C1
:100C2000015B48BF46F4007646F08006002D7FF455
:100C300068AE27E7F50514F8015B48BF46F4007677
:100C400046F48076002D7FF45CAE1BE7002B00F0AD
:100C500074811A46049B0BA905980B93C146FFF7B4
:100C6000ABFC2023CDF808800693A5F16303122B7B
:100C700000F25F81DFE813F08D0270015D015D011C
:100C80005D015D0170015D015D015D015D015D0161
:100C9000970245025D015D011A025D01880214F8A8
:100CA000015B4646029B002DD0D0C146CDF808809E
:100CB000984665E6029B46F0200603EB830305EBAE
:100CC0004303029314F8015B002D7FF490AED9E644
:100CD0004A460BA90598FFF76FFC0B9B14F8015BC4
:100CE0001A1DD3F800900B92002D7FF408AEC9E6D0
:100CF00014F8015B002D00F0DB82914677E6652B4E
:100D000000F06483662B00F0518219F0FF0340F07D
:100D100004851A46652503930123089501920DF178
:100D20003008039A0092424600F01EFE0C9AC3B2AD
:100D30000221069302F109030391122B35D89DF885
:100D4000343013F0010503F00C0C3CD1B00760D433
:100D500016F0040040F08A81BCF1000F39D0029AED
:100D6000032A40F31283033A029232073FF5F7AEAB
:100D70006BE1079B46F4C0560DF130080093002A42
:100D800000F0CC804B46424601F00AFC431CDBB22B
:100D90004B45069380F2CA8070230C9A0121089378
:100DA00002F109030391122BC9D902F16303C62B87
:100DB0002CD902F2E73140F2CE73994240F25D81C4
:100DC00004210391BBE7BCF1000F7FF4B8AE4FF0F4
:100DD0002D0C16F4405F00F06D82B50440F1978051
:100DE00022EAE2730133BCF1000F1BD1B9F1000F0D
:100DF00000F0518109F101010B440299994200F37D
:100E0000CB823005CDF808C026D43CE00221039106
:100E100095E7BCF1000F00F026812B2590E600BF7E
:100E2000B4400108591CB9F1000F00F0298109F103
:100E300001030B440299994200F355830023029366
:100E4000604659460992B84700280AF1010A099AF2
:100E5000FFF6ABAE350513D5594630200992B84799
:100E60000028FFF6A2AE079B59460AF1020AC3F119
:100E7000780000F0F800B8470028099AFFF695AE10
:100E8000300740F1F882B10400F1C68259469DF85E
:100E900035000992B8470028FFF687AEB9F1000F78
:100EA000099A00F32F83F50600F152830AF1010934
:100EB00006925946DDE90723981AC0B2B8470028C0
:100EC000FFF673AE069A002AC0F23F832B205946E4
:100ED0000692B8470028FFF668AE039B069A042BDB
:100EE00000F01782032B09F1020900F02682012B82
:100EF00040F0368202F13000594609F10109C0B2D2
:100F0000B8470028BFF642AE4FE60EF1FF3916F49F
:100F1000006F14BF052303230B4464E74FF0FF3336
:100F2000424601F03DFB431CDBB2069303F1FF395F
:100F300032E7069B782B00F0798359462520B84785
:100F40000028FFF632AE28465946B8470028FFF67B
:100F50002CAE0AF1020ABEE432060B9B40F1148368
:100F6000B00540F1A483073323F0070303F108021F
:100F7000D3E900030B9226F01008002B1FFA88F229
:100F80000392C0F2418350EA030140F0458406F029
:100F900040037006069303D5B9F1000F00F0E48218
:100FA000002001460DF130080A234246FFF7DCFA23
:100FB000069AA0EB0803002A00F0DC82039A4B4556
:100FC0001E4622F00108B8BF4E461FFA88F203926F
:100FD000039A40F206410A4202F0080000F0AC8495
:100FE00006F10108002800F02683029AA2EB08020D
:100FF000029206935946039B0AF1010513F0020F72
:1010000014BF2B20202013F4806F18BF2D20B84769
:101010000028069BFFF6C9AD994540F3128409EB01
:10102000050A1E46AAEB030A02E0554500F0C580FA
:1010300059463020B847002805F10105F5DAB4E536
:10104000043B360702933FF581AD029E564402E011
:10105000B24500F0468359462020B84700280AF1DF
:10106000010AF5DAA1E54FF02B0CB2E6BCF1000F56
:1010700040F0AD824FF0200CABE6032103915EE619
:10108000F00640F1E68202330299994200F32B8286
:10109000CDF80890D4E6F10640F1E68201330299DA
:1010A000994200F37981CDF80890D3E60B9B1A1D85
:1010B0000B921A68002A00F0F88216F0400F1046D2
:1010C000039214BF49464FF0FF3101F057FA039ADB
:1010D0008046029B3007194600F19A80984580F0BF
:1010E00097801D461646994603E0984580F0898012
:1010F0001D4659462020B847002805F1FF33F4DA91
:1011000053E546F010061023782516F0800C0B9A54
:1011100068D016F4007100F03B81073222F007021C
:1011200002F108010B91D2E9000106F0400203929E
:1011300050EA010240F0868006F040021AB1B9F18F
:10114000000F00F019820DF1300800200021424606
:10115000FFF70AFA06F04002A0EB0803002A00F0AD
:10116000438126F017024B4592B2039280F24582EA
:10117000002D40F0A882350740F1AE83029A554613
:10118000A2EB090202924AE726F010060A23B6B241
:10119000BBE70B9B4FF001080CAA191D1B680B91B4
:1011A0008DF8303095E708230025AEE7662546F434
:1011B00000564A4611230895B0E533460DF1300834
:1011C00008EB0306354605E015F8010DB847002881
:1011D000FFF6EBACA8455946F6D106EB0A03A3EBA4
:1011E0000809D3E4111D10680B9116F480719CD08E
:1011F00016F4007100F0F281C0B2614695E7BD4E71
:10120000B1E40AF1010A32461946CA44AAEB050ABA
:10121000029402EB080516461446894605E014F8C8
:10122000010BB8470028FFF6C0ACAC425946F6D1D6
:101230004946AAEB0603A146029CA1EB0802994489
:101240000292A3E40DF130084246FFF78DF906F053
:101250004002A0EB0803002A40F0C58126F00602F8
:10126000F10692B2039240F1C380039A02F00802A1
:10127000002D40F0188103F10108002A00F03982A6
:10128000029AA2EB08020292594630200393B84713
:1012900000280AF10105039BBFF6BEAE85E4534268
:1012A00014F8015B46F028060293002D7FF49FABF3
:1012B000002542E6B9F1000F069B14BFCE464FF061
:1012C000010E002B00F0B682581D404403E013F0DD
:1012D000FF0500F07F8110F8019D1D46013BB9F12B
:1012E000300FF4D09946EBB206937245B4BF012398
:1012F0000023101DB8BF002316F0100000F04D8130
:10130000002B3FF402AE46F40056531CAEEB03092B
:1013100066E5794D5946039209F10309A5FB0235AB
:10132000AD0905F13000C0B2B8470028FFF63DAC6A
:101330004FF47A73039A03FB1522704D59460392BA
:1013400009F10109A5FB02356D0905F13000C0B2B4
:10135000B8470028FFF629AC6423039A03FB152243
:10136000674D5946039209F10109A5FB0235ED08C5
:1013700005F13000C0B2B8470028FFF616AC05EB07
:101380008505039AA2EB4502B4E50290FFF7E7BB9F
:10139000101D0B901068C8E6CB1A16F0090F0293C7
:1013A0007FF458AD1D465544099402925446C246F6
:1013B000E04602E0AC4200F0598259462020B8478E
:1013C000002804F10104F5DAFFF7EFBB09F101038E
:1013D000DBB2112B28BF112346F48056FFF78ABBDE
:1013E00007234FF00609F7E726F0160292B20392A0
:1013F00012F0080200F09681029A5546D21A029223
:101400000AE63105E14600F1258216F0080FCDF815
:1014100008C01E463FF437ADC9F1000322EAE27569
:10142000914607960393531D069E5B1B06949844B2
:10143000A9EB0502039B013D3020964259460AF173
:10144000010488BF98F80000AB4200F31781B84749
:10145000002808F10108FFF6A8AB6B1C01D0A246DA
:10146000E6E759462E20B84700280AF10204FFF6A5
:101470009CABA246DCE7029B002B3FF404AD029D2F
:1014800043460292A046554454469A4602E0AC4276
:1014900000F0C48059463020B847002804F1010408
:1014A000F5DAFFF782BB03F10208002A00F072812F
:1014B000029AA2EB08020292594630200393B847E1
:1014C0000028FFF672AB039B002D00F01F81284619
:1014D00059460393B84700280AF10205039BBFF65B
:1014E0009BADFFF762BBCB1A16F0090F02937FF496
:1014F000A7AC57E7B0400108D34D62101F85EB51F0
:10150000CDCCCCCC59462E20B8470028FFF64DABA9
:10151000099A0126069D09940692AE4208EB06023E
:101520004FF030005946B8BF50793446B8470028CC
:1015300006F10106FFF639AB4E45EEDD25460AF110
:101540000209069A099CA944B2E452422D20BEE445
:1015500059462E200692B84700280AF10209069A39
:10156000BFF6A6ACFFF721BB26F011081FFA88F3DF
:10157000039300231E462BE516F0080300F01681A6
:1015800000230DF130081BE61A1DF1051B680B92B4
:1015900000F192801846DB17EDE4002B3FF4B7AC66
:1015A000AA4246F40053C0F24981BCF1000F00F09A
:1015B0001981911C029D8D4240F33781691A029175
:1015C00016F009011E4600F06F81814638E420259F
:1015D000FFF7B6BA4FF0FF39069586E680B2A4E56C
:1015E0008246FFF7EABA26F007024B4592B2039211
:1015F000C0F26981F1063FF538AE320740F15781FC
:10160000029AD21A0292DBE542F4806240420392CF
:1016100006F0400263EB43010692C3E45346A24640
:101620004446029A9846002302932CE4C5F17803BD
:1016300043F0100369E512F0010F029A7DD0904546
:10164000A2EB080180F2E68001EB0309014602915A
:10165000CFE4029B8B427FF71BAD5B1A16F0090F9C
:1016600002937FF4EDAB9DE6029999423FF794AE69
:101670003505CDF808903FF5EFAB04E4A146DDE970
:101680000646B8470028FFF690AAF6067FF57EAA20
:1016900001357FF47BAA59462E20B84700280AF16D
:1016A0000209BFF673AAFFF780BAAE4A05E51868CB
:1016B00004330B93C3175EE4B20540F1A68058B221
:1016C00043F3C01357E4494602F0080082B20028F1
:1016D00000F02681029A5546A2EB09028946029241
:1016E0009AE4002D7FF430AA9DF834300295FFF77C
:1016F00036BA039AD6076ED502998845A1EB08023F
:1017000080F2908003EB02090295D5E60AF101050B
:1017100082E44FF0FF3AFFF750BA112B28BF112394
:10172000FFF7E8B90399C90740F18F800298834217
:10173000A0EB030148DB029142E5904580F2A380D3
:1017400026460695029C4546079302E0A24209DA26
:10175000154659462020B847002805F10102F5DA60
:10176000FFF723BA02990AF1010A34462E468A1A73
:10177000AAEB080A0292B244039AD606DDE90653A0
:101780003FF59AAE40F20642039911427FF431AC24
:10179000554641E4039A12F0010F029A5FD090453A
:1017A000A2EB08010FDB9946029185E6029A002A16
:1017B00040F3B38026F0170899461FFA88F3C8460D
:1017C00003934B46BCE7102203EB0109002A67D0C4
:1017D0000022029270E6029A9045B1DBA2EB080269
:1017E000029251E5511C029888427FF70AAE411AD5
:1017F00016F0090F02914FD0300549D416F0080FAA
:10180000E1461E467FF408AE39E618B243F3C03312
:10181000FFF7B1BB99461AE7194606F04003069355
:10182000FFF7C0BB9946029246E681461E460290EB
:10183000FFF706BB1D464FF0FF3956E51E46AE4684
:1018400063E5AA460DF13008BAE4029A93427CDAC5
:10185000984675E71E46CDF80890FFF7FDBA90450B
:10186000FFF66EAFA2EB0802029225E6C446029A8A
:10187000D046A246099CBCF1000F7FF4DFAACDF848
:1018800008C0FFF7E7BAA2EB08020292FFF7B1BB6C
:101890001E46E146FFF7E0BA1E46E1460D4682E5E8
:1018A00055460292FFF7B8BB8946029D7BE59846F4
:1018B000029A9045FFF644AF029A5546A2EB080201
:1018C0000292FFF7A9BB55B926F0170836071FFA91
:1018D00088F203923FF552ACC8460025E8E7F006CF
:1018E00004D4039A494602F00800EFE6320709F1F2
:1018F00002083FF5DDAD029A9045FFF621AF039354
:101900005946029B3020A3EB08030293B8470028F6
:10191000039BBFF6DCADFFF748B90DF130084FE48B
:101920000398C0070BD502988145A0EB0901FFF68B
:101930004BAF0DF13008FEE64946B146C6E6029AC5
:10194000914507DAC8468946FAE6D21A5546029208
:10195000FFF762BBA2EB0902554689460292FFF7E8
:101960005BBB00BFB84001082DE9F04F9BB0C1F34D
:10197000130504460B92CA0F0E939DF890300C92FB
:1019800040EA05020D93C1F30A53002B08BF002A59
:101990000CBF012200220A9200F00181080D40F2E2
:1019A000FF718B4200F0ED8004F001021192002BD8
:1019B00040F00281AB00012740F23446DFF89C85FD
:1019C00043EA947306970593A300049330460DF100
:1019D000580B00F059FCC71BF61B07EB08030797D1
:1019E00030460F9300F058FC0346594630467D3B85
:1019F000A7EB030A00F07AFC241912ABAAF1410804
:101A00006D41204600932946DDE9162300F076FD5E
:101A100014AB06460F46204629460093DDE91823FD
:101A200000F06CFD0022CDF80080DDE912430419BE
:101A300051EB0305149B169928BF0122D218159B60
:101A400043F1000370181799149247EB0101B0425B
:101A50001593B941DDE9180134BF4FF0010C4FF087
:101A6000000C201845EB01011CEB000041F10001C6
:101A7000A04271EB050C34BF4FF0010C4FF0000C8D
:101A80001CEB020243F1000300F050FD0391169994
:101A90008146DDF864C00891DDE917E1DDE9142332
:101AA000099106990293002940F01F82B019AAF10A
:101AB0004001009147EB0701231945EB050AB042AD
:101AC00071EB070634BF012600269E19089B4AF1D8
:101AD00000079842099B71EB0E0134BF01200020E2
:101AE000301A67F10001C01A029B61EB0C019218D9
:101AF0005B41A64277EB050C34BF4FF0010C4FF071
:101B0000000C12EB0C0243F10003864277EB010656
:101B100034BF01260026921B63F1000300F006FD8E
:101B20008246029120462946CDF80080DDE9142343
:101B300000F0FCFC079B04460D46012B40F2548349
:101B40003E2B1E4600F208814FF0FF33A6F1200223
:101B5000C6F1200003FA02F203FA06F123FA00F0BC
:101B60000B461143049A014322EA0302059B23EA30
:101B700001031A434FF00003069308BF01230593A6
:101B8000EDE00C9B25434FF000000B9A14BF43F08F
:101B9000080343F0040313711BB0BDE8F08F0C9BE6
:101BA00030210B9C012043F002020023617122715D
:101BB00023601BB0BDE8F08F54EA050240F2FE72CC
:101BC00045F48015A3F2354800EA020014BF012253
:101BD0000022002808BF42F00102271906924FEAAE
:101BE000850245EB0506B8F1000F42EA94720592B2
:101BF0004FEA84020492C0F21F8340460DF1580B55
:101C000000F03AFBB8F1030FC8BF01380446079053
:101C10000F9000F041FBA4EB080800F17C0359464B
:101C2000204603EB080A00F0E1FB12AB38463146D0
:101C30000093DDE9162300F061FC14AB04460D4669
:101C4000384631460093DDE9182300F057FC0A9A24
:101C5000DDE912638719AAF1410651EB0308149BD1
:101C6000169928BF012208960096D218159B43F1B9
:101C7000000360181799149245EB0101A0421593D7
:101C8000A941DDE9180134BF01260026381848EBC8
:101C90000101301841F10001B84271EB080634BF70
:101CA00001260026B21843F1000300F03FFCDDF8E6
:101CB00064E003918146DDE91432DDE917610292A7
:101CC000169A0992069A002A40F0F18014EB040C4F
:101CD000AAF1400245EB05000092FA1948EB080A08
:101CE000A44570EB0505099D34BF01240024121999
:101CF0004AF10004AC45B041029E34BF01200020EF
:101D0000101A64F10005401A65EB0E01DB187641EC
:101D1000BA4274EB080534BF012500255D1946F170
:101D20000003824274EB010234BF01220022AA1A8E
:101D300063F1000300F0FAFB82460291089B3846EB
:101D400041460093DDE9142300F0F0FB079B0446B5
:101D50000D46152B40F220820023CDE905330D9B63
:101D6000002B00F0D8810A2C75F10003C0F06E82C0
:101D70000A2300220120910001309E0041EA937164
:101D8000F31842EB0102DB1852419C4275EB020151
:101D9000F1D20F9B259AC3181344D20F9342B8BFB8
:101DA00013460E9A9342A8BF13460993B3FA83F0E1
:101DB0004FF0000E03994009CDF810E0109048460E
:101DC000CDE9079E644A4FF0CC33CDF800B000F067
:101DD00095FB169F179B5046FF0802994FEAD308C0
:101DE0005D4A47EA4377CDF800B04FF0CC3300F0BE
:101DF00085FB169E179BF6084FEAD30946EA437601
:101E0000BE4279EB08031ED30A2C75F10003C0F023
:101E10008B800A23002201204FEA820C01309900B6
:101E20004CEA937CCB1842EB0C0CDB184CEB0C0C03
:101E30009C4275EB0C016246EED2099B984240F33E
:101E4000558101230A9329462046434A4FF0CC335B
:101E5000CDF800B000F052FB049B06EB8602089917
:101E60000133179DBAEB420F069A0493B24602F073
:101E70000102169B18BF00223846DB08CDF80890F7
:101E80000692059A43EA45730797ED08002914BFA7
:101E9000002202F00102CDF80C804146059203EBCE
:101EA0008302A4EB42021C46D3B208938AE7099846
:101EB000791A089A009268EB0E02844275EB0606C6
:101EC00034BF01200020081A62F10001874278EB3C
:101ED000010234BF012200229A1A029B63F100031F
:101EE00000F024FB8246029128E7099BCDF8008090
:101EF000E11A089B65EB0C0C9E42029B77EB0E00EF
:101F000034BF01200020081A6CF10001844275EBF7
:101F1000010634BF01260026921B63F1000300F086
:101F200005FB82460291FDE5099B002B00F3DE8054
:101F300054EA050385D1109B002B82D00024DDE9F3
:101F4000079E2546069B002B51D05B46F046A346D4
:101F500002991C4635E000BFCDCCCCCCCCFBFFFFBA
:101F6000BB4A4FF0CC330094B24600F0C7FA169B40
:101F7000294658464FEAD309179BB54A49EA43799F
:101F80000094DB0803934FF0CC3300F0B7FA059BC5
:101F9000179D3946B8F1000F14BF002303F0010369
:101FA00002970593049B01330493169BDB0843EAD5
:101FB0004573ED0803EB8302ABEB42029B465FFAED
:101FC00082F84FF0CC33A24A5046009400F096FAC3
:101FD000169E179F4846F608039946EA4776FF087B
:101FE00006EB8603BAEB430FBAD0C6465C46049AAA
:101FF0000F9B1344059A9B46029BBEF1050F14BF2D
:10200000002202F001029D4208BF54450A9B83F062
:10201000010303F0010318BF0023002A69D014F064
:1020200001017BD1002B40F022810A2C75F10002C6
:10203000C0F020811A460A230021012688009F0053
:1020400040EA9370FB1841EB0001DB18304606F1C3
:10205000010649419C4275EB0107EFD2099B9E4264
:1020600001DD002A66D109980FFA8BFEB042A8BFA5
:10207000304600B2864400280EF1FF3E2EDD0B9B59
:10208000411D734A4FF0CC37194403F1050C052666
:1020900014EB050848F10008A2FB083929F00303F6
:1020A00003EB9903A8EB0308B4EB080465F1000304
:1020B00007FB04F502FB0355A4FB02431D4404F097
:1020C00001036408A3FB063944EAC57413EB080353
:1020D0006D08303301F8013D6145D9D10B9B0C9A55
:1020E000C3F800E01A711BB0BDE8F08FDDE9079E70
:1020F00028E7BBB9BEF1040F94BF002201221146AC
:10210000611845F100050A290C4675F1000392D2C9
:1021100000200126A2E70E9B099347E6002BEFD093
:102120004FF0050E069B119A83F001031A43E1D08C
:102130000121E5E70D9B6BB1259A06EB0B031344D8
:102140000E9A012BB8BF01239A42A8BF1A469642A5
:10215000099288DD05343E4906464FF0CC3345F1FF
:1021600000050BF1010B621942F10002A1FB02070D
:1021700027F0030000EB9700121AA41A65F100057E
:1021800004FB03F301FB0533A4FB01410B4464088A
:102190005D0844EAC37466E7049E14AB2C4A0093BE
:1021A00030464FF0CC33059900F0A8F9149B159AEE
:1021B0009B0843EA827303EB8303B3424AD0119E28
:1021C000049B1EBB013B059A42F1FF31069A981A07
:1021D00061F1000100F068F8079B83428CBF002387
:1021E0000123CDE90563BAE5119B13B901230593DA
:1021F000B5E519F1FF334FF000029946039B63F1F7
:10220000000303930123CDE90532A8E5981C059B43
:1022100043F1000100F048F8079B83428CBF002384
:102220000123B9EB03039946039B63F10003039376
:102230000023CDE9053392E540F2354618F1010758
:10224000A6EB030618BF0127FFF7C0BB0120A0E5DE
:10225000CDCCCCCCDDE9040100F026F8079B83420D
:102260008CBF0023012305930023069377E54FF0ED
:10227000040E57E70126F6E6024B03FB00F0800C44
:10228000704700BF41340100024B03FB00F0000D1A
:10229000704700BFFB2E0B00024B03FB00F0C00C8D
:1022A000013070474F93120030B54FF0CC350E4CD3
:1022B0004FF0333C05FB00F304FB0131A0FB04327B
:1022C00000200A449C457CEB02010CD3A64605FB8A
:1022D00003F1013004FB0211A3FB0E320A449C45BA
:1022E0007CEB0201F3D230BDCDCCCCCC2DE9F04F4C
:1022F0003A4D1A233A4F87B0A5FB00250E46ED084C
:1023000003FB150307EB051753B9D7E90023C1E910
:102310000023D7E90201C6E9020107B0BDE8F08F4A
:10232000304A02A9044602EBC303D3E90089D7E986
:10233000022340460091494600F0E0F802460B4671
:102340004046494691469846D7E9002304AF009796
:1023500000F0D4F8002282468B46DDE9047317EBC7
:10236000090753EB080928BF012232B1029B013350
:102370000293039B43F1000303932046FFF78CFF76
:1023800080461A2005FB00F0FFF786FFA8EB00054A
:102390003A464B4600955046594600F0C7F800951E
:1023A000114B25096400844653F825300A4604F091
:1023B0001E0438464946E34003F0030313EB0C03C5
:1023C00042F10002C6E90032DDE9022300F0AEF876
:1023D000C6E9020107B0BDE8F08F00BF4FECC44E64
:1023E000E8410108C0400108904101083F4A00F15E
:1023F0001903A2FB03232DE9F04FDB081A263C4FFB
:1024000087B003FB06F60D4607EB031B321A0AD111
:10241000DBE90023C1E90023DBE90201C5E9020190
:1024200007B0BDE8F08F4FEA031A324B02A9044609
:1024300003EBC203D3E90089DBE9022340460091A4
:10244000494600F05BF857F80A200F46DBF80430E5
:10245000013A84464046B84604AF63F1000349465A
:10246000E246009700F04AF8002281468B46DDE9FB
:10247000047317EB0A0753EB080828BF012232B197
:10248000029B01330293039B43F100030393304605
:10249000FFF702FF06462046FFF7FEFE361A3A46D1
:1024A000434600964846594600F040F80096124BC5
:1024B00026096400844653F826300A4604F01E04B8
:1024C00038464146E34003F00303013313EB0C03AA
:1024D00042F10002C5E90032DDE9022300F026F8EE
:1024E000C5E9020107B0BDE8F08F00BF4FECC44E54
:1024F00010430108C0400108B84201084FF0000C29
:1025000070B58E4605461646A0FB02016246049C45
:10251000EEFB06126646EEFB032CE3FB0516921952
:102520004CF10003C4E9002370BD00BF10B5029C4C
:10253000C4F1400CC4F1200EE04002FA0EFE03FA92
:102540000CF302FA0CFC43EA0E03C4F1200E01FA6C
:102550000EFE40EA0E00A4F1200E22FA0EFEA4F1B7
:10256000200221FA04F421FA02F243EA0E03104396
:1025700043EA04014CEA000010BD00BF71B10346FC
:1025800001EB000C01E0634506D01A4601331178D7
:102590000029F8D1101A7047181A7047084670477A
:1025A0002DE9F0430446C1F31305CE0F184654EA53
:1025B00005039DF81CE0C1F30A51167156D10B1E9C
:1025C00018BF0123002951D100281360C0F25E8199
:1025D0000C2800F3DA811F461D46C0F10D060124C8
:1025E000B600711EA6F12108C6F1210304FA01F11B
:1025F00004FA08F824FA03F34C1848EA030848EBF5
:102600000809634269EB490C013C49F1FF393C4040
:1026100009EA0509A14278EB09090EDBC6F1200998
:1026200027FA06F4203E05FA09F944EA090402D41F
:1026300045FA06F63443E40703D5C91945EB080506
:102640000F463B4005EA0C0C1B0943EA0C734FEAAA
:102650002C1C19090C2803F00F0441EA0C714FEAF5
:102660002C1C2CD0002C00F0148128E040F2FF73C9
:10267000994200F08D81002900F0F780A1F2FF312E
:10268000002845F4801527461160C0F2F5800C281B
:10269000A3DD230904F00F004FEA251C43EA05736C
:1026A000092802DDCEF1270108443030190903F072
:1026B0000F0441EA0C7190744FEA2C1C0D20092C78
:1026C00002DDCEF127031C4430340C284FEA1115EB
:1026D0005474B8BF0C2001F00F0445EA0C754FEAA2
:1026E0002C13092C02DDCEF127010C4430340B28C9
:1026F00014744FEA1514B8BF0B2005F00F0544EA17
:1027000003741B11092D02DDCEF127010D444FEAA0
:1027100014180A2805F1300504F00F0448EA03787C
:10272000B8BF0A201B11D573092C02DDCEF1270199
:102730000C443034092894734FEA1814B8BF0920A8
:1027400008F00F0844EA03741B11B8F1090F02DD09
:10275000CEF12701884408F13008082882F80D805E
:102760004FEA1418B8BF082004F00F0448EA0378B1
:102770001B11092C02DDCEF127010C44303407284F
:1027800014734FEA1814B8BF072008F00F0844EA82
:1027900003741B11B8F1090F02DDCEF12701884443
:1027A0002109062808F1300804F00F0441EA0371FA
:1027B000B8BF06201B1182F80B80092C02DDCEF178
:1027C00027052C444FEA1118052804F1300401F0C4
:1027D0000F0148EA0378B8BF05201B11947209293C
:1027E00002DDCEF1270421444FEA1814042801F138
:1027F000300108F00F08B8BF042044EA03744FEA20
:1028000023195172B8F1090F02DDCEF12703984464
:102810002109032808F1300804F00F04B8BF032091
:1028200041EA09714FEA291382F80880092C02DD78
:10283000CEF127052C440D09022804F1300401F0E3
:102840000F01B8BF022045EA0375D471092902DDE2
:10285000CEF1270E7144012801F13001B8BF0120EB
:10286000917130355571BDE8F083A1F2FE31002839
:1028700027461160BFF60BAF230914F00F004FEA93
:10288000251C43EA05737FF40BAFE2E618461946B0
:102890009C460D0911F00F044FEA2C1745EA0C7500
:1028A0003B467FF41EAF0B283FF41BAF0C0A15F01C
:1028B0000F054FEA2C2644EA0C6433467FF422AF1E
:1028C0000A283FF41FAF4FEA113814F00F044FEA03
:1028D0002C3548EA0C582B467FF426AF09283FF4E4
:1028E00023AF0C0C18F00F084FEA2C4344EA0C44B9
:1028F0007FF42BAF08283FF428AF4FEA115814F0AB
:102900000F044FEA2C5348EA0C387FF432AF072803
:102910003FF42FAF0C0E18F00F084FEA2C6344EA77
:102920000C247FF437AF06283FF434AF090F14F0BE
:102930000F044FEA2C7341EA0C117FF43EAF0528D7
:102940003FF43BAF11F00F01E0464FEAEC737FF428
:1029500046AF04283FF443AF1CF00F083C469946AD
:102960007FF450AF03283FF44DAF17F00F0431460A
:102970007FF45CAF02283FF459AF16F00F017FF4EB
:1029800065AFC3077FF56DAF60E79C4618468CE6E0
:1029900025434FF0000014BF46F0080646F0040639
:1029A0001671BDE8F08300BFD1E90432934202D032
:0829B0005A1C0A6118707047FF
:1029B800000000005265636F726465722073746F63
:1029C8007070656420696E20785472616365457221
:1029D800726F72282E2E2E2921000000235746528E
:1029E80000000000556E6B6E6F776E206572726F17
:1029F8007220636F64653A203078253038580000BB
:102A08004578636565646564205452435F4346476F
:102A18005F454E5452595F534C4F545300000000C9
:102A28004578636565646564205452435F4346474F
:102A38005F454E5452595F53594D424F4C5F4D417B
:102A4800585F4C454E475448000000004576656E77
:102A5800742073697A6520657863656564656400C8
:102A68005452435F53545245414D5F504F52545F47
:102A7800524541445F444154412072657475726EF9
:102A88006564206572726F72000000005452435FE3
:102A980053545245414D5F504F52545F5752495419
:102AA800455F444154412072657475726E656420B7
:102AB8006572726F72000000426C6F636B696E67BB
:102AC80020696E20785472616365456E61626C6539
:102AD800000000004E6F20736C6F7473206C656685
:102AE8007420696E20537461636B204D6F6E697436
:102AF8006F720000496E76616C6964206576656E58
:102B08007420636F64650000457863656564656477
:102B180020495352206E657374696E670000000087
:102B2800445754206E6F7420737570706F7274659B
:102B3800640000004457545F435943434E54206E89
:102B48006F7420737570706F727465640000000094
:102B5800436F756C64206E6F742063726561746571
:102B680020547A4374726C004153534552543A20AE
:102B7800257320282564290053797374656D2048CE
:102B880065617000547A4374726C000000000000A4
:102B980000000000446562756720436F6E736F6CB8
:102BA8006500000044656661756C74004672656571
:102BB80052544F53000000002444554D4D595F4472
:102BC80045564943455F4944000000002444554D9B
:102BD8004D595F53455353494F4E5F4944000000D8
:102BE8007844666D496E697469616C697A652045D7
:102BF80072726F72202D20707844666D4461746122
:102C0800206973204E554C4C0A00000025730000C3
:102C18007844666D496E697469616C697A652045A6
:102C280072726F72202D2078476574556E697175C0
:102C38006553657373696F6E494420697320300A60
:102C4800000000007844666D496E697469616C69BA
:102C58007A65204572726F72202D2078476574441A
:102C680065766963654E616D6520697320300A0079
:102C78007844666D496E697469616C697A65204546
:102C880072726F72202D207844666D536573736974
:102C98006F6E496E697469616C697A6520666169ED
:102CA8006C65642E0A0000007844666D496E69748C
:102CB80069616C697A65204572726F72202D20787F
:102CC80044666D4B65726E656C506F7274496E69BF
:102CD8007469616C697A65206661696C65642E0A3D
:102CE800000000007844666D496E697469616C691A
:102CF8007A65204572726F72202D207844666D4186
:102D08006C657274496E697469616C697A6520666C
:102D180061696C65642E0A007844666D496E697451
:102D280069616C697A65204572726F72202D20780E
:102D380044666D456E747279496E697469616C692F
:102D48007A65206661696C65642E0A007844666D50
:102D5800496E697469616C697A65204572726F722F
:102D6800202D207844666D436C6F7564496E6974D4
:102D780069616C697A65206661696C65642E0A0010
:102D88007844666D496E697469616C697A65204535
:102D980072726F72202D207844666D53746F726161
:102DA8006765496E697469616C697A6520666169ED
:102DB8006C65642E0A0000007844666D416C65728B
:102DC80074496E697469616C697A65204572726FBD
:102DD80072202D20707842756666657220697320AE
:102DE8004E554C4C0A000000257300004275696C72
:102DF800642D4D33332D5175616C0000707276442B
:102E0800666D416C657274496E697469616C697A42
:102E180065204572726F72202D20707844666D416E
:102E28006C65727444617461206973204E554C4C12
:102E38000A00000070727644666D416C65727449D0
:102E48006E697469616C697A65204572726F722067
:102E58002D207078416C657274206973204E554C32
:102E68004C0A000070727644666D416C6572744954
:102E78006E697469616C697A65204572726F722037
:102E88002D20737A4669726D776172655665727323
:102E9800696F6E206973204E554C4C0A0000000083
:102EA8007844666D546573745365745265766973B6
:102EB800696F6E204572726F72202D20707844669B
:102EC8006D416C65727444617461206973204E555C
:102ED8004C4C0A007844666D54657374536574529B
:102EE80065766973696F6E204572726F72202D2046
:102EF8007078416C657274206973204E554C4C0A89
:102F0800000000007844666D54657374536574520C
:102F180065766973696F6E204572726F72202D2015
:102F2800737A4669726D7761726556657273696FF7
:102F38006E206973204E554C4C0A000025732061A1
:102F4800742025733A2575000A44464D20416C6566
:102F580072743A2000000000257300000A00000087
:102F6800414C45525400000044464D3A2052657386
:102F780074617274696E672E2E2E0A0A0A000000A8
:102F8800636F726564756D705F656E640000000044
:102F98004661756C7420657863657074696F6E2C12
:102FA80020434653523A20307825303858000000E4
:102FB800202044464D3A2053746F72696E6720741E
:102FC800686520616C6572742E0A000020204446F2
:102FD8004D3A204E6F742079657420696E69746962
:102FE800616C697A65642E20416C6572742069672A
:102FF8006E6F7265642E0A0064666D5F7472616339
:10300800652E7073667300000A44464D3A20457277
:10301800726F722C207563446174614275666665CF
:1030280072206E6F74206C6172676520656E6F75B3
:103038006768210A0A00000044464D3A204552526A
:103048004F522C20737461636B206F766572666CC7
:103058006F7720696E204372617368436174636897
:1030680065722C2073656520636F6D6D656E7420C5
:10307800696E2064666D4372617368436174636846
:1030880065722E630A0A000044464D3A2057617261
:103098006E696E672C206D656D6F72792072656739
:1030A800696F6E2073697A65206973207A65726F1B
:1030B800210A0A000A44464D3A204572726F722C62
:1030C80020756E68616E646C656420636173652148
:1030D8000A0A0000747261702E646D7000000000AE
:1030E8006661756C742E646D7000000044464D3A3C
:1030F800204572726F722C207844666D416C65723F
:10310800744164645061796C6F6164206661696CB4
:1031180065642E0A0000000044464D3A2078446653
:103128006D416C657274456E64206661696C656496
:103138002E0A0000537461636B20636F727275709E
:1031480074696F6E00000000433A2F7372632F4456
:10315800656D6F735265706F2F5A65706879724428
:10316800656D6F2F6D6F64756C65732D7374616712
:10317800696E672F6D6F64756C65732F6465627512
:10318800672F706572636570696F2F44464D2F64B1
:10319800666D4372617368436174636865722E6318
:1031A800000000004275696C642D4D33332D517554
:1031B800616C00005461736B20257320657865632A
:1031C80075746564206D6F7265207468616E206522
:1031D8007870656374656420282575202525292E57
:1031E8000A0000005461736B2025732065786563BD
:1031F80075746564206C657373207468616E2065EE
:103208007870656374656420282575202525292E26
:103218000A0000005461736B4D6F6E69746F722001
:10322800616C6572742C205461736B2025732C209B
:10323800435055206C6F61642025752025252C206E
:10324800756E6B6E6F776E20726561736F6E2E0A86
:1032580000000000414C45525400000064666D5F58
:1032680074726163652E70736673000044464D3A4C
:10327800207844666D416C657274456E64206661A1
:10328800696C65642E0A0000257300002025303221
:10329800580000005B5B20444154413A00000000A4
:1032A80025730000205D5D0A000000000A5B5B20BA
:1032B800446576416C65727420446174612042658E
:1032C80067696E73205D5D0A000000005B5B204447
:1032D8006576416C657274204461746120456E6442
:1032E80065642E20436865636B73756D3A202564A9
:1032F800205D5D0A000000005041535300000000AB
:103308004641494C0000000044464D543A43484564
:10331800434B3A25733A25733A25730A0000000097
:10332800313032320000000031303233000000000A
:1033380054524143455F494E495449414C495A45C5
:10334800440000004841524E4553530054524143F3
:10335800455F5354415254454400000044464D20B3
:10336800546573747300000054524143455F4348E9
:10337800414E4E454C5F524547495354455245448A
:1033880000000000554E4B4E4F574E0044464D54DA
:103398003A4841524E4553535F4641494C3A25738A
:1033A8003A494E5445525255505445443A70686112
:1033B80073653D25753A726561736F6E3D25750AB3
:1033C80000000000454E440044464D543A524553CF
:1033D800554D45443A25753A25730A0044464D54DF
:1033E8003A52455455524E45443A25733A737461DE
:1033F800727475703A697073723D25753A636F6EB1
:1034080074726F6C3D307825780A00005448524534
:1034180041445F4D4F4445004D53505F53454C4523
:10342800435445440000000044464D543A52454236
:103438004F4F545F45585045435445443A25733AD5
:10344800737461727475700A000000006D33335F25
:103458007175616C0000000044464D543A5355495B
:1034680054455F424547494E3A25733A25303878E6
:103478000A00000044464D543A4841524E455353C1
:103488005F4641494C3A53544154453A494E4445A4
:10349800585F4F55545F4F465F52414E47453A2556
:1034A800750A000044464D543A424F4F543A25732A
:1034B8003A253038783A70686173653D25753A6900
:1034C8006E6465783D25753A7265626F6F74733DF9
:1034D80025750A0044464D543A53554954455F43AF
:1034E8004F4D504C4554453A25733A253038780AA3
:1034F8000000000044464D543A424547494E3A259B
:10350800733A25750A00000054257520424547493D
:103518004E00000064666D006661756C7400000002
:1035280044464D543A5245424F4F545F45585045D2
:10353800435445443A25733A25730A0044464D548A
:103548003A4841524E4553535F4641494C3A2573D8
:103558003A45585045435445445F524553544152A7
:10356800545F52455455524E45443A25640A00006A
:1035780044464D543A52455455524E45443A2573A3
:103588003A25640A00000000636F726564756D7007
:103598005F656E6400000000426F6F74696E67209B
:1035A800506572636570696F204672656552544F45
:1035B800532044464D2074657374206861726E65AB
:1035C8007373206F6E2051454D55206D7073322DE9
:1035D800616E3338350A000044464D543A4841522A
:1035E8004E4553535F4641494C3A424F4F543A5423
:1035F800524143455F494E495449414C495A450A4D
:103608000000000044464D543A4841524E45535339
:103618005F4641494C3A424F4F543A44464D5F4900
:103628004E495449414C495A450A000044464D54B4
:103638003A4841524E4553535F4641494C3A424FEE
:103648004F543A54524143455F53544152540A002F
:1036580044464D54657374730000000044464D544D
:103668003A4841524E4553535F4641494C3A424FBE
:103678004F543A5441534B5F4352454154450A0015
:1036880044464D543A4841524E4553535F4641498A
:103698004C3A424F4F543A5343484544554C45528F
:1036A8005F52455455524E45440A00005041535309
:1036B800000000004641494C0000000044464D54BB
:1036C8003A434845434B3A25733A25733A25730ADA
:1036D8000000000054657374203130313000000060
:1036E800433A2F7372632F44656D6F735265706F21
:1036F8002F44656D6F2D4672656552544F532D5199
:10370800454D552F64666D5F74657374732F7372BE
:10371800632F746573745F636F6E74657874732E4A
:103728006300000044464D543A5354415254555096
:103738005F454E5445523A313030353A69707372AC
:103748003D25753A636F6E74726F6C3D30782578DD
:103758000A000000546573742031303035000000D1
:10376800543130303641204354582048616E646CDF
:10377800657220495053523D257500005465737495
:10378800203130303641000054313030364220523A
:10379800455455524E206669727374207472617074
:1037A8003B20495053523D257500000048414E4486
:1037B8004C45525F4D4F44450000000031303036D3
:1037C800000000004953525F52455455524E45443B
:1037D8000000000054657374203130303642000018
:1037E80054657374203130303800000054657374A8
:1037F8002031303039000000543130303920444114
:1038080054412076616C75653D2575005431303022
:103818003920504154482074696D65722D64616582
:103828006D6F6E202D3E20736572766963650000AA
:10383800574F524B5F5355424D495454454400002D
:103848003130303900000000574F524B5F434F4D25
:10385800504C455445440000545241505F52455421
:1038680055524E4544000000546573742031303180
:103878003500000054313031364120435458204936
:103888005053523D257500005431303136412043A4
:10389800545820434F4E54524F4C3D253038580011
:1038A8005465737420313031364100005431303161
:1038B800364120414354494F4E20737769746368F9
:1038C80020505350202D3E204D535000543130315C
:1038D80036422052455455524E20747261705F43EF
:1038E800544C3D253038580054313031364220523E
:1038F800455455524E206E6F775F43544C3D2530EA
:10390800385800005448524541445F4D4F444500E3
:1039180031303136000000004D53505F53454C455F
:1039280043544544000000005053505F52455354DF
:103938004F52454400000000546573742031303103
:103948003642000054313032312044415441206322
:10395800757272656E745F7072696F3D25640000E0
:103968005431303231204441544120686967685FDE
:103978007072696F3D25640054313032314869678F
:1039880068000000543130323141205354415445CD
:10399800206869676820746872656164207265616F
:1039A80064793B207363686564756C6572206C6F1D
:1039B800636B656400000000546573742031303215
:1039C8003141000054313032314120524554555272
:1039D8004E20686967685F72616E3D25750000005A
:1039E80054313032314220504F535420686967684F
:1039F8005F72616E3D25750054313032314220507E
:103A08004F535420776169743D25640048494748FD
:103A18005F5448524541445F435245415445440030
:103A280031303231000000004F555445525F4C4F41
:103A3800434B5F50524553455256454400000000E1
:103A4800484947485F5448524541445F52414E5F98
:103A580041465445525F554E4C4F434B00000000C1
:103A680054657374203130323142000054313032A1
:103A780035204641554C542064656C696265726115
:103A8800746520756E646566696E656420696E7319
:103A98007472756374696F6E00000000504153536F
:103AA800000000004641494C0000000044464D54C7
:103AB8003A434845434B3A25733A25733A25730AE6
:103AC8000000000054313032322046504343523D0A
:103AD80025303858000000005431303232207365E8
:103AE8006E74696E656C3D257500000054657374CD
:103AF8002031303232000000433A2F7372632F4472
:103B0800656D6F735265706F2F44656D6F2D4672CA
:103B1800656552544F532D51454D552F64666D5F61
:103B280074657374732F7372632F746573745F6D28
:103B380033332E630000000044464D543A4F42533D
:103B48003A313032323A66706363723D30782530EC
:103B580038783A636F6E74726F6C5F6265666F7205
:103B6800653D3078253038783A636F6E74726F6CC3
:103B78005F61667465723D3078253038783A733104
:103B8800363D25750A0000004C415A595F46505F82
:103B9800535441434B494E475F454E41424C45447F
:103BA80000000000313032320000000046505F4310
:103BB8004F4E544558545F41435449564500000000
:103BC80046505F52454749535445525F52455354F6
:103BD8004F5245440000000046505F434F4E544545
:103BE80058545F5354494C4C5F414354495645001F
:103BF800545241505F52455455524E4544000000BE
:103C08005431303233205053503D2530385800005D
:103C18005431303233205053504C494D3D253038C3
:103C280058000000543130323320535441434B2064
:103C3800756E757365643D25750000005465737471
:103C4800203130323300000064666D5F7432330017
:103C580044464D543A4F42533A313032333A7073F6
:103C6800706C696D5F6265666F72653D307825308E
:103C780038783A7073706C696D5F61667465723D0F
:103C88003078253038783A7073705F6265666F7285
:103C9800653D3078253038783A7073705F616674A6
:103CA80065723D3078253038783A68656164726F9E
:103CB8006F6D3D25753A756E757365645F626566EF
:103CC8006F72653D25753A756E757365645F6166DB
:103CD8007465723D25750A005441534B5F43524544
:103CE80041544544000000003130323300000000E8
:103CF8005441534B5F434F4D504C4554454400008D
:103D08005053504C494D5F454E41424C454400008C
:103D18005053504C494D5F524553544F52454400FF
:103D280056414C49445F4C494D495445445F4845C8
:103D38004144524F4F4D0000535441434B5F475548
:103D48004152445F494E5441435400004C49564542
:103D58005F535441434B5F444154415F494E544182
:103D680043540000464154414C3A2046726565521E
:103D7800544F5320616C6C6F636174696F6E206679
:103D880061696C65640A0000464154414C3A2073ED
:103D98007461636B206F766572666C6F7720696EED
:103DA8002025730A00000000464154414C3A206126
:103DB8007373657274696F6E2061742025733A2578
:103DC8006C750A00433A2F7372632F44656D6F73E5
:103DD8005265706F2F44656D6F2D4672656552543C
:103DE8004F532D51454D552F74686972645F70614A
:103DF8007274792F4672656552544F532D4B657214
:103E08006E656C2F71756575652E63000000000086
:103E1800433A2F7372632F44656D6F735265706FE9
:103E28002F44656D6F2D4672656552544F532D5161
:103E3800454D552F74686972645F70617274792F8B
:103E48004672656552544F532D4B65726E656C2FE3
:103E58007461736B732E630049444C450000000085
:103E6800546D722053766300433A2F7372632F4464
:103E7800656D6F735265706F2F44656D6F2D467257
:103E8800656552544F532D51454D552F74686972CD
:103E9800645F70617274792F4672656552544F532E
:103EA8002D4B65726E656C2F74696D6572732E6328
:103EB80000000000546D725100000000433A2F7357
:103EC80072632F44656D6F735265706F2F44656D13
:103ED8006F2D4672656552544F532D51454D552FE0
:103EE80074686972645F70617274792F467265656F
:103EF80052544F532D4B65726E656C2F706F7274F0
:103F080061626C652F4743432F41524D5F434D33E8
:103F1800335F4E545A2F6E6F6E5F736563757265AB
:103F28002F706F72742E6300433A2F7372632F449D
:103F3800656D6F735265706F2F44656D6F2D467296
:103F4800656552544F532D51454D552F746869720C
:103F5800645F70617274792F4672656552544F536D
:103F68002D4B65726E656C2F706F727461626C6533
:103F78002F4D656D4D616E672F686561705F342EDA
:103F880063000000000050006343030000000C00C1
:103F980028330108FE0300000000000065740008D3
:103FA80030330108FF030000000000002D770008EF
:103FB8005800002000000000000000000102030477
:103FC800060708090000000001020304006CDC0277
:103FD80000366E010024F400001BB70000093D0004
:103FE80080841E0060E3160040420F0000E02E00AF
:103FF8000070170000A00F0000B80B00801A060020
:10400800400D0300F0490200A086010000000242B2
:10401800010000000000024203000000000002420C
:1040280006000000000402420100000000040242F1
:104038000A0000000008024202000000000C0242D0
:104048000D000000000C02420200000000080242BD
:104058000A000000000402420000000000080242BA
:104068000C000000000402420300000000040242A9
:10407800040000000010024200000000001002428C
:1040880002000000001002420300000001000200CC
:104098000400060008000A000C0010002000400080
:1040A8008000000108000000696E66006E616E0005
:1040B800286E756C6C2900000100000000000000EB
:1040C80005000000000000001900000000000000CA
:1040D8007D000000000000007102000000000000E8
:1040E800350C000000000000093D00000000000041
:1040F8002D31010000000000E1F50500000000007E
:1041080065CD1D0000000000F902950000000000C8
:10411800DD0EE90200000000514A8D0E000000008B
:104128009573C24800000000E941CC6B0100000013
:104138008D49FD1A07000000C16FF28623000000B8
:10414800C52EBCA2B1000000D9E9AC2D780300004F
:104158003D9160E45811000031D6E275BC5600006C
:10416800F52E6E4DAEB10100C9EA268367780800C6
:10417800ED95C28F055A2A00A1EDCCCE1BC2D30003
:1041880025A4000A8BCA22040000000000000000D9
:104198000000000000000000000000409559695927
:1041A8005555545515555556040515411054554047
:1041B80045515544404550445055554500400040F0
:1041C800400444966555565545404554514115405F
:1041D8005591555555554051050100000000000006
:1041E80000000000000000000000000000000010B7
:1041F8000000000000000000B9340332B7F4AD1429
:1042080010DB1AB30892540E0D307D951447BA1A74
:1042180066088F4D26ADC66DF598BF85E2B7451186
:10422800CA96853D92BD1DEBFCA11860DCEF5216C5
:104238003C92AE220BB8C1B4839D2D5B0562DA1C9B
:10424800304C7E8F4E8BB25B16F4529F8B56A51264
:10425800FBD4827643ED8AF08FE7F931156519189A
:1042680050F19BD94A13EEB4284CF0A686C1251FFD
:10427800035FC270CB9E4916E642889C44EB20142B
:10428800B0650836AD6EA58585F0CA14E2FD031A3F
:104298000B899979D5B13D09D8DA973A35EBCF1022
:1042A800AC363F5E73BB38CF3E6752FA44AFBA159F
:1042B8005445545445550504001004101404400096
:1042C8000000014055551541540400004400010008
:1042D80000000040410000445044455054005555EA
:1042E80054556551004000400100000100050100DF
:1042F80011545151545555050015415000000440C2
:10430800100104050000000001000000000000008A
:104318000000000000000020345065C05FC9A652AC
:10432800BB13CBAEC440C21806C8DF7100D5A87C49
:10433800F56F0FDA58FC27136E4756357D24206534
:1043480002C7E768E48CA41DE9E60268D7CD3961A5
:104358007977FCC2405BEF16798CDE43FFA751F9F1
:1043680091F3B278F5BDBE11E857E9D6E8BEE87B0F
:10437800B054AC8F848D751BEA23A499E9F9D38BCB
:10438800B7A3714061DA3E15CEE33ECB73F9480816
:104398008C97B427D51B7010A2BFEFB9EB853215E7
:1043A8004DB44DB49BBB6F1996B6076CF8E7EEADEC
:1043B80036D9B4F59135AE13222218AF4E6A684D3E
:1043C80091DAAA3D4F40741E9FBD9EE006A1C09899
:1043D80057C2A7FDA40E90170E7D497173E3208F75
:1043E800B220D87605143B12853D7434811343B04E
:0843F800AD297A5F27F4351CA2
:0844000044BFFE7F0100000033
:10440800C43B0020FFFFFFFF000000000000000089
:10441800FFFFFFFF00000000EFBEADDEFFFFFFFF64
:10442800FFFFFFFF01000000FFFFFFFFFFFFFFFF8F
:1044380001000000FFFFFFFFFFFFFFFF010000007A
:10444800FFFFFFFFFFFFFFFF0100000000ED00E09E
:1044580028ED00E088ED00E000000200D97D0008AA
:10446800000000000000000000093D0010000000EE
:0400000508007E0968
:00000001FF
