Booting Percepio FreeRTOS DFM test harness on QEMU mps2-an385
DFMT:SUITE_BEGIN:m33_qual:92b3fb9f
DFMT:CHECK:HARNESS:PASS:TRACE_CHANNEL_REGISTERED
DFMT:BEGIN:1022:0

DFM Alert: Test 1022 at test_m33.c:32
  DFM: Storing the alert.


[[ DevAlert Data Begins ]]
[[ DATA: D1 D2 D3 D4 F0 0F 01 00 12 15 00 00 01 00 01 00 01 00 00 00 ]]
[[ DATA: 20 00 20 00 68 00 00 00 0C 01 00 00 24 44 55 4D 4D 59 5F 53 ]]
[[ DATA: 45 53 53 49 4F 4E 5F 49 44 00 00 00 00 00 00 00 00 00 00 00 ]]
[[ DATA: 00 00 00 00 24 44 55 4D 4D 59 5F 44 45 56 49 43 45 5F 49 44 ]]
[[ DATA: 00 00 00 00 00 00 00 00 00 00 00 00 00 00 00 00 54 65 73 74 ]]
[[ DATA: 20 31 30 32 32 20 61 74 20 74 65 73 74 5F 6D 33 33 2E 63 3A ]]
[[ DATA: 33 32 00 00 00 00 00 00 00 00 00 00 00 00 00 00 00 00 00 00 ]]
[[ DATA: 00 00 00 00 00 00 00 00 00 00 00 00 00 00 00 00 00 00 00 00 ]]
[[ DATA: 00 00 00 00 00 00 00 00 00 00 00 00 00 00 00 00 00 00 00 00 ]]
[[ DATA: 00 00 00 00 00 00 00 00 00 00 00 00 00 00 00 00 00 00 00 00 ]]
[[ DATA: 50 44 66 6D F0 0F 03 48 08 04 68 00 01 00 00 00 FE 03 00 00 ]]
[[ DATA: 01 00 00 00 EA 02 00 00 07 00 00 00 40 95 00 20 02 00 00 00 ]]
[[ DATA: 83 03 00 00 04 00 00 00 20 00 00 00 00 00 00 00 00 00 00 00 ]]
[[ DATA: 00 00 00 00 00 00 00 00 00 00 00 00 00 00 00 00 00 00 00 00 ]]
[[ DATA: 00 00 00 00 42 75 69 6C 64 2D 4D 33 33 2D 51 75 61 6C 00 00 ]]
[[ DATA: 00 00 00 00 00 00 00 00 00 00 00 00 00 00 00 00 00 00 00 00 ]]
[[ DATA: 00 00 00 00 00 00 00 00 00 00 00 00 00 00 00 00 00 00 00 00 ]]
[[ DATA: 00 00 00 00 00 00 00 00 00 00 00 00 00 00 00 00 54 65 73 74 ]]
[[ DATA: 20 31 30 32 32 20 61 74 20 74 65 73 74 5F 6D 33 33 2E 63 3A ]]
[[ DATA: 33 32 00 00 00 00 00 00 00 00 00 00 00 00 00 00 00 00 00 00 ]]
[[ DATA: 00 00 00 00 00 00 00 00 00 00 00 00 00 00 00 00 00 00 00 00 ]]
[[ DATA: 00 00 00 00 00 00 00 00 00 00 00 00 00 00 00 00 00 00 00 00 ]]
[[ DATA: 00 00 00 00 00 00 00 00 00 00 00 00 00 00 00 00 00 00 00 00 ]]
[[ DATA: 6D 66 44 50 00 00 00 00 D4 D3 D2 D1 ]]
[[ DevAlert Data Ended. Checksum: 27682 ]]

[[ DevAlert Data Begins ]]
[[ DATA: D1 D2 D3 D4 F0 0F 01 00 18 46 01 00 01 00 01 00 01 00 00 00 ]]
[[ DATA: 20 00 20 00 10 00 00 00 24 00 00 00 24 44 55 4D 4D 59 5F 53 ]]
[[ DATA: 45 53 53 49 4F 4E 5F 49 44 00 00 00 00 00 00 00 00 00 00 00 ]]
[[ DATA: 00 00 00 00 24 44 55 4D 4D 59 5F 44 45 56 49 43 45 5F 49 44 ]]
[[ DATA: 00 00 00 00 00 00 00 00 00 00 00 00 00 00 00 00 64 66 6D 5F ]]
[[ DATA: 74 72 61 63 65 2E 70 73 66 73 00 00 50 44 61 50 F0 0F 03 10 ]]
[[ DATA: F0 32 00 00 64 66 6D 5F 74 72 61 63 65 2E 70 73 66 73 00 00 ]]
[[ DATA: 50 61 44 50 00 00 00 00 D4 D3 D2 D1 ]]
[[ DevAlert Data Ended. Checksum: 12498 ]]

[[ DevAlert Data Begins ]]
[[ DATA: D1 D2 D3 D4 F0 0F 01 00 71 83 01 00 01 00 07 00 01 00 00 00 ]]
[[ DATA: 20 00 20 00 10 00 00 00 D0 07 00 00 24 44 55 4D 4D 59 5F 53 ]]
[[ DATA: 45 53 53 49 4F 4E 5F 49 44 00 00 00 00 00 00 00 00 00 00 00 ]]
[[ DATA: 00 00 00 00 24 44 55 4D 4D 59 5F 44 45 56 49 43 45 5F 49 44 ]]
[[ DATA: 00 00 00 00 00 00 00 00 00 00 00 00 00 00 00 00 64 66 6D 5F ]]
[[ DATA: 74 72 61 63 65 2E 70 73 66 73 00 00 30 10 00 20 00 00 00 00 ]]
[[ DATA: 05 06 07 08 75 76 77 78 F5 F6 F7 F8 00 46 53 50 0E 00 A1 1A ]]
[[ DATA: 00 00 00 00 01 03 00 00 00 00 00 00 00 00 02 01 46 72 65 65 ]]
[[ DATA: 52 54 4F 53 01 00 00 00 00 00 00 00 00 0E 27 07 00 00 00 00 ]]
[[ DATA: E8 03 00 00 6B 62 05 00 43 00 00 00 38 00 00 00 1C 00 00 00 ]]
[[ DATA: 03 00 00 00 AC 05 00 20 00 00 00 00 00 00 00 00 00 00 02 00 ]]
[[ DATA: 00 00 00 80 53 79 73 74 65 6D 20 48 65 61 70 00 00 00 00 00 ]]
[[ DATA: 00 00 00 00 00 00 00 00 00 00 00 00 00 00 00 00 00 00 00 00 ]]
[[ DATA: 00 00 00 00 00 00 00 00 00 00 00 00 00 00 00 00 00 00 00 00 ]]
[[ DATA: 00 00 00 00 00 00 00 00 00 00 00 00 00 00 00 00 00 00 00 00 ]]
[[ DATA: 00 00 00 00 00 00 00 00 00 00 00 00 00 00 00 00 00 00 00 00 ]]
[[ DATA: 00 00 00 00 00 00 00 00 00 00 00 00 00 00 00 00 00 00 00 00 ]]
[[ DATA: 00 00 00 00 00 00 00 00 00 00 00 00 00 00 00 00 00 00 00 00 ]]
[[ DATA: 00 00 00 00 00 00 00 00 00 00 00 00 00 00 00 00 00 00 00 00 ]]
[[ DATA: 00 00 00 00 00 00 00 00 00 00 00 00 00 00 00 00 00 00 00 00 ]]
[[ DATA: 00 00 00 00 00 00 00 00 00 00 00 00 00 00 00 00 00 00 00 00 ]]
[[ DATA: 00 00 00 00 00 00 00 00 00 00 00 00 00 00 00 00 00 00 00 00 ]]
[[ DATA: 00 00 00 00 00 00 00 00 00 00 00 00 00 00 00 00 00 00 00 00 ]]
[[ DATA: 00 00 00 00 00 00 00 00 00 00 00 00 00 00 00 00 00 00 00 00 ]]
[[ DATA: 00 00 00 00 00 00 00 00 00 00 00 00 00 00 00 00 00 00 00 00 ]]
[[ DATA: 00 00 00 00 00 00 00 00 00 00 00 00 00 00 00 00 00 00 00 00 ]]
[[ DATA: 00 00 00 00 00 00 00 00 00 00 00 00 00 00 00 00 00 00 00 00 ]]
[[ DATA: 00 00 00 00 00 00 00 00 00 00 00 00 00 00 00 00 00 00 00 00 ]]
[[ DATA: 00 00 00 00 00 00 00 00 00 00 00 00 00 00 00 00 00 00 00 00 ]]
[[ DATA: 00 00 00 00 00 00 00 00 00 00 00 00 00 00 00 00 00 00 00 00 ]]
[[ DATA: 00 00 00 00 00 00 00 00 00 00 00 00 00 00 00 00 00 00 00 00 ]]
[[ DATA: 00 00 00 00 00 00 00 00 00 00 00 00 00 00 00 00 00 00 00 00 ]]
[[ DATA: 00 00 00 00 00 00 00 00 00 00 00 00 00 00 00 00 00 00 00 00 ]]
[[ DATA: 00 00 00 00 00 00 00 00 00 00 00 00 00 00 00 00 00 00 00 00 ]]
[[ DATA: 00 00 00 00 00 00 00 00 00 00 00 00 00 00 00 00 00 00 00 00 ]]
[[ DATA: 00 00 00 00 00 00 00 00 00 00 00 00 00 00 00 00 00 00 00 00 ]]
[[ DATA: 00 00 00 00 00 00 00 00 00 00 00 00 00 00 00 00 00 00 00 00 ]]
[[ DATA: 00 00 00 00 00 00 00 00 00 00 00 00 00 00 00 00 00 00 00 00 ]]
[[ DATA: 00 00 00 00 00 00 00 00 00 00 00 00 00 00 00 00 00 00 00 00 ]]
[[ DATA: 00 00 00 00 00 00 00 00 00 00 00 00 00 00 00 00 00 00 00 00 ]]
[[ DATA: 00 00 00 00 00 00 00 00 00 00 00 00 00 00 00 00 00 00 00 00 ]]
[[ DATA: 00 00 00 00 00 00 00 00 00 00 00 00 00 00 00 00 00 00 00 00 ]]
[[ DATA: 00 00 00 00 00 00 00 00 00 00 00 00 00 00 00 00 00 00 00 00 ]]
[[ DATA: 00 00 00 00 00 00 00 00 00 00 00 00 00 00 00 00 00 00 00 00 ]]
[[ DATA: 00 00 00 00 00 00 00 00 00 00 00 00 00 00 00 00 00 00 00 00 ]]
[[ DATA: 00 00 00 00 00 00 00 00 00 00 00 00 00 00 00 00 00 00 00 00 ]]
[[ DATA: 00 00 00 00 00 00 00 00 00 00 00 00 00 00 00 00 00 00 00 00 ]]
[[ DATA: 00 00 00 00 00 00 00 00 00 00 00 00 00 00 00 00 00 00 00 00 ]]
[[ DATA: 00 00 00 00 00 00 00 00 00 00 00 00 00 00 00 00 00 00 00 00 ]]
[[ DATA: 00 00 00 00 00 00 00 00 00 00 00 00 00 00 00 00 00 00 00 00 ]]
[[ DATA: 00 00 00 00 00 00 00 00 00 00 00 00 00 00 00 00 00 00 00 00 ]]
[[ DATA: 00 00 00 00 00 00 00 00 00 00 00 00 00 00 00 00 00 00 00 00 ]]
[[ DATA: 00 00 00 00 00 00 00 00 00 00 00 00 00 00 00 00 00 00 00 00 ]]
[[ DATA: 00 00 00 00 00 00 00 00 00 00 00 00 00 00 00 00 00 00 00 00 ]]
[[ DATA: 00 00 00 00 00 00 00 00 00 00 00 00 00 00 00 00 00 00 00 00 ]]
[[ DATA: 00 00 00 00 00 00 00 00 00 00 00 00 00 00 00 00 00 00 00 00 ]]
[[ DATA: 00 00 00 00 00 00 00 00 00 00 00 00 00 00 00 00 00 00 00 00 ]]
[[ DATA: 00 00 00 00 00 00 00 00 00 00 00 00 00 00 00 00 00 00 00 00 ]]
[[ DATA: 00 00 00 00 00 00 00 00 00 00 00 00 00 00 00 00 00 00 00 00 ]]
[[ DATA: 00 00 00 00 00 00 00 00 00 00 00 00 00 00 00 00 00 00 00 00 ]]
[[ DATA: 00 00 00 00 00 00 00 00 00 00 00 00 00 00 00 00 00 00 00 00 ]]
[[ DATA: 00 00 00 00 00 00 00 00 00 00 00 00 00 00 00 00 00 00 00 00 ]]
[[ DATA: 00 00 00 00 00 00 00 00 00 00 00 00 00 00 00 00 00 00 00 00 ]]
[[ DATA: 00 00 00 00 00 00 00 00 00 00 00 00 00 00 00 00 00 00 00 00 ]]
[[ DATA: 00 00 00 00 00 00 00 00 00 00 00 00 00 00 00 00 00 00 00 00 ]]
[[ DATA: 00 00 00 00 00 00 00 00 00 00 00 00 00 00 00 00 00 00 00 00 ]]
[[ DATA: 00 00 00 00 00 00 00 00 00 00 00 00 00 00 00 00 00 00 00 00 ]]
[[ DATA: 00 00 00 00 00 00 00 00 00 00 00 00 00 00 00 00 00 00 00 00 ]]
[[ DATA: 00 00 00 00 00 00 00 00 00 00 00 00 00 00 00 00 00 00 00 00 ]]
[[ DATA: 00 00 00 00 00 00 00 00 00 00 00 00 00 00 00 00 00 00 00 00 ]]
[[ DATA: 00 00 00 00 00 00 00 00 00 00 00 00 00 00 00 00 00 00 00 00 ]]
[[ DATA: 00 00 00 00 00 00 00 00 00 00 00 00 00 00 00 00 00 00 00 00 ]]
[[ DATA: 00 00 00 00 00 00 00 00 00 00 00 00 00 00 00 00 00 00 00 00 ]]
[[ DATA: 00 00 00 00 00 00 00 00 00 00 00 00 00 00 00 00 00 00 00 00 ]]
[[ DATA: 00 00 00 00 00 00 00 00 00 00 00 00 00 00 00 00 00 00 00 00 ]]
[[ DATA: 00 00 00 00 00 00 00 00 00 00 00 00 00 00 00 00 00 00 00 00 ]]
[[ DATA: 00 00 00 00 00 00 00 00 00 00 00 00 00 00 00 00 00 00 00 00 ]]
[[ DATA: 00 00 00 00 00 00 00 00 00 00 00 00 00 00 00 00 00 00 00 00 ]]
[[ DATA: 00 00 00 00 00 00 00 00 00 00 00 00 00 00 00 00 00 00 00 00 ]]
[[ DATA: 00 00 00 00 00 00 00 00 00 00 00 00 00 00 00 00 00 00 00 00 ]]
[[ DATA: 00 00 00 00 00 00 00 00 00 00 00 00 00 00 00 00 00 00 00 00 ]]
[[ DATA: 00 00 00 00 00 00 00 00 00 00 00 00 00 00 00 00 00 00 00 00 ]]
[[ DATA: 00 00 00 00 00 00 00 00 00 00 00 00 00 00 00 00 00 00 00 00 ]]
[[ DATA: 00 00 00 00 00 00 00 00 00 00 00 00 00 00 00 00 00 00 00 00 ]]
[[ DATA: 00 00 00 00 00 00 00 00 00 00 00 00 00 00 00 00 00 00 00 00 ]]
[[ DATA: 00 00 00 00 00 00 00 00 00 00 00 00 00 00 00 00 00 00 00 00 ]]
[[ DATA: 00 00 00 00 00 00 00 00 00 00 00 00 00 00 00 00 00 00 00 00 ]]
[[ DATA: 00 00 00 00 00 00 00 00 00 00 00 00 00 00 00 00 00 00 00 00 ]]
[[ DATA: 00 00 00 00 00 00 00 00 00 00 00 00 00 00 00 00 00 00 00 00 ]]
[[ DATA: 00 00 00 00 00 00 00 00 00 00 00 00 00 00 00 00 00 00 00 00 ]]
[[ DATA: 00 00 00 00 00 00 00 00 00 00 00 00 00 00 00 00 00 00 00 00 ]]
[[ DATA: 00 00 00 00 00 00 00 00 00 00 00 00 00 00 00 00 00 00 00 00 ]]
[[ DATA: 00 00 00 00 00 00 00 00 00 00 00 00 00 00 00 00 00 00 00 00 ]]
[[ DATA: 00 00 00 00 00 00 00 00 00 00 00 00 00 00 00 00 00 00 00 00 ]]
[[ DATA: 00 00 00 00 00 00 00 00 00 00 00 00 00 00 00 00 00 00 00 00 ]]
[[ DATA: 00 00 00 00 00 00 00 00 00 00 00 00 00 00 00 00 00 00 00 00 ]]
[[ DATA: 00 00 00 00 00 00 00 00 00 00 00 00 00 00 00 00 00 00 00 00 ]]
[[ DATA: 00 00 00 00 00 00 00 00 00 00 00 00 00 00 00 00 00 00 00 00 ]]
[[ DATA: 00 00 00 00 00 00 00 00 00 00 00 00 00 00 00 00 00 00 00 00 ]]
[[ DATA: 00 00 00 00 00 00 00 00 00 00 00 00 00 00 00 00 00 00 00 00 ]]
[[ DATA: 00 00 00 00 00 00 00 00 00 00 00 00 00 00 00 00 00 00 00 00 ]]
[[ DATA: 00 00 00 00 00 00 00 00 00 00 00 00 00 00 00 00 00 00 00 00 ]]
[[ DATA: 00 00 00 00 00 00 00 00 00 00 00 00 00 00 00 00 00 00 00 00 ]]
[[ DATA: 00 00 00 00 00 00 00 00 00 00 00 00 00 00 00 00 00 00 00 00 ]]
[[ DATA: 00 00 00 00 00 00 00 00 00 00 00 00 00 00 00 00 00 00 00 00 ]]
[[ DATA: 00 00 00 00 00 00 00 00 00 00 00 00 D4 D3 D2 D1 ]]
[[ DevAlert Data Ended. Checksum: 25664 ]]

[[ DevAlert Data Begins ]]
[[ DATA: D1 D2 D3 D4 F0 0F 01 00 71 83 01 00 02 00 07 00 01 00 00 00 ]]
[[ DATA: 20 00 20 00 10 00 00 00 D0 07 00 00 24 44 55 4D 4D 59 5F 53 ]]
[[ DATA: 45 53 53 49 4F 4E 5F 49 44 00 00 00 00 00 00 00 00 00 00 00 ]]
[[ DATA: 00 00 00 00 24 44 55 4D 4D 59 5F 44 45 56 49 43 45 5F 49 44 ]]
[[ DATA: 00 00 00 00 00 00 00 00 00 00 00 00 00 00 00 00 64 66 6D 5F ]]
[[ DATA: 74 72 61 63 65 2E 70 73 66 73 00 00 00 00 00 00 00 00 00 00 ]]
[[ DATA: 00 00 00 00 00 00 00 00 00 00 00 00 00 00 00 00 00 00 00 00 ]]
[[ DATA: 00 00 00 00 00 00 00 00 00 00 00 00 00 00 00 00 00 00 00 00 ]]
[[ DATA: 00 00 00 00 00 00 00 00 00 00 00 00 00 00 00 00 00 00 00 00 ]]
[[ DATA: 00 00 00 00 00 00 00 00 00 00 00 00 00 00 00 00 00 00 00 00 ]]
[[ DATA: 00 00 00 00 00 00 00 00 00 00 00 00 00 00 00 00 00 00 00 00 ]]
[[ DATA: 00 00 00 00 00 00 00 00 00 00 00 00 00 00 00 00 00 00 00 00 ]]
[[ DATA: 00 00 00 00 00 00 00 00 00 00 00 00 00 00 00 00 00 00 00 00 ]]
[[ DATA: 00 00 00 00 00 00 00 00 00 00 00 00 00 00 00 00 00 00 00 00 ]]
[[ DATA: 00 00 00 00 00 00 00 00 00 00 00 00 00 00 00 00 00 00 00 00 ]]
[[ DATA: 00 00 00 00 00 00 00 00 00 00 00 00 00 00 00 00 00 00 00 00 ]]
[[ DATA: 00 00 00 00 00 00 00 00 00 00 00 00 00 00 00 00 00 00 00 00 ]]
[[ DATA: 00 00 00 00 00 00 00 00 00 00 00 00 00 00 00 00 00 00 00 00 ]]
[[ DATA: 00 00 00 00 00 00 00 00 00 00 00 00 00 00 00 00 00 00 00 00 ]]
[[ DATA: 00 00 00 00 00 00 00 00 00 00 00 00 00 00 00 00 00 00 00 00 ]]
[[ DATA: 00 00 00 00 00 00 00 00 00 00 00 00 00 00 00 00 00 00 00 00 ]]
[[ DATA: 00 00 00 00 00 00 00 00 00 00 00 00 00 00 00 00 00 00 00 00 ]]
[[ DATA: 00 00 00 00 00 00 00 00 00 00 00 00 00 00 00 00 00 00 00 00 ]]
[[ DATA: 00 00 00 00 00 00 00 00 00 00 00 00 00 00 00 00 00 00 00 00 ]]
[[ DATA: 00 00 00 00 00 00 00 00 00 00 00 00 00 00 00 00 00 00 00 00 ]]
[[ DATA: 00 00 00 00 00 00 00 00 00 00 00 00 00 00 00 00 00 00 00 00 ]]
[[ DATA: 00 00 00 00 00 00 00 00 00 00 00 00 00 00 00 00 00 00 00 00 ]]
[[ DATA: 00 00 00 00 00 00 00 00 00 00 00 00 00 00 00 00 DC 0E 00 20 ]]
[[ DATA: 00 00 00 00 00 00 00 00 00 00 00 00 00 00 00 00 41 4C 45 52 ]]
[[ DATA: 54 00 00 00 00 00 00 00 00 00 00 00 00 00 00 00 00 00 00 00 ]]
[[ DATA: 00 00 00 00 0C 0F 00 20 00 00 00 00 00 00 00 00 00 00 00 00 ]]
[[ DATA: 00 00 00 00 44 46 4D 20 54 65 73 74 73 00 00 00 00 00 00 00 ]]
[[ DATA: 00 00 00 00 00 00 00 00 00 00 00 00 30 A3 00 20 01 00 00 00 ]]
[[ DATA: 00 00 00 00 00 00 00 00 00 00 00 00 54 6D 72 20 53 76 63 00 ]]
[[ DATA: 00 00 00 00 00 00 00 00 00 00 00 00 00 00 00 00 00 00 00 00 ]]
[[ DATA: AC AE 00 20 08 00 00 00 00 00 00 00 00 00 00 00 00 00 00 00 ]]
[[ DATA: 54 6D 72 51 00 00 00 00 00 00 00 00 00 00 00 00 00 00 00 00 ]]
[[ DATA: 00 00 00 00 00 00 00 00 D0 9E 00 20 00 00 00 00 00 00 00 00 ]]
[[ DATA: 00 00 00 00 00 00 00 00 49 44 4C 45 00 00 00 00 00 00 00 00 ]]
[[ DATA: 00 00 00 00 00 00 00 00 00 00 00 00 00 00 00 00 90 55 00 20 ]]
[[ DATA: 03 00 00 00 00 00 00 00 00 00 00 00 00 00 00 00 44 46 4D 54 ]]
[[ DATA: 65 73 74 73 00 00 00 00 00 00 00 00 00 00 00 00 00 00 00 00 ]]
[[ DATA: 00 00 00 00 90 04 00 20 00 00 00 00 00 00 00 00 00 00 00 00 ]]
[[ DATA: 00 00 00 00 54 7A 43 74 72 6C 00 00 00 00 00 00 00 00 00 00 ]]
[[ DATA: 00 00 00 00 00 00 00 00 00 00 00 00 00 28 00 00 38 01 00 00 ]]
[[ DATA: 00 00 00 00 D4 27 00 00 01 00 00 00 00 00 00 00 D4 27 00 00 ]]
[[ DATA: 00 00 00 00 38 01 00 00 00 00 00 00 00 00 00 00 5C 10 00 20 ]]
[[ DATA: 01 10 01 00 C9 52 00 00 02 00 00 00 10 20 02 00 94 80 00 00 ]]
[[ DATA: 90 55 00 20 03 00 00 00 30 10 03 00 F8 81 00 00 90 55 00 20 ]]
[[ DATA: 10 20 04 00 39 8D 00 00 D0 9E 00 20 00 00 00 00 30 10 05 00 ]]
[[ DATA: 71 8E 00 00 D0 9E 00 20 11 20 06 00 6E 94 00 00 AC AE 00 20 ]]
[[ DATA: 08 00 00 00 10 20 07 00 FD AA 00 00 30 A3 00 20 01 00 00 00 ]]
[[ DATA: 30 10 08 00 51 AC 00 00 30 A3 00 20 37 20 09 00 D5 AE 00 00 ]]
[[ DATA: 90 55 00 20 03 00 00 00 03 40 0A 00 28 4A 02 00 0C 0F 00 20 ]]
[[ DATA: 44 46 4D 20 54 65 73 74 73 00 00 00 92 50 0B 00 76 46 05 00 ]]
[[ DATA: 0C 0F 00 20 FE 03 00 00 54 25 75 20 42 45 47 49 4E 00 00 00 ]]
[[ DATA: 92 70 0C 00 29 4C 05 00 0C 0F 00 20 18 00 00 C0 54 31 30 32 ]]
[[ DATA: 32 20 46 50 43 43 52 3D 25 30 38 58 00 00 00 00 92 70 0D 00 ]]
[[ DATA: EF 4F 05 00 0C 0F 00 20 64 00 00 00 54 31 30 32 32 20 73 65 ]]
[[ DATA: 6E 74 69 6E 65 6C 3D 25 75 00 00 00 03 30 0E 00 F3 5E 05 00 ]]
[[ DATA: DC 0E 00 20 41 4C 45 52 54 00 00 00 91 80 0F 00 6B 62 05 00 ]]
[[ DATA: DC 0E 00 20 54 65 73 74 20 31 30 32 32 20 61 74 20 74 65 73 ]]
[[ DATA: 74 5F 6D 33 33 2E 63 3A 33 32 00 00 00 00 00 00 00 00 00 00 ]]
[[ DATA: 00 00 00 00 00 00 00 00 00 00 00 00 00 00 00 00 00 00 00 00 ]]
[[ DATA: 00 00 00 00 00 00 00 00 00 00 00 00 00 00 00 00 00 00 00 00 ]]
[[ DATA: 00 00 00 00 00 00 00 00 00 00 00 00 00 00 00 00 00 00 00 00 ]]
[[ DATA: 00 00 00 00 00 00 00 00 00 00 00 00 00 00 00 00 00 00 00 00 ]]
[[ DATA: 00 00 00 00 00 00 00 00 00 00 00 00 00 00 00 00 00 00 00 00 ]]
[[ DATA: 00 00 00 00 00 00 00 00 00 00 00 00 00 00 00 00 00 00 00 00 ]]
[[ DATA: 00 00 00 00 00 00 00 00 00 00 00 00 00 00 00 00 00 00 00 00 ]]
[[ DATA: 00 00 00 00 00 00 00 00 00 00 00 00 00 00 00 00 00 00 00 00 ]]
[[ DATA: 00 00 00 00 00 00 00 00 00 00 00 00 00 00 00 00 00 00 00 00 ]]
[[ DATA: 00 00 00 00 00 00 00 00 00 00 00 00 00 00 00 00 00 00 00 00 ]]
[[ DATA: 00 00 00 00 00 00 00 00 00 00 00 00 00 00 00 00 00 00 00 00 ]]
[[ DATA: 00 00 00 00 00 00 00 00 00 00 00 00 00 00 00 00 00 00 00 00 ]]
[[ DATA: 00 00 00 00 00 00 00 00 00 00 00 00 00 00 00 00 00 00 00 00 ]]
[[ DATA: 00 00 00 00 00 00 00 00 00 00 00 00 00 00 00 00 00 00 00 00 ]]
[[ DATA: 00 00 00 00 00 00 00 00 00 00 00 00 00 00 00 00 00 00 00 00 ]]
[[ DATA: 00 00 00 00 00 00 00 00 00 00 00 00 00 00 00 00 00 00 00 00 ]]
[[ DATA: 00 00 00 00 00 00 00 00 00 00 00 00 00 00 00 00 00 00 00 00 ]]
[[ DATA: 00 00 00 00 00 00 00 00 00 00 00 00 00 00 00 00 00 00 00 00 ]]
[[ DATA: 00 00 00 00 00 00 00 00 00 00 00 00 00 00 00 00 00 00 00 00 ]]
[[ DATA: 00 00 00 00 00 00 00 00 00 00 00 00 00 00 00 00 00 00 00 00 ]]
[[ DATA: 00 00 00 00 00 00 00 00 00 00 00 00 00 00 00 00 00 00 00 00 ]]
[[ DATA: 00 00 00 00 00 00 00 00 00 00 00 00 00 00 00 00 00 00 00 00 ]]
[[ DATA: 00 00 00 00 00 00 00 00 00 00 00 00 00 00 00 00 00 00 00 00 ]]
[[ DATA: 00 00 00 00 00 00 00 00 00 00 00 00 00 00 00 00 00 00 00 00 ]]
[[ DATA: 00 00 00 00 00 00 00 00 00 00 00 00 00 00 00 00 00 00 00 00 ]]
[[ DATA: 00 00 00 00 00 00 00 00 00 00 00 00 00 00 00 00 00 00 00 00 ]]
[[ DATA: 00 00 00 00 00 00 00 00 00 00 00 00 00 00 00 00 00 00 00 00 ]]
[[ DATA: 00 00 00 00 00 00 00 00 00 00 00 00 00 00 00 00 00 00 00 00 ]]
[[ DATA: 00 00 00 00 00 00 00 00 00 00 00 00 00 00 00 00 00 00 00 00 ]]
[[ DATA: 00 00 00 00 00 00 00 00 00 00 00 00 00 00 00 00 00 00 00 00 ]]
[[ DATA: 00 00 00 00 00 00 00 00 00 00 00 00 00 00 00 00 00 00 00 00 ]]
[[ DATA: 00 00 00 00 00 00 00 00 00 00 00 00 00 00 00 00 00 00 00 00 ]]
[[ DATA: 00 00 00 00 00 00 00 00 00 00 00 00 00 00 00 00 00 00 00 00 ]]
[[ DATA: 00 00 00 00 00 00 00 00 00 00 00 00 00 00 00 00 00 00 00 00 ]]
[[ DATA: 00 00 00 00 00 00 00 00 00 00 00 00 00 00 00 00 00 00 00 00 ]]
[[ DATA: 00 00 00 00 00 00 00 00 00 00 00 00 00 00 00 00 00 00 00 00 ]]
[[ DATA: 00 00 00 00 00 00 00 00 00 00 00 00 00 00 00 00 00 00 00 00 ]]
[[ DATA: 00 00 00 00 00 00 00 00 00 00 00 00 00 00 00 00 00 00 00 00 ]]
[[ DATA: 00 00 00 00 00 00 00 00 00 00 00 00 00 00 00 00 00 00 00 00 ]]
[[ DATA: 00 00 00 00 00 00 00 00 00 00 00 00 00 00 00 00 00 00 00 00 ]]
[[ DATA: 00 00 00 00 00 00 00 00 00 00 00 00 00 00 00 00 00 00 00 00 ]]
[[ DATA: 00 00 00 00 00 00 00 00 00 00 00 00 00 00 00 00 00 00 00 00 ]]
[[ DATA: 00 00 00 00 00 00 00 00 00 00 00 00 D4 D3 D2 D1 ]]
[[ DevAlert Data Ended. Checksum: 36268 ]]

[[ DevAlert Data Begins ]]
[[ DATA: D1 D2 D3 D4 F0 0F 01 00 71 83 01 00 03 00 07 00 01 00 00 00 ]]
[[ DATA: 20 00 20 00 10 00 00 00 D0 07 00 00 24 44 55 4D 4D 59 5F 53 ]]
[[ DATA: 45 53 53 49 4F 4E 5F 49 44 00 00 00 00 00 00 00 00 00 00 00 ]]
[[ DATA: 00 00 00 00 24 44 55 4D 4D 59 5F 44 45 56 49 43 45 5F 49 44 ]]
[[ DATA: 00 00 00 00 00 00 00 00 00 00 00 00 00 00 00 00 64 66 6D 5F ]]
[[ DATA: 74 72 61 63 65 2E 70 73 66 73 00 00 00 00 00 00 00 00 00 00 ]]
[[ DATA: 00 00 00 00 00 00 00 00 00 00 00 00 00 00 00 00 00 00 00 00 ]]
[[ DATA: 00 00 00 00 00 00 00 00 00 00 00 00 00 00 00 00 00 00 00 00 ]]
[[ DATA: 00 00 00 00 00 00 00 00 00 00 00 00 00 00 00 00 00 00 00 00 ]]
[[ DATA: 00 00 00 00 00 00 00 00 00 00 00 00 00 00 00 00 00 00 00 00 ]]
[[ DATA: 00 00 00 00 00 00 00 00 00 00 00 00 00 00 00 00 00 00 00 00 ]]
[[ DATA: 00 00 00 00 00 00 00 00 00 00 00 00 00 00 00 00 00 00 00 00 ]]
[[ DATA: 00 00 00 00 00 00 00 00 00 00 00 00 00 00 00 00 00 00 00 00 ]]
[[ DATA: 00 00 00 00 00 00 00 00 00 00 00 00 00 00 00 00 00 00 00 00 ]]
[[ DATA: 00 00 00 00 00 00 00 00 00 00 00 00 00 00 00 00 00 00 00 00 ]]
[[ DATA: 00 00 00 00 00 00 00 00 00 00 00 00 00 00 00 00 00 00 00 00 ]]
[[ DATA: 00 00 00 00 00 00 00 00 00 00 00 00 00 00 00 00 00 00 00 00 ]]
[[ DATA: 00 00 00 00 00 00 00 00 00 00 00 00 00 00 00 00 00 00 00 00 ]]
[[ DATA: 00 00 00 00 00 00 00 00 00 00 00 00 00 00 00 00 00 00 00 00 ]]
[[ DATA: 00 00 00 00 00 00 00 00 00 00 00 00 00 00 00 00 00 00 00 00 ]]
[[ DATA: 00 00 00 00 00 00 00 00 00 00 00 00 00 00 00 00 00 00 00 00 ]]
[[ DATA: 00 00 00 00 00 00 00 00 00 00 00 00 00 00 00 00 00 00 00 00 ]]
[[ DATA: 00 00 00 00 00 00 00 00 00 00 00 00 00 00 00 00 00 00 00 00 ]]
[[ DATA: 00 00 00 00 00 00 00 00 00 00 00 00 00 00 00 00 00 00 00 00 ]]
[[ DATA: 00 00 00 00 00 00 00 00 00 00 00 00 00 00 00 00 00 00 00 00 ]]
[[ DATA: 00 00 00 00 00 00 00 00 00 00 00 00 00 00 00 00 00 00 00 00 ]]
[[ DATA: 00 00 00 00 00 00 00 00 00 00 00 00 00 00 00 00 00 00 00 00 ]]
[[ DATA: 00 00 00 00 00 00 00 00 00 00 00 00 00 00 00 00 00 00 00 00 ]]
[[ DATA: 00 00 00 00 00 00 00 00 00 00 00 00 00 00 00 00 00 00 00 00 ]]
[[ DATA: 00 00 00 00 00 00 00 00 00 00 00 00 00 00 00 00 00 00 00 00 ]]
[[ DATA: 00 00 00 00 00 00 00 00 00 00 00 00 00 00 00 00 00 00 00 00 ]]
[[ DATA: 00 00 00 00 00 00 00 00 00 00 00 00 00 00 00 00 00 00 00 00 ]]
[[ DATA: 00 00 00 00 00 00 00 00 00 00 00 00 00 00 00 00 00 00 00 00 ]]
[[ DATA: 00 00 00 00 00 00 00 00 00 00 00 00 00 00 00 00 00 00 00 00 ]]
[[ DATA: 00 00 00 00 00 00 00 00 00 00 00 00 00 00 00 00 00 00 00 00 ]]
[[ DATA: 00 00 00 00 00 00 00 00 00 00 00 00 00 00 00 00 00 00 00 00 ]]
[[ DATA: 00 00 00 00 00 00 00 00 00 00 00 00 00 00 00 00 00 00 00 00 ]]
[[ DATA: 00 00 00 00 00 00 00 00 00 00 00 00 00 00 00 00 00 00 00 00 ]]
[[ DATA: 00 00 00 00 00 00 00 00 00 00 00 00 00 00 00 00 00 00 00 00 ]]
[[ DATA: 00 00 00 00 00 00 00 00 00 00 00 00 00 00 00 00 00 00 00 00 ]]
[[ DATA: 00 00 00 00 00 00 00 00 00 00 00 00 00 00 00 00 00 00 00 00 ]]
[[ DATA: 00 00 00 00 00 00 00 00 00 00 00 00 00 00 00 00 00 00 00 00 ]]
[[ DATA: 00 00 00 00 00 00 00 00 00 00 00 00 00 00 00 00 00 00 00 00 ]]
[[ DATA: 00 00 00 00 00 00 00 00 00 00 00 00 00 00 00 00 00 00 00 00 ]]
[[ DATA: 00 00 00 00 00 00 00 00 00 00 00 00 00 00 00 00 00 00 00 00 ]]
[[ DATA: 00 00 00 00 00 00 00 00 00 00 00 00 00 00 00 00 00 00 00 00 ]]
[[ DATA: 00 00 00 00 00 00 00 00 00 00 00 00 00 00 00 00 00 00 00 00 ]]
[[ DATA: 00 00 00 00 00 00 00 00 00 00 00 00 00 00 00 00 00 00 00 00 ]]
[[ DATA: 00 00 00 00 00 00 00 00 00 00 00 00 00 00 00 00 00 00 00 00 ]]
[[ DATA: 00 00 00 00 00 00 00 00 00 00 00 00 00 00 00 00 00 00 00 00 ]]
[[ DATA: 00 00 00 00 00 00 00 00 00 00 00 00 00 00 00 00 00 00 00 00 ]]
[[ DATA: 00 00 00 00 00 00 00 00 00 00 00 00 00 00 00 00 00 00 00 00 ]]
[[ DATA: 00 00 00 00 00 00 00 00 00 00 00 00 00 00 00 00 00 00 00 00 ]]
[[ DATA: 00 00 00 00 00 00 00 00 00 00 00 00 00 00 00 00 00 00 00 00 ]]
[[ DATA: 00 00 00 00 00 00 00 00 00 00 00 00 00 00 00 00 00 00 00 00 ]]
[[ DATA: 00 00 00 00 00 00 00 00 00 00 00 00 00 00 00 00 00 00 00 00 ]]
[[ DATA: 00 00 00 00 00 00 00 00 00 00 00 00 00 00 00 00 00 00 00 00 ]]
[[ DATA: 00 00 00 00 00 00 00 00 00 00 00 00 00 00 00 00 00 00 00 00 ]]
[[ DATA: 00 00 00 00 00 00 00 00 00 00 00 00 00 00 00 00 00 00 00 00 ]]
[[ DATA: 00 00 00 00 00 00 00 00 00 00 00 00 00 00 00 00 00 00 00 00 ]]
[[ DATA: 00 00 00 00 00 00 00 00 00 00 00 00 00 00 00 00 00 00 00 00 ]]
[[ DATA: 00 00 00 00 00 00 00 00 00 00 00 00 00 00 00 00 00 00 00 00 ]]
[[ DATA: 00 00 00 00 00 00 00 00 00 00 00 00 00 00 00 00 00 00 00 00 ]]
[[ DATA: 00 00 00 00 00 00 00 00 00 00 00 00 00 00 00 00 00 00 00 00 ]]
[[ DATA: 00 00 00 00 00 00 00 00 00 00 00 00 00 00 00 00 00 00 00 00 ]]
[[ DATA: 00 00 00 00 00 00 00 00 00 00 00 00 00 00 00 00 00 00 00 00 ]]
[[ DATA: 00 00 00 00 00 00 00 00 00 00 00 00 00 00 00 00 00 00 00 00 ]]
[[ DATA: 00 00 00 00 00 00 00 00 00 00 00 00 00 00 00 00 00 00 00 00 ]]
[[ DATA: 00 00 00 00 00 00 00 00 00 00 00 00 00 00 00 00 00 00 00 00 ]]
[[ DATA: 00 00 00 00 00 00 00 00 00 00 00 00 00 00 00 00 00 00 00 00 ]]
[[ DATA: 00 00 00 00 00 00 00 00 00 00 00 00 00 00 00 00 00 00 00 00 ]]
[[ DATA: 00 00 00 00 00 00 00 00 00 00 00 00 00 00 00 00 00 00 00 00 ]]
[[ DATA: 00 00 00 00 00 00 00 00 00 00 00 00 00 00 00 00 00 00 00 00 ]]
[[ DATA: 00 00 00 00 00 00 00 00 00 00 00 00 00 00 00 00 00 00 00 00 ]]
[[ DATA: 00 00 00 00 00 00 00 00 00 00 00 00 00 00 00 00 00 00 00 00 ]]
[[ DATA: 00 00 00 00 00 00 00 00 00 00 00 00 00 00 00 00 00 00 00 00 ]]
[[ DATA: 00 00 00 00 00 00 00 00 00 00 00 00 00 00 00 00 00 00 00 00 ]]
[[ DATA: 00 00 00 00 00 00 00 00 00 00 00 00 00 00 00 00 00 00 00 00 ]]
[[ DATA: 00 00 00 00 00 00 00 00 00 00 00 00 00 00 00 00 00 00 00 00 ]]
[[ DATA: 00 00 00 00 00 00 00 00 00 00 00 00 00 00 00 00 00 00 00 00 ]]
[[ DATA: 00 00 00 00 00 00 00 00 00 00 00 00 00 00 00 00 00 00 00 00 ]]
[[ DATA: 00 00 00 00 00 00 00 00 00 00 00 00 00 00 00 00 00 00 00 00 ]]
[[ DATA: 00 00 00 00 00 00 00 00 00 00 00 00 00 00 00 00 00 00 00 00 ]]
[[ DATA: 00 00 00 00 00 00 00 00 00 00 00 00 00 00 00 00 00 00 00 00 ]]
[[ DATA: 00 00 00 00 00 00 00 00 00 00 00 00 00 00 00 00 00 00 00 00 ]]
[[ DATA: 00 00 00 00 00 00 00 00 00 00 00 00 00 00 00 00 00 00 00 00 ]]
[[ DATA: 00 00 00 00 00 00 00 00 00 00 00 00 00 00 00 00 00 00 00 00 ]]
[[ DATA: 00 00 00 00 00 00 00 00 00 00 00 00 00 00 00 00 00 00 00 00 ]]
[[ DATA: 00 00 00 00 00 00 00 00 00 00 00 00 00 00 00 00 00 00 00 00 ]]
[[ DATA: 00 00 00 00 00 00 00 00 00 00 00 00 00 00 00 00 00 00 00 00 ]]
[[ DATA: 00 00 00 00 00 00 00 00 00 00 00 00 00 00 00 00 00 00 00 00 ]]
[[ DATA: 00 00 00 00 00 00 00 00 00 00 00 00 00 00 00 00 00 00 00 00 ]]
[[ DATA: 00 00 00 00 00 00 00 00 00 00 00 00 00 00 00 00 00 00 00 00 ]]
[[ DATA: 00 00 00 00 00 00 00 00 00 00 00 00 00 00 00 00 00 00 00 00 ]]
[[ DATA: 00 00 00 00 00 00 00 00 00 00 00 00 00 00 00 00 00 00 00 00 ]]
[[ DATA: 00 00 00 00 00 00 00 00 00 00 00 00 00 00 00 00 00 00 00 00 ]]
[[ DATA: 00 00 00 00 00 00 00 00 00 00 00 00 00 00 00 00 00 00 00 00 ]]
[[ DATA: 00 00 00 00 00 00 00 00 00 00 00 00 00 00 00 00 00 00 00 00 ]]
[[ DATA: 00 00 00 00 00 00 00 00 00 00 00 00 00 00 00 00 00 00 00 00 ]]
[[ DATA: 00 00 00 00 00 00 00 00 00 00 00 00 00 00 00 00 00 00 00 00 ]]
[[ DATA: 00 00 00 00 00 00 00 00 00 00 00 00 00 00 00 00 00 00 00 00 ]]
[[ DATA: 00 00 00 00 00 00 00 00 00 00 00 00 00 00 00 00 00 00 00 00 ]]
[[ DATA: 00 00 00 00 00 00 00 00 00 00 00 00 00 00 00 00 00 00 00 00 ]]
[[ DATA: 00 00 00 00 00 00 00 00 00 00 00 00 00 00 00 00 00 00 00 00 ]]
[[ DATA: 00 00 00 00 00 00 00 00 00 00 00 00 00 00 00 00 00 00 00 00 ]]
[[ DATA: 00 00 00 00 00 00 00 00 00 00 00 00 D4 D3 D2 D1 ]]
[[ DevAlert Data Ended. Checksum: 36112 ]]

[[ DevAlert Data Begins ]]
[[ DATA: D1 D2 D3 D4 F0 0F 01 00 71 83 01 00 04 00 07 00 01 00 00 00 ]]
[[ DATA: 20 00 20 00 10 00 00 00 D0 07 00 00 24 44 55 4D 4D 59 5F 53 ]]
[[ DATA: 45 53 53 49 4F 4E 5F 49 44 00 00 00 00 00 00 00 00 00 00 00 ]]
[[ DATA: 00 00 00 00 24 44 55 4D 4D 59 5F 44 45 56 49 43 45 5F 49 44 ]]
[[ DATA: 00 00 00 00 00 00 00 00 00 00 00 00 00 00 00 00 64 66 6D 5F ]]
[[ DATA: 74 72 61 63 65 2E 70 73 66 73 00 00 00 00 00 00 00 00 00 00 ]]
[[ DATA: 00 00 00 00 00 00 00 00 00 00 00 00 00 00 00 00 00 00 00 00 ]]
[[ DATA: 00 00 00 00 00 00 00 00 00 00 00 00 00 00 00 00 00 00 00 00 ]]
[[ DATA: 00 00 00 00 00 00 00 00 00 00 00 00 00 00 00 00 00 00 00 00 ]]
[[ DATA: 00 00 00 00 00 00 00 00 00 00 00 00 00 00 00 00 00 00 00 00 ]]
[[ DATA: 00 00 00 00 00 00 00 00 00 00 00 00 00 00 00 00 00 00 00 00 ]]
[[ DATA: 00 00 00 00 00 00 00 00 00 00 00 00 00 00 00 00 00 00 00 00 ]]
[[ DATA: 00 00 00 00 00 00 00 00 00 00 00 00 00 00 00 00 00 00 00 00 ]]
[[ DATA: 00 00 00 00 00 00 00 00 00 00 00 00 00 00 00 00 00 00 00 00 ]]
[[ DATA: 00 00 00 00 00 00 00 00 00 00 00 00 00 00 00 00 00 00 00 00 ]]
[[ DATA: 00 00 00 00 00 00 00 00 00 00 00 00 00 00 00 00 00 00 00 00 ]]
[[ DATA: 00 00 00 00 00 00 00 00 00 00 00 00 00 00 00 00 00 00 00 00 ]]
[[ DATA: 00 00 00 00 00 00 00 00 00 00 00 00 00 00 00 00 00 00 00 00 ]]
[[ DATA: 00 00 00 00 00 00 00 00 00 00 00 00 00 00 00 00 00 00 00 00 ]]
[[ DATA: 00 00 00 00 00 00 00 00 00 00 00 00 00 00 00 00 00 00 00 00 ]]
[[ DATA: 00 00 00 00 00 00 00 00 00 00 00 00 00 00 00 00 00 00 00 00 ]]
[[ DATA: 00 00 00 00 00 00 00 00 00 00 00 00 00 00 00 00 00 00 00 00 ]]
[[ DATA: 00 00 00 00 00 00 00 00 00 00 00 00 00 00 00 00 00 00 00 00 ]]
[[ DATA: 00 00 00 00 00 00 00 00 00 00 00 00 00 00 00 00 00 00 00 00 ]]
[[ DATA: 00 00 00 00 00 00 00 00 00 00 00 00 00 00 00 00 00 00 00 00 ]]
[[ DATA: 00 00 00 00 00 00 00 00 00 00 00 00 00 00 00 00 00 00 00 00 ]]
[[ DATA: 00 00 00 00 00 00 00 00 00 00 00 00 00 00 00 00 00 00 00 00 ]]
[[ DATA: 00 00 00 00 00 00 00 00 00 00 00 00 00 00 00 00 00 00 00 00 ]]
[[ DATA: 00 00 00 00 00 00 00 00 00 00 00 00 00 00 00 00 00 00 00 00 ]]
[[ DATA: 00 00 00 00 00 00 00 00 00 00 00 00 00 00 00 00 00 00 00 00 ]]
[[ DATA: 00 00 00 00 00 00 00 00 00 00 00 00 00 00 00 00 00 00 00 00 ]]
[[ DATA: 00 00 00 00 00 00 00 00 00 00 00 00 00 00 00 00 00 00 00 00 ]]
[[ DATA: 00 00 00 00 00 00 00 00 00 00 00 00 00 00 00 00 00 00 00 00 ]]
[[ DATA: 00 00 00 00 00 00 00 00 00 00 00 00 00 00 00 00 00 00 00 00 ]]
[[ DATA: 00 00 00 00 00 00 00 00 00 00 00 00 00 00 00 00 00 00 00 00 ]]
[[ DATA: 00 00 00 00 00 00 00 00 00 00 00 00 00 00 00 00 00 00 00 00 ]]
[[ DATA: 00 00 00 00 00 00 00 00 00 00 00 00 00 00 00 00 00 00 00 00 ]]
[[ DATA: 00 00 00 00 00 00 00 00 00 00 00 00 00 00 00 00 00 00 00 00 ]]
[[ DATA: 00 00 00 00 00 00 00 00 00 00 00 00 00 00 00 00 00 00 00 00 ]]
[[ DATA: 00 00 00 00 00 00 00 00 00 00 00 00 00 00 00 00 00 00 00 00 ]]
[[ DATA: 00 00 00 00 00 00 00 00 00 00 00 00 00 00 00 00 00 00 00 00 ]]
[[ DATA: 00 00 00 00 00 00 00 00 00 00 00 00 00 00 00 00 00 00 00 00 ]]
[[ DATA: 00 00 00 00 00 00 00 00 00 00 00 00 00 00 00 00 00 00 00 00 ]]
[[ DATA: 00 00 00 00 00 00 00 00 00 00 00 00 00 00 00 00 00 00 00 00 ]]
[[ DATA: 00 00 00 00 00 00 00 00 00 00 00 00 00 00 00 00 00 00 00 00 ]]
[[ DATA: 00 00 00 00 00 00 00 00 00 00 00 00 00 00 00 00 00 00 00 00 ]]
[[ DATA: 00 00 00 00 00 00 00 00 00 00 00 00 00 00 00 00 00 00 00 00 ]]
[[ DATA: 00 00 00 00 00 00 00 00 00 00 00 00 00 00 00 00 00 00 00 00 ]]
[[ DATA: 00 00 00 00 00 00 00 00 00 00 00 00 00 00 00 00 00 00 00 00 ]]
[[ DATA: 00 00 00 00 00 00 00 00 00 00 00 00 00 00 00 00 00 00 00 00 ]]
[[ DATA: 00 00 00 00 00 00 00 00 00 00 00 00 00 00 00 00 00 00 00 00 ]]
[[ DATA: 00 00 00 00 00 00 00 00 00 00 00 00 00 00 00 00 00 00 00 00 ]]
[[ DATA: 00 00 00 00 00 00 00 00 00 00 00 00 00 00 00 00 00 00 00 00 ]]
[[ DATA: 00 00 00 00 00 00 00 00 00 00 00 00 00 00 00 00 00 00 00 00 ]]
[[ DATA: 00 00 00 00 00 00 00 00 00 00 00 00 00 00 00 00 00 00 00 00 ]]
[[ DATA: 00 00 00 00 00 00 00 00 00 00 00 00 00 00 00 00 00 00 00 00 ]]
[[ DATA: 00 00 00 00 00 00 00 00 00 00 00 00 00 00 00 00 00 00 00 00 ]]
[[ DATA: 00 00 00 00 00 00 00 00 00 00 00 00 00 00 00 00 00 00 00 00 ]]
[[ DATA: 00 00 00 00 00 00 00 00 00 00 00 00 00 00 00 00 00 00 00 00 ]]
[[ DATA: 00 00 00 00 00 00 00 00 00 00 00 00 00 00 00 00 00 00 00 00 ]]
[[ DATA: 00 00 00 00 00 00 00 00 00 00 00 00 00 00 00 00 00 00 00 00 ]]
[[ DATA: 00 00 00 00 00 00 00 00 00 00 00 00 00 00 00 00 00 00 00 00 ]]
[[ DATA: 00 00 00 00 00 00 00 00 00 00 00 00 00 00 00 00 00 00 00 00 ]]
[[ DATA: 00 00 00 00 00 00 00 00 00 00 00 00 00 00 00 00 00 00 00 00 ]]
[[ DATA: 00 00 00 00 00 00 00 00 00 00 00 00 00 00 00 00 00 00 00 00 ]]
[[ DATA: 00 00 00 00 00 00 00 00 00 00 00 00 00 00 00 00 00 00 00 00 ]]
[[ DATA: 00 00 00 00 00 00 00 00 00 00 00 00 00 00 00 00 00 00 00 00 ]]
[[ DATA: 00 00 00 00 00 00 00 00 00 00 00 00 00 00 00 00 00 00 00 00 ]]
[[ DATA: 00 00 00 00 00 00 00 00 00 00 00 00 00 00 00 00 00 00 00 00 ]]
[[ DATA: 00 00 00 00 00 00 00 00 00 00 00 00 00 00 00 00 00 00 00 00 ]]
[[ DATA: 00 00 00 00 00 00 00 00 00 00 00 00 00 00 00 00 00 00 00 00 ]]
[[ DATA: 00 00 00 00 00 00 00 00 00 00 00 00 00 00 00 00 00 00 00 00 ]]
[[ DATA: 00 00 00 00 00 00 00 00 00 00 00 00 00 00 00 00 00 00 00 00 ]]
[[ DATA: 00 00 00 00 00 00 00 00 00 00 00 00 00 00 00 00 00 00 00 00 ]]
[[ DATA: 00 00 00 00 00 00 00 00 00 00 00 00 00 00 00 00 00 00 00 00 ]]
[[ DATA: 00 00 00 00 00 00 00 00 00 00 00 00 00 00 00 00 00 00 00 00 ]]
[[ DATA: 00 00 00 00 00 00 00 00 00 00 00 00 00 00 00 00 00 00 00 00 ]]
[[ DATA: 00 00 00 00 00 00 00 00 00 00 00 00 00 00 00 00 00 00 00 00 ]]
[[ DATA: 00 00 00 00 00 00 00 00 00 00 00 00 00 00 00 00 00 00 00 00 ]]
[[ DATA: 00 00 00 00 00 00 00 00 00 00 00 00 00 00 00 00 00 00 00 00 ]]
[[ DATA: 00 00 00 00 00 00 00 00 00 00 00 00 00 00 00 00 00 00 00 00 ]]
[[ DATA: 00 00 00 00 00 00 00 00 00 00 00 00 00 00 00 00 00 00 00 00 ]]
[[ DATA: 00 00 00 00 00 00 00 00 00 00 00 00 00 00 00 00 00 00 00 00 ]]
[[ DATA: 00 00 00 00 00 00 00 00 00 00 00 00 00 00 00 00 00 00 00 00 ]]
[[ DATA: 00 00 00 00 00 00 00 00 00 00 00 00 00 00 00 00 00 00 00 00 ]]
[[ DATA: 00 00 00 00 00 00 00 00 00 00 00 00 00 00 00 00 00 00 00 00 ]]
[[ DATA: 00 00 00 00 00 00 00 00 00 00 00 00 00 00 00 00 00 00 00 00 ]]
[[ DATA: 00 00 00 00 00 00 00 00 00 00 00 00 00 00 00 00 00 00 00 00 ]]
[[ DATA: 00 00 00 00 00 00 00 00 00 00 00 00 00 00 00 00 00 00 00 00 ]]
[[ DATA: 00 00 00 00 00 00 00 00 00 00 00 00 00 00 00 00 00 00 00 00 ]]
[[ DATA: 00 00 00 00 00 00 00 00 00 00 00 00 00 00 00 00 00 00 00 00 ]]
[[ DATA: 00 00 00 00 00 00 00 00 00 00 00 00 00 00 00 00 00 00 00 00 ]]
[[ DATA: 00 00 00 00 00 00 00 00 00 00 00 00 00 00 00 00 00 00 00 00 ]]
[[ DATA: 00 00 00 00 00 00 00 00 00 00 00 00 00 00 00 00 00 00 00 00 ]]
[[ DATA: 00 00 00 00 00 00 00 00 00 00 00 00 00 00 00 00 00 00 00 00 ]]
[[ DATA: 00 00 00 00 00 00 00 00 00 00 00 00 00 00 00 00 00 00 00 00 ]]
[[ DATA: 00 00 00 00 00 00 00 00 00 00 00 00 00 00 00 00 00 00 00 00 ]]
[[ DATA: 00 00 00 00 00 00 00 00 00 00 00 00 00 00 00 00 00 00 00 00 ]]
[[ DATA: 00 00 00 00 00 00 00 00 00 00 00 00 00 00 00 00 00 00 00 00 ]]
[[ DATA: 00 00 00 00 00 00 00 00 00 00 00 00 00 00 00 00 00 00 00 00 ]]
[[ DATA: 00 00 00 00 00 00 00 00 00 00 00 00 00 00 00 00 00 00 00 00 ]]
[[ DATA: 00 00 00 00 00 00 00 00 00 00 00 00 00 00 00 00 00 00 00 00 ]]
[[ DATA: 00 00 00 00 00 00 00 00 00 00 00 00 00 00 00 00 00 00 00 00 ]]
[[ DATA: 00 00 00 00 00 00 00 00 00 00 00 00 00 00 00 00 00 00 00 00 ]]
[[ DATA: 00 00 00 00 00 00 00 00 00 00 00 00 00 00 00 00 00 00 00 00 ]]
[[ DATA: 00 00 00 00 00 00 00 00 00 00 00 00 D4 D3 D2 D1 ]]
[[ DevAlert Data Ended. Checksum: 34368 ]]

[[ DevAlert Data Begins ]]
[[ DATA: D1 D2 D3 D4 F0 0F 01 00 71 83 01 00 05 00 07 00 01 00 00 00 ]]
[[ DATA: 20 00 20 00 10 00 00 00 D0 07 00 00 24 44 55 4D 4D 59 5F 53 ]]
[[ DATA: 45 53 53 49 4F 4E 5F 49 44 00 00 00 00 00 00 00 00 00 00 00 ]]
[[ DATA: 00 00 00 00 24 44 55 4D 4D 59 5F 44 45 56 49 43 45 5F 49 44 ]]
[[ DATA: 00 00 00 00 00 00 00 00 00 00 00 00 00 00 00 00 64 66 6D 5F ]]
[[ DATA: 74 72 61 63 65 2E 70 73 66 73 00 00 00 00 00 00 00 00 00 00 ]]
[[ DATA: 00 00 00 00 00 00 00 00 00 00 00 00 00 00 00 00 00 00 00 00 ]]
[[ DATA: 00 00 00 00 00 00 00 00 00 00 00 00 00 00 00 00 00 00 00 00 ]]
[[ DATA: 00 00 00 00 00 00 00 00 00 00 00 00 00 00 00 00 00 00 00 00 ]]
[[ DATA: 00 00 00 00 00 00 00 00 00 00 00 00 00 00 00 00 00 00 00 00 ]]
[[ DATA: 00 00 00 00 00 00 00 00 00 00 00 00 00 00 00 00 00 00 00 00 ]]
[[ DATA: 00 00 00 00 00 00 00 00 00 00 00 00 00 00 00 00 00 00 00 00 ]]
[[ DATA: 00 00 00 00 00 00 00 00 00 00 00 00 00 00 00 00 00 00 00 00 ]]
[[ DATA: 00 00 00 00 00 00 00 00 00 00 00 00 00 00 00 00 00 00 00 00 ]]
[[ DATA: 00 00 00 00 00 00 00 00 00 00 00 00 00 00 00 00 00 00 00 00 ]]
[[ DATA: 00 00 00 00 00 00 00 00 00 00 00 00 00 00 00 00 00 00 00 00 ]]
[[ DATA: 00 00 00 00 00 00 00 00 00 00 00 00 00 00 00 00 00 00 00 00 ]]
[[ DATA: 00 00 00 00 00 00 00 00 00 00 00 00 00 00 00 00 00 00 00 00 ]]
[[ DATA: 00 00 00 00 00 00 00 00 00 00 00 00 00 00 00 00 00 00 00 00 ]]
[[ DATA: 00 00 00 00 00 00 00 00 00 00 00 00 00 00 00 00 00 00 00 00 ]]
[[ DATA: 00 00 00 00 00 00 00 00 00 00 00 00 00 00 00 00 00 00 00 00 ]]
[[ DATA: 00 00 00 00 00 00 00 00 00 00 00 00 00 00 00 00 00 00 00 00 ]]
[[ DATA: 00 00 00 00 00 00 00 00 00 00 00 00 00 00 00 00 00 00 00 00 ]]
[[ DATA: 00 00 00 00 00 00 00 00 00 00 00 00 00 00 00 00 00 00 00 00 ]]
[[ DATA: 00 00 00 00 00 00 00 00 00 00 00 00 00 00 00 00 00 00 00 00 ]]
[[ DATA: 00 00 00 00 00 00 00 00 00 00 00 00 00 00 00 00 00 00 00 00 ]]
[[ DATA: 00 00 00 00 00 00 00 00 00 00 00 00 00 00 00 00 00 00 00 00 ]]
[[ DATA: 00 00 00 00 00 00 00 00 00 00 00 00 00 00 00 00 00 00 00 00 ]]
[[ DATA: 00 00 00 00 00 00 00 00 00 00 00 00 00 00 00 00 00 00 00 00 ]]
[[ DATA: 00 00 00 00 00 00 00 00 00 00 00 00 00 00 00 00 00 00 00 00 ]]
[[ DATA: 00 00 00 00 00 00 00 00 00 00 00 00 00 00 00 00 00 00 00 00 ]]
[[ DATA: 00 00 00 00 00 00 00 00 00 00 00 00 00 00 00 00 00 00 00 00 ]]
[[ DATA: 00 00 00 00 00 00 00 00 00 00 00 00 00 00 00 00 00 00 00 00 ]]
[[ DATA: 00 00 00 00 00 00 00 00 00 00 00 00 00 00 00 00 00 00 00 00 ]]
[[ DATA: 00 00 00 00 00 00 00 00 00 00 00 00 00 00 00 00 00 00 00 00 ]]
[[ DATA: 00 00 00 00 00 00 00 00 00 00 00 00 00 00 00 00 00 00 00 00 ]]
[[ DATA: 00 00 00 00 00 00 00 00 00 00 00 00 00 00 00 00 00 00 00 00 ]]
[[ DATA: 00 00 00 00 00 00 00 00 00 00 00 00 00 00 00 00 00 00 00 00 ]]
[[ DATA: 00 00 00 00 00 00 00 00 00 00 00 00 00 00 00 00 00 00 00 00 ]]
[[ DATA: 00 00 00 00 00 00 00 00 00 00 00 00 00 00 00 00 00 00 00 00 ]]
[[ DATA: 00 00 00 00 00 00 00 00 00 00 00 00 00 00 00 00 00 00 00 00 ]]
[[ DATA: 00 00 00 00 00 00 00 00 00 00 00 00 00 00 00 00 00 00 00 00 ]]
[[ DATA: 00 00 00 00 00 00 00 00 00 00 00 00 00 00 00 00 00 00 00 00 ]]
[[ DATA: 00 00 00 00 00 00 00 00 00 00 00 00 00 00 00 00 00 00 00 00 ]]
[[ DATA: 00 00 00 00 00 00 00 00 00 00 00 00 00 00 00 00 00 00 00 00 ]]
[[ DATA: 00 00 00 00 00 00 00 00 00 00 00 00 00 00 00 00 00 00 00 00 ]]
[[ DATA: 00 00 00 00 00 00 00 00 00 00 00 00 00 00 00 00 00 00 00 00 ]]
[[ DATA: 00 00 00 00 00 00 00 00 00 00 00 00 00 00 00 00 00 00 00 00 ]]
[[ DATA: 00 00 00 00 00 00 00 00 00 00 00 00 00 00 00 00 00 00 00 00 ]]
[[ DATA: 00 00 00 00 00 00 00 00 00 00 00 00 00 00 00 00 00 00 00 00 ]]
[[ DATA: 00 00 00 00 00 00 00 00 00 00 00 00 00 00 00 00 00 00 00 00 ]]
[[ DATA: 00 00 00 00 00 00 00 00 00 00 00 00 00 00 00 00 00 00 00 00 ]]
[[ DATA: 00 00 00 00 00 00 00 00 00 00 00 00 00 00 00 00 00 00 00 00 ]]
[[ DATA: 00 00 00 00 00 00 00 00 00 00 00 00 00 00 00 00 00 00 00 00 ]]
[[ DATA: 00 00 00 00 00 00 00 00 00 00 00 00 00 00 00 00 00 00 00 00 ]]
[[ DATA: 00 00 00 00 00 00 00 00 00 00 00 00 00 00 00 00 00 00 00 00 ]]
[[ DATA: 00 00 00 00 00 00 00 00 00 00 00 00 00 00 00 00 00 00 00 00 ]]
[[ DATA: 00 00 00 00 00 00 00 00 00 00 00 00 00 00 00 00 00 00 00 00 ]]
[[ DATA: 00 00 00 00 00 00 00 00 00 00 00 00 00 00 00 00 00 00 00 00 ]]
[[ DATA: 00 00 00 00 00 00 00 00 00 00 00 00 00 00 00 00 00 00 00 00 ]]
[[ DATA: 00 00 00 00 00 00 00 00 00 00 00 00 00 00 00 00 00 00 00 00 ]]
[[ DATA: 00 00 00 00 00 00 00 00 00 00 00 00 00 00 00 00 00 00 00 00 ]]
[[ DATA: 00 00 00 00 00 00 00 00 00 00 00 00 00 00 00 00 00 00 00 00 ]]
[[ DATA: 00 00 00 00 00 00 00 00 00 00 00 00 00 00 00 00 00 00 00 00 ]]
[[ DATA: 00 00 00 00 00 00 00 00 00 00 00 00 00 00 00 00 00 00 00 00 ]]
[[ DATA: 00 00 00 00 00 00 00 00 00 00 00 00 00 00 00 00 00 00 00 00 ]]
[[ DATA: 00 00 00 00 00 00 00 00 00 00 00 00 00 00 00 00 00 00 00 00 ]]
[[ DATA: 00 00 00 00 00 00 00 00 00 00 00 00 00 00 00 00 00 00 00 00 ]]
[[ DATA: 00 00 00 00 00 00 00 00 00 00 00 00 00 00 00 00 00 00 00 00 ]]
[[ DATA: 00 00 00 00 00 00 00 00 00 00 00 00 00 00 00 00 00 00 00 00 ]]
[[ DATA: 00 00 00 00 00 00 00 00 00 00 00 00 00 00 00 00 00 00 00 00 ]]
[[ DATA: 00 00 00 00 00 00 00 00 00 00 00 00 00 00 00 00 00 00 00 00 ]]
[[ DATA: 00 00 00 00 00 00 00 00 00 00 00 00 00 00 00 00 00 00 00 00 ]]
[[ DATA: 00 00 00 00 00 00 00 00 00 00 00 00 00 00 00 00 00 00 00 00 ]]
[[ DATA: 00 00 00 00 00 00 00 00 00 00 00 00 00 00 00 00 00 00 00 00 ]]
[[ DATA: 00 00 00 00 00 00 00 00 00 00 00 00 00 00 00 00 00 00 00 00 ]]
[[ DATA: 00 00 00 00 00 00 00 00 00 00 00 00 00 00 00 00 00 00 00 00 ]]
[[ DATA: 00 00 00 00 00 00 00 00 00 00 00 00 00 00 00 00 00 00 00 00 ]]
[[ DATA: 00 00 00 00 00 00 00 00 00 00 00 00 00 00 00 00 00 00 00 00 ]]
[[ DATA: 00 00 00 00 00 00 00 00 00 00 00 00 00 00 00 00 00 00 00 00 ]]
[[ DATA: 00 00 00 00 00 00 00 00 00 00 00 00 00 00 00 00 00 00 00 00 ]]
[[ DATA: 00 00 00 00 00 00 00 00 00 00 00 00 00 00 00 00 00 00 00 00 ]]
[[ DATA: 00 00 00 00 00 00 00 00 00 00 00 00 00 00 00 00 00 00 00 00 ]]
[[ DATA: 00 00 00 00 00 00 00 00 00 00 00 00 00 00 00 00 00 00 00 00 ]]
[[ DATA: 00 00 00 00 00 00 00 00 00 00 00 00 00 00 00 00 00 00 00 00 ]]
[[ DATA: 00 00 00 00 00 00 00 00 00 00 00 00 00 00 00 00 00 00 00 00 ]]
[[ DATA: 00 00 00 00 00 00 00 00 00 00 00 00 00 00 00 00 00 00 00 00 ]]
[[ DATA: 00 00 00 00 00 00 00 00 00 00 00 00 00 00 00 00 00 00 00 00 ]]
[[ DATA: 00 00 00 00 00 00 00 00 00 00 00 00 00 00 00 00 00 00 00 00 ]]
[[ DATA: 00 00 00 00 00 00 00 00 00 00 00 00 00 00 00 00 00 00 00 00 ]]
[[ DATA: 00 00 00 00 00 00 00 00 00 00 00 00 00 00 00 00 00 00 00 00 ]]
[[ DATA: 00 00 00 00 00 00 00 00 00 00 00 00 00 00 00 00 00 00 00 00 ]]
[[ DATA: 00 00 00 00 00 00 00 00 00 00 00 00 00 00 00 00 00 00 00 00 ]]
[[ DATA: 00 00 00 00 00 00 00 00 00 00 00 00 00 00 00 00 00 00 00 00 ]]
[[ DATA: 00 00 00 00 00 00 00 00 00 00 00 00 00 00 00 00 00 00 00 00 ]]
[[ DATA: 00 00 00 00 00 00 00 00 00 00 00 00 00 00 00 00 00 00 00 00 ]]
[[ DATA: 00 00 00 00 00 00 00 00 00 00 00 00 00 00 00 00 00 00 00 00 ]]
[[ DATA: 00 00 00 00 00 00 00 00 00 00 00 00 00 00 00 00 00 00 00 00 ]]
[[ DATA: 00 00 00 00 00 00 00 00 00 00 00 00 00 00 00 00 00 00 00 00 ]]
[[ DATA: 00 00 00 00 00 00 00 00 00 00 00 00 00 00 00 00 00 00 00 00 ]]
[[ DATA: 00 00 00 00 00 00 00 00 00 00 00 00 00 00 00 00 00 00 00 00 ]]
[[ DATA: 00 00 00 00 00 00 00 00 00 00 00 00 00 00 00 00 00 00 00 00 ]]
[[ DATA: 00 00 00 00 00 00 00 00 00 00 00 00 00 00 00 00 00 00 00 00 ]]
[[ DATA: 00 00 00 00 00 00 00 00 00 00 00 00 00 00 00 00 00 00 00 00 ]]
[[ DATA: 00 00 00 00 00 00 00 00 00 00 00 00 00 00 00 00 00 00 00 00 ]]
[[ DATA: 00 00 00 00 00 00 00 00 00 00 00 00 D4 D3 D2 D1 ]]
[[ DevAlert Data Ended. Checksum: 60251 ]]

[[ DevAlert Data Begins ]]
[[ DATA: D1 D2 D3 D4 F0 0F 01 00 71 83 01 00 06 00 07 00 01 00 00 00 ]]
[[ DATA: 20 00 20 00 10 00 00 00 D0 07 00 00 24 44 55 4D 4D 59 5F 53 ]]
[[ DATA: 45 53 53 49 4F 4E 5F 49 44 00 00 00 00 00 00 00 00 00 00 00 ]]
[[ DATA: 00 00 00 00 24 44 55 4D 4D 59 5F 44 45 56 49 43 45 5F 49 44 ]]
[[ DATA: 00 00 00 00 00 00 00 00 00 00 00 00 00 00 00 00 64 66 6D 5F ]]
[[ DATA: 74 72 61 63 65 2E 70 73 66 73 00 00 00 00 00 00 00 00 00 00 ]]
[[ DATA: 00 00 00 00 00 00 00 00 00 00 00 00 00 00 00 00 00 00 00 00 ]]
[[ DATA: 00 00 00 00 00 00 00 00 00 00 00 00 00 00 00 00 00 00 00 00 ]]
[[ DATA: 00 00 00 00 00 00 00 00 00 00 00 00 00 00 00 00 00 00 00 00 ]]
[[ DATA: 00 00 00 00 00 00 00 00 00 00 00 00 00 00 00 00 00 00 00 00 ]]
[[ DATA: 00 00 00 00 00 00 00 00 00 00 00 00 00 00 00 00 00 00 00 00 ]]
[[ DATA: 00 00 00 00 00 00 00 00 00 00 00 00 00 00 00 00 00 00 00 00 ]]
[[ DATA: 00 00 00 00 00 00 00 00 00 00 00 00 00 00 00 00 00 00 00 00 ]]
[[ DATA: 00 00 00 00 00 00 00 00 00 00 00 00 00 00 00 00 00 00 00 00 ]]
[[ DATA: 00 00 00 00 00 00 00 00 00 00 00 00 00 00 00 00 00 00 00 00 ]]
[[ DATA: 00 00 00 00 00 00 00 00 00 00 00 00 00 00 00 00 00 00 00 00 ]]
[[ DATA: 00 00 00 00 00 00 00 00 00 00 00 00 00 00 00 00 00 00 00 00 ]]
[[ DATA: 00 00 00 00 00 00 00 00 00 00 00 00 00 00 00 00 00 00 00 00 ]]
[[ DATA: 00 00 00 00 00 00 00 00 00 00 00 00 00 00 00 00 00 00 00 00 ]]
[[ DATA: 00 00 00 00 00 00 00 00 00 00 00 00 00 00 00 00 00 00 00 00 ]]
[[ DATA: 00 00 00 00 00 00 00 00 00 00 00 00 00 00 00 00 00 00 00 00 ]]
[[ DATA: 00 00 00 00 00 00 00 00 00 00 00 00 00 00 00 00 00 00 00 00 ]]
[[ DATA: 00 00 00 00 00 00 00 00 00 00 00 00 00 00 00 00 00 00 00 00 ]]
[[ DATA: 00 00 00 00 00 00 00 00 00 00 00 00 00 00 00 00 00 00 00 00 ]]
[[ DATA: 00 00 00 00 00 00 00 00 00 00 00 00 00 00 00 00 00 00 00 00 ]]
[[ DATA: 00 00 00 00 00 00 00 00 00 00 00 00 00 00 00 00 00 00 00 00 ]]
[[ DATA: 00 00 00 00 00 00 00 00 00 00 00 00 00 00 00 00 00 00 00 00 ]]
[[ DATA: 00 00 00 00 00 00 00 00 00 00 00 00 00 00 00 00 00 00 00 00 ]]
[[ DATA: 00 00 00 00 00 00 00 00 00 00 00 00 00 00 00 00 00 00 00 00 ]]
[[ DATA: 00 00 00 00 00 00 00 00 00 00 00 00 00 00 00 00 00 00 00 00 ]]
[[ DATA: 00 00 00 00 00 00 00 00 00 00 00 00 00 00 00 00 00 00 00 00 ]]
[[ DATA: 00 00 00 00 00 00 00 00 00 00 00 00 00 00 00 00 00 00 00 00 ]]
[[ DATA: 00 00 00 00 00 00 00 00 00 00 00 00 00 00 00 00 00 00 00 00 ]]
[[ DATA: 00 00 00 00 00 00 00 00 00 00 00 00 00 00 00 00 00 00 00 00 ]]
[[ DATA: 00 00 00 00 00 00 00 00 00 00 00 00 00 00 00 00 00 00 00 00 ]]
[[ DATA: 00 00 00 00 00 00 00 00 00 00 00 00 00 00 00 00 00 00 00 00 ]]
[[ DATA: 00 00 00 00 00 00 00 00 00 00 00 00 00 00 00 00 00 00 00 00 ]]
[[ DATA: 00 00 00 00 00 00 00 00 00 00 00 00 00 00 00 00 00 00 00 00 ]]
[[ DATA: 00 00 00 00 00 00 00 00 00 00 00 00 00 00 00 00 00 00 00 00 ]]
[[ DATA: 00 00 00 00 00 00 00 00 00 00 00 00 00 00 00 00 00 00 00 00 ]]
[[ DATA: 00 00 00 00 00 00 00 00 00 00 00 00 00 00 00 00 00 00 00 00 ]]
[[ DATA: 00 00 00 00 00 00 00 00 00 00 00 00 00 00 00 00 00 00 00 00 ]]
[[ DATA: 00 00 00 00 00 00 00 00 00 00 00 00 00 00 00 00 00 00 00 00 ]]
[[ DATA: 00 00 00 00 00 00 00 00 00 00 00 00 00 00 00 00 00 00 00 00 ]]
[[ DATA: 00 00 00 00 00 00 00 00 00 00 00 00 00 00 00 00 00 00 00 00 ]]
[[ DATA: 00 00 00 00 00 00 00 00 00 00 00 00 00 00 00 00 00 00 00 00 ]]
[[ DATA: 00 00 00 00 00 00 00 00 00 00 00 00 00 00 00 00 00 00 00 00 ]]
[[ DATA: 00 00 00 00 00 00 00 00 00 00 00 00 00 00 00 00 00 00 00 00 ]]
[[ DATA: 00 00 00 00 00 00 00 00 00 00 00 00 00 00 00 00 00 00 00 00 ]]
[[ DATA: 00 00 00 00 00 00 00 00 00 00 00 00 00 00 00 00 00 00 00 00 ]]
[[ DATA: 00 00 00 00 00 00 00 00 00 00 00 00 00 00 00 00 00 00 00 00 ]]
[[ DATA: 00 00 00 00 00 00 00 00 00 00 00 00 00 00 00 00 00 00 00 00 ]]
[[ DATA: 00 00 00 00 00 00 00 00 00 00 00 00 00 00 00 00 00 00 00 00 ]]
[[ DATA: 00 00 00 00 00 00 00 00 00 00 00 00 00 00 00 00 00 00 00 00 ]]
[[ DATA: 00 00 00 00 00 00 00 00 00 00 00 00 00 00 00 00 00 00 00 00 ]]
[[ DATA: 00 00 00 00 00 00 00 00 00 00 00 00 00 00 00 00 00 00 00 00 ]]
[[ DATA: 00 00 00 00 00 00 00 00 00 00 00 00 00 00 00 00 00 00 00 00 ]]
[[ DATA: 00 00 00 00 00 00 00 00 00 00 00 00 00 00 00 00 00 00 00 00 ]]
[[ DATA: 00 00 00 00 00 00 00 00 00 00 00 00 00 00 00 00 00 00 00 00 ]]
[[ DATA: 00 00 00 00 00 00 00 00 00 00 00 00 00 00 00 00 00 00 00 00 ]]
[[ DATA: 00 00 00 00 00 00 00 00 00 00 00 00 00 00 00 00 00 00 00 00 ]]
[[ DATA: 00 00 00 00 00 00 00 00 00 00 00 00 00 00 00 00 00 00 00 00 ]]
[[ DATA: 00 00 00 00 00 00 00 00 00 00 00 00 00 00 00 00 00 00 00 00 ]]
[[ DATA: 00 00 00 00 00 00 00 00 00 00 00 00 00 00 00 00 00 00 00 00 ]]
[[ DATA: 00 00 00 00 00 00 00 00 00 00 00 00 00 00 00 00 00 00 00 00 ]]
[[ DATA: 00 00 00 00 00 00 00 00 00 00 00 00 00 00 00 00 00 00 00 00 ]]
[[ DATA: 00 00 00 00 00 00 00 00 00 00 00 00 00 00 00 00 00 00 00 00 ]]
[[ DATA: 00 00 00 00 00 00 00 00 00 00 00 00 00 00 00 00 00 00 00 00 ]]
[[ DATA: 00 00 00 00 00 00 00 00 00 00 00 00 00 00 00 00 00 00 00 00 ]]
[[ DATA: 00 00 00 00 00 00 00 00 00 00 00 00 00 00 00 00 00 00 00 00 ]]
[[ DATA: 00 00 00 00 00 00 00 00 00 00 00 00 00 00 00 00 00 00 00 00 ]]
[[ DATA: 00 00 00 00 00 00 00 00 00 00 00 00 00 00 00 00 00 00 00 00 ]]
[[ DATA: 00 00 00 00 00 00 00 00 00 00 00 00 00 00 00 00 00 00 00 00 ]]
[[ DATA: 00 00 00 00 00 00 00 00 00 00 00 00 00 00 00 00 00 00 00 00 ]]
[[ DATA: 00 00 00 00 00 00 00 00 00 00 00 00 00 00 00 00 00 00 00 00 ]]
[[ DATA: 00 00 00 00 00 00 00 00 00 00 00 00 00 00 00 00 00 00 00 00 ]]
[[ DATA: 00 00 00 00 00 00 00 00 00 00 00 00 00 00 00 00 00 00 00 00 ]]
[[ DATA: 00 00 00 00 00 00 00 00 00 00 00 00 00 00 00 00 00 00 00 00 ]]
[[ DATA: 00 00 00 00 00 00 00 00 00 00 00 00 00 00 00 00 00 00 00 00 ]]
[[ DATA: 00 00 00 00 00 00 00 00 00 00 00 00 00 00 00 00 00 00 00 00 ]]
[[ DATA: 00 00 00 00 00 00 00 00 00 00 00 00 00 00 00 00 00 00 00 00 ]]
[[ DATA: 00 00 00 00 00 00 00 00 00 00 00 00 00 00 00 00 00 00 00 00 ]]
[[ DATA: 00 00 00 00 00 00 00 00 00 00 00 00 00 00 00 00 00 00 00 00 ]]
[[ DATA: 00 00 00 00 00 00 00 00 00 00 00 00 00 00 00 00 00 00 00 00 ]]
[[ DATA: 00 00 00 00 00 00 00 00 00 00 00 00 00 00 00 00 00 00 00 00 ]]
[[ DATA: 00 00 00 00 00 00 00 00 00 00 00 00 00 00 00 00 00 00 00 00 ]]
[[ DATA: 00 00 00 00 00 00 00 00 00 00 00 00 00 00 00 00 00 00 00 00 ]]
[[ DATA: 00 00 00 00 00 00 00 00 00 00 00 00 00 00 00 00 00 00 00 00 ]]
[[ DATA: 00 00 00 00 00 00 00 00 00 00 00 00 00 00 00 00 00 00 00 00 ]]
[[ DATA: 00 00 00 00 00 00 00 00 00 00 00 00 00 00 00 00 00 00 00 00 ]]
[[ DATA: 00 00 00 00 00 00 00 00 00 00 00 00 00 00 00 00 00 00 00 00 ]]
[[ DATA: 00 00 00 00 00 00 00 00 00 00 00 00 00 00 00 00 00 00 00 00 ]]
[[ DATA: 00 00 00 00 00 00 00 00 00 00 00 00 00 00 00 00 00 00 00 00 ]]
[[ DATA: 00 00 00 00 00 00 00 00 00 00 00 00 00 00 00 00 00 00 00 00 ]]
[[ DATA: 00 00 00 00 00 00 00 00 00 00 00 00 00 00 00 00 00 00 00 00 ]]
[[ DATA: 00 00 00 00 00 00 00 00 00 00 00 00 00 00 00 00 00 00 00 00 ]]
[[ DATA: 00 00 00 00 00 00 00 00 00 00 00 00 00 00 00 00 00 00 00 00 ]]
[[ DATA: 00 00 00 00 00 00 00 00 00 00 00 00 00 00 00 00 00 00 00 00 ]]
[[ DATA: 00 00 00 00 00 00 00 00 00 00 00 00 00 00 00 00 00 00 00 00 ]]
[[ DATA: 00 00 00 00 00 00 00 00 00 00 00 00 00 00 00 00 00 00 00 00 ]]
[[ DATA: 00 00 00 00 00 00 00 00 00 00 00 00 00 00 00 00 00 00 00 00 ]]
[[ DATA: 00 00 00 00 00 00 00 00 00 00 00 00 00 00 00 00 00 00 00 00 ]]
[[ DATA: 00 00 00 00 00 00 00 00 00 00 00 00 00 00 00 00 00 00 00 00 ]]
[[ DATA: 00 00 00 00 00 00 00 00 00 00 00 00 00 00 00 00 00 00 00 00 ]]
[[ DATA: 00 00 00 00 00 00 00 00 00 00 00 00 00 00 00 00 00 00 00 00 ]]
[[ DATA: 00 00 00 00 00 00 00 00 00 00 00 00 D4 D3 D2 D1 ]]
[[ DevAlert Data Ended. Checksum: 23670 ]]

[[ DevAlert Data Begins ]]
[[ DATA: D1 D2 D3 D4 F0 0F 01 00 71 83 01 00 07 00 07 00 01 00 00 00 ]]
[[ DATA: 20 00 20 00 10 00 00 00 10 04 00 00 24 44 55 4D 4D 59 5F 53 ]]
[[ DATA: 45 53 53 49 4F 4E 5F 49 44 00 00 00 00 00 00 00 00 00 00 00 ]]
[[ DATA: 00 00 00 00 24 44 55 4D 4D 59 5F 44 45 56 49 43 45 5F 49 44 ]]
[[ DATA: 00 00 00 00 00 00 00 00 00 00 00 00 00 00 00 00 64 66 6D 5F ]]
[[ DATA: 74 72 61 63 65 2E 70 73 66 73 00 00 00 00 00 00 00 00 00 00 ]]
[[ DATA: 00 00 00 00 00 00 00 00 00 00 00 00 00 00 00 00 00 00 00 00 ]]
[[ DATA: 00 00 00 00 00 00 00 00 00 00 00 00 00 00 00 00 00 00 00 00 ]]
[[ DATA: 00 00 00 00 00 00 00 00 00 00 00 00 00 00 00 00 00 00 00 00 ]]
[[ DATA: 00 00 00 00 00 00 00 00 00 00 00 00 00 00 00 00 00 00 00 00 ]]
[[ DATA: 00 00 00 00 00 00 00 00 00 00 00 00 00 00 00 00 00 00 00 00 ]]
[[ DATA: 00 00 00 00 00 00 00 00 00 00 00 00 00 00 00 00 00 00 00 00 ]]
[[ DATA: 00 00 00 00 00 00 00 00 00 00 00 00 00 00 00 00 00 00 00 00 ]]
[[ DATA: 00 00 00 00 00 00 00 00 00 00 00 00 00 00 00 00 00 00 00 00 ]]
[[ DATA: 00 00 00 00 00 00 00 00 00 00 00 00 00 00 00 00 00 00 00 00 ]]
[[ DATA: 00 00 00 00 00 00 00 00 00 00 00 00 00 00 00 00 00 00 00 00 ]]
[[ DATA: 00 00 00 00 00 00 00 00 00 00 00 00 00 00 00 00 00 00 00 00 ]]
[[ DATA: 00 00 00 00 00 00 00 00 00 00 00 00 00 00 00 00 00 00 00 00 ]]
[[ DATA: 00 00 00 00 00 00 00 00 00 00 00 00 00 00 00 00 00 00 00 00 ]]
[[ DATA: 00 00 00 00 00 00 00 00 00 00 00 00 00 00 00 00 00 00 00 00 ]]
[[ DATA: 00 00 00 00 00 00 00 00 00 00 00 00 00 00 00 00 00 00 00 00 ]]
[[ DATA: 00 00 00 00 00 00 00 00 00 00 00 00 00 00 00 00 00 00 00 00 ]]
[[ DATA: 00 00 00 00 00 00 00 00 00 00 00 00 00 00 00 00 00 00 00 00 ]]
[[ DATA: 00 00 00 00 00 00 00 00 00 00 00 00 00 00 00 00 00 00 00 00 ]]
[[ DATA: 00 00 00 00 00 00 00 00 00 00 00 00 00 00 00 00 00 00 00 00 ]]
[[ DATA: 00 00 00 00 00 00 00 00 00 00 00 00 00 00 00 00 00 00 00 00 ]]
[[ DATA: 00 00 00 00 00 00 00 00 00 00 00 00 00 00 00 00 00 00 00 00 ]]
[[ DATA: 00 00 00 00 00 00 00 00 00 00 00 00 00 00 00 00 00 00 00 00 ]]
[[ DATA: 00 00 00 00 00 00 00 00 00 00 00 00 00 00 00 00 00 00 00 00 ]]
[[ DATA: 00 00 00 00 00 00 00 00 00 00 00 00 00 00 00 00 00 00 00 00 ]]
[[ DATA: 00 00 00 00 00 00 00 00 00 00 00 00 00 00 00 00 00 00 00 00 ]]
[[ DATA: 00 00 00 00 00 00 00 00 00 00 00 00 00 00 00 00 00 00 00 00 ]]
[[ DATA: 00 00 00 00 00 00 00 00 00 00 00 00 00 00 00 00 00 00 00 00 ]]
[[ DATA: 00 00 00 00 00 00 00 00 00 00 00 00 00 00 00 00 00 00 00 00 ]]
[[ DATA: 00 00 00 00 00 00 00 00 00 00 00 00 00 00 00 00 00 00 00 00 ]]
[[ DATA: 00 00 00 00 00 00 00 00 00 00 00 00 00 00 00 00 00 00 00 00 ]]
[[ DATA: 00 00 00 00 00 00 00 00 00 00 00 00 00 00 00 00 00 00 00 00 ]]
[[ DATA: 00 00 00 00 00 00 00 00 00 00 00 00 00 00 00 00 00 00 00 00 ]]
[[ DATA: 00 00 00 00 00 00 00 00 00 00 00 00 00 00 00 00 00 00 00 00 ]]
[[ DATA: 00 00 00 00 00 00 00 00 00 00 00 00 00 00 00 00 00 00 00 00 ]]
[[ DATA: 00 00 00 00 00 00 00 00 00 00 00 00 00 00 00 00 00 00 00 00 ]]
[[ DATA: 00 00 00 00 00 00 00 00 00 00 00 00 00 00 00 00 00 00 00 00 ]]
[[ DATA: 00 00 00 00 00 00 00 00 00 00 00 00 00 00 00 00 00 00 00 00 ]]
[[ DATA: 00 00 00 00 00 00 00 00 00 00 00 00 00 00 00 00 00 00 00 00 ]]
[[ DATA: 00 00 00 00 00 00 00 00 00 00 00 00 00 00 00 00 00 00 00 00 ]]
[[ DATA: 00 00 00 00 00 00 00 00 00 00 00 00 00 00 00 00 00 00 00 00 ]]
[[ DATA: 00 00 00 00 00 00 00 00 00 00 00 00 00 00 00 00 00 00 00 00 ]]
[[ DATA: 00 00 00 00 00 00 00 00 00 00 00 00 00 00 00 00 00 00 00 00 ]]
[[ DATA: 00 00 00 00 00 00 00 00 00 00 00 00 00 00 00 00 00 00 00 00 ]]
[[ DATA: 00 00 00 00 00 00 00 00 00 00 00 00 00 00 00 00 00 00 00 00 ]]
[[ DATA: 00 00 00 00 00 00 00 00 00 00 00 00 00 00 00 00 00 00 00 00 ]]
[[ DATA: 00 00 00 00 00 00 00 00 00 00 00 00 00 00 00 00 00 00 00 00 ]]
[[ DATA: 00 00 00 00 00 00 00 00 00 00 00 00 00 00 00 00 00 00 00 00 ]]
[[ DATA: 00 00 00 00 00 00 00 00 00 00 00 00 00 00 00 00 00 00 00 00 ]]
[[ DATA: 00 00 00 00 00 00 00 00 00 00 00 00 00 00 00 00 00 00 00 00 ]]
[[ DATA: 00 00 00 00 00 00 00 00 00 00 00 00 00 00 00 00 00 00 00 00 ]]
[[ DATA: 00 00 00 00 00 00 00 00 00 00 00 00 00 00 00 00 0A 0B 0C 0D ]]
[[ DATA: 71 72 73 74 F1 F2 F3 F4 00 00 00 00 D4 D3 D2 D1 ]]
[[ DevAlert Data Ended. Checksum: 2872 ]]

[[ DevAlert Data Begins ]]
[[ DATA: D1 D2 D3 D4 F0 0F 01 00 18 46 02 00 01 00 01 00 01 00 00 00 ]]
[[ DATA: 20 00 20 00 10 00 00 00 24 00 00 00 24 44 55 4D 4D 59 5F 53 ]]
[[ DATA: 45 53 53 49 4F 4E 5F 49 44 00 00 00 00 00 00 00 00 00 00 00 ]]
[[ DATA: 00 00 00 00 24 44 55 4D 4D 59 5F 44 45 56 49 43 45 5F 49 44 ]]
[[ DATA: 00 00 00 00 00 00 00 00 00 00 00 00 00 00 00 00 74 72 61 70 ]]
[[ DATA: 2E 64 6D 70 00 00 00 00 00 00 00 00 50 44 61 50 F0 0F 03 10 ]]
[[ DATA: 91 01 00 00 74 72 61 70 2E 64 6D 70 00 00 00 00 00 00 00 00 ]]
[[ DATA: 50 61 44 50 00 00 00 00 D4 D3 D2 D1 ]]
[[ DevAlert Data Ended. Checksum: 61588 ]]

[[ DevAlert Data Begins ]]
[[ DATA: D1 D2 D3 D4 F0 0F 01 00 71 83 02 00 01 00 01 00 01 00 00 00 ]]
[[ DATA: 20 00 20 00 10 00 00 00 91 01 00 00 24 44 55 4D 4D 59 5F 53 ]]
[[ DATA: 45 53 53 49 4F 4E 5F 49 44 00 00 00 00 00 00 00 00 00 00 00 ]]
[[ DATA: 00 00 00 00 24 44 55 4D 4D 59 5F 44 45 56 49 43 45 5F 49 44 ]]
[[ DATA: 00 00 00 00 00 00 00 00 00 00 00 00 00 00 00 00 74 72 61 70 ]]
[[ DATA: 2E 64 6D 70 00 00 00 00 00 00 00 00 63 43 03 00 01 00 00 00 ]]
[[ DATA: 00 00 00 00 00 00 00 00 00 00 00 00 06 00 00 00 D0 95 00 20 ]]
[[ DATA: 00 00 00 00 00 00 00 00 48 95 00 20 FF FF FF FF FF FF FF FF ]]
[[ DATA: FF FF FF FF FF FF FF FF 44 11 00 20 40 95 00 20 4F 73 00 08 ]]
[[ DATA: 4A 73 00 08 00 00 00 01 80 FF 0B 20 20 95 00 20 00 00 00 01 ]]
[[ DATA: 00 00 00 00 00 00 00 00 00 00 00 00 00 00 00 00 00 00 00 00 ]]
[[ DATA: 00 00 00 00 00 00 00 00 00 00 00 00 00 00 00 00 00 00 00 00 ]]
[[ DATA: 00 00 00 00 00 00 00 46 00 00 00 00 C0 E1 64 4D 00 00 00 40 ]]
[[ DATA: 00 0E 27 07 64 00 00 00 00 00 00 00 00 00 00 00 00 00 00 00 ]]
[[ DATA: 00 00 00 00 00 00 00 00 00 00 00 00 00 00 00 00 00 00 00 00 ]]
[[ DATA: 00 00 00 00 00 00 00 00 00 00 00 00 00 00 00 00 00 00 00 00 ]]
[[ DATA: 00 00 00 00 00 00 00 00 00 00 00 00 40 95 00 20 D1 95 00 20 ]]
[[ DATA: 64 33 01 08 A8 95 00 20 00 00 00 00 00 00 00 00 18 00 00 C0 ]]
[[ DATA: 06 00 00 00 D0 BD E0 D6 9F FB B3 92 06 00 00 00 FE 03 00 00 ]]
[[ DATA: 00 00 00 00 00 00 00 00 78 95 00 20 71 74 00 08 19 72 3B A9 ]]
[[ DATA: 28 33 01 08 90 95 00 20 BB 6A 00 08 A5 A5 A5 A5 A5 A5 A5 A5 ]]
[[ DATA: A5 A5 A5 A5 00 00 00 00 A5 A5 A5 A5 98 3F 01 08 F0 55 00 20 ]]
[[ DATA: FD FF FF FF 9F FB B3 92 00 00 00 00 FE 03 00 00 02 00 00 00 ]]
[[ DATA: 00 00 00 00 00 00 00 00 00 00 00 00 63 6F 72 65 64 75 6D 70 ]]
[[ DATA: 5F 65 6E 64 00 28 ED 00 E0 3C ED 00 E0 00 00 00 00 00 00 00 ]]
[[ DATA: 00 00 00 00 00 34 ED 00 E0 38 ED 00 E0 D4 D3 D2 D1 ]]
[[ DevAlert Data Ended. Checksum: 4690 ]]
DFMT:OBS:1022:fpccr=0xc0000018:control_before=0x00000006:control_after=0x00000006:s16=100
DFMT:CHECK:1022:PASS:LAZY_FP_STACKING_ENABLED
DFMT:CHECK:1022:PASS:FP_CONTEXT_ACTIVE
DFMT:CHECK:1022:PASS:FP_REGISTER_RESTORED
DFMT:CHECK:1022:PASS:FP_CONTEXT_STILL_ACTIVE
DFMT:CHECK:1022:PASS:TRAP_RETURNED
DFMT:RETURNED:1022:0
DFMT:BEGIN:1023:1

DFM Alert: Test 1023 at test_m33.c:117
  DFM: Storing the alert.


[[ DevAlert Data Begins ]]
[[ DATA: D1 D2 D3 D4 F0 0F 01 00 12 15 00 00 01 00 01 00 02 00 00 00 ]]
[[ DATA: 20 00 20 00 68 00 00 00 0C 01 00 00 24 44 55 4D 4D 59 5F 53 ]]
[[ DATA: 45 53 53 49 4F 4E 5F 49 44 00 00 00 00 00 00 00 00 00 00 00 ]]
[[ DATA: 00 00 00 00 24 44 55 4D 4D 59 5F 44 45 56 49 43 45 5F 49 44 ]]
[[ DATA: 00 00 00 00 00 00 00 00 00 00 00 00 00 00 00 00 54 65 73 74 ]]
[[ DATA: 20 31 30 32 33 20 61 74 20 74 65 73 74 5F 6D 33 33 2E 63 3A ]]
[[ DATA: 31 31 37 00 00 00 00 00 00 00 00 00 00 00 00 00 00 00 00 00 ]]
[[ DATA: 00 00 00 00 00 00 00 00 00 00 00 00 00 00 00 00 00 00 00 00 ]]
[[ DATA: 00 00 00 00 00 00 00 00 00 00 00 00 00 00 00 00 00 00 00 00 ]]
[[ DATA: 00 00 00 00 00 00 00 00 00 00 00 00 00 00 00 00 00 00 00 00 ]]
[[ DATA: 50 44 66 6D F0 0F 03 48 08 04 68 00 01 00 00 00 FF 03 00 00 ]]
[[ DATA: 01 00 00 00 6F 02 00 00 07 00 00 00 20 9A 00 20 02 00 00 00 ]]
[[ DATA: 83 03 00 00 04 00 00 00 75 00 00 00 00 00 00 00 00 00 00 00 ]]
[[ DATA: 00 00 00 00 00 00 00 00 00 00 00 00 00 00 00 00 00 00 00 00 ]]
[[ DATA: 00 00 00 00 42 75 69 6C 64 2D 4D 33 33 2D 51 75 61 6C 00 00 ]]
[[ DATA: 00 00 00 00 00 00 00 00 00 00 00 00 00 00 00 00 00 00 00 00 ]]
[[ DATA: 00 00 00 00 00 00 00 00 00 00 00 00 00 00 00 00 00 00 00 00 ]]
[[ DATA: 00 00 00 00 00 00 00 00 00 00 00 00 00 00 00 00 54 65 73 74 ]]
[[ DATA: 20 31 30 32 33 20 61 74 20 74 65 73 74 5F 6D 33 33 2E 63 3A ]]
[[ DATA: 31 31 37 00 00 00 00 00 00 00 00 00 00 00 00 00 00 00 00 00 ]]
[[ DATA: 00 00 00 00 00 00 00 00 00 00 00 00 00 00 00 00 00 00 00 00 ]]
[[ DATA: 00 00 00 00 00 00 00 00 00 00 00 00 00 00 00 00 00 00 00 00 ]]
[[ DATA: 00 00 00 00 00 00 00 00 00 00 00 00 00 00 00 00 00 00 00 00 ]]
[[ DATA: 6D 66 44 50 00 00 00 00 D4 D3 D2 D1 ]]
[[ DevAlert Data Ended. Checksum: 6313 ]]

[[ DevAlert Data Begins ]]
[[ DATA: D1 D2 D3 D4 F0 0F 01 00 18 46 01 00 01 00 01 00 02 00 00 00 ]]
[[ DATA: 20 00 20 00 10 00 00 00 24 00 00 00 24 44 55 4D 4D 59 5F 53 ]]
[[ DATA: 45 53 53 49 4F 4E 5F 49 44 00 00 00 00 00 00 00 00 00 00 00 ]]
[[ DATA: 00 00 00 00 24 44 55 4D 4D 59 5F 44 45 56 49 43 45 5F 49 44 ]]
[[ DATA: 00 00 00 00 00 00 00 00 00 00 00 00 00 00 00 00 64 66 6D 5F ]]
[[ DATA: 74 72 61 63 65 2E 70 73 66 73 00 00 50 44 61 50 F0 0F 03 10 ]]
[[ DATA: F0 32 00 00 64 66 6D 5F 74 72 61 63 65 2E 70 73 66 73 00 00 ]]
[[ DATA: 50 61 44 50 00 00 00 00 D4 D3 D2 D1 ]]
[[ DevAlert Data Ended. Checksum: 12108 ]]

[[ DevAlert Data Begins ]]
[[ DATA: D1 D2 D3 D4 F0 0F 01 00 71 83 01 00 01 00 07 00 02 00 00 00 ]]
[[ DATA: 20 00 20 00 10 00 00 00 D0 07 00 00 24 44 55 4D 4D 59 5F 53 ]]
[[ DATA: 45 53 53 49 4F 4E 5F 49 44 00 00 00 00 00 00 00 00 00 00 00 ]]
[[ DATA: 00 00 00 00 24 44 55 4D 4D 59 5F 44 45 56 49 43 45 5F 49 44 ]]
[[ DATA: 00 00 00 00 00 00 00 00 00 00 00 00 00 00 00 00 64 66 6D 5F ]]
[[ DATA: 74 72 61 63 65 2E 70 73 66 73 00 00 30 10 00 20 00 00 00 00 ]]
[[ DATA: 05 06 07 08 75 76 77 78 F5 F6 F7 F8 00 46 53 50 0E 00 A1 1A ]]
[[ DATA: 00 00 00 00 01 03 00 00 00 00 00 00 00 00 02 01 46 72 65 65 ]]
[[ DATA: 52 54 4F 53 01 00 00 00 00 00 00 00 00 0E 27 07 00 00 00 00 ]]
[[ DATA: E8 03 00 00 CE 85 9C 0C 23 07 00 00 38 00 00 00 1C 00 00 00 ]]
[[ DATA: 03 00 00 00 AC 05 00 20 00 00 00 00 00 00 00 00 00 00 02 00 ]]
[[ DATA: 00 00 00 80 53 79 73 74 65 6D 20 48 65 61 70 00 00 00 00 00 ]]
[[ DATA: 00 00 00 00 00 00 00 00 00 00 00 00 00 00 00 00 00 00 00 00 ]]
[[ DATA: 00 00 00 00 00 00 00 00 00 00 00 00 00 00 00 00 00 00 00 00 ]]
[[ DATA: 00 00 00 00 00 00 00 00 00 00 00 00 00 00 00 00 00 00 00 00 ]]
[[ DATA: 00 00 00 00 00 00 00 00 00 00 00 00 00 00 00 00 00 00 00 00 ]]
[[ DATA: 00 00 00 00 00 00 00 00 00 00 00 00 00 00 00 00 00 00 00 00 ]]
[[ DATA: 00 00 00 00 00 00 00 00 00 00 00 00 00 00 00 00 00 00 00 00 ]]
[[ DATA: 00 00 00 00 00 00 00 00 00 00 00 00 00 00 00 00 00 00 00 00 ]]
[[ DATA: 00 00 00 00 00 00 00 00 00 00 00 00 00 00 00 00 00 00 00 00 ]]
[[ DATA: 00 00 00 00 00 00 00 00 00 00 00 00 00 00 00 00 00 00 00 00 ]]
[[ DATA: 00 00 00 00 00 00 00 00 00 00 00 00 00 00 00 00 00 00 00 00 ]]
[[ DATA: 00 00 00 00 00 00 00 00 00 00 00 00 00 00 00 00 00 00 00 00 ]]
[[ DATA: 00 00 00 00 00 00 00 00 00 00 00 00 00 00 00 00 00 00 00 00 ]]
[[ DATA: 00 00 00 00 00 00 00 00 00 00 00 00 00 00 00 00 00 00 00 00 ]]
[[ DATA: 00 00 00 00 00 00 00 00 00 00 00 00 00 00 00 00 00 00 00 00 ]]
[[ DATA: 00 00 00 00 00 00 00 00 00 00 00 00 00 00 00 00 00 00 00 00 ]]
[[ DATA: 00 00 00 00 00 00 00 00 00 00 00 00 00 00 00 00 00 00 00 00 ]]
[[ DATA: 00 00 00 00 00 00 00 00 00 00 00 00 00 00 00 00 00 00 00 00 ]]
[[ DATA: 00 00 00 00 00 00 00 00 00 00 00 00 00 00 00 00 00 00 00 00 ]]
[[ DATA: 00 00 00 00 00 00 00 00 00 00 00 00 00 00 00 00 00 00 00 00 ]]
[[ DATA: 00 00 00 00 00 00 00 00 00 00 00 00 00 00 00 00 00 00 00 00 ]]
[[ DATA: 00 00 00 00 00 00 00 00 00 00 00 00 00 00 00 00 00 00 00 00 ]]
[[ DATA: 00 00 00 00 00 00 00 00 00 00 00 00 00 00 00 00 00 00 00 00 ]]
[[ DATA: 00 00 00 00 00 00 00 00 00 00 00 00 00 00 00 00 00 00 00 00 ]]
[[ DATA: 00 00 00 00 00 00 00 00 00 00 00 00 00 00 00 00 00 00 00 00 ]]
[[ DATA: 00 00 00 00 00 00 00 00 00 00 00 00 00 00 00 00 00 00 00 00 ]]
[[ DATA: 00 00 00 00 00 00 00 00 00 00 00 00 00 00 00 00 00 00 00 00 ]]
[[ DATA: 00 00 00 00 00 00 00 00 00 00 00 00 00 00 00 00 00 00 00 00 ]]
[[ DATA: 00 00 00 00 00 00 00 00 00 00 00 00 00 00 00 00 00 00 00 00 ]]
[[ DATA: 00 00 00 00 00 00 00 00 00 00 00 00 00 00 00 00 00 00 00 00 ]]
[[ DATA: 00 00 00 00 00 00 00 00 00 00 00 00 00 00 00 00 00 00 00 00 ]]
[[ DATA: 00 00 00 00 00 00 00 00 00 00 00 00 00 00 00 00 00 00 00 00 ]]
[[ DATA: 00 00 00 00 00 00 00 00 00 00 00 00 00 00 00 00 00 00 00 00 ]]
[[ DATA: 00 00 00 00 00 00 00 00 00 00 00 00 00 00 00 00 00 00 00 00 ]]
[[ DATA: 00 00 00 00 00 00 00 00 00 00 00 00 00 00 00 00 00 00 00 00 ]]
[[ DATA: 00 00 00 00 00 00 00 00 00 00 00 00 00 00 00 00 00 00 00 00 ]]
[[ DATA: 00 00 00 00 00 00 00 00 00 00 00 00 00 00 00 00 00 00 00 00 ]]
[[ DATA: 00 00 00 00 00 00 00 00 00 00 00 00 00 00 00 00 00 00 00 00 ]]
[[ DATA: 00 00 00 00 00 00 00 00 00 00 00 00 00 00 00 00 00 00 00 00 ]]
[[ DATA: 00 00 00 00 00 00 00 00 00 00 00 00 00 00 00 00 00 00 00 00 ]]
[[ DATA: 00 00 00 00 00 00 00 00 00 00 00 00 00 00 00 00 00 00 00 00 ]]
[[ DATA: 00 00 00 00 00 00 00 00 00 00 00 00 00 00 00 00 00 00 00 00 ]]
[[ DATA: 00 00 00 00 00 00 00 00 00 00 00 00 00 00 00 00 00 00 00 00 ]]
[[ DATA: 00 00 00 00 00 00 00 00 00 00 00 00 00 00 00 00 00 00 00 00 ]]
[[ DATA: 00 00 00 00 00 00 00 00 00 00 00 00 00 00 00 00 00 00 00 00 ]]
[[ DATA: 00 00 00 00 00 00 00 00 00 00 00 00 00 00 00 00 00 00 00 00 ]]
[[ DATA: 00 00 00 00 00 00 00 00 00 00 00 00 00 00 00 00 00 00 00 00 ]]
[[ DATA: 00 00 00 00 00 00 00 00 00 00 00 00 00 00 00 00 00 00 00 00 ]]
[[ DATA: 00 00 00 00 00 00 00 00 00 00 00 00 00 00 00 00 00 00 00 00 ]]
[[ DATA: 00 00 00 00 00 00 00 00 00 00 00 00 00 00 00 00 00 00 00 00 ]]
[[ DATA: 00 00 00 00 00 00 00 00 00 00 00 00 00 00 00 00 00 00 00 00 ]]
[[ DATA: 00 00 00 00 00 00 00 00 00 00 00 00 00 00 00 00 00 00 00 00 ]]
[[ DATA: 00 00 00 00 00 00 00 00 00 00 00 00 00 00 00 00 00 00 00 00 ]]
[[ DATA: 00 00 00 00 00 00 00 00 00 00 00 00 00 00 00 00 00 00 00 00 ]]
[[ DATA: 00 00 00 00 00 00 00 00 00 00 00 00 00 00 00 00 00 00 00 00 ]]
[[ DATA: 00 00 00 00 00 00 00 00 00 00 00 00 00 00 00 00 00 00 00 00 ]]
[[ DATA: 00 00 00 00 00 00 00 00 00 00 00 00 00 00 00 00 00 00 00 00 ]]
[[ DATA: 00 00 00 00 00 00 00 00 00 00 00 00 00 00 00 00 00 00 00 00 ]]
[[ DATA: 00 00 00 00 00 00 00 00 00 00 00 00 00 00 00 00 00 00 00 00 ]]
[[ DATA: 00 00 00 00 00 00 00 00 00 00 00 00 00 00 00 00 00 00 00 00 ]]
[[ DATA: 00 00 00 00 00 00 00 00 00 00 00 00 00 00 00 00 00 00 00 00 ]]
[[ DATA: 00 00 00 00 00 00 00 00 00 00 00 00 00 00 00 00 00 00 00 00 ]]
[[ DATA: 00 00 00 00 00 00 00 00 00 00 00 00 00 00 00 00 00 00 00 00 ]]
[[ DATA: 00 00 00 00 00 00 00 00 00 00 00 00 00 00 00 00 00 00 00 00 ]]
[[ DATA: 00 00 00 00 00 00 00 00 00 00 00 00 00 00 00 00 00 00 00 00 ]]
[[ DATA: 00 00 00 00 00 00 00 00 00 00 00 00 00 00 00 00 00 00 00 00 ]]
[[ DATA: 00 00 00 00 00 00 00 00 00 00 00 00 00 00 00 00 00 00 00 00 ]]
[[ DATA: 00 00 00 00 00 00 00 00 00 00 00 00 00 00 00 00 00 00 00 00 ]]
[[ DATA: 00 00 00 00 00 00 00 00 00 00 00 00 00 00 00 00 00 00 00 00 ]]
[[ DATA: 00 00 00 00 00 00 00 00 00 00 00 00 00 00 00 00 00 00 00 00 ]]
[[ DATA: 00 00 00 00 00 00 00 00 00 00 00 00 00 00 00 00 00 00 00 00 ]]
[[ DATA: 00 00 00 00 00 00 00 00 00 00 00 00 00 00 00 00 00 00 00 00 ]]
[[ DATA: 00 00 00 00 00 00 00 00 00 00 00 00 00 00 00 00 00 00 00 00 ]]
[[ DATA: 00 00 00 00 00 00 00 00 00 00 00 00 00 00 00 00 00 00 00 00 ]]
[[ DATA: 00 00 00 00 00 00 00 00 00 00 00 00 00 00 00 00 00 00 00 00 ]]
[[ DATA: 00 00 00 00 00 00 00 00 00 00 00 00 00 00 00 00 00 00 00 00 ]]
[[ DATA: 00 00 00 00 00 00 00 00 00 00 00 00 00 00 00 00 00 00 00 00 ]]
[[ DATA: 00 00 00 00 00 00 00 00 00 00 00 00 00 00 00 00 00 00 00 00 ]]
[[ DATA: 00 00 00 00 00 00 00 00 00 00 00 00 00 00 00 00 00 00 00 00 ]]
[[ DATA: 00 00 00 00 00 00 00 00 00 00 00 00 00 00 00 00 00 00 00 00 ]]
[[ DATA: 00 00 00 00 00 00 00 00 00 00 00 00 00 00 00 00 00 00 00 00 ]]
[[ DATA: 00 00 00 00 00 00 00 00 00 00 00 00 00 00 00 00 00 00 00 00 ]]
[[ DATA: 00 00 00 00 00 00 00 00 00 00 00 00 00 00 00 00 00 00 00 00 ]]
[[ DATA: 00 00 00 00 00 00 00 00 00 00 00 00 00 00 00 00 00 00 00 00 ]]
[[ DATA: 00 00 00 00 00 00 00 00 00 00 00 00 00 00 00 00 00 00 00 00 ]]
[[ DATA: 00 00 00 00 00 00 00 00 00 00 00 00 00 00 00 00 00 00 00 00 ]]
[[ DATA: 00 00 00 00 00 00 00 00 00 00 00 00 00 00 00 00 00 00 00 00 ]]
[[ DATA: 00 00 00 00 00 00 00 00 00 00 00 00 00 00 00 00 00 00 00 00 ]]
[[ DATA: 00 00 00 00 00 00 00 00 00 00 00 00 00 00 00 00 00 00 00 00 ]]
[[ DATA: 00 00 00 00 00 00 00 00 00 00 00 00 00 00 00 00 00 00 00 00 ]]
[[ DATA: 00 00 00 00 00 00 00 00 00 00 00 00 00 00 00 00 00 00 00 00 ]]
[[ DATA: 00 00 00 00 00 00 00 00 00 00 00 00 00 00 00 00 00 00 00 00 ]]
[[ DATA: 00 00 00 00 00 00 00 00 00 00 00 00 00 00 00 00 00 00 00 00 ]]
[[ DATA: 00 00 00 00 00 00 00 00 00 00 00 00 00 00 00 00 00 00 00 00 ]]
[[ DATA: 00 00 00 00 00 00 00 00 00 00 00 00 D4 D3 D2 D1 ]]
[[ DevAlert Data Ended. Checksum: 23494 ]]

[[ DevAlert Data Begins ]]
[[ DATA: D1 D2 D3 D4 F0 0F 01 00 71 83 01 00 02 00 07 00 02 00 00 00 ]]
[[ DATA: 20 00 20 00 10 00 00 00 D0 07 00 00 24 44 55 4D 4D 59 5F 53 ]]
[[ DATA: 45 53 53 49 4F 4E 5F 49 44 00 00 00 00 00 00 00 00 00 00 00 ]]
[[ DATA: 00 00 00 00 24 44 55 4D 4D 59 5F 44 45 56 49 43 45 5F 49 44 ]]
[[ DATA: 00 00 00 00 00 00 00 00 00 00 00 00 00 00 00 00 64 66 6D 5F ]]
[[ DATA: 74 72 61 63 65 2E 70 73 66 73 00 00 00 00 00 00 00 00 00 00 ]]
[[ DATA: 00 00 00 00 00 00 00 00 00 00 00 00 00 00 00 00 00 00 00 00 ]]
[[ DATA: 00 00 00 00 00 00 00 00 00 00 00 00 00 00 00 00 00 00 00 00 ]]
[[ DATA: 00 00 00 00 00 00 00 00 00 00 00 00 00 00 00 00 00 00 00 00 ]]
[[ DATA: 00 00 00 00 00 00 00 00 00 00 00 00 00 00 00 00 00 00 00 00 ]]
[[ DATA: 00 00 00 00 00 00 00 00 00 00 00 00 00 00 00 00 00 00 00 00 ]]
[[ DATA: 00 00 00 00 00 00 00 00 00 00 00 00 00 00 00 00 00 00 00 00 ]]
[[ DATA: 00 00 00 00 00 00 00 00 00 00 00 00 00 00 00 00 00 00 00 00 ]]
[[ DATA: 00 00 00 00 00 00 00 00 00 00 00 00 00 00 00 00 00 00 00 00 ]]
[[ DATA: 00 00 00 00 00 00 00 00 00 00 00 00 00 00 00 00 00 00 00 00 ]]
[[ DATA: 00 00 00 00 00 00 00 00 00 00 00 00 00 00 00 00 00 00 00 00 ]]
[[ DATA: 00 00 00 00 00 00 00 00 00 00 00 00 00 00 00 00 00 00 00 00 ]]
[[ DATA: 00 00 00 00 00 00 00 00 00 00 00 00 00 00 00 00 00 00 00 00 ]]
[[ DATA: 00 00 00 00 00 00 00 00 00 00 00 00 00 00 00 00 00 00 00 00 ]]
[[ DATA: 00 00 00 00 00 00 00 00 00 00 00 00 00 00 00 00 00 00 00 00 ]]
[[ DATA: 00 00 00 00 00 00 00 00 00 00 00 00 00 00 00 00 00 00 00 00 ]]
[[ DATA: 00 00 00 00 00 00 00 00 00 00 00 00 00 00 00 00 00 00 00 00 ]]
[[ DATA: 00 00 00 00 00 00 00 00 00 00 00 00 00 00 00 00 00 00 00 00 ]]
[[ DATA: F8 95 00 20 07 00 00 00 00 00 00 00 00 00 00 00 00 00 00 00 ]]
[[ DATA: 64 66 6D 5F 74 32 33 00 00 00 00 00 00 00 00 00 00 00 00 00 ]]
[[ DATA: 00 00 00 00 00 00 00 00 58 9E 00 20 00 00 00 00 00 00 00 00 ]]
[[ DATA: 00 00 00 00 00 00 00 00 00 00 00 00 00 00 00 00 00 00 00 00 ]]
[[ DATA: 00 00 00 00 00 00 00 00 00 00 00 00 00 00 00 00 DC 0E 00 20 ]]
[[ DATA: 00 00 00 00 00 00 00 00 00 00 00 00 00 00 00 00 41 4C 45 52 ]]
[[ DATA: 54 00 00 00 00 00 00 00 00 00 00 00 00 00 00 00 00 00 00 00 ]]
[[ DATA: 00 00 00 00 0C 0F 00 20 00 00 00 00 00 00 00 00 00 00 00 00 ]]
[[ DATA: 00 00 00 00 44 46 4D 20 54 65 73 74 73 00 00 00 00 00 00 00 ]]
[[ DATA: 00 00 00 00 00 00 00 00 00 00 00 00 30 A3 00 20 01 00 00 00 ]]
[[ DATA: 00 00 00 00 00 00 00 00 00 00 00 00 54 6D 72 20 53 76 63 00 ]]
[[ DATA: 00 00 00 00 00 00 00 00 00 00 00 00 00 00 00 00 00 00 00 00 ]]
[[ DATA: AC AE 00 20 08 00 00 00 00 00 00 00 00 00 00 00 00 00 00 00 ]]
[[ DATA: 54 6D 72 51 00 00 00 00 00 00 00 00 00 00 00 00 00 00 00 00 ]]
[[ DATA: 00 00 00 00 00 00 00 00 D0 9E 00 20 00 00 00 00 00 00 00 00 ]]
[[ DATA: 00 00 00 00 00 00 00 00 49 44 4C 45 00 00 00 00 00 00 00 00 ]]
[[ DATA: 00 00 00 00 00 00 00 00 00 00 00 00 00 00 00 00 90 55 00 20 ]]
[[ DATA: 03 00 00 00 00 00 00 00 00 00 00 00 00 00 00 00 44 46 4D 54 ]]
[[ DATA: 65 73 74 73 00 00 00 00 00 00 00 00 00 00 00 00 00 00 00 00 ]]
[[ DATA: 00 00 00 00 90 04 00 20 00 00 00 00 00 00 00 00 00 00 00 00 ]]
[[ DATA: 00 00 00 00 54 7A 43 74 72 6C 00 00 00 00 00 00 00 00 00 00 ]]
[[ DATA: 00 00 00 00 00 00 00 00 00 00 00 00 00 28 00 00 94 02 00 00 ]]
[[ DATA: 00 00 00 00 D4 27 00 00 01 00 00 00 00 00 00 00 D4 27 00 00 ]]
[[ DATA: 00 00 00 00 94 02 00 00 00 00 00 00 00 00 00 00 5C 10 00 20 ]]
[[ DATA: 01 10 01 00 C9 52 00 00 02 00 00 00 10 20 02 00 94 80 00 00 ]]
[[ DATA: 90 55 00 20 03 00 00 00 30 10 03 00 F8 81 00 00 90 55 00 20 ]]
[[ DATA: 10 20 04 00 39 8D 00 00 D0 9E 00 20 00 00 00 00 30 10 05 00 ]]
[[ DATA: 71 8E 00 00 D0 9E 00 20 11 20 06 00 6E 94 00 00 AC AE 00 20 ]]
[[ DATA: 08 00 00 00 10 20 07 00 FD AA 00 00 30 A3 00 20 01 00 00 00 ]]
[[ DATA: 30 10 08 00 51 AC 00 00 30 A3 00 20 37 20 09 00 D5 AE 00 00 ]]
[[ DATA: 90 55 00 20 03 00 00 00 03 40 0A 00 28 4A 02 00 0C 0F 00 20 ]]
[[ DATA: 44 46 4D 20 54 65 73 74 73 00 00 00 92 50 0B 00 76 46 05 00 ]]
[[ DATA: 0C 0F 00 20 FE 03 00 00 54 25 75 20 42 45 47 49 4E 00 00 00 ]]
[[ DATA: 92 70 0C 00 29 4C 05 00 0C 0F 00 20 18 00 00 C0 54 31 30 32 ]]
[[ DATA: 32 20 46 50 43 43 52 3D 25 30 38 58 00 00 00 00 92 70 0D 00 ]]
[[ DATA: EF 4F 05 00 0C 0F 00 20 64 00 00 00 54 31 30 32 32 20 73 65 ]]
[[ DATA: 6E 74 69 6E 65 6C 3D 25 75 00 00 00 03 30 0E 00 F3 5E 05 00 ]]
[[ DATA: DC 0E 00 20 41 4C 45 52 54 00 00 00 91 80 0F 00 6B 62 05 00 ]]
[[ DATA: DC 0E 00 20 54 65 73 74 20 31 30 32 32 20 61 74 20 74 65 73 ]]
[[ DATA: 74 5F 6D 33 33 2E 63 3A 33 32 00 00 7A 10 10 00 3D 18 76 0A ]]
[[ DATA: 2C 01 00 00 37 20 11 00 10 1E 76 0A 30 A3 00 20 01 00 00 00 ]]
[[ DATA: 79 10 12 00 7A 21 76 0A B5 05 00 00 37 20 13 00 F6 26 76 0A ]]
[[ DATA: 90 04 00 20 00 00 00 00 7A 10 14 00 38 29 76 0A F4 01 00 00 ]]
[[ DATA: 37 20 15 00 D6 2D 76 0A D0 9E 00 20 00 00 00 00 30 10 16 00 ]]
[[ DATA: 80 03 9B 0C 90 55 00 20 37 20 17 00 06 07 9B 0C 90 55 00 20 ]]
[[ DATA: 03 00 00 00 92 50 18 00 C4 D8 9B 0C 0C 0F 00 20 FF 03 00 00 ]]
[[ DATA: 54 25 75 20 42 45 47 49 4E 00 00 00 12 20 19 00 55 E0 9B 0C ]]
[[ DATA: 58 9E 00 20 00 00 00 00 10 20 1A 00 2F ED 9B 0C F8 95 00 20 ]]
[[ DATA: 07 00 00 00 30 10 1B 00 88 EE 9B 0C F8 95 00 20 37 20 1C 00 ]]
[[ DATA: 7C F2 9B 0C F8 95 00 20 07 00 00 00 92 60 1D 00 B5 6D 9C 0C ]]
[[ DATA: 0C 0F 00 20 20 9A 00 20 54 31 30 32 33 20 50 53 50 3D 25 30 ]]
[[ DATA: 38 58 00 00 92 70 1E 00 95 71 9C 0C 0C 0F 00 20 58 96 00 20 ]]
[[ DATA: 54 31 30 32 33 20 50 53 50 4C 49 4D 3D 25 30 38 58 00 00 00 ]]
[[ DATA: 92 80 1F 00 CB 75 9C 0C 0C 0F 00 20 94 03 00 00 54 31 30 32 ]]
[[ DATA: 33 20 53 54 41 43 4B 20 75 6E 75 73 65 64 3D 25 75 00 00 00 ]]
[[ DATA: 91 80 20 00 CE 85 9C 0C DC 0E 00 20 54 65 73 74 20 31 30 32 ]]
[[ DATA: 33 20 61 74 20 74 65 73 74 5F 6D 33 33 2E 63 3A 31 31 37 00 ]]
[[ DATA: 00 00 00 00 00 00 00 00 00 00 00 00 00 00 00 00 00 00 00 00 ]]
[[ DATA: 00 00 00 00 00 00 00 00 00 00 00 00 00 00 00 00 00 00 00 00 ]]
[[ DATA: 00 00 00 00 00 00 00 00 00 00 00 00 00 00 00 00 00 00 00 00 ]]
[[ DATA: 00 00 00 00 00 00 00 00 00 00 00 00 00 00 00 00 00 00 00 00 ]]
[[ DATA: 00 00 00 00 00 00 00 00 00 00 00 00 00 00 00 00 00 00 00 00 ]]
[[ DATA: 00 00 00 00 00 00 00 00 00 00 00 00 00 00 00 00 00 00 00 00 ]]
[[ DATA: 00 00 00 00 00 00 00 00 00 00 00 00 00 00 00 00 00 00 00 00 ]]
[[ DATA: 00 00 00 00 00 00 00 00 00 00 00 00 00 00 00 00 00 00 00 00 ]]
[[ DATA: 00 00 00 00 00 00 00 00 00 00 00 00 00 00 00 00 00 00 00 00 ]]
[[ DATA: 00 00 00 00 00 00 00 00 00 00 00 00 00 00 00 00 00 00 00 00 ]]
[[ DATA: 00 00 00 00 00 00 00 00 00 00 00 00 00 00 00 00 00 00 00 00 ]]
[[ DATA: 00 00 00 00 00 00 00 00 00 00 00 00 00 00 00 00 00 00 00 00 ]]
[[ DATA: 00 00 00 00 00 00 00 00 00 00 00 00 00 00 00 00 00 00 00 00 ]]
[[ DATA: 00 00 00 00 00 00 00 00 00 00 00 00 00 00 00 00 00 00 00 00 ]]
[[ DATA: 00 00 00 00 00 00 00 00 00 00 00 00 00 00 00 00 00 00 00 00 ]]
[[ DATA: 00 00 00 00 00 00 00 00 00 00 00 00 00 00 00 00 00 00 00 00 ]]
[[ DATA: 00 00 00 00 00 00 00 00 00 00 00 00 00 00 00 00 00 00 00 00 ]]
[[ DATA: 00 00 00 00 00 00 00 00 00 00 00 00 00 00 00 00 00 00 00 00 ]]
[[ DATA: 00 00 00 00 00 00 00 00 00 00 00 00 00 00 00 00 00 00 00 00 ]]
[[ DATA: 00 00 00 00 00 00 00 00 00 00 00 00 00 00 00 00 00 00 00 00 ]]
[[ DATA: 00 00 00 00 00 00 00 00 00 00 00 00 00 00 00 00 00 00 00 00 ]]
[[ DATA: 00 00 00 00 00 00 00 00 00 00 00 00 00 00 00 00 00 00 00 00 ]]
[[ DATA: 00 00 00 00 00 00 00 00 00 00 00 00 00 00 00 00 00 00 00 00 ]]
[[ DATA: 00 00 00 00 00 00 00 00 00 00 00 00 00 00 00 00 00 00 00 00 ]]
[[ DATA: 00 00 00 00 00 00 00 00 00 00 00 00 00 00 00 00 00 00 00 00 ]]
[[ DATA: 00 00 00 00 00 00 00 00 00 00 00 00 D4 D3 D2 D1 ]]
[[ DevAlert Data Ended. Checksum: 23786 ]]

[[ DevAlert Data Begins ]]
[[ DATA: D1 D2 D3 D4 F0 0F 01 00 71 83 01 00 03 00 07 00 02 00 00 00 ]]
[[ DATA: 20 00 20 00 10 00 00 00 D0 07 00 00 24 44 55 4D 4D 59 5F 53 ]]
[[ DATA: 45 53 53 49 4F 4E 5F 49 44 00 00 00 00 00 00 00 00 00 00 00 ]]
[[ DATA: 00 00 00 00 24 44 55 4D 4D 59 5F 44 45 56 49 43 45 5F 49 44 ]]
[[ DATA: 00 00 00 00 00 00 00 00 00 00 00 00 00 00 00 00 64 66 6D 5F ]]
[[ DATA: 74 72 61 63 65 2E 70 73 66 73 00 00 00 00 00 00 00 00 00 00 ]]
[[ DATA: 00 00 00 00 00 00 00 00 00 00 00 00 00 00 00 00 00 00 00 00 ]]
[[ DATA: 00 00 00 00 00 00 00 00 00 00 00 00 00 00 00 00 00 00 00 00 ]]
[[ DATA: 00 00 00 00 00 00 00 00 00 00 00 00 00 00 00 00 00 00 00 00 ]]
[[ DATA: 00 00 00 00 00 00 00 00 00 00 00 00 00 00 00 00 00 00 00 00 ]]
[[ DATA: 00 00 00 00 00 00 00 00 00 00 00 00 00 00 00 00 00 00 00 00 ]]
[[ DATA: 00 00 00 00 00 00 00 00 00 00 00 00 00 00 00 00 00 00 00 00 ]]
[[ DATA: 00 00 00 00 00 00 00 00 00 00 00 00 00 00 00 00 00 00 00 00 ]]
[[ DATA: 00 00 00 00 00 00 00 00 00 00 00 00 00 00 00 00 00 00 00 00 ]]
[[ DATA: 00 00 00 00 00 00 00 00 00 00 00 00 00 00 00 00 00 00 00 00 ]]
[[ DATA: 00 00 00 00 00 00 00 00 00 00 00 00 00 00 00 00 00 00 00 00 ]]
[[ DATA: 00 00 00 00 00 00 00 00 00 00 00 00 00 00 00 00 00 00 00 00 ]]
[[ DATA: 00 00 00 00 00 00 00 00 00 00 00 00 00 00 00 00 00 00 00 00 ]]
[[ DATA: 00 00 00 00 00 00 00 00 00 00 00 00 00 00 00 00 00 00 00 00 ]]
[[ DATA: 00 00 00 00 00 00 00 00 00 00 00 00 00 00 00 00 00 00 00 00 ]]
[[ DATA: 00 00 00 00 00 00 00 00 00 00 00 00 00 00 00 00 00 00 00 00 ]]
[[ DATA: 00 00 00 00 00 00 00 00 00 00 00 00 00 00 00 00 00 00 00 00 ]]
[[ DATA: 00 00 00 00 00 00 00 00 00 00 00 00 00 00 00 00 00 00 00 00 ]]
[[ DATA: 00 00 00 00 00 00 00 00 00 00 00 00 00 00 00 00 00 00 00 00 ]]
[[ DATA: 00 00 00 00 00 00 00 00 00 00 00 00 00 00 00 00 00 00 00 00 ]]
[[ DATA: 00 00 00 00 00 00 00 00 00 00 00 00 00 00 00 00 00 00 00 00 ]]
[[ DATA: 00 00 00 00 00 00 00 00 00 00 00 00 00 00 00 00 00 00 00 00 ]]
[[ DATA: 00 00 00 00 00 00 00 00 00 00 00 00 00 00 00 00 00 00 00 00 ]]
[[ DATA: 00 00 00 00 00 00 00 00 00 00 00 00 00 00 00 00 00 00 00 00 ]]
[[ DATA: 00 00 00 00 00 00 00 00 00 00 00 00 00 00 00 00 00 00 00 00 ]]
[[ DATA: 00 00 00 00 00 00 00 00 00 00 00 00 00 00 00 00 00 00 00 00 ]]
[[ DATA: 00 00 00 00 00 00 00 00 00 00 00 00 00 00 00 00 00 00 00 00 ]]
[[ DATA: 00 00 00 00 00 00 00 00 00 00 00 00 00 00 00 00 00 00 00 00 ]]
[[ DATA: 00 00 00 00 00 00 00 00 00 00 00 00 00 00 00 00 00 00 00 00 ]]
[[ DATA: 00 00 00 00 00 00 00 00 00 00 00 00 00 00 00 00 00 00 00 00 ]]
[[ DATA: 00 00 00 00 00 00 00 00 00 00 00 00 00 00 00 00 00 00 00 00 ]]
[[ DATA: 00 00 00 00 00 00 00 00 00 00 00 00 00 00 00 00 00 00 00 00 ]]
[[ DATA: 00 00 00 00 00 00 00 00 00 00 00 00 00 00 00 00 00 00 00 00 ]]
[[ DATA: 00 00 00 00 00 00 00 00 00 00 00 00 00 00 00 00 00 00 00 00 ]]
[[ DATA: 00 00 00 00 00 00 00 00 00 00 00 00 00 00 00 00 00 00 00 00 ]]
[[ DATA: 00 00 00 00 00 00 00 00 00 00 00 00 00 00 00 00 00 00 00 00 ]]
[[ DATA: 00 00 00 00 00 00 00 00 00 00 00 00 00 00 00 00 00 00 00 00 ]]
[[ DATA: 00 00 00 00 00 00 00 00 00 00 00 00 00 00 00 00 00 00 00 00 ]]
[[ DATA: 00 00 00 00 00 00 00 00 00 00 00 00 00 00 00 00 00 00 00 00 ]]
[[ DATA: 00 00 00 00 00 00 00 00 00 00 00 00 00 00 00 00 00 00 00 00 ]]
[[ DATA: 00 00 00 00 00 00 00 00 00 00 00 00 00 00 00 00 00 00 00 00 ]]
[[ DATA: 00 00 00 00 00 00 00 00 00 00 00 00 00 00 00 00 00 00 00 00 ]]
[[ DATA: 00 00 00 00 00 00 00 00 00 00 00 00 00 00 00 00 00 00 00 00 ]]
[[ DATA: 00 00 00 00 00 00 00 00 00 00 00 00 00 00 00 00 00 00 00 00 ]]
[[ DATA: 00 00 00 00 00 00 00 00 00 00 00 00 00 00 00 00 00 00 00 00 ]]
[[ DATA: 00 00 00 00 00 00 00 00 00 00 00 00 00 00 00 00 00 00 00 00 ]]
[[ DATA: 00 00 00 00 00 00 00 00 00 00 00 00 00 00 00 00 00 00 00 00 ]]
[[ DATA: 00 00 00 00 00 00 00 00 00 00 00 00 00 00 00 00 00 00 00 00 ]]
[[ DATA: 00 00 00 00 00 00 00 00 00 00 00 00 00 00 00 00 00 00 00 00 ]]
[[ DATA: 00 00 00 00 00 00 00 00 00 00 00 00 00 00 00 00 00 00 00 00 ]]
[[ DATA: 00 00 00 00 00 00 00 00 00 00 00 00 00 00 00 00 00 00 00 00 ]]
[[ DATA: 00 00 00 00 00 00 00 00 00 00 00 00 00 00 00 00 00 00 00 00 ]]
[[ DATA: 00 00 00 00 00 00 00 00 00 00 00 00 00 00 00 00 00 00 00 00 ]]
[[ DATA: 00 00 00 00 00 00 00 00 00 00 00 00 00 00 00 00 00 00 00 00 ]]
[[ DATA: 00 00 00 00 00 00 00 00 00 00 00 00 00 00 00 00 00 00 00 00 ]]
[[ DATA: 00 00 00 00 00 00 00 00 00 00 00 00 00 00 00 00 00 00 00 00 ]]
[[ DATA: 00 00 00 00 00 00 00 00 00 00 00 00 00 00 00 00 00 00 00 00 ]]
[[ DATA: 00 00 00 00 00 00 00 00 00 00 00 00 00 00 00 00 00 00 00 00 ]]
[[ DATA: 00 00 00 00 00 00 00 00 00 00 00 00 00 00 00 00 00 00 00 00 ]]
[[ DATA: 00 00 00 00 00 00 00 00 00 00 00 00 00 00 00 00 00 00 00 00 ]]
[[ DATA: 00 00 00 00 00 00 00 00 00 00 00 00 00 00 00 00 00 00 00 00 ]]
[[ DATA: 00 00 00 00 00 00 00 00 00 00 00 00 00 00 00 00 00 00 00 00 ]]
[[ DATA: 00 00 00 00 00 00 00 00 00 00 00 00 00 00 00 00 00 00 00 00 ]]
[[ DATA: 00 00 00 00 00 00 00 00 00 00 00 00 00 00 00 00 00 00 00 00 ]]
[[ DATA: 00 00 00 00 00 00 00 00 00 00 00 00 00 00 00 00 00 00 00 00 ]]
[[ DATA: 00 00 00 00 00 00 00 00 00 00 00 00 00 00 00 00 00 00 00 00 ]]
[[ DATA: 00 00 00 00 00 00 00 00 00 00 00 00 00 00 00 00 00 00 00 00 ]]
[[ DATA: 00 00 00 00 00 00 00 00 00 00 00 00 00 00 00 00 00 00 00 00 ]]
[[ DATA: 00 00 00 00 00 00 00 00 00 00 00 00 00 00 00 00 00 00 00 00 ]]
[[ DATA: 00 00 00 00 00 00 00 00 00 00 00 00 00 00 00 00 00 00 00 00 ]]
[[ DATA: 00 00 00 00 00 00 00 00 00 00 00 00 00 00 00 00 00 00 00 00 ]]
[[ DATA: 00 00 00 00 00 00 00 00 00 00 00 00 00 00 00 00 00 00 00 00 ]]
[[ DATA: 00 00 00 00 00 00 00 00 00 00 00 00 00 00 00 00 00 00 00 00 ]]
[[ DATA: 00 00 00 00 00 00 00 00 00 00 00 00 00 00 00 00 00 00 00 00 ]]
[[ DATA: 00 00 00 00 00 00 00 00 00 00 00 00 00 00 00 00 00 00 00 00 ]]
[[ DATA: 00 00 00 00 00 00 00 00 00 00 00 00 00 00 00 00 00 00 00 00 ]]
[[ DATA: 00 00 00 00 00 00 00 00 00 00 00 00 00 00 00 00 00 00 00 00 ]]
[[ DATA: 00 00 00 00 00 00 00 00 00 00 00 00 00 00 00 00 00 00 00 00 ]]
[[ DATA: 00 00 00 00 00 00 00 00 00 00 00 00 00 00 00 00 00 00 00 00 ]]
[[ DATA: 00 00 00 00 00 00 00 00 00 00 00 00 00 00 00 00 00 00 00 00 ]]
[[ DATA: 00 00 00 00 00 00 00 00 00 00 00 00 00 00 00 00 00 00 00 00 ]]
[[ DATA: 00 00 00 00 00 00 00 00 00 00 00 00 00 00 00 00 00 00 00 00 ]]
[[ DATA: 00 00 00 00 00 00 00 00 00 00 00 00 00 00 00 00 00 00 00 00 ]]
[[ DATA: 00 00 00 00 00 00 00 00 00 00 00 00 00 00 00 00 00 00 00 00 ]]
[[ DATA: 00 00 00 00 00 00 00 00 00 00 00 00 00 00 00 00 00 00 00 00 ]]
[[ DATA: 00 00 00 00 00 00 00 00 00 00 00 00 00 00 00 00 00 00 00 00 ]]
[[ DATA: 00 00 00 00 00 00 00 00 00 00 00 00 00 00 00 00 00 00 00 00 ]]
[[ DATA: 00 00 00 00 00 00 00 00 00 00 00 00 00 00 00 00 00 00 00 00 ]]
[[ DATA: 00 00 00 00 00 00 00 00 00 00 00 00 00 00 00 00 00 00 00 00 ]]
[[ DATA: 00 00 00 00 00 00 00 00 00 00 00 00 00 00 00 00 00 00 00 00 ]]
[[ DATA: 00 00 00 00 00 00 00 00 00 00 00 00 00 00 00 00 00 00 00 00 ]]
[[ DATA: 00 00 00 00 00 00 00 00 00 00 00 00 00 00 00 00 00 00 00 00 ]]
[[ DATA: 00 00 00 00 00 00 00 00 00 00 00 00 00 00 00 00 00 00 00 00 ]]
[[ DATA: 00 00 00 00 00 00 00 00 00 00 00 00 00 00 00 00 00 00 00 00 ]]
[[ DATA: 00 00 00 00 00 00 00 00 00 00 00 00 00 00 00 00 00 00 00 00 ]]
[[ DATA: 00 00 00 00 00 00 00 00 00 00 00 00 00 00 00 00 00 00 00 00 ]]
[[ DATA: 00 00 00 00 00 00 00 00 00 00 00 00 00 00 00 00 00 00 00 00 ]]
[[ DATA: 00 00 00 00 00 00 00 00 00 00 00 00 00 00 00 00 00 00 00 00 ]]
[[ DATA: 00 00 00 00 00 00 00 00 00 00 00 00 00 00 00 00 00 00 00 00 ]]
[[ DATA: 00 00 00 00 00 00 00 00 00 00 00 00 00 00 00 00 00 00 00 00 ]]
[[ DATA: 00 00 00 00 00 00 00 00 00 00 00 00 D4 D3 D2 D1 ]]
[[ DevAlert Data Ended. Checksum: 60527 ]]

[[ DevAlert Data Begins ]]
[[ DATA: D1 D2 D3 D4 F0 0F 01 00 71 83 01 00 04 00 07 00 02 00 00 00 ]]
[[ DATA: 20 00 20 00 10 00 00 00 D0 07 00 00 24 44 55 4D 4D 59 5F 53 ]]
[[ DATA: 45 53 53 49 4F 4E 5F 49 44 00 00 00 00 00 00 00 00 00 00 00 ]]
[[ DATA: 00 00 00 00 24 44 55 4D 4D 59 5F 44 45 56 49 43 45 5F 49 44 ]]
[[ DATA: 00 00 00 00 00 00 00 00 00 00 00 00 00 00 00 00 64 66 6D 5F ]]
[[ DATA: 74 72 61 63 65 2E 70 73 66 73 00 00 00 00 00 00 00 00 00 00 ]]
[[ DATA: 00 00 00 00 00 00 00 00 00 00 00 00 00 00 00 00 00 00 00 00 ]]
[[ DATA: 00 00 00 00 00 00 00 00 00 00 00 00 00 00 00 00 00 00 00 00 ]]
[[ DATA: 00 00 00 00 00 00 00 00 00 00 00 00 00 00 00 00 00 00 00 00 ]]
[[ DATA: 00 00 00 00 00 00 00 00 00 00 00 00 00 00 00 00 00 00 00 00 ]]
[[ DATA: 00 00 00 00 00 00 00 00 00 00 00 00 00 00 00 00 00 00 00 00 ]]
[[ DATA: 00 00 00 00 00 00 00 00 00 00 00 00 00 00 00 00 00 00 00 00 ]]
[[ DATA: 00 00 00 00 00 00 00 00 00 00 00 00 00 00 00 00 00 00 00 00 ]]
[[ DATA: 00 00 00 00 00 00 00 00 00 00 00 00 00 00 00 00 00 00 00 00 ]]
[[ DATA: 00 00 00 00 00 00 00 00 00 00 00 00 00 00 00 00 00 00 00 00 ]]
[[ DATA: 00 00 00 00 00 00 00 00 00 00 00 00 00 00 00 00 00 00 00 00 ]]
[[ DATA: 00 00 00 00 00 00 00 00 00 00 00 00 00 00 00 00 00 00 00 00 ]]
[[ DATA: 00 00 00 00 00 00 00 00 00 00 00 00 00 00 00 00 00 00 00 00 ]]
[[ DATA: 00 00 00 00 00 00 00 00 00 00 00 00 00 00 00 00 00 00 00 00 ]]
[[ DATA: 00 00 00 00 00 00 00 00 00 00 00 00 00 00 00 00 00 00 00 00 ]]
[[ DATA: 00 00 00 00 00 00 00 00 00 00 00 00 00 00 00 00 00 00 00 00 ]]
[[ DATA: 00 00 00 00 00 00 00 00 00 00 00 00 00 00 00 00 00 00 00 00 ]]
[[ DATA: 00 00 00 00 00 00 00 00 00 00 00 00 00 00 00 00 00 00 00 00 ]]
[[ DATA: 00 00 00 00 00 00 00 00 00 00 00 00 00 00 00 00 00 00 00 00 ]]
[[ DATA: 00 00 00 00 00 00 00 00 00 00 00 00 00 00 00 00 00 00 00 00 ]]
[[ DATA: 00 00 00 00 00 00 00 00 00 00 00 00 00 00 00 00 00 00 00 00 ]]
[[ DATA: 00 00 00 00 00 00 00 00 00 00 00 00 00 00 00 00 00 00 00 00 ]]
[[ DATA: 00 00 00 00 00 00 00 00 00 00 00 00 00 00 00 00 00 00 00 00 ]]
[[ DATA: 00 00 00 00 00 00 00 00 00 00 00 00 00 00 00 00 00 00 00 00 ]]
[[ DATA: 00 00 00 00 00 00 00 00 00 00 00 00 00 00 00 00 00 00 00 00 ]]
[[ DATA: 00 00 00 00 00 00 00 00 00 00 00 00 00 00 00 00 00 00 00 00 ]]
[[ DATA: 00 00 00 00 00 00 00 00 00 00 00 00 00 00 00 00 00 00 00 00 ]]
[[ DATA: 00 00 00 00 00 00 00 00 00 00 00 00 00 00 00 00 00 00 00 00 ]]
[[ DATA: 00 00 00 00 00 00 00 00 00 00 00 00 00 00 00 00 00 00 00 00 ]]
[[ DATA: 00 00 00 00 00 00 00 00 00 00 00 00 00 00 00 00 00 00 00 00 ]]
[[ DATA: 00 00 00 00 00 00 00 00 00 00 00 00 00 00 00 00 00 00 00 00 ]]
[[ DATA: 00 00 00 00 00 00 00 00 00 00 00 00 00 00 00 00 00 00 00 00 ]]
[[ DATA: 00 00 00 00 00 00 00 00 00 00 00 00 00 00 00 00 00 00 00 00 ]]
[[ DATA: 00 00 00 00 00 00 00 00 00 00 00 00 00 00 00 00 00 00 00 00 ]]
[[ DATA: 00 00 00 00 00 00 00 00 00 00 00 00 00 00 00 00 00 00 00 00 ]]
[[ DATA: 00 00 00 00 00 00 00 00 00 00 00 00 00 00 00 00 00 00 00 00 ]]
[[ DATA: 00 00 00 00 00 00 00 00 00 00 00 00 00 00 00 00 00 00 00 00 ]]
[[ DATA: 00 00 00 00 00 00 00 00 00 00 00 00 00 00 00 00 00 00 00 00 ]]
[[ DATA: 00 00 00 00 00 00 00 00 00 00 00 00 00 00 00 00 00 00 00 00 ]]
[[ DATA: 00 00 00 00 00 00 00 00 00 00 00 00 00 00 00 00 00 00 00 00 ]]
[[ DATA: 00 00 00 00 00 00 00 00 00 00 00 00 00 00 00 00 00 00 00 00 ]]
[[ DATA: 00 00 00 00 00 00 00 00 00 00 00 00 00 00 00 00 00 00 00 00 ]]
[[ DATA: 00 00 00 00 00 00 00 00 00 00 00 00 00 00 00 00 00 00 00 00 ]]
[[ DATA: 00 00 00 00 00 00 00 00 00 00 00 00 00 00 00 00 00 00 00 00 ]]
[[ DATA: 00 00 00 00 00 00 00 00 00 00 00 00 00 00 00 00 00 00 00 00 ]]
[[ DATA: 00 00 00 00 00 00 00 00 00 00 00 00 00 00 00 00 00 00 00 00 ]]
[[ DATA: 00 00 00 00 00 00 00 00 00 00 00 00 00 00 00 00 00 00 00 00 ]]
[[ DATA: 00 00 00 00 00 00 00 00 00 00 00 00 00 00 00 00 00 00 00 00 ]]
[[ DATA: 00 00 00 00 00 00 00 00 00 00 00 00 00 00 00 00 00 00 00 00 ]]
[[ DATA: 00 00 00 00 00 00 00 00 00 00 00 00 00 00 00 00 00 00 00 00 ]]
[[ DATA: 00 00 00 00 00 00 00 00 00 00 00 00 00 00 00 00 00 00 00 00 ]]
[[ DATA: 00 00 00 00 00 00 00 00 00 00 00 00 00 00 00 00 00 00 00 00 ]]
[[ DATA: 00 00 00 00 00 00 00 00 00 00 00 00 00 00 00 00 00 00 00 00 ]]
[[ DATA: 00 00 00 00 00 00 00 00 00 00 00 00 00 00 00 00 00 00 00 00 ]]
[[ DATA: 00 00 00 00 00 00 00 00 00 00 00 00 00 00 00 00 00 00 00 00 ]]
[[ DATA: 00 00 00 00 00 00 00 00 00 00 00 00 00 00 00 00 00 00 00 00 ]]
[[ DATA: 00 00 00 00 00 00 00 00 00 00 00 00 00 00 00 00 00 00 00 00 ]]
[[ DATA: 00 00 00 00 00 00 00 00 00 00 00 00 00 00 00 00 00 00 00 00 ]]
[[ DATA: 00 00 00 00 00 00 00 00 00 00 00 00 00 00 00 00 00 00 00 00 ]]
[[ DATA: 00 00 00 00 00 00 00 00 00 00 00 00 00 00 00 00 00 00 00 00 ]]
[[ DATA: 00 00 00 00 00 00 00 00 00 00 00 00 00 00 00 00 00 00 00 00 ]]
[[ DATA: 00 00 00 00 00 00 00 00 00 00 00 00 00 00 00 00 00 00 00 00 ]]
[[ DATA: 00 00 00 00 00 00 00 00 00 00 00 00 00 00 00 00 00 00 00 00 ]]
[[ DATA: 00 00 00 00 00 00 00 00 00 00 00 00 00 00 00 00 00 00 00 00 ]]
[[ DATA: 00 00 00 00 00 00 00 00 00 00 00 00 00 00 00 00 00 00 00 00 ]]
[[ DATA: 00 00 00 00 00 00 00 00 00 00 00 00 00 00 00 00 00 00 00 00 ]]
[[ DATA: 00 00 00 00 00 00 00 00 00 00 00 00 00 00 00 00 00 00 00 00 ]]
[[ DATA: 00 00 00 00 00 00 00 00 00 00 00 00 00 00 00 00 00 00 00 00 ]]
[[ DATA: 00 00 00 00 00 00 00 00 00 00 00 00 00 00 00 00 00 00 00 00 ]]
[[ DATA: 00 00 00 00 00 00 00 00 00 00 00 00 00 00 00 00 00 00 00 00 ]]
[[ DATA: 00 00 00 00 00 00 00 00 00 00 00 00 00 00 00 00 00 00 00 00 ]]
[[ DATA: 00 00 00 00 00 00 00 00 00 00 00 00 00 00 00 00 00 00 00 00 ]]
[[ DATA: 00 00 00 00 00 00 00 00 00 00 00 00 00 00 00 00 00 00 00 00 ]]
[[ DATA: 00 00 00 00 00 00 00 00 00 00 00 00 00 00 00 00 00 00 00 00 ]]
[[ DATA: 00 00 00 00 00 00 00 00 00 00 00 00 00 00 00 00 00 00 00 00 ]]
[[ DATA: 00 00 00 00 00 00 00 00 00 00 00 00 00 00 00 00 00 00 00 00 ]]
[[ DATA: 00 00 00 00 00 00 00 00 00 00 00 00 00 00 00 00 00 00 00 00 ]]
[[ DATA: 00 00 00 00 00 00 00 00 00 00 00 00 00 00 00 00 00 00 00 00 ]]
[[ DATA: 00 00 00 00 00 00 00 00 00 00 00 00 00 00 00 00 00 00 00 00 ]]
[[ DATA: 00 00 00 00 00 00 00 00 00 00 00 00 00 00 00 00 00 00 00 00 ]]
[[ DATA: 00 00 00 00 00 00 00 00 00 00 00 00 00 00 00 00 00 00 00 00 ]]
[[ DATA: 00 00 00 00 00 00 00 00 00 00 00 00 00 00 00 00 00 00 00 00 ]]
[[ DATA: 00 00 00 00 00 00 00 00 00 00 00 00 00 00 00 00 00 00 00 00 ]]
[[ DATA: 00 00 00 00 00 00 00 00 00 00 00 00 00 00 00 00 00 00 00 00 ]]
[[ DATA: 00 00 00 00 00 00 00 00 00 00 00 00 00 00 00 00 00 00 00 00 ]]
[[ DATA: 00 00 00 00 00 00 00 00 00 00 00 00 00 00 00 00 00 00 00 00 ]]
[[ DATA: 00 00 00 00 00 00 00 00 00 00 00 00 00 00 00 00 00 00 00 00 ]]
[[ DATA: 00 00 00 00 00 00 00 00 00 00 00 00 00 00 00 00 00 00 00 00 ]]
[[ DATA: 00 00 00 00 00 00 00 00 00 00 00 00 00 00 00 00 00 00 00 00 ]]
[[ DATA: 00 00 00 00 00 00 00 00 00 00 00 00 00 00 00 00 00 00 00 00 ]]
[[ DATA: 00 00 00 00 00 00 00 00 00 00 00 00 00 00 00 00 00 00 00 00 ]]
[[ DATA: 00 00 00 00 00 00 00 00 00 00 00 00 00 00 00 00 00 00 00 00 ]]
[[ DATA: 00 00 00 00 00 00 00 00 00 00 00 00 00 00 00 00 00 00 00 00 ]]
[[ DATA: 00 00 00 00 00 00 00 00 00 00 00 00 00 00 00 00 00 00 00 00 ]]
[[ DATA: 00 00 00 00 00 00 00 00 00 00 00 00 00 00 00 00 00 00 00 00 ]]
[[ DATA: 00 00 00 00 00 00 00 00 00 00 00 00 00 00 00 00 00 00 00 00 ]]
[[ DATA: 00 00 00 00 00 00 00 00 00 00 00 00 00 00 00 00 00 00 00 00 ]]
[[ DATA: 00 00 00 00 00 00 00 00 00 00 00 00 00 00 00 00 00 00 00 00 ]]
[[ DATA: 00 00 00 00 00 00 00 00 00 00 00 00 00 00 00 00 00 00 00 00 ]]
[[ DATA: 00 00 00 00 00 00 00 00 00 00 00 00 00 00 00 00 00 00 00 00 ]]
[[ DATA: 00 00 00 00 00 00 00 00 00 00 00 00 D4 D3 D2 D1 ]]
[[ DevAlert Data Ended. Checksum: 59199 ]]

[[ DevAlert Data Begins ]]
[[ DATA: D1 D2 D3 D4 F0 0F 01 00 71 83 01 00 05 00 07 00 02 00 00 00 ]]
[[ DATA: 20 00 20 00 10 00 00 00 D0 07 00 00 24 44 55 4D 4D 59 5F 53 ]]
[[ DATA: 45 53 53 49 4F 4E 5F 49 44 00 00 00 00 00 00 00 00 00 00 00 ]]
[[ DATA: 00 00 00 00 24 44 55 4D 4D 59 5F 44 45 56 49 43 45 5F 49 44 ]]
[[ DATA: 00 00 00 00 00 00 00 00 00 00 00 00 00 00 00 00 64 66 6D 5F ]]
[[ DATA: 74 72 61 63 65 2E 70 73 66 73 00 00 00 00 00 00 00 00 00 00 ]]
[[ DATA: 00 00 00 00 00 00 00 00 00 00 00 00 00 00 00 00 00 00 00 00 ]]
[[ DATA: 00 00 00 00 00 00 00 00 00 00 00 00 00 00 00 00 00 00 00 00 ]]
[[ DATA: 00 00 00 00 00 00 00 00 00 00 00 00 00 00 00 00 00 00 00 00 ]]
[[ DATA: 00 00 00 00 00 00 00 00 00 00 00 00 00 00 00 00 00 00 00 00 ]]
[[ DATA: 00 00 00 00 00 00 00 00 00 00 00 00 00 00 00 00 00 00 00 00 ]]
[[ DATA: 00 00 00 00 00 00 00 00 00 00 00 00 00 00 00 00 00 00 00 00 ]]
[[ DATA: 00 00 00 00 00 00 00 00 00 00 00 00 00 00 00 00 00 00 00 00 ]]
[[ DATA: 00 00 00 00 00 00 00 00 00 00 00 00 00 00 00 00 00 00 00 00 ]]
[[ DATA: 00 00 00 00 00 00 00 00 00 00 00 00 00 00 00 00 00 00 00 00 ]]
[[ DATA: 00 00 00 00 00 00 00 00 00 00 00 00 00 00 00 00 00 00 00 00 ]]
[[ DATA: 00 00 00 00 00 00 00 00 00 00 00 00 00 00 00 00 00 00 00 00 ]]
[[ DATA: 00 00 00 00 00 00 00 00 00 00 00 00 00 00 00 00 00 00 00 00 ]]
[[ DATA: 00 00 00 00 00 00 00 00 00 00 00 00 00 00 00 00 00 00 00 00 ]]
[[ DATA: 00 00 00 00 00 00 00 00 00 00 00 00 00 00 00 00 00 00 00 00 ]]
[[ DATA: 00 00 00 00 00 00 00 00 00 00 00 00 00 00 00 00 00 00 00 00 ]]
[[ DATA: 00 00 00 00 00 00 00 00 00 00 00 00 00 00 00 00 00 00 00 00 ]]
[[ DATA: 00 00 00 00 00 00 00 00 00 00 00 00 00 00 00 00 00 00 00 00 ]]
[[ DATA: 00 00 00 00 00 00 00 00 00 00 00 00 00 00 00 00 00 00 00 00 ]]
[[ DATA: 00 00 00 00 00 00 00 00 00 00 00 00 00 00 00 00 00 00 00 00 ]]
[[ DATA: 00 00 00 00 00 00 00 00 00 00 00 00 00 00 00 00 00 00 00 00 ]]
[[ DATA: 00 00 00 00 00 00 00 00 00 00 00 00 00 00 00 00 00 00 00 00 ]]
[[ DATA: 00 00 00 00 00 00 00 00 00 00 00 00 00 00 00 00 00 00 00 00 ]]
[[ DATA: 00 00 00 00 00 00 00 00 00 00 00 00 00 00 00 00 00 00 00 00 ]]
[[ DATA: 00 00 00 00 00 00 00 00 00 00 00 00 00 00 00 00 00 00 00 00 ]]
[[ DATA: 00 00 00 00 00 00 00 00 00 00 00 00 00 00 00 00 00 00 00 00 ]]
[[ DATA: 00 00 00 00 00 00 00 00 00 00 00 00 00 00 00 00 00 00 00 00 ]]
[[ DATA: 00 00 00 00 00 00 00 00 00 00 00 00 00 00 00 00 00 00 00 00 ]]
[[ DATA: 00 00 00 00 00 00 00 00 00 00 00 00 00 00 00 00 00 00 00 00 ]]
[[ DATA: 00 00 00 00 00 00 00 00 00 00 00 00 00 00 00 00 00 00 00 00 ]]
[[ DATA: 00 00 00 00 00 00 00 00 00 00 00 00 00 00 00 00 00 00 00 00 ]]
[[ DATA: 00 00 00 00 00 00 00 00 00 00 00 00 00 00 00 00 00 00 00 00 ]]
[[ DATA: 00 00 00 00 00 00 00 00 00 00 00 00 00 00 00 00 00 00 00 00 ]]
[[ DATA: 00 00 00 00 00 00 00 00 00 00 00 00 00 00 00 00 00 00 00 00 ]]
[[ DATA: 00 00 00 00 00 00 00 00 00 00 00 00 00 00 00 00 00 00 00 00 ]]
[[ DATA: 00 00 00 00 00 00 00 00 00 00 00 00 00 00 00 00 00 00 00 00 ]]
[[ DATA: 00 00 00 00 00 00 00 00 00 00 00 00 00 00 00 00 00 00 00 00 ]]
[[ DATA: 00 00 00 00 00 00 00 00 00 00 00 00 00 00 00 00 00 00 00 00 ]]
[[ DATA: 00 00 00 00 00 00 00 00 00 00 00 00 00 00 00 00 00 00 00 00 ]]
[[ DATA: 00 00 00 00 00 00 00 00 00 00 00 00 00 00 00 00 00 00 00 00 ]]
[[ DATA: 00 00 00 00 00 00 00 00 00 00 00 00 00 00 00 00 00 00 00 00 ]]
[[ DATA: 00 00 00 00 00 00 00 00 00 00 00 00 00 00 00 00 00 00 00 00 ]]
[[ DATA: 00 00 00 00 00 00 00 00 00 00 00 00 00 00 00 00 00 00 00 00 ]]
[[ DATA: 00 00 00 00 00 00 00 00 00 00 00 00 00 00 00 00 00 00 00 00 ]]
[[ DATA: 00 00 00 00 00 00 00 00 00 00 00 00 00 00 00 00 00 00 00 00 ]]
[[ DATA: 00 00 00 00 00 00 00 00 00 00 00 00 00 00 00 00 00 00 00 00 ]]
[[ DATA: 00 00 00 00 00 00 00 00 00 00 00 00 00 00 00 00 00 00 00 00 ]]
[[ DATA: 00 00 00 00 00 00 00 00 00 00 00 00 00 00 00 00 00 00 00 00 ]]
[[ DATA: 00 00 00 00 00 00 00 00 00 00 00 00 00 00 00 00 00 00 00 00 ]]
[[ DATA: 00 00 00 00 00 00 00 00 00 00 00 00 00 00 00 00 00 00 00 00 ]]
[[ DATA: 00 00 00 00 00 00 00 00 00 00 00 00 00 00 00 00 00 00 00 00 ]]
[[ DATA: 00 00 00 00 00 00 00 00 00 00 00 00 00 00 00 00 00 00 00 00 ]]
[[ DATA: 00 00 00 00 00 00 00 00 00 00 00 00 00 00 00 00 00 00 00 00 ]]
[[ DATA: 00 00 00 00 00 00 00 00 00 00 00 00 00 00 00 00 00 00 00 00 ]]
[[ DATA: 00 00 00 00 00 00 00 00 00 00 00 00 00 00 00 00 00 00 00 00 ]]
[[ DATA: 00 00 00 00 00 00 00 00 00 00 00 00 00 00 00 00 00 00 00 00 ]]
[[ DATA: 00 00 00 00 00 00 00 00 00 00 00 00 00 00 00 00 00 00 00 00 ]]
[[ DATA: 00 00 00 00 00 00 00 00 00 00 00 00 00 00 00 00 00 00 00 00 ]]
[[ DATA: 00 00 00 00 00 00 00 00 00 00 00 00 00 00 00 00 00 00 00 00 ]]
[[ DATA: 00 00 00 00 00 00 00 00 00 00 00 00 00 00 00 00 00 00 00 00 ]]
[[ DATA: 00 00 00 00 00 00 00 00 00 00 00 00 00 00 00 00 00 00 00 00 ]]
[[ DATA: 00 00 00 00 00 00 00 00 00 00 00 00 00 00 00 00 00 00 00 00 ]]
[[ DATA: 00 00 00 00 00 00 00 00 00 00 00 00 00 00 00 00 00 00 00 00 ]]
[[ DATA: 00 00 00 00 00 00 00 00 00 00 00 00 00 00 00 00 00 00 00 00 ]]
[[ DATA: 00 00 00 00 00 00 00 00 00 00 00 00 00 00 00 00 00 00 00 00 ]]
[[ DATA: 00 00 00 00 00 00 00 00 00 00 00 00 00 00 00 00 00 00 00 00 ]]
[[ DATA: 00 00 00 00 00 00 00 00 00 00 00 00 00 00 00 00 00 00 00 00 ]]
[[ DATA: 00 00 00 00 00 00 00 00 00 00 00 00 00 00 00 00 00 00 00 00 ]]
[[ DATA: 00 00 00 00 00 00 00 00 00 00 00 00 00 00 00 00 00 00 00 00 ]]
[[ DATA: 00 00 00 00 00 00 00 00 00 00 00 00 00 00 00 00 00 00 00 00 ]]
[[ DATA: 00 00 00 00 00 00 00 00 00 00 00 00 00 00 00 00 00 00 00 00 ]]
[[ DATA: 00 00 00 00 00 00 00 00 00 00 00 00 00 00 00 00 00 00 00 00 ]]
[[ DATA: 00 00 00 00 00 00 00 00 00 00 00 00 00 00 00 00 00 00 00 00 ]]
[[ DATA: 00 00 00 00 00 00 00 00 00 00 00 00 00 00 00 00 00 00 00 00 ]]
[[ DATA: 00 00 00 00 00 00 00 00 00 00 00 00 00 00 00 00 00 00 00 00 ]]
[[ DATA: 00 00 00 00 00 00 00 00 00 00 00 00 00 00 00 00 00 00 00 00 ]]
[[ DATA: 00 00 00 00 00 00 00 00 00 00 00 00 00 00 00 00 00 00 00 00 ]]
[[ DATA: 00 00 00 00 00 00 00 00 00 00 00 00 00 00 00 00 00 00 00 00 ]]
[[ DATA: 00 00 00 00 00 00 00 00 00 00 00 00 00 00 00 00 00 00 00 00 ]]
[[ DATA: 00 00 00 00 00 00 00 00 00 00 00 00 00 00 00 00 00 00 00 00 ]]
[[ DATA: 00 00 00 00 00 00 00 00 00 00 00 00 00 00 00 00 00 00 00 00 ]]
[[ DATA: 00 00 00 00 00 00 00 00 00 00 00 00 00 00 00 00 00 00 00 00 ]]
[[ DATA: 00 00 00 00 00 00 00 00 00 00 00 00 00 00 00 00 00 00 00 00 ]]
[[ DATA: 00 00 00 00 00 00 00 00 00 00 00 00 00 00 00 00 00 00 00 00 ]]
[[ DATA: 00 00 00 00 00 00 00 00 00 00 00 00 00 00 00 00 00 00 00 00 ]]
[[ DATA: 00 00 00 00 00 00 00 00 00 00 00 00 00 00 00 00 00 00 00 00 ]]
[[ DATA: 00 00 00 00 00 00 00 00 00 00 00 00 00 00 00 00 00 00 00 00 ]]
[[ DATA: 00 00 00 00 00 00 00 00 00 00 00 00 00 00 00 00 00 00 00 00 ]]
[[ DATA: 00 00 00 00 00 00 00 00 00 00 00 00 00 00 00 00 00 00 00 00 ]]
[[ DATA: 00 00 00 00 00 00 00 00 00 00 00 00 00 00 00 00 00 00 00 00 ]]
[[ DATA: 00 00 00 00 00 00 00 00 00 00 00 00 00 00 00 00 00 00 00 00 ]]
[[ DATA: 00 00 00 00 00 00 00 00 00 00 00 00 00 00 00 00 00 00 00 00 ]]
[[ DATA: 00 00 00 00 00 00 00 00 00 00 00 00 00 00 00 00 00 00 00 00 ]]
[[ DATA: 00 00 00 00 00 00 00 00 00 00 00 00 00 00 00 00 00 00 00 00 ]]
[[ DATA: 00 00 00 00 00 00 00 00 00 00 00 00 00 00 00 00 00 00 00 00 ]]
[[ DATA: 00 00 00 00 00 00 00 00 00 00 00 00 00 00 00 00 00 00 00 00 ]]
[[ DATA: 00 00 00 00 00 00 00 00 00 00 00 00 00 00 00 00 00 00 00 00 ]]
[[ DATA: 00 00 00 00 00 00 00 00 00 00 00 00 00 00 00 00 00 00 00 00 ]]
[[ DATA: 00 00 00 00 00 00 00 00 00 00 00 00 00 00 00 00 00 00 00 00 ]]
[[ DATA: 00 00 00 00 00 00 00 00 00 00 00 00 00 00 00 00 00 00 00 00 ]]
[[ DATA: 00 00 00 00 00 00 00 00 00 00 00 00 D4 D3 D2 D1 ]]
[[ DevAlert Data Ended. Checksum: 35364 ]]

[[ DevAlert Data Begins ]]
[[ DATA: D1 D2 D3 D4 F0 0F 01 00 71 83 01 00 06 00 07 00 02 00 00 00 ]]
[[ DATA: 20 00 20 00 10 00 00 00 D0 07 00 00 24 44 55 4D 4D 59 5F 53 ]]
[[ DATA: 45 53 53 49 4F 4E 5F 49 44 00 00 00 00 00 00 00 00 00 00 00 ]]
[[ DATA: 00 00 00 00 24 44 55 4D 4D 59 5F 44 45 56 49 43 45 5F 49 44 ]]
[[ DATA: 00 00 00 00 00 00 00 00 00 00 00 00 00 00 00 00 64 66 6D 5F ]]
[[ DATA: 74 72 61 63 65 2E 70 73 66 73 00 00 00 00 00 00 00 00 00 00 ]]
[[ DATA: 00 00 00 00 00 00 00 00 00 00 00 00 00 00 00 00 00 00 00 00 ]]
[[ DATA: 00 00 00 00 00 00 00 00 00 00 00 00 00 00 00 00 00 00 00 00 ]]
[[ DATA: 00 00 00 00 00 00 00 00 00 00 00 00 00 00 00 00 00 00 00 00 ]]
[[ DATA: 00 00 00 00 00 00 00 00 00 00 00 00 00 00 00 00 00 00 00 00 ]]
[[ DATA: 00 00 00 00 00 00 00 00 00 00 00 00 00 00 00 00 00 00 00 00 ]]
[[ DATA: 00 00 00 00 00 00 00 00 00 00 00 00 00 00 00 00 00 00 00 00 ]]
[[ DATA: 00 00 00 00 00 00 00 00 00 00 00 00 00 00 00 00 00 00 00 00 ]]
[[ DATA: 00 00 00 00 00 00 00 00 00 00 00 00 00 00 00 00 00 00 00 00 ]]
[[ DATA: 00 00 00 00 00 00 00 00 00 00 00 00 00 00 00 00 00 00 00 00 ]]
[[ DATA: 00 00 00 00 00 00 00 00 00 00 00 00 00 00 00 00 00 00 00 00 ]]
[[ DATA: 00 00 00 00 00 00 00 00 00 00 00 00 00 00 00 00 00 00 00 00 ]]
[[ DATA: 00 00 00 00 00 00 00 00 00 00 00 00 00 00 00 00 00 00 00 00 ]]
[[ DATA: 00 00 00 00 00 00 00 00 00 00 00 00 00 00 00 00 00 00 00 00 ]]
[[ DATA: 00 00 00 00 00 00 00 00 00 00 00 00 00 00 00 00 00 00 00 00 ]]
[[ DATA: 00 00 00 00 00 00 00 00 00 00 00 00 00 00 00 00 00 00 00 00 ]]
[[ DATA: 00 00 00 00 00 00 00 00 00 00 00 00 00 00 00 00 00 00 00 00 ]]
[[ DATA: 00 00 00 00 00 00 00 00 00 00 00 00 00 00 00 00 00 00 00 00 ]]
[[ DATA: 00 00 00 00 00 00 00 00 00 00 00 00 00 00 00 00 00 00 00 00 ]]
[[ DATA: 00 00 00 00 00 00 00 00 00 00 00 00 00 00 00 00 00 00 00 00 ]]
[[ DATA: 00 00 00 00 00 00 00 00 00 00 00 00 00 00 00 00 00 00 00 00 ]]
[[ DATA: 00 00 00 00 00 00 00 00 00 00 00 00 00 00 00 00 00 00 00 00 ]]
[[ DATA: 00 00 00 00 00 00 00 00 00 00 00 00 00 00 00 00 00 00 00 00 ]]
[[ DATA: 00 00 00 00 00 00 00 00 00 00 00 00 00 00 00 00 00 00 00 00 ]]
[[ DATA: 00 00 00 00 00 00 00 00 00 00 00 00 00 00 00 00 00 00 00 00 ]]
[[ DATA: 00 00 00 00 00 00 00 00 00 00 00 00 00 00 00 00 00 00 00 00 ]]
[[ DATA: 00 00 00 00 00 00 00 00 00 00 00 00 00 00 00 00 00 00 00 00 ]]
[[ DATA: 00 00 00 00 00 00 00 00 00 00 00 00 00 00 00 00 00 00 00 00 ]]
[[ DATA: 00 00 00 00 00 00 00 00 00 00 00 00 00 00 00 00 00 00 00 00 ]]
[[ DATA: 00 00 00 00 00 00 00 00 00 00 00 00 00 00 00 00 00 00 00 00 ]]
[[ DATA: 00 00 00 00 00 00 00 00 00 00 00 00 00 00 00 00 00 00 00 00 ]]
[[ DATA: 00 00 00 00 00 00 00 00 00 00 00 00 00 00 00 00 00 00 00 00 ]]
[[ DATA: 00 00 00 00 00 00 00 00 00 00 00 00 00 00 00 00 00 00 00 00 ]]
[[ DATA: 00 00 00 00 00 00 00 00 00 00 00 00 00 00 00 00 00 00 00 00 ]]
[[ DATA: 00 00 00 00 00 00 00 00 00 00 00 00 00 00 00 00 00 00 00 00 ]]
[[ DATA: 00 00 00 00 00 00 00 00 00 00 00 00 00 00 00 00 00 00 00 00 ]]
[[ DATA: 00 00 00 00 00 00 00 00 00 00 00 00 00 00 00 00 00 00 00 00 ]]
[[ DATA: 00 00 00 00 00 00 00 00 00 00 00 00 00 00 00 00 00 00 00 00 ]]
[[ DATA: 00 00 00 00 00 00 00 00 00 00 00 00 00 00 00 00 00 00 00 00 ]]
[[ DATA: 00 00 00 00 00 00 00 00 00 00 00 00 00 00 00 00 00 00 00 00 ]]
[[ DATA: 00 00 00 00 00 00 00 00 00 00 00 00 00 00 00 00 00 00 00 00 ]]
[[ DATA: 00 00 00 00 00 00 00 00 00 00 00 00 00 00 00 00 00 00 00 00 ]]
[[ DATA: 00 00 00 00 00 00 00 00 00 00 00 00 00 00 00 00 00 00 00 00 ]]
[[ DATA: 00 00 00 00 00 00 00 00 00 00 00 00 00 00 00 00 00 00 00 00 ]]
[[ DATA: 00 00 00 00 00 00 00 00 00 00 00 00 00 00 00 00 00 00 00 00 ]]
[[ DATA: 00 00 00 00 00 00 00 00 00 00 00 00 00 00 00 00 00 00 00 00 ]]
[[ DATA: 00 00 00 00 00 00 00 00 00 00 00 00 00 00 00 00 00 00 00 00 ]]
[[ DATA: 00 00 00 00 00 00 00 00 00 00 00 00 00 00 00 00 00 00 00 00 ]]
[[ DATA: 00 00 00 00 00 00 00 00 00 00 00 00 00 00 00 00 00 00 00 00 ]]
[[ DATA: 00 00 00 00 00 00 00 00 00 00 00 00 00 00 00 00 00 00 00 00 ]]
[[ DATA: 00 00 00 00 00 00 00 00 00 00 00 00 00 00 00 00 00 00 00 00 ]]
[[ DATA: 00 00 00 00 00 00 00 00 00 00 00 00 00 00 00 00 00 00 00 00 ]]
[[ DATA: 00 00 00 00 00 00 00 00 00 00 00 00 00 00 00 00 00 00 00 00 ]]
[[ DATA: 00 00 00 00 00 00 00 00 00 00 00 00 00 00 00 00 00 00 00 00 ]]
[[ DATA: 00 00 00 00 00 00 00 00 00 00 00 00 00 00 00 00 00 00 00 00 ]]
[[ DATA: 00 00 00 00 00 00 00 00 00 00 00 00 00 00 00 00 00 00 00 00 ]]
[[ DATA: 00 00 00 00 00 00 00 00 00 00 00 00 00 00 00 00 00 00 00 00 ]]
[[ DATA: 00 00 00 00 00 00 00 00 00 00 00 00 00 00 00 00 00 00 00 00 ]]
[[ DATA: 00 00 00 00 00 00 00 00 00 00 00 00 00 00 00 00 00 00 00 00 ]]
[[ DATA: 00 00 00 00 00 00 00 00 00 00 00 00 00 00 00 00 00 00 00 00 ]]
[[ DATA: 00 00 00 00 00 00 00 00 00 00 00 00 00 00 00 00 00 00 00 00 ]]
[[ DATA: 00 00 00 00 00 00 00 00 00 00 00 00 00 00 00 00 00 00 00 00 ]]
[[ DATA: 00 00 00 00 00 00 00 00 00 00 00 00 00 00 00 00 00 00 00 00 ]]
[[ DATA: 00 00 00 00 00 00 00 00 00 00 00 00 00 00 00 00 00 00 00 00 ]]
[[ DATA: 00 00 00 00 00 00 00 00 00 00 00 00 00 00 00 00 00 00 00 00 ]]
[[ DATA: 00 00 00 00 00 00 00 00 00 00 00 00 00 00 00 00 00 00 00 00 ]]
[[ DATA: 00 00 00 00 00 00 00 00 00 00 00 00 00 00 00 00 00 00 00 00 ]]
[[ DATA: 00 00 00 00 00 00 00 00 00 00 00 00 00 00 00 00 00 00 00 00 ]]
[[ DATA: 00 00 00 00 00 00 00 00 00 00 00 00 00 00 00 00 00 00 00 00 ]]
[[ DATA: 00 00 00 00 00 00 00 00 00 00 00 00 00 00 00 00 00 00 00 00 ]]
[[ DATA: 00 00 00 00 00 00 00 00 00 00 00 00 00 00 00 00 00 00 00 00 ]]
[[ DATA: 00 00 00 00 00 00 00 00 00 00 00 00 00 00 00 00 00 00 00 00 ]]
[[ DATA: 00 00 00 00 00 00 00 00 00 00 00 00 00 00 00 00 00 00 00 00 ]]
[[ DATA: 00 00 00 00 00 00 00 00 00 00 00 00 00 00 00 00 00 00 00 00 ]]
[[ DATA: 00 00 00 00 00 00 00 00 00 00 00 00 00 00 00 00 00 00 00 00 ]]
[[ DATA: 00 00 00 00 00 00 00 00 00 00 00 00 00 00 00 00 00 00 00 00 ]]
[[ DATA: 00 00 00 00 00 00 00 00 00 00 00 00 00 00 00 00 00 00 00 00 ]]
[[ DATA: 00 00 00 00 00 00 00 00 00 00 00 00 00 00 00 00 00 00 00 00 ]]
[[ DATA: 00 00 00 00 00 00 00 00 00 00 00 00 00 00 00 00 00 00 00 00 ]]
[[ DATA: 00 00 00 00 00 00 00 00 00 00 00 00 00 00 00 00 00 00 00 00 ]]
[[ DATA: 00 00 00 00 00 00 00 00 00 00 00 00 00 00 00 00 00 00 00 00 ]]
[[ DATA: 00 00 00 00 00 00 00 00 00 00 00 00 00 00 00 00 00 00 00 00 ]]
[[ DATA: 00 00 00 00 00 00 00 00 00 00 00 00 00 00 00 00 00 00 00 00 ]]
[[ DATA: 00 00 00 00 00 00 00 00 00 00 00 00 00 00 00 00 00 00 00 00 ]]
[[ DATA: 00 00 00 00 00 00 00 00 00 00 00 00 00 00 00 00 00 00 00 00 ]]
[[ DATA: 00 00 00 00 00 00 00 00 00 00 00 00 00 00 00 00 00 00 00 00 ]]
[[ DATA: 00 00 00 00 00 00 00 00 00 00 00 00 00 00 00 00 00 00 00 00 ]]
[[ DATA: 00 00 00 00 00 00 00 00 00 00 00 00 00 00 00 00 00 00 00 00 ]]
[[ DATA: 00 00 00 00 00 00 00 00 00 00 00 00 00 00 00 00 00 00 00 00 ]]
[[ DATA: 00 00 00 00 00 00 00 00 00 00 00 00 00 00 00 00 00 00 00 00 ]]
[[ DATA: 00 00 00 00 00 00 00 00 00 00 00 00 00 00 00 00 00 00 00 00 ]]
[[ DATA: 00 00 00 00 00 00 00 00 00 00 00 00 00 00 00 00 00 00 00 00 ]]
[[ DATA: 00 00 00 00 00 00 00 00 00 00 00 00 00 00 00 00 00 00 00 00 ]]
[[ DATA: 00 00 00 00 00 00 00 00 00 00 00 00 00 00 00 00 00 00 00 00 ]]
[[ DATA: 00 00 00 00 00 00 00 00 00 00 00 00 00 00 00 00 00 00 00 00 ]]
[[ DATA: 00 00 00 00 00 00 00 00 00 00 00 00 00 00 00 00 00 00 00 00 ]]
[[ DATA: 00 00 00 00 00 00 00 00 00 00 00 00 00 00 00 00 00 00 00 00 ]]
[[ DATA: 00 00 00 00 00 00 00 00 00 00 00 00 00 00 00 00 00 00 00 00 ]]
[[ DATA: 00 00 00 00 00 00 00 00 00 00 00 00 00 00 00 00 00 00 00 00 ]]
[[ DATA: 00 00 00 00 00 00 00 00 00 00 00 00 00 00 00 00 00 00 00 00 ]]
[[ DATA: 00 00 00 00 00 00 00 00 00 00 00 00 D4 D3 D2 D1 ]]
[[ DevAlert Data Ended. Checksum: 15625 ]]

[[ DevAlert Data Begins ]]
[[ DATA: D1 D2 D3 D4 F0 0F 01 00 71 83 01 00 07 00 07 00 02 00 00 00 ]]
[[ DATA: 20 00 20 00 10 00 00 00 10 04 00 00 24 44 55 4D 4D 59 5F 53 ]]
[[ DATA: 45 53 53 49 4F 4E 5F 49 44 00 00 00 00 00 00 00 00 00 00 00 ]]
[[ DATA: 00 00 00 00 24 44 55 4D 4D 59 5F 44 45 56 49 43 45 5F 49 44 ]]
[[ DATA: 00 00 00 00 00 00 00 00 00 00 00 00 00 00 00 00 64 66 6D 5F ]]
[[ DATA: 74 72 61 63 65 2E 70 73 66 73 00 00 00 00 00 00 00 00 00 00 ]]
[[ DATA: 00 00 00 00 00 00 00 00 00 00 00 00 00 00 00 00 00 00 00 00 ]]
[[ DATA: 00 00 00 00 00 00 00 00 00 00 00 00 00 00 00 00 00 00 00 00 ]]
[[ DATA: 00 00 00 00 00 00 00 00 00 00 00 00 00 00 00 00 00 00 00 00 ]]
[[ DATA: 00 00 00 00 00 00 00 00 00 00 00 00 00 00 00 00 00 00 00 00 ]]
[[ DATA: 00 00 00 00 00 00 00 00 00 00 00 00 00 00 00 00 00 00 00 00 ]]
[[ DATA: 00 00 00 00 00 00 00 00 00 00 00 00 00 00 00 00 00 00 00 00 ]]
[[ DATA: 00 00 00 00 00 00 00 00 00 00 00 00 00 00 00 00 00 00 00 00 ]]
[[ DATA: 00 00 00 00 00 00 00 00 00 00 00 00 00 00 00 00 00 00 00 00 ]]
[[ DATA: 00 00 00 00 00 00 00 00 00 00 00 00 00 00 00 00 00 00 00 00 ]]
[[ DATA: 00 00 00 00 00 00 00 00 00 00 00 00 00 00 00 00 00 00 00 00 ]]
[[ DATA: 00 00 00 00 00 00 00 00 00 00 00 00 00 00 00 00 00 00 00 00 ]]
[[ DATA: 00 00 00 00 00 00 00 00 00 00 00 00 00 00 00 00 00 00 00 00 ]]
[[ DATA: 00 00 00 00 00 00 00 00 00 00 00 00 00 00 00 00 00 00 00 00 ]]
[[ DATA: 00 00 00 00 00 00 00 00 00 00 00 00 00 00 00 00 00 00 00 00 ]]
[[ DATA: 00 00 00 00 00 00 00 00 00 00 00 00 00 00 00 00 00 00 00 00 ]]
[[ DATA: 00 00 00 00 00 00 00 00 00 00 00 00 00 00 00 00 00 00 00 00 ]]
[[ DATA: 00 00 00 00 00 00 00 00 00 00 00 00 00 00 00 00 00 00 00 00 ]]
[[ DATA: 00 00 00 00 00 00 00 00 00 00 00 00 00 00 00 00 00 00 00 00 ]]
[[ DATA: 00 00 00 00 00 00 00 00 00 00 00 00 00 00 00 00 00 00 00 00 ]]
[[ DATA: 00 00 00 00 00 00 00 00 00 00 00 00 00 00 00 00 00 00 00 00 ]]
[[ DATA: 00 00 00 00 00 00 00 00 00 00 00 00 00 00 00 00 00 00 00 00 ]]
[[ DATA: 00 00 00 00 00 00 00 00 00 00 00 00 00 00 00 00 00 00 00 00 ]]
[[ DATA: 00 00 00 00 00 00 00 00 00 00 00 00 00 00 00 00 00 00 00 00 ]]
[[ DATA: 00 00 00 00 00 00 00 00 00 00 00 00 00 00 00 00 00 00 00 00 ]]
[[ DATA: 00 00 00 00 00 00 00 00 00 00 00 00 00 00 00 00 00 00 00 00 ]]
[[ DATA: 00 00 00 00 00 00 00 00 00 00 00 00 00 00 00 00 00 00 00 00 ]]
[[ DATA: 00 00 00 00 00 00 00 00 00 00 00 00 00 00 00 00 00 00 00 00 ]]
[[ DATA: 00 00 00 00 00 00 00 00 00 00 00 00 00 00 00 00 00 00 00 00 ]]
[[ DATA: 00 00 00 00 00 00 00 00 00 00 00 00 00 00 00 00 00 00 00 00 ]]
[[ DATA: 00 00 00 00 00 00 00 00 00 00 00 00 00 00 00 00 00 00 00 00 ]]
[[ DATA: 00 00 00 00 00 00 00 00 00 00 00 00 00 00 00 00 00 00 00 00 ]]
[[ DATA: 00 00 00 00 00 00 00 00 00 00 00 00 00 00 00 00 00 00 00 00 ]]
[[ DATA: 00 00 00 00 00 00 00 00 00 00 00 00 00 00 00 00 00 00 00 00 ]]
[[ DATA: 00 00 00 00 00 00 00 00 00 00 00 00 00 00 00 00 00 00 00 00 ]]
[[ DATA: 00 00 00 00 00 00 00 00 00 00 00 00 00 00 00 00 00 00 00 00 ]]
[[ DATA: 00 00 00 00 00 00 00 00 00 00 00 00 00 00 00 00 00 00 00 00 ]]
[[ DATA: 00 00 00 00 00 00 00 00 00 00 00 00 00 00 00 00 00 00 00 00 ]]
[[ DATA: 00 00 00 00 00 00 00 00 00 00 00 00 00 00 00 00 00 00 00 00 ]]
[[ DATA: 00 00 00 00 00 00 00 00 00 00 00 00 00 00 00 00 00 00 00 00 ]]
[[ DATA: 00 00 00 00 00 00 00 00 00 00 00 00 00 00 00 00 00 00 00 00 ]]
[[ DATA: 00 00 00 00 00 00 00 00 00 00 00 00 00 00 00 00 00 00 00 00 ]]
[[ DATA: 00 00 00 00 00 00 00 00 00 00 00 00 00 00 00 00 00 00 00 00 ]]
[[ DATA: 00 00 00 00 00 00 00 00 00 00 00 00 00 00 00 00 00 00 00 00 ]]
[[ DATA: 00 00 00 00 00 00 00 00 00 00 00 00 00 00 00 00 00 00 00 00 ]]
[[ DATA: 00 00 00 00 00 00 00 00 00 00 00 00 00 00 00 00 00 00 00 00 ]]
[[ DATA: 00 00 00 00 00 00 00 00 00 00 00 00 00 00 00 00 00 00 00 00 ]]
[[ DATA: 00 00 00 00 00 00 00 00 00 00 00 00 00 00 00 00 00 00 00 00 ]]
[[ DATA: 00 00 00 00 00 00 00 00 00 00 00 00 00 00 00 00 00 00 00 00 ]]
[[ DATA: 00 00 00 00 00 00 00 00 00 00 00 00 00 00 00 00 00 00 00 00 ]]
[[ DATA: 00 00 00 00 00 00 00 00 00 00 00 00 00 00 00 00 00 00 00 00 ]]
[[ DATA: 00 00 00 00 00 00 00 00 00 00 00 00 00 00 00 00 0A 0B 0C 0D ]]
[[ DATA: 71 72 73 74 F1 F2 F3 F4 00 00 00 00 D4 D3 D2 D1 ]]
[[ DevAlert Data Ended. Checksum: 10548 ]]

[[ DevAlert Data Begins ]]
[[ DATA: D1 D2 D3 D4 F0 0F 01 00 18 46 02 00 01 00 01 00 02 00 00 00 ]]
[[ DATA: 20 00 20 00 10 00 00 00 24 00 00 00 24 44 55 4D 4D 59 5F 53 ]]
[[ DATA: 45 53 53 49 4F 4E 5F 49 44 00 00 00 00 00 00 00 00 00 00 00 ]]
[[ DATA: 00 00 00 00 24 44 55 4D 4D 59 5F 44 45 56 49 43 45 5F 49 44 ]]
[[ DATA: 00 00 00 00 00 00 00 00 00 00 00 00 00 00 00 00 74 72 61 70 ]]
[[ DATA: 2E 64 6D 70 00 00 00 00 00 00 00 00 50 44 61 50 F0 0F 03 10 ]]
[[ DATA: 2C 02 00 00 74 72 61 70 2E 64 6D 70 00 00 00 00 00 00 00 00 ]]
[[ DATA: 50 61 44 50 00 00 00 00 D4 D3 D2 D1 ]]
[[ DevAlert Data Ended. Checksum: 6652 ]]

[[ DevAlert Data Begins ]]
[[ DATA: D1 D2 D3 D4 F0 0F 01 00 71 83 02 00 01 00 01 00 02 00 00 00 ]]
[[ DATA: 20 00 20 00 10 00 00 00 2C 02 00 00 24 44 55 4D 4D 59 5F 53 ]]
[[ DATA: 45 53 53 49 4F 4E 5F 49 44 00 00 00 00 00 00 00 00 00 00 00 ]]
[[ DATA: 00 00 00 00 24 44 55 4D 4D 59 5F 44 45 56 49 43 45 5F 49 44 ]]
[[ DATA: 00 00 00 00 00 00 00 00 00 00 00 00 00 00 00 00 74 72 61 70 ]]
[[ DATA: 2E 64 6D 70 00 00 00 00 00 00 00 00 63 43 03 00 01 00 00 00 ]]
[[ DATA: 00 00 00 00 00 00 00 00 00 00 00 00 00 00 00 00 04 04 04 04 ]]
[[ DATA: 05 05 05 05 06 06 06 06 20 9A 00 20 08 08 08 08 09 09 09 09 ]]
[[ DATA: 10 10 10 10 11 11 11 11 B0 12 00 20 20 9A 00 20 F5 75 00 08 ]]
[[ DATA: F0 75 00 08 00 00 00 01 80 FF 0B 20 00 9A 00 20 00 00 00 01 ]]
[[ DATA: 00 00 00 00 00 00 00 00 00 00 00 00 00 00 00 00 00 00 00 00 ]]
[[ DATA: 00 00 00 00 00 00 00 00 00 00 00 00 00 00 00 00 00 00 00 00 ]]
[[ DATA: 00 00 00 00 00 00 00 46 00 00 00 00 C0 E1 64 4D 00 00 00 40 ]]
[[ DATA: 00 0E 27 07 00 00 00 00 00 00 00 00 00 00 00 00 00 00 00 00 ]]
[[ DATA: 00 00 00 00 00 00 00 00 00 00 00 00 00 00 00 00 00 00 00 00 ]]
[[ DATA: 00 00 00 00 00 00 00 00 00 00 00 00 00 00 00 00 00 00 00 00 ]]
[[ DATA: 00 00 00 00 00 00 00 00 00 00 00 00 20 9A 00 20 4C 9B 00 20 ]]
[[ DATA: A5 A5 A5 A5 00 00 00 00 A5 A5 A5 A5 68 61 66 DA 00 01 00 00 ]]
[[ DATA: 20 9A 00 20 58 96 00 20 A5 A5 A5 A5 A5 A5 A5 A5 E8 03 00 00 ]]
[[ DATA: E9 03 00 00 EA 03 00 00 EB 03 00 00 EC 03 00 00 ED 03 00 00 ]]
[[ DATA: EE 03 00 00 EF 03 00 00 F0 03 00 00 F1 03 00 00 F2 03 00 00 ]]
[[ DATA: F3 03 00 00 F4 03 00 00 F5 03 00 00 F6 03 00 00 F7 03 00 00 ]]
[[ DATA: F8 03 00 00 F9 03 00 00 FA 03 00 00 FB 03 00 00 FC 03 00 00 ]]
[[ DATA: FD 03 00 00 FE 03 00 00 FF 03 00 00 00 04 00 00 01 04 00 00 ]]
[[ DATA: 02 04 00 00 03 04 00 00 04 04 00 00 05 04 00 00 06 04 00 00 ]]
[[ DATA: 07 04 00 00 08 04 00 00 09 04 00 00 0A 04 00 00 0B 04 00 00 ]]
[[ DATA: 0C 04 00 00 0D 04 00 00 0E 04 00 00 0F 04 00 00 10 04 00 00 ]]
[[ DATA: 11 04 00 00 12 04 00 00 13 04 00 00 14 04 00 00 15 04 00 00 ]]
[[ DATA: 16 04 00 00 17 04 00 00 18 04 00 00 19 04 00 00 1A 04 00 00 ]]
[[ DATA: 1B 04 00 00 1C 04 00 00 1D 04 00 00 1E 04 00 00 1F 04 00 00 ]]
[[ DATA: 20 04 00 00 21 04 00 00 22 04 00 00 23 04 00 00 24 04 00 00 ]]
[[ DATA: 25 04 00 00 26 04 00 00 27 04 00 00 28 04 00 00 29 04 00 00 ]]
[[ DATA: 28 ED 00 E0 3C ED 00 E0 00 00 00 00 00 00 00 00 00 00 00 00 ]]
[[ DATA: 34 ED 00 E0 38 ED 00 E0 D4 D3 D2 D1 ]]
[[ DevAlert Data Ended. Checksum: 17733 ]]
DFMT:OBS:1023:psplim_before=0x20009658:psplim_after=0x20009658:psp_before=0x20009a20:psp_after=0x20009a20:headroom=968:unused_before=916:unused_after=692
DFMT:CHECK:1023:PASS:TASK_CREATED
DFMT:CHECK:1023:PASS:TASK_COMPLETED
DFMT:CHECK:1023:PASS:TRAP_RETURNED
DFMT:CHECK:1023:PASS:PSPLIM_ENABLED
DFMT:CHECK:1023:PASS:PSPLIM_RESTORED
DFMT:CHECK:1023:PASS:VALID_LIMITED_HEADROOM
DFMT:CHECK:1023:PASS:STACK_GUARD_INTACT
DFMT:CHECK:1023:PASS:LIVE_STACK_DATA_INTACT
DFMT:RETURNED:1023:0
DFMT:SUITE_COMPLETE:m33_qual:92b3fb9f
