:020000040800F2
:1000000000000C20C5560008C1020008C10200080B
:10001000C1020008C1020008C1020008B55600086C
:10002000000000000000000000000000A5AB000878
:10003000155700080000000049AB0008D9A80008C7
:1000400015570008155700081557000815570008E0
:1000500015570008155700081557000815570008D0
:10006000155700081557000815570008B95600081D
:1000700015570008155700081557000815570008B0
:1000800015570008155700081557000815570008A0
:100090001557000815570008155700081557000890
:1000A0001557000815570008155700081557000880
:1000B0001557000815570008155700081557000870
:1000C0001557000815570008155700081557000860
:1000D0001557000815570008155700081557000850
:1000E0001557000815570008155700081557000840
:1000F0001557000815570008155700081557000830
:10010000155700081557000815570008155700081F
:10011000155700081557000815570008155700080F
:1001200015570008155700081557000815570008FF
:1001300015570008155700081557000815570008EF
:1001400015570008155700081557000815570008DF
:1001500015570008155700081557000815570008CF
:1001600015570008155700081557000815570008BF
:1001700015570008155700081557000815570008AF
:10018000155700081557000815570008155700089F
:10019000155700081557000815570008155700088F
:1001A000155700081557000815570008155700087F
:1001B000155700081557000815570008155700086F
:1001C000155700081557000815570008155700085F
:1001D000155700081557000815570008155700084F
:1001E000155700081557000815570008155700083F
:1001F000155700081557000815570008155700082F
:10020000155700081557000815570008155700081E
:10021000155700081557000815570008155700080E
:1002200015570008155700081557000815570008FE
:080230001557000815570008DE
:1002380088B01E4801680091416801918168029167
:10024800C168039101690491CDF814E07146A1F1E8
:10025800040121F001010691EFF3038141F080715F
:1002680007911349C1F800D0EFF3038343F080737B
:10027800EFF30982EFF30881DFF8380085462DE9AE
:10028800FE4FEFF31481C1F340014FF6B872CFF679
:10029800FF7242EA81020B92684604F043FA0CB0FE
:1002A8000349096848698D4608B00047EC4A0020B0
:1002B800004B0020D44F00202DE9005003F0F2F944
:1002C800BDE80050EFF30383EFF30982EFF30881F1
:1002D800DFF820D02DE9FE4F684604F023FABDE888
:1002E800FE4F8D462DE9005003F0FAF9BDE80050A5
:1002F80070470000D44F0020F1EE101AA0EC200A3D
:1003080001607047A0EC108A704700BF53B94AB922
:10031800002908BF00281CBF4FF0FF314FF0FF3005
:1003280000F06AB9ADF1080C6DE904CE00F006F8EA
:10033800DDF804E0DDE9022304B070472DE9F04759
:100348008C468E46089E154604461946002B40F0FA
:10035800D080724547D9B2FA82F74FB1C7F120036E
:100368000EFA07FCBD40BC4020FA03F343EA0C0C2C
:100378004FEA154EA8B2230CBCFBFEF80EFB18CCB6
:1003880008FB00F943EA0C43994528D9EB1808F112
:10039800FF3204D2994502D9A8F102022B44A3EBFB
:1003A8000903A4B2B3FBFEFC0EFB1C330CFB00F0EC
:1003B80044EA0344A04214D92C190CF1FF3304D2A7
:1003C800A04202D9ACF102032C44241A43EA0240A9
:1003D8001EB1FC40002334607360BDE8F0874246DC
:1003E800DDE76346F1E7002A79D0B2FA82F3002B01
:1003F8003FD01946C1F1200302FA01F500FA01F4D1
:100408002EFA03F20EFA01FE20FA03F3AFB243EA22
:100418000E034FEA154EB2FBFEFC0EFB1C201A0C15
:100428000CFB07F842EA004290455AD9AA180CF189
:10043800FF3004D2904502D9ACF102002A44A2EB65
:1004480008029BB2B2FBFEFC0EFB1C220CFB07F75A
:1004580043EA02439F4246D9EB180CF1FF3204D21B
:100468009F4202D9ACF102022B44DB1B42EA004254
:1004780002E0AEEB020301224FEA154EAFB2200CA8
:10048800B3FBFEFC0EFB1C330CFB07F840EA0343EE
:1004980098452AD9EB180CF1FF3004D2984502D9B7
:1004A800ACF102002B44A3EB0803A4B2B3FBFEFC9F
:1004B8000EFB1C330CFB07F744EA0344A74216D98A
:1004C8002C190CF1FF3304D2A74202D9ACF1020374
:1004D8002C44E41B43EA00400F46114678E71F21ED
:1004E80088E76046ABE76246BFE76046DBE76346FE
:1004F800EFE7734506D916B9002108466DE7C6E946
:10050800000EF9E7B3FA83F787B9734501D382423E
:1005180007D8841A6EEB030301209C461EB90021FC
:100528005BE73846FAE7C6E9004CF8E7C7F1200C64
:10053800BB4000FA07F422FA0CF520FA0CF1BA4095
:100548001D432EFA0CF30EFA07FE4FEA154941EA4D
:100558000E011FFA85FEB3FBF9F809FB18300B0CE6
:1005680008FB0EFA43EA00439A4540D9EB1808F114
:10057800FF3004D29A4502D9A8F102002B44A3EB1C
:100588000A0389B2B3FBF9F809FB183308FB0EFE1E
:1005980041EA03418E452CD9691808F1FF3304D28A
:1005A8008E4502D9A8F10203294443EA0040A1EB91
:1005B8000E01A0FB02984145CE46434602D306D120
:1005C8004C4504D20138B9EB020E68EB0503002E46
:1005D800A5D0B4EB0E0261EB030101FA0CFC22FA80
:1005E80007F3F9404CEA0303C6E9003197E74046B0
:1005F800C5E74346D9E70000704700BF844641EA93
:10060800000313F0030349D1403A23D30B68036076
:100618004B6843608B688360CB68C3600B69036178
:100628004B6943618B698361CB69C3610B6A036260
:100638004B6A43628B6A8362CB6AC3620B6B036348
:100648004B6B43638B6B8363CB6BC363403040312D
:10065800403ADBD230320BD30B6803604B684360FF
:100668008B688360CB68C36010301031103AF3D2C6
:100678000C3205D351F8043B40F8043B043AF9D254
:10068800043208D0D2071CBF11F8013B00F8013B27
:1006980001D30B8803806046704700BF082A13D334
:1006A8008B07B1D010F00303AED0C3F10403D21A04
:1006B800DB071CBF11F8013B00F8013BA4D331F85C
:1006C800023B20F8023B9FE7043AD9D3013A11F8DC
:1006D800013B00F8013BF9D20B7803704B7843706B
:1006E8008B7883706046704770B4840746D0541E78
:1006F800002A41D0CDB2034602E0621EE4B314469C
:1007080003F8015B9A07F8D1032C2ED9CDB245EA3C
:1007180005250F2C45EA054519D9264603F110028F
:10072800103E0F2E42F8105C42F80C5C42F8085C50
:1007380042F8045C02F11002F2D8A4F1100222F08F
:100748000F0204F00F041032032C13440DD91E4677
:100758002246043A032A46F8045BFAD8221F22F0FC
:1007680003020432134404F003042CB1C9B21C443C
:1007780003F8011BA342FBD170BC70471446034623
:10078800C2E7000080B400AF0346064A10600020AC
:100798001860054A136843F480031360BD465DF88A
:1007A800047B704760000020EC04002080B400AF98
:1007B800094B1860002303E0002240F8232001338E
:1007C800042BF9D9054A136843F008031360002085
:1007D800BD465DF8047B704764000020EC040020EF
:1007E80080B400AF054B1A6852F820300B4442F829
:1007F80020300020BD465DF8047B7047640000206F
:1008080080B500AF0121FFF7EBFF80BD80B400AFDA
:10081800064B1B6853F820208A4201DA43F820105F
:100828000020BD465DF8047B704700BF64000020CF
:100838001F4B1B6813F0080F37D080B500AF1D4B56
:100848001B685B68002B10DC1A4B1B681B681C2B91
:1008580013DC184B1B689B68002B16DC154B1B68B8
:10086800DB68002B19DC002080BD082000F024FA8A
:10087800104B1B6800225A60E6E7092000F01CFABA
:100888000C4B1B6800221A60E3E70A2000F014FAF8
:10089800084B1B6800229A60E0E70E2000F00CFA73
:1008A800044B1B680020D860DEE70120704700BFBA
:1008B800EC0400206400002080B400AF002303E0B3
:1008C800074A1268D3540133372BF9D9044B1B68F4
:1008D80038229A630020BD465DF8047B704700BF4C
:1008E8006800002080B400AF0B4B1A68936B83B18B
:1008F8001178013B936312F803C082F800C04FF0EF
:10090800FF0C02F803C001700020BD465DF8047BAF
:1009180070470120F9E700BF6800002080B500AFEC
:10092800024B1860FFF7C8FF80BD00BF68000020B9
:1009380080B400AF8446184B1860382303601C232A
:10094800436003238360002113E001EB410302EBC2
:10095800830302330CEB8303002098600132022AE0
:10096800F3D901EB41030CEB0313002283F8202099
:100978000131372906D801EB41030CEB03130022A0
:10098800DA60ECE7054A136843F0100313600020AF
:10099800BD465DF8047B70476C000020EC04002025
:1009A800F0B583B000AF294B1B687B604FF00003A4
:1009B800274B1B6813F0100F0AD10120234B1A682C
:1009C8007B685A404FF000033ED10C37BD46F0BD5E
:1009D8000446EFF31085012383F31088F81CFFF712
:1009E80081FF80B91B4BD3F800C0FA7802EB4206AE
:1009F800360108366644043602EB42030CEB031357
:100A0800DE60014612E00120FFF7FAFE85F3108848
:100A18000120D3E702EB420301EB830302330CEB23
:100A280083034FF0000EC3F808E001310229F1D921
:100A380002EB42030CEB03130021D96183F8201069
:100A4800266085F31088B9E702F062FE30000020C6
:100A5800EC0400206C00002080B400AF114B1B6830
:100A68000C33C31A104AA2FB0323C3F34713EFF353
:100A7800108C012282F31088026872B10022026091
:100A88000A490868816B4354013181638CF31088EB
:100A98001046BD465DF8047B70478CF31088012032
:100AA800F7E700BF6C000020ABAAAAAA68000020E4
:100AB8000022372A1AD890B400AF0D4B1C6802EBFD
:100AC80042031B0108332344043302EB420C04EBBA
:100AD8000C14E468844204D00132372AEDD901208D
:100AE80001E00B600020BD4690BC704701207047B4
:100AF8006C000020F8B500AF054614460E4669B1F3
:100B080021460020FFF782FE1B2C0AD8621C3146C2
:100B180005F11400FFF772FD0020F8BD0024024E15
:100B2800EEE71C22F3E700BFE0D9000880B400AF6D
:100B38000E2844D8DFE800F0473F2B2F33373B27F8
:100B4800080F13171B1F2300204B0B600020BD4606
:100B58005DF8047B70471E4B0B600020F7E71D4BC8
:100B68000B600020F3E71C4B0B600020EFE71B4BEA
:100B78000B600020EBE71A4B0B600020E7E7194BEE
:100B88000B600020E3E7154B0B600020DFE7164BF6
:100B98000B600020DBE7154B0B600020D7E7144BF8
:100BA8000B600020D3E7134B0B600020CFE7124BFC
:100BB8000B600020CBE7114B0B600020C7E7104B00
:100BC8000B600020C3E70120C1E700BF70D3000815
:100BD80090D30008BCD30008D0D30008FCD3000889
:100BE80028D4000844D4000864D4000878D4000845
:100BF80090D40008A4D40008C0D40008D8D40008B1
:100C0800E8D4000890B583B000AF04461B4B1B68BE
:100C18007B604FF000031A4B19688B68D3B13946D3
:100C28002046FFF783FF012C24D0D4B1A31E0C2B40
:100C380017D8134B1B683968986801F067FA0020C9
:100C48000E4B1A687B685A404FF0000314D10C37DA
:100C5800BD4690BD08310B4801F0C4FC0128DED127
:100C6800EEE7074B1B6822460749986801F09EFA91
:100C78000120E5E72046E3E702F04AFD30000020C6
:100C88007000002004D50008E8D4000880B400AF44
:100C98000346074A10600020186058609860054AAB
:100CA800136843F020031360BD465DF8047B70476A
:100CB80070000020EC04002098B500AF0D4B1B68B5
:100CC80013F0200F14D00C4B1A681368411E23FA36
:100CD80001F414F0010402D00024204698BD4FF01E
:100CE800010C0CFA01F10B431360FFF78BFFF4E7DB
:100CF8000124F2E7EC04002070000020B0B500AF3A
:100D0800134B1B6813F0200F1FD0124B1B685C6835
:100D180014B100242046B0BD1A68451E0121A9401F
:100D28000A431A605860FFF76DFF0546012808D08E
:100D3800084B1B680849986801F0E8F901F018FCAD
:100D4800E8E701F015FC2C46E4E70124E2E700BFE0
:100D5800EC040020700000200CD5000880B400AF1F
:100D68000A4B186000234BB1094A136843F040034B
:100D780013600020BD465DF8047B7047034A126883
:100D8800002142F833100133EDE700BF7400002062
:100D9800EC040020F0B585B000AF2F4B1B68FB605A
:100DA8004FF0000300237B60BB602C4B1B6813F0E3
:100DB800010F44D004460D46294B1B685B680BB9EC
:100DC80001203DE0EFF31086012383F31088254BC3
:100DD8001A68136801331360234B1B683A1D0C21F2
:100DE800186800F0CBFD012826D0A4B244F4805442
:100DF8007B681C801B4B1B681A887B685A807C6840
:100E080004F05EFB606079684868184B1B685A6993
:100E1800904202D2DA680132DA604A685A618D601B
:100E2800114B186807F108030C22006800F044FE13
:100E380086F31088002003E086F3108800E0012084
:100E4800054B1A68FB685A404FF0000302D114376B
:100E5800BD46F0BD02F05CFC30000020EC04002030
:100E6800F404002074000020AC3B0020A83B0020C4
:100E78002DE9F04184B000AF304B1B68FB604FF0A8
:100E8800000300237B60BB602D4B1B6813F0010F30
:100E980046D004460E4615462A4B1B685B680BB9BC
:100EA80001203EE0EFF31088012383F31088264BDE
:100EB8001A68136801331360244B1B683A1D10210C
:100EC800186800F05BFD012827D0A4B244F4005450
:100ED8007B681C801C4B1B681A887B685A807C685E
:100EE80004F0EEFA606079684868194B1B685A6923
:100EF800904202D2DA680132DA604A685A618E603A
:100F0800CD60124B186807F108031022006800F042
:100F1800D3FD88F31088002003E088F3108800E0F0
:100F28000120064B1A68FB685A404FF0000303D1B2
:100F38001037BD46BDE8F08102F0EAFB3000002022
:100F4800EC040020F404002074000020AC3B0020D6
:100F5800A83B00202DE9F04385B000AF1D46324B79
:100F68001B68FB604FF0000300237B60BB602F4BC6
:100F78001B6813F0010F48D00446884616462C4BD0
:100F88001B685B680BB9012040E0EFF3108901236F
:100F980083F31088274B1A68136801331360264BB4
:100FA8001B683A1D1421186800F0E8FC012829D0B4
:100FB800A4B244F440547B681C801E4B1B681A88FA
:100FC8007B685A807C6804F07BFA606079684868BE
:100FD8001A4B1B685A69904202D2DA680132DA6009
:100FE8004A685A61C1F80880CE600D61124B1868D2
:100FF80007F108031422006800F05EFD89F31088E9
:10100800002003E089F3108800E00120064B1A68ED
:10101800FB685A404FF0000303D11437BD46BDE8C2
:10102800F08302F075FB00BF30000020EC040020C4
:10103800F404002074000020AC3B0020A83B0020F2
:101048002DE9F04385B000AF1D46334B1B68FB60AC
:101058004FF0000300237B60BB60304B1B6813F02C
:10106800010F4AD00446884616462D4B1B685B681C
:101078000BB9012042E0EFF31089012383F31088B4
:10108800284B1A68136801331360274B1B683A1DF5
:101098001821186800F072FC01282BD0A4B244F47F
:1010A80080447B681C801F4B1B681A887B685A80A9
:1010B8007C6804F005FA6060796848681B4B1B6817
:1010C8005A69904202D2DA680132DA604A685A6193
:1010D800C1F80880CE600D613B6B4B61124B1868FC
:1010E80007F108031822006800F0E6FC89F310886D
:1010F800002003E089F3108800E00120064B1A68FD
:10110800FB685A404FF0000303D11437BD46BDE8D1
:10111800F08302F0FDFA00BF30000020EC0400204C
:10112800F404002074000020AC3B0020A83B002001
:101138002DE9F04385B000AF05460E462F4B1B68DE
:10114800FB604FF0000300237B60BB60D41C24F0DD
:10115800030404F10803402B00D93824EFF3108965
:10116800012383F31088264B1A6813680133136030
:10117800244B1B6804F108083A1D4146186800F022
:10118800FDFB012835D02DB245EA84257B681D80FA
:101198001B4B1B681A887B685A807D6804F090F99D
:1011A800686078684168184B1B685A69914202D296
:1011B800DA680132DA6042685A61224631460830FC
:1011C800FFF71CFA0F4B186807F1080342467968C5
:1011D800006800F071FC89F310880020074B1A683A
:1011E800FB685A404FF0000306D11437BD46BDE8EE
:1011F800F08389F31088F1E702F08AFA30000020C2
:1012080074000020AC3B0020A83B00202DE9F047EB
:1012180084B000AF054688461646384A1268FA6018
:101228004FF0000200227A60BA60DC1C24F003044C
:1012380004F10C03402B00D93424314B1B6813F004
:10124800010F4DD02F4B1B685B680BB9012048E09C
:10125800EFF3108A012383F310882B4B1A68136865
:1012680001331360294B1B6804F10C093A1D4946E8
:10127800186800F083FB01282FD02DB2231D9B088E
:1012880045EA03357B681D801F4B1B681A887B68FD
:101298005A807D6804F014F96860786841681C4BCE
:1012A8001B685A69914202D2DA680132DA604268F0
:1012B8005A61C0F80880224631460C30FFF79EF983
:1012C800124B186807F108034A467968006800F06D
:1012D800F3FB8AF31088002003E08AF3108800E00B
:1012E8000120064B1A68FB685A404FF0000303D1EF
:1012F8001037BD46BDE8F08702F00AFA300000203A
:10130800EC040020F404002074000020AC3B002012
:10131800A83B00202DE9F04F85B000AF054689466F
:1013280090461E463A4B1B68FB604FF000030023B3
:101338007B60BB60BC6B033424F0030404F110032E
:10134800402B00D93024334B1B6813F0010F50D0C9
:10135800314B1B685B680BB901204BE0EFF3108B36
:10136800012383F310882D4B1A6813680133136027
:101378002B4B1B6804F1100A3A1D5146186800F0FF
:10138800FDFA012832D02DB204F108039B0845EA82
:1013980003357B681D80214B1B681A887B685A803F
:1013A8007D6804F08DF86860786841681D4B1B689B
:1013B8005A69914202D2DA680132DA6042685A61A7
:1013C800C0F80890C0F80C80224631461030FFF76C
:1013D80015F9134B186807F1080352467968006835
:1013E80000F06AFB8BF31088002003E08BF3108871
:1013F80000E00120064B1A68FB685A404FF00003D2
:1014080003D11437BD46BDE8F08F02F081F900BF63
:1014180030000020EC040020F404002074000020B8
:10142800AC3B0020A83B00202DE9F04F87B000AF6F
:1014380083460E4615467B60D7F840803C4B1B68B8
:101448007B614FF000030023FB603B617C6C03343D
:1014580024F0030404F11403402B00D92C24354B49
:101468001B6813F0010F55D0334B1B685B680BB931
:10147800012050E0EFF3108A012383F310882F4BEB
:101488001A681368013313602D4B1B6804F11409A3
:1014980007F10C024946186800F070FA012836D0A6
:1014A8000FFA8BFB04F10C039B084BEA033BFB6828
:1014B800A3F800B0214B1B681A88FB685A80D7F83C
:1014C8000CB003F0FDFFCBF80400F86841681D4B31
:1014D8001B685A69914202D2DA680132DA604268BE
:1014E8005A618660C5607B680361224641461430B4
:1014F800FFF784F8124B186807F110034A46F96899
:10150800006800F0D9FA8AF31088002003E08AF313
:10151800108800E00120064B1A687B695A404FF09A
:10152800000303D11C37BD46BDE8F08F02F0F0F888
:1015380030000020EC040020F40400207400002097
:10154800AC3B0020A83B00202DE9F04F87B000AF4E
:1015580083460E4615467B60D7F844803D4B1B6892
:101568007B614FF000030023FB603B61BC6C0334DC
:1015780024F0030404F11803402B00D92824364B27
:101588001B6813F0010F57D0344B1B685B680BB90D
:10159800012052E0EFF3108A012383F31088304BC7
:1015A8001A681368013313602E4B1B6804F118097D
:1015B80007F10C024946186800F0E0F9012838D014
:1015C8000FFA8BFB04F110039B084BEA033BFB6803
:1015D800A3F800B0224B1B681A88FB685A80D7F81A
:1015E8000CB003F06DFFCBF80400F86841681E4B9F
:1015F8001B685A69914202D2DA680132DA6042689D
:101608005A618660C5607B6803613B6C4361224612
:1016180041461830FEF7F2FF124B186807F1100325
:101628004A46F968006800F047FA8AF310880020F3
:1016380003E08AF3108800E00120064B1A687B69F2
:101648005A404FF0000303D11C37BD46BDE8F08F68
:1016580002F05EF830000020EC040020F4040020C2
:1016680074000020AC3B0020A83B00202DE9F04F7F
:1016780087B000AF83460E4615467B60D7F8488092
:101688003E4B1B687B614FF000030023FB603B610E
:10169800FC6C033424F0030404F11C03402B00D930
:1016A8002424374B1B6813F0010F59D0354B1B68A6
:1016B8005B680BB9012054E0EFF3108A012383F330
:1016C8001088314B1A681368013313602F4B1B685D
:1016D80004F11C0907F10C024946186800F04EF99C
:1016E80001283AD00FFA8BFB04F114039B084BEA4C
:1016F800033BFB68A3F800B0234B1B681A88FB6800
:101708005A80D7F80CB003F0DBFECBF80400F86879
:1017180041681F4B1B685A69914202D2DA6801324C
:10172800DA6042685A618660C5607B6803613B6C19
:1017380043617B6C8361224641461C30FEF75EFFA5
:10174800124B186807F110034A46F968006800F060
:10175800B3F98AF31088002003E08AF3108800E0C8
:101768000120064B1A687B695A404FF0000303D1E9
:101778001C37BD46BDE8F08F01F0CAFF30000020DD
:10178800EC040020F404002074000020AC3B00208E
:10179800A83B00202DE9F04F87B000AF83460E46E6
:1017A80015467B60D7F84C803F4B1B687B614FF038
:1017B80000030023FB603B613C6D033424F0030409
:1017C80004F12003402B00D92024384B1B6813F068
:1017D800010F5BD0364B1B685B680BB9012056E0E4
:1017E800EFF3108A012383F31088324B1A681368C9
:1017F80001331360304B1B6804F1200907F10C0218
:101808004946186800F0BAF801283CD00FFA8BFB5B
:1018180004F118039B084BEA033BFB68A3F800B0EC
:10182800244B1B681A88FB685A80D7F80CB003F061
:1018380047FECBF80400F8684168204B1B685A69DA
:10184800914202D2DA680132DA6042685A618660EF
:10185800C5607B6803613B6C43617B6C8361BB6CD7
:10186800C361224641462030FEF7C8FE124B186875
:1018780007F110034A46F968006800F01DF98AF379
:101888001088002003E08AF3108800E00120064B4E
:101898001A687B695A404FF0000303D11C37BD46D4
:1018A800BDE8F08F01F034FF30000020EC04002088
:1018B800F404002074000020AC3B0020A83B00206A
:1018C80080B400AF03881B0B02339B000B60002021
:1018D800BD465DF8047B704790B583B000AF044601
:1018E800154B1B687B604FF0000300233B60426888
:1018F800836881695B1A9A420CD3002343600E4BBC
:101908001A687B685A404FF0000312D100200C3748
:10191800BD4690BD806A39461044FFF7D1FF636821
:101928003A681344A268B3FBF2F102FB1133636017
:10193800E5E701F0EDFE00BF3000002080B400AF05
:101948008446C1600020CCF80000CCF80400CCF834
:101958000830CCF81430CCF82820CCF81800CCF893
:101968001C00CCF82000044A136843F0800313607D
:10197800BD465DF8047B7047EC0400202DE9F0417A
:1019880000AF04460D461646D0F80880C368012B00
:1019980016D00368426893427ED3A8EB03008118EF
:1019A80004398D4261D8A84263D9A26A1A443260C8
:1019B8002B44B3FBF8F208FB1233E361002075E017
:1019C800026843689A4226D3A8EB02038B420BD9DC
:1019D800836A1344336003680B44B3FBF8F208FBD3
:1019E8001233C361002061E02046FFF775FF63688A
:1019F800043B9D42F8D82368A8EB0303A3610020A9
:101A08002060A36A336023682B44B3FBF8F208FB19
:101A18001233E3614AE09B1A043B99421CD9A8EBB4
:101A280002028A420BD22046FFF756FF6368002B5A
:101A3800F9D0A36822689B1AA3610023236020467B
:101A4800FFF74AFF62682168531A043B9D42F6D8A3
:101A580012B9A36A0B443360A36A22681344336043
:101A680023682B44E361002020E000233360012039
:101A78001CE0AA420CD3A061A26A3260A269134496
:101A88002B44B3FBF8F208FB1233E36100200DE0AE
:101A980000233360012009E0D21A043A8A4207D3AE
:101AA800826A1A4432600B44C3610020BDE8F081A9
:101AB800002333600120F9E780B400AF05490968C5
:101AC800C9680162C16901601A600020BD465DF8FD
:101AD800047B7047A83B002080B400AF0346002079
:101AE800186058609A685A619861D861BD465DF877
:101AF800047B704780B400AF064B1860FD23036079
:101B0800054A136843F4807313600020BD465DF8EE
:101B1800047B704778000020EC04002080B588B072
:101B280004AFDFF844C0DCF800C0C7F80CC04FF0C1
:101B3800000C39607A60BB60BB6902934FF00043C8
:101B480001930097032302460021F22000F01EF9BA
:101B5800054B1A68FB685A404FF0000302D1103752
:101B6800BD4680BD01F0D4FD3000002060B180B5D5
:101B780000AF39B143689B1A43603920FFF778F901
:101B8800002080BDEA20F9E70120704790B400AF3B
:101B9800124B1860002141B1114A136843F4805375
:101BA80013600020BD4690BC70470C4B1C680B4668
:101BB80007E001EB810203EB4202002044F8220017
:101BC8000133072BF5D901EB810304EBC3044FF074
:101BD800FF332362002363620131DCE77C000020CD
:101BE800EC04002080B500AF00F0E2FC4FF4FA707E
:101BF80008F0E8F9F8E7000080B400AF48B1034600
:101C0800054A1060002018605860BD465DF8047BE6
:101C180070470120F9E700BF8000002090B585B02B
:101C280004AF164B1B681A683AB1144B1C686368FA
:101C38005BB100200437BD4690BD00934FF40033DC
:101C480011460F48FFF76AFFEFE70E4B02930E4B62
:101C58000193002300934FF480720C490C4807F05D
:101C6800D9FE6060054B1B685B680BB10020E1E79B
:101C78000620FFF743F80120DCE700BF80000020C2
:101C880034D5000884000020E400002040D5000876
:101C9800ED1B000858B198B500AF0C4649B10021BA
:101CA800216008F04BFB206028B1002098BD01207E
:101CB80070470120FAE70120F8E7000080B400AF80
:101CC800034B1B681868BD465DF8047B704700BF6E
:101CD800800000202DE9F84300AF8146884616466B
:101CE80023F00305002414B10020BDE8F88305FBA8
:101CF80004F2B01849F824002C32A5F12C03324420
:101D08004146FFF71BFE0128EFD00134EBE7B0B5E1
:101D180000AF054600240CB10020B0BD55F82400E2
:101D2800FFF7DAFE0134F6E72DE9F84300AF054680
:101D38000E469046024652F8149B0023D45C1CB110
:101D48007F2B01D80133F9E7013349460320FFF718
:101D58005DFA424649463046FFF78AF82846FEF7BC
:101D68007BFEBDE8F883000080B500AF31B10022EA
:101D78008B5C2BB17F2A03D80132F9E70249F6E7D9
:101D8800FEF7B8FE80BD00BFE0D900082DE9F04F8E
:101D980085B002AF814616461C46D7F83080D7F882
:101DA80038B03B4B1B687B604FF00003EFF3108AA1
:101DB800012383F31088B1B10D463846FEF7F0FDD4
:101DC80018B93B681D6000231FE08AF310880120C2
:101DD8002F4B1A687B685A404FF0000355D10C37D7
:101DE800BD46BDE8F08F3846FEF7DAFD012802D07F
:101DF8003B681D68E7E78AF31088E9E758F823107D
:101E08003A6802EB830251600133A342F6D33B6880
:101E18001A69796B0A431A61CBF800308AF3108883
:101E28000EB133782BB9032C2DD8DFE804F0070D59
:101E3800151F31463868FFF797FFF4E729464846EB
:101E4800FEF7A8FF2046C3E7D8F8002029464846F1
:101E5800FFF70EF80020BBE7D8F80430D8F80020C8
:101E680029464846FFF776F80020B1E7D8F8083049
:101E78000093D8F80430D8F8002029464846FFF7E0
:101E8800DFF80020A4E70120A2E701F041FC00BF31
:101E98003000002080B588B004AF7B600D4B1B6814
:101EA800FB604FF0000307F108030293002301933E
:101EB8003B1D00930123FFF769FF064B1A68FB6877
:101EC8005A404FF0000302D11037BD4680BD01F0E3
:101ED8001FFC00BF30000020F0B583B000AF0446FF
:101EE80008461646124B1B687B604FF00003EFF361
:101EF8001085012383F310883946FEF7D9FD0128A0
:101F080010D0324621463868FFF70EFF85F3108857
:101F1800074B1A687B685A404FF0000305D10C370D
:101F2800BD46F0BD85F31088F2E701F0F1FB00BF74
:101F3800300000202DE9F04182B000AF06460D4682
:101F4800174B1B687B604FF00003EFF310880123E9
:101F580083F310883946FEF7ABFD012812D02946D5
:101F68003868FFF701FF044688F310880C4B1A689D
:101F78007B685A404FF000030FD120460837BD4612
:101F8800BDE8F08104463846FEF70AFD10B93B6803
:101F98001E60E4E788F31088E8E701F0B9FB00BFAA
:101FA800300000202DE9F04387B006AF0E4690467A
:101FB8001C463D6A03F19109014638B1052C00F22F
:101FC8008980DFE804F0111A25344865424B196806
:101FD8000B681BB1404B1B681968EFE73F4800F0DE
:101FE80001FB0128F6D104E0434632464846FFF794
:101FF8000DF90437BD46BDE8F0832B681A1D2A6029
:102008001A68CDF8008033464846FFF783F9F0E7B1
:102018002868031D2B60026800F108032B604368E1
:10202800CDF8048000964846FFF7FEF9E1E72B68F3
:102038001C1D2C601A6803F1080028605B6804F115
:10204800080028606068CDF808800196009048462E
:10205800FFF77AFACDE72B6803F1040CC5F800C046
:102068001A6803F108042C605B680CF1080028600A
:10207800DCF804C004F1080028606068CDF80C8022
:1020880002960190CDF800C04846FFF7EFFAB0E796
:102098002B68181D28601A6803F1080CC5F800C0E1
:1020A8005B6800F108042C60D0F804E00C3028606C
:1020B800DCF804C004F1080028606068CDF81080DE
:1020C80003960290CDF804C0CDF800E04846FFF72B
:1020D80061FB8EE701208CE7E404002048D5000866
:1020E80080B400AF0346074A1060002018605860AB
:1020F800054A136843F400431360BD465DF8047B4A
:10210800704700BFE4040020EC0400200D4B1B685E
:1021180013F4004F13D080B582B002AF09B100228A
:1021280002E00949FBE701328B5C0BB17F2AFAD93F
:10213800002300930132FFF735FFBD4680BD012023
:10214800704700BFEC040020E0D90008154B1B685D
:1021580013F4004F24D0B0B582B002AF11B1002300
:102168009C4604E01049FAE7A4460CF1010C11F86A
:102178000C4074B1BCF17F0F0BD8252CF5D10CF1B4
:1021880001040D5D002DF0D0252DEDD00133A446BE
:10219800EBE700920CF10102FFF704FFBD46B0BD6A
:1021A80001207047EC040020E0D900080EB480B587
:1021B80083B000AF7969104B1B687B604FF0000358
:1021C8000E4B1B6813F4004F0DD101200A4B1A68FF
:1021D8007B685A404FF000030CD10C37BD46BDE870
:1021E800804003B0704707F118033B603A46FFF799
:1021F800ADFFEBE701F08CFA30000020EC04002082
:1022080080B400AF054B1860054A136843F4802377
:1022180013600020BD465DF8047B7047E804002089
:10222800EC04002080B400AF0020BD465DF8047BBC
:102238007047000080B400AF094B1B685B6853B15E
:10224800EFF31083012282F31088054A12680021F7
:10225800516083F31088BD465DF8047B704700BF6A
:10226800F404002080B400AF10F0030018BF012070
:10227800BD465DF8047B704780B582B000AF124B55
:102288001B687B604FF00003002373B104223946BA
:102298000120FEF74DFF0C4B1A687B685A404FF03F
:1022A80000030ED10837BD4680BD084A126852F8AF
:1022B800231007F1080202EB830242F8081C0133DD
:1022C800E3E701F025FA00BF30000020A03B002022
:1022D800114B1B685B68012B1DD0B0B500AF0F4BCD
:1022E8001B689A680AB90E4A9A605A6802B95A6015
:1022F800EFF31085012484F3108800F017FBFFF733
:10230800BBFF054A11680B6823440B6013685C60C7
:1023180085F31088B0BD7047F4040020A83B002066
:10232800000E27070378012B00D0704780B500AF57
:102338004378012B02D0FFF77DFF80BDFFF7C8FF70
:10234800FBE7000098B500AF484B1C680CB10020B3
:1023580098BD03F099F8464B464A136000221A606C
:102368005A602346002B7AD04348FEF7D7FA012853
:10237800EED0404B186800F557503030FEF702FA9F
:102388000128E5D03B4B186800F55750343000F071
:10239800A5F90128DCD0374B1868543000F058FAFA
:1023A8000128D5D0334B186800F557501830FEF780
:1023B800FDF90128CCD02F4B186800F557502C3068
:1023C800FFF798FB0128C3D02A4B186800F54D5039
:1023D8000430FFF715FF0128BAD0264B186800F51E
:1023E80056500430FEF7BAFC0128B1D0214B1868CA
:1023F80000F556500C30FFF773FE0128A8D01D4B8E
:10240800186800F556501430FEF740FC01289FD09C
:10241800184B186800F556502030FFF7B7FB012815
:1024280096D0144B186800F55750103000F00CF98E
:1024380001288DD00F4B186800F557500830FFF76A
:10244800DBFB012884D00B4B1B684FF0FF32DA60AE
:10245800064A136843F001031360204678E7991C85
:10246800034A002042F8210001337BE7EC040020F6
:10247800F8040020F40400200C050020002833D0C4
:1024880098B500AF044643F2F020FFF7EBFE0128B1
:1024980029D00820FFF7E6FE012824D0134B1C6042
:1024A800134B23600E23A38041F6A123E38000236E
:1024B800072B06D80F4AD25CE1180A760AB1013315
:1024C800F6E70023A3820222A2750122E275E260E8
:1024D80040F20132E2602361A360FFF7A3FE10B16E
:1024E8000823A360002098BD01207047F004002055
:1024F8000046535050D5000890B585B000AF04464B
:10250800194B1B68FB604FF0000300237B60BB6026
:10251800FFF718FF012809D0FFF780FB012805D035
:10252800022C0DD0012C12D0CCB920460E4B1A68C3
:10253800FB685A404FF0000313D11437BD4690BDD5
:102548000A4B1B685B68002BFAD00020EEE70123DA
:102558003B717B71381DFFF7E5FE0020E6E701209F
:10256800E4E701F0D5F800BF30000020F4040020B3
:1025780080B500AFFFF75EFE002080BD80B400AFDD
:102588000A4B1B685BB160B169B15433036043F215
:10259800F0230B600020BD465DF8047B70470120E6
:1025A800F9E70120F7E70120F5E700BFF404002070
:1025B80080B582B000AF00233B607B60074B1B688F
:1025C80013F0010F03D0064B1B685B681BB9002092
:1025D8000837BD4680BDFEF72BF9F8E7EC0400206C
:1025E800F4040020F0B583B000AF04460E46154B46
:1025F8001B687B604FF000033846FEF7D1F90128CD
:1026080013D0002300E001331D46E25C0AB11B2B06
:10261800F9DD2A4621463868FEF76CFA39683160D8
:102628006B1C22460320FEF7F1FD064B1A687B68F7
:102638005A404FF0000302D10C37BD46F0BD01F0FF
:1026480067F800BF3000002080B400AF0A4B186064
:102658000023002B09DD094A136843F48013136033
:102668000020BD465DF8047B7047034A12680221CA
:1026780042F823100133ECE7A03B0020EC040020D3
:1026880098B500AF124B1B6813F0010F1DD0114B0A
:102698001B685A6822B9104B1B681860012015E0A6
:1026A80001229A60EFF3108482F310880A4B1B68AA
:1026B80018600A4601463720FEF7DAFB054B1B680F
:1026C80002229A6084F3108800E0012098BD00BFC0
:1026D800EC040020F4040020A03B002080B400AFEC
:1026E800224B18600023036023B1204B1A68002393
:1026F80093601CE01D4A126802EB830200215160BE
:102708000133F1E703EB430102EBC1010020C8608C
:10271800086148618861013303EB430102EBC101A1
:10272800886003EB430102EBC10164204860042B7D
:10273800E8D900210DE00023C2F8843082F88830FF
:10274800C2F8A430C2F8A830C2F8AC30C2F8B03031
:1027580001310429EFD9064A136843F400031360D2
:102768000020BD465DF8047B704700BFA43B0020F5
:10277800EC04002080B400AF38B1054A12689060BC
:102788000020BD465DF8047B70470120F9E700BFD3
:10279800A43B0020B0B582B000AF04461A4B1B68BA
:1027A8007B604FF0000300233B6002F089FE174B6B
:1027B8001B685A69904202D2DA680132DA605861BD
:1027C800134B1B685A68851A5860B4B139462046BD
:1027D800FFF760FA012806D03B681A687AB15A6890
:1027E8002A445A600020084B1A687B685A404FF008
:1027F800000306D10837BD46B0BD0120F3E701202C
:10280800F1E700F085FF00BF30000020A83B002062
:10281800A43B002080B400AF03460B4A10600020A0
:10282800986058604FF47A7119619861D8600121F5
:10283800196013685861054A136843F4001313605C
:10284800BD465DF8047B7047A83B0020EC040020DF
:10285800002864D098B500AF0446324B1860031DB9
:10286800314A13604FF42053C0F8DC3A00F52E6269
:102878000121FFF72FFA012850D004F11400FFF7C7
:10288800FDFD01284AD004F15000FEF751F8012857
:1028980044D004F13400FFF7BDFF01283ED004F511
:1028A80040530A2283F8E0220B2283F8E1220C220B
:1028B80083F8E2220D2283F8E322712283F8E422CE
:1028C800722283F8E522732283F8E622742283F8C1
:1028D800E722F12283F8E822F22283F8E922F322A0
:1028E80083F8EA22F42283F8EB22052323720623D5
:1028F80063720723A3720823E37275232373762375
:1029080063737723A3737823E373F5232374F62380
:102918006374F723A374F823E374002098BD01209F
:10292800704700BFAC3B0020B03B002080B500AF33
:10293800024B1868FFF7EBF980BD00BFAC3B0020E5
:1029480098B500AF1446044A08F0B0FA08B9012057
:1029580098BD20600020FBE75CD5000898B500AF63
:102968001446044A08F0A2FA08B9012098BD20606C
:102978000020FBE770D50008F8B500AF00283DD06F
:102988000C46064600293FD0314D40F6344200211E
:102998002846FDF7A9FE2F4B1E602F4B1C60281DF3
:1029A80001F0C2F80446012834D02C4801F01AFC82
:1029B8000446012833D02A4800F0D8F904460128F3
:1029C80032D0284800F090FF0446012831D026482C
:1029D80000F00EFB0446012830D0244801F07AFAB2
:1029E800044601282FD001F0CDFB194B01221A60B3
:1029F800002001F003FA00242046F8BD1C491D48B8
:102A080008F042FA0124F7E71B491A4808F03CFA93
:102A18000124F1E71949174808F036FAECE7184994
:102A2800144808F031FAE7E71649124808F02CFA7A
:102A3800E2E715490F4808F027FADDE713490D4882
:102A480008F022FAD8E712490A4808F01DFAD3E735
:102A58003C3C0020383C0020343C0020E03C002076
:102A6800483E00201C400020EC3C0020E43C0020B4
:102A780084D50008B8D50008BCD50008E8D50008FA
:102A880020D600085CD6000890D60008C4D60008F6
:102A9800F8D6000880B500AF02490348FFF76CFF7D
:102AA80080BD00BF492900086529000880B400AF2F
:102AB800024B1868BD465DF8047B70473C3C00201B
:102AC80080B400AF00228271026106E0931C00EB23
:102AD800C3030021596099600132072AF6D9002200
:102AE800427280F89C200DE00D4B1B6802EB4201FE
:102AF80003EBC1030021C3F81011C3F8141183F8C4
:102B080018110132072AEFD9054B1A680023C2F8B9
:102B1800D031C0F80831BD465DF8047B704700BF6E
:102B28007048002080B400AF0020BD465DF8047BEB
:102B38007047000090B583B000AF04464820786025
:102B480028480068F8B124B34BB34FF0500C80F814
:102B580004C04FF0440C80F805C04FF0660C80F8B4
:102B680006C04FF06D0C80F807C04FF47F6CA0F8DA
:102B780008C08172082101737968C1726821817364
:102B88000261002212E01849184808F07DF9012076
:102B980025E01749154808F077F901201FE0154985
:102BA800124808F071F9012019E00132472A06D8C5
:102BB800995C04EB020C8CF854100029F5D12046DE
:102BC800FFF77EFF6D2384F80431662384F805310E
:102BD800442384F80631502384F8073100200C3749
:102BE800BD4690BD7048002030D70008B8D5000811
:102BF80068D7000898D7000880B500AF01F0FEF943
:102C0800002080BD80B500AF01F0B8F980BD80B567
:102C180000AF00F039FA002080BD80B500AF00F0A9
:102C2800FBF980BD2DE9F04F89B004AF79604C4BBA
:102C38001B68FB604FF000030023BB60494B1B6817
:102C480000287CD003F1040A0446002979D007F152
:102C58000801504600F066FE012873D0B868A04706
:102C680001286FD0002435E00136B6B204EB4402E7
:102C780003EBC202D2F81011414404EB4402D20023
:102C880002F58C72134407F108020392029301952E
:102C980000914B4632465946504600F0FDFE012849
:102CA80005D0B8687B68984701284BD0A8444E45A2
:102CB8000FD22C4B1B6804EB440203EBC202D2F880
:102CC8001451A5EB0805B5F5FA6FCDD34FF4FA65A5
:102CD800CAE70134234B1968D1F8D031A3422CD963
:102CE80004EB440301EBC303D3F8142102F1FF39C9
:102CF8001D4BA3FB0939C9F3CF1909F101091FFAC3
:102D080089F904F1010B1FFA8BFB04EB4403DB0088
:102D180003F58C7307F1080000900B4459465046A0
:102D280000F040FE0128D4D0B8687B689847012895
:102D380008D04FF000084646B9E7002002E001201D
:102D480000E00120064B1A68FB685A404FF0000368
:102D580003D11437BD46BDE8F08F00F0D9FC00BFA1
:102D68003000002070480020D34D621080B500AFBD
:102D780068B10A4908600022C0F8D0210122026027
:102D88000868074B03210430FFF7D4FE80BD0549CE
:102D9800054808F079F80120F8E700BF70480020DE
:102DA80004D80008D4D70008B8D500082DE9F8439E
:102DB80000AF80460C46164600F0E2FE30B3194BD1
:102DC8001D6835B32B6833B33EB344B323780BB9CE
:102DD80001201CE005F104094846FFF771FE0323B2
:102DE800AB72C5F8148000F083FF01280FD00023D0
:102DF80000E00133672B05D8E15CEA1882F8A010DF
:102E08000029F6D1C6F80090002000E00120BDE8B6
:102E1800F8830120FBE70120F9E70120F7E701200B
:102E2800F5E700BF70480020F8B500AF06460D462C
:102E3800144600F0A5FED8B1114B1B68D3B11A682F
:102E4800D2B1DEB15A7B072A0DD8023206EBC20294
:102E580055605A7B023206EBC20084605A7B01320D
:102E68005A73002005E0042000F072FF012000E002
:102E78000120F8BD0120FCE70120FAE70120F8E76E
:102E8800704800202DE9F04100AF05460E469046F7
:102E98001C4600F075FE80B3214B1B6883B31A688B
:102EA80082B38DB396B3B8F1000F31D094B32278C2
:102EB80092B3D3F8D021072A30D802EB420103EBB2
:102EC800C101C1F81061C1F81481002100E001318D
:102ED8000F290BD8D3F8D021605C02EB420203EB38
:102EE800C2020A4482F818010028F0D1D3F8D02190
:102EF8000132C3F8D021002000E00120BDE8F081B4
:102F08000120FBE70120F9E70120F7E70120F5E7B9
:102F18000120F3E70120F1E70120EFE70120EDE7C9
:102F280070480020B0B500AF04460D4600F028FEFA
:102F380050B10A4B1B684BB11B684BB154B15DB122
:102F48009C342C60002000E00120B0BD0120FCE78B
:102F58000120FAE70120F8E70120F6E77048002091
:102F6800F8B500AF04460E4600F00AFE60B31B4BEE
:102F78001B6863B31B6863B36CB34FF4847120465A
:102F8800FFF7D0FDC4F8080116F4807F0DD116F4C0
:102F9800007F05D012491348FFF744FE054678B173
:102FA8002046FFF78DFD01250FE00F490F48FFF779
:102FB80039FE05460028EAD12046FFF781FD04E0E6
:102FC8002046FFF77DFD00E001252846F8BD0125D4
:102FD800FBE70125F9E70125F7E700BF7048002066
:102FE800012C00080D2C0008172C0008232C0008C1
:102FF80068B198B500AF0446043001F0DDF9012846
:1030080004D0044B1C6001232360002098BD0120DC
:10301800704700BF7448002090B583B000AF184BCC
:103028001B687B604FF000030023FB70154B1B6887
:10303800F3B104461B6853B90120114B1A687B6829
:103048005A404FF0000319D10C37BD4690BD00F02F
:1030580097FD78B184B1F81C00F092FE0128ECD0FD
:10306800FB780BB90120E8E7204601F0B1F9E4E765
:103078000120E2E70120E0E70120DEE700F048FB5D
:10308800300000207448002090B583B000AF184B82
:103098001B687B604FF000030023FB70154B1B6817
:1030A800F3B104461B6853B90120114B1A687B68B9
:1030B8005A404FF0000319D10C37BD4690BD00F0BF
:1030C8005FFD78B184B1F81C00F05AFE0128ECD0FD
:1030D800FB780BB90120E8E7204601F07EF9E4E728
:1030E8000120E2E70120E0E70120DEE700F010FB25
:1030F800300000207448002080B400AFBFF34F8F29
:103108000549CA6802F4E062044B1343CB60BFF37D
:103118004F8F00BFFDE700BF00ED00E00400FA0597
:1031280080B400AFEFF3058333B9EFF3148010F0E8
:10313800020002D0012000E00020BD465DF8047BBB
:103148007047000080B584B000AF104B1B68FB606F
:103158004FF0000300237B60BB6007F10801381DB6
:10316800FFF70CFA0A4BBA6879680A480068FFF753
:1031780089FE064B1A68FB685A404FF0000302D1DB
:103188001037BD4680BD00F0C3FA00BF30000020F4
:1031980010D80008084B00202DE9F04182B000AF9C
:1031A80004468846114B1B687B604FF000030026DD
:1031B8000CE034F8023B7B800D4D0222B9182868D8
:1031C800FDF71CFA2B6802332B6001364645F0D315
:1031D800064B1A687B685A404FF0000303D1083742
:1031E800BD46BDE8F08100F093FA00BF3000002032
:1031F800E04A00202DE9F04182B000AF044688463D
:10320800114B1B687B604FF0000300260CE054F85C
:10321800043B3B600D4D042239462868FDF7EEF962
:103228002B6804332B6001364645F0D3064B1A68E9
:103238007B685A404FF0000303D10837BD46BDE80C
:10324800F08100F065FA00BF30000020E04A00205D
:103258000FB40648009901600199416002998160A4
:103268000399C160614601610FBC7047EC4A0020B8
:1032780080B400AF064B4FF0FF321A6000225A604C
:103288001A619A60DA60BD465DF8047B704700BF3A
:1032980034000020F8B500AF154B1B68154A1360C1
:1032A80003F59671516003F16043B3F5402F05D2E1
:1032B800114B994202D91346104A5A60104807F038
:1032C80077FD05460B4B1C6824F003045E6800E09C
:1032D8000434B4420AD22A460949204607F0A6FD1A
:1032E8000028F5D12C440134024B5C600148F8BD3C
:1032F8008048002000000020FFFF0B20FCFF0B206F
:103308005CD800082DE9F04385B002AF04465C4B59
:103318001B687B604FF0000300233B600168594A3B
:103328001160594A59491160594A1360594A136042
:10333800594B1B68002B7CDB574DA86800F02AFF0F
:103348000646EB68019300906B68544A8021544804
:1033580007F0ACFDD5F80090524B00221A60524B92
:103368001B6813F0010F0FD0504B1B685B685BB1F3
:103378004C4B01221A604E4B1B68002B66D0484903
:103388004B4B1868FEF7C2FE4A4D4B49284607F0DA
:103398007BFDDFF80C814146284607F075FD47495B
:1033A800284607F071FD3B4A41464846FFF7FEFCB8
:1033B80000285DD1384600F025FF364DD5F800804D
:1033C8002021386800F0FBFE024601214046FFF745
:1033D8002BFD226807212868FFF726FD2E4B1B6866
:1033E800002B38DB2C462D682021304600F0E7FE04
:1033F800024602212846FFF717FD274BDA68042109
:103408002068FFF711FD274B1B6873BB2C4929481F
:1034180007F03AFD2949274807F036FD184B1A6886
:103428007B685A404FF0000327D10C37BD46BDE8F2
:10343800F0834FF0E023D3F8283D224A8021184832
:1034480007F034FD002640F2014985E718491E4877
:10345800FFF7C8F893E74FF0E023D3F8282D0621AB
:103468000C4B1868FFF7E0FCCDE7FFF76BFECDE7E4
:103478001649104807F008FDCCE700F049F900BFED
:103488003000002080480020E04A002088480020C2
:10349800044B0020084B00203400002020D80008EE
:1034A800B43B0020E44A0020EC040020F40400208F
:1034B800E84A0020B8D500082CD8000858D80008D9
:1034C8008CD800086CD800083CD80008A8D8000898
:1034D800B0B500AF1F4B1D681F4BEB1A02FB013341
:1034E800B3F5167F16D214461C4B1A681C4B9A4229
:1034F80018D1E4B102291FD0042921D0012923D1F0
:10350800224601462846FDF779F8124A13682344F3
:10351800136006E0134B01221A601349134807F0A1
:10352800B3FCB0BD1249114807F0AEFCFEE71149E3
:103538000E4807F0A9FCF4E72146FFF72DFEF0E757
:103548002146FFF757FEECE70B49084807F09CFCBB
:10355800E7E700BFE04A002088480020244B00200D
:10356800ED55CEAC044B0020D4D80008B8D50008DF
:1035780004D9000854D9000880D9000890B583B050
:1035880000AF394B186800284CD0384B1A68384BB4
:10359800D21A384B1B68002B33DB374B3749096885
:1035A800002930D0364B1C685CB1364B1C6814F0CF
:1035B800010406D0344B1B685C6814B100225A60C1
:1035C80001244FF4E061284B1868FFF7C9FC20BBC1
:1035D800284B1B68B3F1FF3F36D0264B1B69012BE4
:1035E80022D01CB1284B1B6801225A60FFF740FE0D
:1035F80000231D4A1360224A136001200C37BD4680
:1036080090BD224BCAE71A49FFF73CFC0028C9D0F5
:103618001F49204807F038FCC4E71F491D4807F038
:1036280033FCD5E70024D3E71C491A4807F02CFCE3
:1036380000237B6002E07B6801337B607A68184B6B
:103648009A42F8DDFFF758FD1449124807F01CFCB0
:1036580000237B6002E07B6801337B607A68104B53
:103668009A42F8DDFFF748FD084B0020E04A0020A9
:103678008848002034000020A0D90008044B00200E
:10368800E44A0020EC040020F4040020ACD900082F
:10369800B8D90008B8D50008E4D9000844D800080B
:1036A8003F420F0080B500AFFFF73AFD012809D06F
:1036B800EFF30A82084B1A60002383F30A88BFF3EA
:1036C8006F8F80BDEFF30B82044B1A60002383F3E6
:1036D8000B88BFF36F8FF4E7784800207C48002000
:1036E80080B500AFFFF71CFD012806D0064B1B680C
:1036F80083F30A88BFF36F8F80BD044B1B6883F385
:103708000B88BFF36F8FF7E7784800207C480020CC
:1037180080B500AFFFF79CFD0C4B05221A600C4AE0
:103728005A600C4A9A6040F2ED12DA6001221A617E
:10373800FFF7BCF930B1FFF7B5FFFCF779FDFFF7EC
:10374800CFFFFEE7FFF794FDFBE700BF3400002042
:1037580000DA000814DA000880B400AF2020BD4663
:103768005DF8047B704700002DE9F04F87B000AF8B
:10377800786039601D467E6CD7F84890D7F850A01D
:10378800574B1B687B614FF00003564BD3F8008002
:103798000023BB60FB603B61002E00F0898014466B
:1037A80008F1040B3378002B00F08480B9F1000F86
:1037B80000F08C80FB6C002B00F08A80BAF1000FBF
:1037C80000F08880002A00F08780AA4201D90120F1
:1037D80071E007F1080000F0EDF901286BD007F15E
:1037E8000C0000F09DFA012865D007F1100000F0E8
:1037F80033FA01285FD0D12388F80430D22388F81F
:103808000530D32388F80630D42388F807304FF4DE
:103818007F63A8F808300123A8F80A307B68A8F865
:103828000C303B68A8F80E30A8F81040A8F81250E1
:10383800FB68C8F814302025A8F81850A8F81A50C2
:103848003B6CA8F81C30FB6CC8F82030254C20686D
:103858002A46B9682430FCF7D1FE20682A4639691F
:103868004430FCF7CBFE20683A6C31466430FCF7F4
:10387800C5FE3B6C03F1600520680430FA6C4946CC
:103888002844FCF7BBFEFB6C2B4422680432D11899
:1038980098F80700D05498F806304B7098F805301F
:1038A8008B7098F80430CB70CAF800B0002002E0A2
:1038B800012000E001200A4B1A687B695A404FF04A
:1038C80000030BD11C37BD46BDE8F08F0120F2E79D
:1038D8000120F0E70120EEE70120ECE7FFF718FFF1
:1038E800300000200C4B0020A0B198B500AF044672
:1038F8000B4B1860FFF730FF00F5DC73B3F5056F6D
:103908000AD800F62400B0F5056F07D80123236014
:10391800002098BD012070470120FAE70120F8E750
:103928000C4B0020B0B588B006AF1C4B1B687B6001
:103938004FF0000300233B60194B1B68EBB10446B2
:103948000D461B68DBB128B33946FFF7EBFA0128AF
:1039580016D004954FF48673039302943B68019341
:103968006823009301231A46002141F21250FFF701
:10397800FBFE012804D0002002E0012000E0012025
:10398800064B1A687B685A404FF0000304D1083789
:10399800BD46B0BD0120F3E7FFF7BAFE30000020B6
:1039A8000C4B00202DE9F04391B006AF064688463F
:1039B80015461C46D7F84890354B1B687B624FF07C
:1039C8000003242200213846FCF78EFE314B1B6889
:1039D800002B43D01B68002B42D0002E4CD0002D6A
:1039E8004CD0002C4CD02378002B4BD0B9F1000FD1
:1039F8004AD050233B7044227A706122BA70FB701F
:103A08004FF47F63BB800323BB711023FB71BD6040
:103A180000220F2A08D8A35C02F12801394401F8D2
:103A28001C3C0BB10132F4E750233B7761227A77D3
:103A38004422BA77FB77CDF810902423039302979A
:103A480001941023009301231A46414644F218605A
:103A5800FFF78AFE012804D0002002E0012000E0E0
:103A680001200B4B1A687B6A5A404FF000030DD1B6
:103A78002C37BD46BDE8F0830120F2E70120F0E7CE
:103A88000120EEE70120ECE70120EAE7FFF740FE1E
:103A9800300000200C4B002090B587B006AF104CCA
:103AA8002468B4B12468B4B1B8B1F86904907869ED
:103AB800039038690290B86901901020009048F28C
:103AC8007130FFF751FE012800D000200437BD46B1
:103AD80090BD0120FAE70120F8E70120F6E700BFD2
:103AE8000C4B002080B400AF0E4B1B688BB11B68D9
:103AF8008BB190B199B1838AC28A1344028B134463
:103B0800C269134424330B600020BD465DF8047B72
:103B180070470120F9E70120F7E70120F5E70120C8
:103B2800F3E700BF0C4B002010B390B400AF04467D
:103B3800104B18600023C0F89C300122C260037249
:103B48004272827202610C4A426080F87C3080F8CE
:103B58005C303F2B06D8094AD25CE1180A750AB1D5
:103B68000133F6E7012323600020BD4690BC70476F
:103B780001207047104B00200392287104D80008D8
:103B88000A4B1B6883B1186800B9704780B500AF4D
:103B9800FEF78CFF38B1054B1B685868044B9842F8
:103BA80014BF0020012080BD00207047104B00206A
:103BB80025271515B0B582B000AF0446234B1B6806
:103BC8007B604FF0000300233B60214B186818B35B
:103BD80002681AB36CB390F87C20BAB9827A012AC9
:103BE80029D11C4A156845B33A461F217C30A8479D
:103BF800012814D0164B1B6893F87C20FAB13A6858
:103C08001F2A1ED81344002283F87C20104B1B68FF
:103C18007C332360002002E0012000E001200B4BF0
:103C28001A687B685A404FF000030CD10837BD462C
:103C3800B0BD0120F3E70120F1E70120EFE7012003
:103C4800EDE70120EBE7FFF763FD00BF3000002040
:103C5800104B0020383C0020B0B582B000AF0446BD
:103C6800204B1B687B604FF0000300233B601E4B1A
:103C7800186848B302684AB354B390F85C20A2B9F4
:103C88001A4A156835B33A461F215C30A8470128FF
:103C980010D0154B1B6893F85C20EAB13A681F2ACC
:103CA8001CD81344002283F85C200F4B1B685C333C
:103CB800236000200B4B1A687B685A404FF00003C2
:103CC8000ED10837BD46B0BD0120F3E70120F1E76A
:103CD8000120EFE70120EDE70120EBE70120E9E70C
:103CE800FFF716FD30000020104B0020343C002068
:103CF80080B400AF094B1B685BB11A685AB1D3F89E
:103D08009C200132C3F89C200020BD465DF8047B4E
:103D180070470120F9E70120F7E700BF104B0020AA
:103D280080B400AF094B1B6853B11A6852B158B13F
:103D3800D3F89C3003600020BD465DF8047B7047D3
:103D48000120F9E70120F7E70120F5E7104B0020F3
:103D580080B400AF094B1B683BB11A683AB11A69C5
:103D6800012A09D11861002002E0012000E00120A9
:103D7800BD465DF8047B70470120F9E7104B002031
:103D880080B400AF094B1B684BB11A684AB150B1F7
:103D98005B7A03700020BD465DF8047B7047012004
:103DA800F9E70120F7E70120F5E700BF104B0020F5
:103DB80080B400AF094B1B684BB11A684AB150B1C7
:103DC8001B7A03700020BD465DF8047B7047012014
:103DD800F9E70120F7E70120F5E700BF104B0020C5
:103DE80080B400AF0368012B06D143680B60002044
:103DF800BD465DF8047B70470120F9E790B585B0B2
:103E080000AF2F4B1B68FB604FF0000300237B6063
:103E1800BB602C4B3B602C4B1B68002B46D00446E8
:103E28001B6853B90120264B1A68FB685A404FF0AB
:103E3800000343D11437BD4690BDFEF737FE002876
:103E480036D0214B1B685A68204B9A4232D0082141
:103E5800381D00F073F878B13B681A4A93421BD0BA
:103E6800012C12D03A681A4B9A4225D0164B1B687F
:103E7800164A5A600020D6E73946381DFFF7B0FFCA
:103E88000128E9D10F4B3B60E6E7A2F10752A2F502
:103E98001F126E3A9342E5D101237B600B4CBC6044
:103EA8000821381D00F02AF83C60DBE70120BAE75A
:103EB8000120B8E70020B6E70120B4E7FFF728FCA7
:103EC8003000002071521093104B00202527151543
:103ED8000392287170B180B500AF074A10600430B2
:103EE80000F080FA012804D0034B1B6801221A60F5
:103EF800002080BD01207047144B00200E4B1B682A
:103F08009BB1B0B500AF04460D461B680BB9012044
:103F1800B0BDFFF735FE50B15CB10DB90120F7E730
:103F28002946204600F065FAF2E701207047012093
:103F3800EEE70120ECE700BF144B00200E4B1B6896
:103F48009BB1B0B500AF04460D461B680BB9012004
:103F5800B0BDFFF715FE50B15CB10DB90120F7E710
:103F68002946204600F04CFAF2E70120704701206C
:103F7800EEE70120ECE700BF144B002090B583B0BA
:103F880000AF1C4B1B687B604FF000030223FB70E3
:103F9800194B1B682BB304461B6853B90120154BFA
:103FA8001A687B685A404FF0000320D10C37BD4691
:103FB80090BDFFF7E5FDB0B1BCB1F81CFFF7F8FE06
:103FC8000128ECD0F97809B90120E8E7012914BFE4
:103FD80000210121204600F01AFA0128DFD0002034
:103FE800DDE70120DBE70120D9E70120D7E7FFF76C
:103FF8008FFB00BF30000020144B002090B583B029
:1040080000AF1C4B1B687B604FF000030223FB7062
:10401800194B1B682BB304461B6853B90120154B79
:104028001A687B685A404FF0000320D10C37BD4610
:1040380090BDFFF7A5FDB0B1BCB1F81CFFF7B8FE05
:104048000128ECD0F97809B90120E8E7012914BF63
:1040580000210121204600F0E1F90128DFD00020ED
:10406800DDE70120DBE70120D9E70120D7E7FFF7EB
:104078004FFB00BF30000020144B0020B0B586B0C5
:1040880002AF0446354B1B68FB604FF0000300236A
:104098007B60BB60036A826A934242D8426A934259
:1040A80047D20093031D2E4A80212E4806F0FEFEBB
:1040B8003A462C490620FEF779FE40BB2A4B1B687E
:1040C800002B3ED02749284B1868FEF71FF8FEF74B
:1040D8004FFA07F10801381DFEF750FA234BBA686A
:1040E80079683868FEF7CEFE3D681C21201D00F077
:1040F80066F8024601212846FEF796FE4FF4E06175
:104108003868FEF72DFF08BB0120FEF7F5F9134BC1
:104118001A68FB685A404FF000031CD11037BD469F
:10412800B0BD0093031D124A80210E4806F0BEFE62
:10413800BEE70093031D0F4A80210A4806F0B6FE29
:10414800B6E709490C48FEF74DFABBE70B490C489E
:1041580006F09AFED8E7FFF7DBFA00BF3000002030
:10416800A0DA0008B43B0020184B002010D8000843
:1041780070DA0008D0DA00083CD80008E4D9000852
:10418800B8D5000880B500AF0148FEF7F3FA80BD46
:104198008540000898B500AF044606F009FE0346BE
:1041A80018B9204698BD1C44FBE7002BF9D0591ECE
:1041B800625C2F2AF7D05C2AF5D00B46F5E780B46D
:1041C80000AF50B184460023184601E01044013383
:1041D8001CF803200AB18B42F8D3BD465DF8047B76
:1041E8007047000080B400AF40B10346044A106035
:1041F80000201860BD465DF8047B70470120F9E790
:104208001C4B002050B198B500AF044606F0B2F838
:1042180030B105F047FD2060002098BD01207047AF
:104228000120FAE780B400AF4FF0000C0FE011F85E
:104238000C304340DBB283EA0313DBB2000A40EAE6
:10424800032080EAC30080EA13100CF1010C9445A6
:10425800EDD3BD465DF8047B704700002DE9F041C1
:1042680084B000AF0E461546294B1B68FB604FF023
:104278000003FFF7D7FF80460024AC422ADA335DFB
:10428800244A0A21384606F011FE234A82FB0432EA
:10429800E317C3EBE20303EB8303B4EB830F14D000
:1042A80039461E4806F0F0FD01341B4A82FB0432F1
:1042B800E317C3EBE20303EB8303B4EB830FDCD117
:1042C8001749164806F0E0FDD7E71649134806F0E7
:1042D800DBFDE5E7104A82FB0432E317C3EBE20398
:1042E80003EB8303B4EB830F0BD1094B1A68FB680C
:1042F8005A404FF0000309D140461037BD46BDE88B
:10430800F0810749054806F0BFFDEEE7FFF700FA20
:104318003000002010DB000867666666B8D5000824
:1043280068DB000818DB0008B0B582B000AF1D4B91
:104338001B687B604FF000031B4B1B681BB30446D4
:1043480018B33946FFF7CEFB01281FD03B68B3F5F9
:10435800803F01D3012019E0144D1549284606F085
:1043680093FD3A6821460020FFF778FF03460E4C7C
:10437800104A5021206806F099FD2168284606F069
:1043880083FD002002E0012000E00120054B1A68AF
:104398007B685A404FF0000302D10837BD46B0BDD4
:1043A800FFF7B6F930000020204B0020B8D50008F0
:1043B80024DB000844DB000880B400AF034B18601E
:1043C8000020BD465DF8047B704700BF204B0020ED
:1043D80080B500AFFFF7A8FF80BD80B500AFFFF73D
:1043E800A3FF80BD80B400AF0020BD465DF8047B0C
:1043F800704780B400AF0120BD465DF8047B70476C
:1044080080B400AF0120BD465DF8047B704780B4DE
:1044180000AF0120BD465DF8047B704780B400AF53
:104428000120BD465DF8047B704780B400AFC36AC5
:1044380013F0040F04D04068BD465DF8047B704754
:104448000068F9E780B400AFBD465DF8047B7047AB
:1044580098B500AF044608462160FFF7E6FFE06024
:10446800FFF7F0FF60600023A360204698BD80B48A
:1044780000AF0368D86A00F01000B0FA80F0400975
:10448800BD465DF8047B7047B0B500AF0446C5680B
:1044980005F12003C360FFF7EAFF08B16835E5605E
:1044A800E2686368DB69DB0903F004031A43E2602E
:1044B800B0BD80B400AF4FF0E023D3F8880D00F40E
:1044C800A000B0F5A00F14BF00200120BD465DF884
:1044D800047B704798B500AF0446FFF7EAFF18B1B0
:1044E800A36843F00103A36098BD80B400AF002324
:1044F8000361BD465DF8047B7047000080B400AFDF
:10450800034B044A1A60BD465DF8047B704700BF40
:10451800244B0020ED55CEAC80B400AF4FF0E02323
:10452800D3F8000D00F47020B0F5402F14BF002020
:104538000120BD465DF8047B704780B400AF036975
:104548001BB14268936902339361BD465DF8047BF1
:104558007047000080B500AF042201210148FEF732
:10456800B7FF80BD84E2000880B500AF04220121B6
:104578000830FEF7ADFF80BD80B500AF10220121E5
:104588004068FEF7A5FF80BD80B500AF0068202217
:1045980001210C30FEF79CFF80BD80B500AF40685C
:1045A800042201211030FEF793FF80BD80B500AFD3
:1045B800042201210C30FEF78BFF80BD80B500AFCF
:1045C80040680C2201211430FEF782FF80BD80B5BF
:1045D80000AF0C2201210068FEF77AFF80BDF8B514
:1045E80000AF044611E0082201212046FEF770FFC3
:1045F800656820682D1A267AB5FBF6F5FFF722FFC5
:104608002A463146FEF764FF0C341CB12368B3F127
:10461800FF3FE8D1F8BD000080B588B000AF104B6F
:104628001B68FB614FF000030E4B7B601433BB60CB
:1046380004233B734FF0FF333B617B6101233B76DF
:10464800381DFFF7CCFF064B1A68FB695A404FF03C
:10465800000302D12037BD4680BDFFF759F800BFDF
:104668003000002028ED00E080B582B000AF0F4B8D
:104678001B687B604FF000030D4B1A680D4B9A4284
:1046880009D10A4B1A687B685A404FF000030AD1D7
:104698000837BD4680BD084B3B60042201213846DF
:1046A800FEF716FFEDE7FFF733F800BF30000020F4
:1046B800244B0020ED55CEACACCE55ED90B5A3B053
:1046C80000AF0446164B1B68C7F884304FF0000350
:1046D800FFF7CDFEE8B107F14000FBF713FE616874
:1046E800402220313846FBF789FF63681B6EC7F804
:1046F8008030842201213846FEF7EAFE084B1A680A
:10470800D7F884305A404FF0000306D18C37BD46A5
:1047180090BD3846FBF7F0FDEBE7FEF7F9FF00BF69
:104728003000002090B587B000AF01462A4B1B68C7
:104738007B614FF000033846FFF78AFE3846FFF7E3
:10474800A3FE3846FFF7C6FE3846FFF7CEFE08E060
:104758003846FFF7B3FF25E0FFF786FFFEF70EFFA9
:1047680058BBFFF7CBFE07F10C00FEF7CBFDFFF7B8
:10477800F1FE3846FFF7F8FE3846FFF7FDFE3846EB
:10478800FFF702FF3846FFF708FF3846FFF70EFF2E
:104798003846FFF713FF3846FFF719FFBB6813F0D9
:1047A800010FD5D1FEF776FDFFF719FFFFF7B4FE2D
:1047B8000028D1D1FFF730FFCEE73846FFF7BDFE1E
:1047C800054B1A687B695A404FF0000302D11C3729
:1047D800BD4690BDFEF79CFF3000002080B400AFBE
:1047E800BFF34F8F0549CA6802F4E062044B1343D4
:1047F800CB60BFF34F8F00BFFDE700BF00ED00E0C7
:104808000400FA0580B400AF0248BD465DF8047B99
:10481800704700BF9FFBB392B0B500AF04468569EF
:104828004368BBB91B010C4AD15863692A460B4837
:1048380006F02AFB062D03D063680BB901336360C9
:104848000023A3600122E2606361A361204600F0B7
:10485800FBFAB0BD0249E8E788E2000878DB000807
:1048680070DB0008F8B500AF0446416859B90B0180
:10487800364AD258E368023B052B11D8DFE803F02B
:10488800591050110562324AF4E7A168314806F020
:10489800FBFA0023A3600123E360204600F0D4FA6A
:1048A800F8BD31B9294B03EB01135B68A568AB422E
:1048B80009D00023A3600122E2606361A36120465E
:1048C80000F0C2FAECE70901204B5E58A36962695F
:1048D8003146214806F0D8FA6369DBB91F4A204BF4
:1048E8003146204806F0D0FAA36913F0020F13D11D
:1048F8001A4A1D4B31461B4806F0C6FA6368013355
:1049080063605BB91B01114AD2582946114806F069
:10491800BBFACEE7154AE2E7144AEAE70C4AF4E79D
:104928004FF0FF3363610423A3612046FFF774FF50
:10493800B6E74FF0FF3363610223A3612046FFF718
:104948006BFFADE72046FFF767FFA9E788E200089D
:10495800B0DB0008C4DB0008D8DB0008B4DB0008C3
:1049680008DC000814DC00082CDC0008BCDB0008AC
:1049780080B582B000AF0C464A6882600322C260EC
:1049880002690132026100254561856100F05CFA27
:104998002168084806F078FA7D6003E000BF7B686C
:1049A80001337B607A6842F20F739A42F6D9FFF7B7
:1049B80015FF00BF3CDC000880B500AF194B1B6831
:1049C80013F0010F1ED0174B1B6813F0010F03D013
:1049D800154B1B685B684BB90120FDF78DFDE8B9E5
:1049E800124A134B1349144806F04EFA1349144857
:1049F800FDF7F8FDA0B90D4A124B0E490E4806F016
:104A080043FA80BDFDF79EFC30B9084A0E4B0949B0
:104A1800094806F039FAD6E70C4AF7E70B4AE0E707
:104A28000A4AE9E7EC040020F4040020B4DB00089B
:104A38007CDC000874DC000814DC000834900020DA
:104A48008CDC000898DC000860DC0008BCDB00088F
:104A580080B400AF024B1868BD465DF8047B704710
:104A6800349000202DE9F0418EB002AF634B1B68F3
:104A7800FB624FF00003624B07F11C040FCB07C425
:104A88002370384600F0B2F9D0B17968012924D9E9
:104A98005C4806F0F9F9FFF7B5FE00F02DFA384644
:104AA80000F0A4F93A685849584806F0EDF9FB684F
:104AB800082B1CD03846FFF7D5FEFFF77DFF49E0ED
:104AC800FFF7A0FE00F018FA384600F08FF93A68B0
:104AD8004D494E4806F0D8F9E9E73B690193009142
:104AE800FB683A6848494A4806F0CEF9DFE73A6871
:104AF8004549484806F0C8F9002005F003F8D9E709
:104B080041463846FFF734FF434C7B6801337B60EE
:104B18000623FB603B6901333B61384600F094F99A
:104B2800224629463D4806F0AFF9284600F00CFB1E
:104B3800024629463A4806F0A7F90023BB6001223D
:104B4800FA607B61BB61384600F07EF94FF49670DD
:104B580005F038FA7C68002C34D12301314A02EB85
:104B68000418D558224629462F4806F08DF998F89A
:104B78000860012EC4D0FFF76BFF2A4B03EB041328
:104B88005C6822462949FDF711FBBC6000237B6164
:104B9800BB61B31EDBB2012B03D8022EB4D0244C68
:104BA800B3E70223FB60384600F04EF9284600F0D0
:104BB800CBFA024629461F4806F066F97B6801339E
:104BC8007B60BAE70823FB600024BC60384600F02D
:104BD8003BF93A680C490F4806F056F9204604F0AC
:104BE80091FF064B1A68FB6A5A404FF0000303D145
:104BF8003037BD46BDE8F081FEF78AFD3000002061
:104C08005CD80008E4DC0008C0DC0008C8DC000848
:104C180014DD000844DD0008B4DC000884DD000869
:104C2800A0DD000888E2000864DD000878DD0008DF
:104C3800B8DC0008D4DD000880B584B004AF1C4897
:104C480006F022F900F086FAFDF77CFBE0B9FDF7E3
:104C580021FF00BB0120FDF74FFC00BB00F0CAFAA2
:104C6800144B0293144B01930323009300234FF436
:104C780080521249124804F0CDFEA0B104F0C4FFDE
:104C8800104806F001F902E00F4806F0FDF84FF071
:104C9800FF30BD4680BD0D4806F0F6F8F7E70C4832
:104CA80006F0F2F8F3E70B4806F0EEF8EFE700BF7E
:104CB800ECDD0008D48F0020D44F0020A4DE0008CB
:104CC8006D4A0008D4DE00082CDE000858DE000813
:104CD80080DE0008B0DE000890B589B000AF044659
:104CE8000F4B1B68FB614FF00003384600F07EF85D
:104CF80048B1FB68082B06D07C61BB610723FB60C9
:104D0800384600F0A1F8064B1A68FB695A404FF084
:104D1800000302D12437BD4690BDFEF7F9FC00BF61
:104D28003000002080B400AF0368426853408268B6
:104D38005340C268534002695340426953408269F4
:104D48005340C2695340026A5340426A5340034881
:104D58005840BD465DF8047B704700BFE5713CA92B
:104D680080B400AF0D4B1A6802605A6842609A68B6
:104D78008260DA68C2601A6902615A6942619A6996
:104D88008261DA69C2611A6A02625A6A42629B6A7D
:104D98008362BD465DF8047B704700BF90A0022087
:104DA80098B500AF02680F4B9A4212D14368022BA4
:104DB80011D182680C4B9A420FD18369013B072BB2
:104DC8000DD8846AFFF7AEFF844214BF002001208B
:104DD80000E0002098BD0020FCE70020FAE7002052
:104DE800F8E700BF4D465444D0BDE5D6B0B58CB009
:104DF80000AF0446134B1B68FB624FF000033846B4
:104E0800FFF7AEFF3846FFF7CBFF034668B1FA68F5
:104E180022603A6962607A69A260BA69E260FA69F6
:104E280022613A6A62617A6AA261064A1168FA6A7C
:104E380051404FF0000203D118463037BD46B0BD8F
:104E4800FEF766FC30000020B0B58CB000AF044619
:104E5800254B1B68FB624FF000032C2200213846CB
:104E6800FBF742FC214B3B6002237B60204BBB607D
:104E78002368FB6063683B61A3687B61E368BB618F
:104E88002369FB6163693B62A3697B623846FFF76C
:104E980049FFB862EFF3108272B6164B002199628F
:104EA8003968196079685960B9689960F968D96092
:104EB8003969196179695961B9699961F969D9617A
:104EC800396A1962796A5962B96A996202B962B62D
:104ED800054B1A68FB6A5A404FF0000302D130377D
:104EE800BD46B0BDFEF714FC300000204D465444CA
:104EF800D0BDE5D690A0022080B588B000AF0F4B9A
:104F08001B68FB614FF0000300223A607A60BA60C8
:104F1800FA603A617A61BA6138600122FA6038460B
:104F2800FFF792FF054B1A68FB695A404FF00003E0
:104F380002D12037BD4680BDFEF7EAFB30000020D5
:104F480090B589B000AF0446104B1B68FB614FF069
:104F580000033846FFF74AFF28B1FB68032B02D14C
:104F6800BB68A34209D0094B1A68FB695A404FF045
:104F7800000308D12437BD4690BD0423FB603846A2
:104F8800FFF762FFEFE7FEF7C3FB00BF300000202A
:104F9800F0B589B000AF06460D461446114B1B68A4
:104FA800FB614FF000033846FFF720FF28B1FB688C
:104FB800042B02D1BB68B34209D00A4B1A68FB69BB
:104FC8005A404FF000030AD12437BD46F0BD7D6139
:104FD800BC610523FB603846FFF736FFEDE7FEF7B7
:104FE80097FB00BF3000002090B583B000AFBC69CC
:104FF8000144114419442144FB6919443960504063
:1050080060407860FEF724F9104B40F2F5321A60E0
:105018000F4A5A600F4A9A601C22DA6000221A610D
:10502800FDF744FD70B1FEF73DFBFBF701F9FEF714
:1050380057FB3B687A685340074A136010680C377F
:10504800BD4690BDFEF714F9F3E700BF3400002019
:1050580008DF000814DF0008389000202DE9F0412F
:1050680084B002AF04460D46164698460A237B6074
:10507800FFF7EEFC0B49FDF749F87B6A01933B6AA1
:1050880000934346324629462046FFF7ADFF79682C
:10509800054A13684B4013607B6818440837BD46BF
:1050A800BDE8F0815CDF0008389000202DE9F04170
:1050B80084B002AF04460D461646984664237B60CA
:1050C800FFF7C6FC0B49FDF721F87B6A01933B6AA1
:1050D80000934346324629462046FFF7BFFF7968CA
:1050E800054A13680B4413607B6858400837BD466F
:1050F800BDE8F0817CDF00083890002080B582B0E0
:1051080002AFFFF7A5FC01220C49FDF74FF8FFF7A6
:105118009FFC06220A49FDF749F806230193052357
:1051280000930423032202210120FFF7BFFF054A51
:10513800136843401360BD4680BD00BFA0DF000870
:10514800B4DF00083890002080B500AFFFF7D6FF25
:10515800002080BDB0B588B000AF224B1B68FB6152
:105168004FF000033846FFF741FE38B1FB68032BC8
:1051780004D1BA6840F2F2339A4209D0194B1A683E
:10518800FB695A404FF000032AD12037BD46B0BD15
:105198001846FFF7D5FEEFF30584EFF31485FEF705
:1051A80057F8114B40F2F2321A60104A5A60104A0E
:1051B8009A601522DA6001221A61FDF777FC60B166
:1051C800FEF770FAFBF734F8FEF78AFA2A4621460A
:1051D80040F2F230FFF7DCFED0E7FEF749F8F5E7DA
:1051E800FEF796FA3000002034000020C8DF0008DF
:1051F800D4DF0008B0B588B000AF254B1B68FB6151
:105208004FF000033846FFF7F1FD38B1FB68032B78
:1052180004D1BA6840F2ED339A4209D01C4B1A689F
:10522800FB695A404FF000032FD12037BD46B0BD6F
:105238001846FFF785FEEFF30584EFF314852A4639
:105248002146144805F020FEFEF702F8124B40F202
:10525800ED321A60114A5A60114A9A602A22DA60BD
:1052680000221A61FDF722FC60B1FEF71BFAFAF77B
:10527800DFFFFEF735FA2A46214640F2ED30FFF708
:1052880087FECBE7FDF7F4FFF5E7FEF741FA00BF2D
:105298003000002018E000083400002048E0000832
:1052A800D4DF000898B500AFEFF30583124C2360F4
:1052B800FFF7CEFB22681149FCF778FFFDF7C8FF1E
:1052C8000F4B40F2EE321A600E4A5A600E4A9A604C
:1052D8003722DA6000221A61FDF7E8FB48B1FEF7D1
:1052E800E1F9FAF7A5FFFEF7FBF9084B01221A705E
:1052F80098BDFDF7BDFFF8E74090002054E0000896
:105308003400002070E00008D4DF00083C90002042
:1053180080B500AF00F0A0F800F0A6F9FFF78CFC0C
:1053280080BD000080B400AFBFF34F8F0549CA6845
:1053380002F4E062044B1343CB60BFF34F8F00BF0E
:10534800FDE700BF00ED00E00400FA0580B5A0B05D
:1053580000AF2A4B1B68FB674FF000030021796000
:10536800B960F96039617961B961602207F11C009F
:10537800FBF7BAF94FF4403000F0BEFB002832D1F9
:105388001023FB610121B963FB6300223A64022305
:105398007B65B9654FF4005139660321F9650F2122
:1053A8007966BB66FB663B670C237B67BA6707F1C8
:1053B8001C0000F0D7FEC8B91F237B600321B96029
:1053C8000023FB603B617B61BB61381D00F028FD59
:1053D80078B90A4B1A68FB6F5A404FF000030BD19B
:1053E8008037BD4680BD4FF0FF30F2E74FF0FF3009
:1053F800EFE74FF0FF30ECE7FEF78AF930000020C6
:1054080080B400AF0020BD465DF8047B7047000003
:1054180080B582B000AF0F4BD3F8942042F004025D
:10542800C3F89420D3F8942002F004023A603A6852
:10543800D3F8A82042F00202C3F8A820D3F8A83075
:1054480003F002037B607B6800F0B6FB0837BD46BB
:1054580080BD00BF000C024680B500AF00F080F9A7
:10546800FFF774FF00B1FEE7002000F021FB00F019
:1054780035FB044B4FF000629A60BFF34F8FBFF3C8
:105488006F8F80BD00ED00E080B400AF0A4AD2F80B
:10549800FC3043F08073C2F8FC30084B00225A609D
:1054A8001A6842F001021A60BFF34F8FBFF36F8F83
:1054B800BD465DF8047B704700ED00E0001000E099
:1054C80080B400AF024B5868BD465DF8047B704756
:1054D800001000E080B400AF054B0360054B0B6083
:1054E8004FF480731360BD465DF8047B704700BFBE
:1054F800A49C0020A498002080B400AF054B036052
:10550800054B0B604FF400731360BD465DF8047BD8
:10551800704700BF449800204490002080B500AF39
:10552800044805F0B1FC0520FFF7D6FB05F0F6FAB4
:10553800FFF7F8FE7CE0000880B500AF0A46014698
:10554800044805F0A1FC0120FFF7C6FB05F0E6FAC8
:10555800FFF7E8FE9CE0000880B582B000AF0C4B76
:105568001B687B604FF00003F8704FF0FF33012297
:10557800F91C084803F06BFC054B1A687B685A4015
:105588004FF0000302D10837BD4680BDFEF7C0F8D2
:1055980030000020049D002098B500AF0446FFF7B6
:1055A800DBFF204698BD000090B5BDB000AF0446B3
:1055B800294B1B68C7F8EC304FF000030021F96055
:1055C80039617961B961F961C82207F12000FBF7F7
:1055D8008BF82268214B9A420AD01F4B1A68D7F8D9
:1055E800EC305A404FF0000333D1F437BD4690BD3C
:1055F80001220023C7E9082307F1200001F01AFC63
:10560800174BD3F8A42042F48042C3F8A420D3F85F
:10561800A42002F480427A607A68D3F88C2042F0A1
:105628000102C3F88C20D3F88C3003F00103BB606F
:10563800BB684FF4C063FB6002233B6100227A61C0
:10564800BB610723FB6107F10C01064800F012F962
:10565800C3E7FEF75DF800BF3000002000380140C6
:10566800000C02460000024280B500AF0D480E4B08
:1056780003604FF4E123436000238360C360036148
:105688000C2242618361C36103624362836203F057
:10569800B2FC00B1FEE7034803F0DFFC0028F9D1B3
:1056A80080BD00BF049D002000380140FAF704BE09
:1056B80080B500AFFFF7F6FD80BD0000DFF834D0FD
:1056C80000F026F8002103E00B4B5B5843500431EF
:1056D8000A480B4B42189A42F6D30A4A02E00023C2
:1056E80042F8043B084B9A42F9D305F08FFBFFF7C9
:1056F8000FFEFEE700000C20D8E60008000000209E
:10570800600000206000002090A00220FEE700005A
:1057180080B400AF1048D0F8883043F47003C0F864
:1057280088300E4B01221A600022DA611A625A622E
:10573800196821F0A85121F4102119609A6219689A
:1057480021F4802119601A654FF000638360BD461B
:105758005DF8047B704700BF00ED00E0000C0246D6
:1057680098B500AF032000F029F800F097FA0B4B2A
:105778001B6A03F00F030A4AD35CD840094B186030
:10578800042000F033F80020FFF73AFE10B101249E
:10579800204698BD0446FFF73BFEF9E7000C024699
:1057A800E4E200085800002080B400AF024B1868FB
:1057B800BD465DF8047B70478C9D002080B400AF27
:1057C800094AD36823F4E0631B041B0C000200F4AD
:1057D800E060034343F0BF6343F40033D360BD4646
:1057E8005DF8047B704700BF00ED00E080B400AFB7
:1057F80004280AD8DFE800F00D1B2B0903004FF03E
:10580800E022136943F004031361BD465DF8047B8D
:1058180070474FF0E022136923F004031361144A20
:10582800D2F8E03023F44003C2F8E030EDE74FF05F
:10583800E022136923F0040313610D4AD2F8E03023
:1058480023F4400343F48003C2F8E030DDE74FF06F
:10585800E022136923F004031361054AD2F8E0300B
:1058680023F4400343F40003C2F8E030CDE700BF5F
:10587800000C02462DE9F04100AF04460023E6E0A3
:10588800056825EA0C054C6804F001049C402C438B
:105898000460834D55F8334005EBC3056D684FEA46
:1058A800D50C0CF1080C54F82C6005F0070E4FEAE3
:1058B8008E0E4FF00F0808FA0EF826EA08080B2695
:1058C80006FA0EF646EA080644F82C6026684FEAFF
:1058D800450E4FF0030C0CFA0EFC26EA0C0C0226BF
:1058E80006FA0EF646EA0C06266026E0DE080836BA
:1058F80050F8265003F0070C4FEA8C0C4FF00F0EAF
:105908000EFA0CFE25EA0E0E0D6905F00F0505FAD4
:105918000CF545EA0E0540F8265026684FEA430C78
:10592800032505FA0CF526EA05064D6805F003057A
:1059380005FA0CF5354325601D464E6806F1FF3C17
:10594800BCF1010F03D9112E01D0122E1CD1A6686B
:105958004FEA450E4FF0030C0CFA0EFC26EA0C0C2D
:10596800CE6806FA0EF646EA0C06A66066684FF0A0
:10597800010C0CFA05FC26EA0C0C4E68C6F300165E
:10598800AE4046EA0C0666604E68032E0CD0E66808
:105998006D004FF0030C0CFA05FC26EA0C0C8E681F
:1059A800AE4046EA0C06E6604D6815F0805F4DD0C3
:1059B8009E08DFF8F4E018365EF8265003F0030C72
:1059C8004FEACC0C4FF00F0808FA0CF825EA080843
:1059D800344D05EA902505FA0CF545EA08054EF818
:1059E8002650DEF800606FEA020E26EA020C4D68C7
:1059F80015F4801F01D042EA060C2B4EC6F800C0F1
:105A080076680EEA060C4D6815F4001F01D042EACC
:105A1800060C254EC6F804C0D6F884600EEA060CBB
:105A28004D6815F4003F01D042EA060C1E4EC6F838
:105A380084C0D6F880600EEA060C4D6815F4803FE5
:105A480001D042EA060C184AC2F880C001330A683D
:105A580032FA03F522D04FF0010C0CFA03FC1CEAD1
:105A68000202F3D0114DA8423FF40AAF4D68022D4F
:105A78003FF43CAF122D3FF439AF26684FEA430E8E
:105A88004FF0030C0CFA0EFC26EA0C0605F0030591
:105A980005FA0EF5354325601D464EE7BDE8F08151
:105AA800F4E200087F7F2F00002002460000024633
:105AB80080B400AF084B1B6813F0010F0AD1064AE7
:105AC800136823F00403034313600020BD465DF808
:105AD800047B70470120F9E70004034080B400AF5D
:105AE800044A136843F0010313600020BD465DF8C3
:105AF800047B70470004034080B400AF254BDB6B88
:105B080003F44033834219D0B0F5803F20D9214AAD
:105B1800D36823F4E023034343F48023D3601E4B6C
:105B28001B681E4AA2FB03139B09322101FB03F3E6
:105B3800A2FB03239B0901331A4611E0B0F5803F0D
:105B480004D9144AD36843F48023D36000201BE0AF
:105B5800104AD36823F4E0230343D360DFE7013A14
:105B68000C49C96811F4004F01D1002AF7D112B9C4
:105B7800032009E0013B074AD26B12F4004F01D120
:105B8800002BF7D123B10020BD465DF8047B704798
:105B98000320F9E70008024658000020D34D6210A0
:105BA80080B400AF034BD86B00F44030BD465DF8BD
:105BB800047B70470008024680B400AF044AD36AE9
:105BC80043F00103D362BD465DF8047B704700BF14
:105BD80000080246B0B582B000AF04462D4BD3F89A
:105BE800943013F0040F0FD0FFF7DAFFB0F5403F01
:105BF80020D0B0F5003F1DD0B4F1805F2DD2B0F5B4
:105C0800803F41D0012025E0224DD5F8943043F063
:105C18000403C5F89430D5F8943003F004037B608E
:105C28007B68FFF7BDFFD5F8943023F00403C5F86F
:105C38009430DBE7B4F1805F24D20120164A136860
:105C480023F00F0303431360136803F00F03834229
:105C58001ED100200837BD46B0BDB4F1005F05D99C
:105C6800A0B9B4F1405FE9D80120E7E7B4F1805F5B
:105C780001D00120E2E7B0F5803F01D00220DDE746
:105C88000120DBE70020D9E70320D7E70020D5E78C
:105C98000120DFE7000C0246002002405B4AD3697E
:105CA800926A13F00C0311D002F003020C2B0BD0F4
:105CB800564AD26902F00C02042A1FD0082B00F0C1
:105CC800A2800020014612E0012AF1D14F4A9268D1
:105CD80012F4000F0ED14D4AD2F8F420C2F3033269
:105CE8004B4951F82210002B00F08B8000200C2B20
:105CF80007D07047454A9268120FF1E745480021DE
:105D0800F5E780B500AF4148836A03F0030C836A66
:105D1800C3F30323013307EE103A836AC3F3001E6B
:105D2800836BC3F3CC030EFB03F307EE903AF8EE54
:105D3800677ABCF1020F1FD0BCF1030F46D006EE04
:105D4800901AB8EE666AB8EE477AC6EE076A2F4B25
:105D58005B6BC3F3080307EE103AB8EE477A9FED82
:105D68002E6A67EE867A77EE277AB7EE007A77EEB4
:105D7800877A66EEA76A19E0B8EE477A9FED276A38
:105D8800C6EE076A214B5B6BC3F3080307EE103AB4
:105D9800B8EE477A9FED206A67EE867A77EE277A23
:105DA800B7EE007A77EE877A66EEA76A174B5B6BD9
:105DB800C3F30663013307EE903AB8EE677AC6EE8E
:105DC800877AFCEEE77A17EE900A80BDB8EE477A3C
:105DD8009FED126AC6EE076A0C4B5B6BC3F30803B0
:105DE80007EE103AB8EE477A9FED0B6A67EE867AAF
:105DF80077EE277AB7EE007A77EE877A66EEA76AAB
:105E0800D4E7084670470348704700BF000C0246B5
:105E18009CE200080024F400000000390024744BC0
:105E2800002800F079812DE9F04182B000AF0D46DD
:105E38000446814B1B6803F00F038B420BD27E4A4A
:105E4800136823F00F030B431360136803F00F0369
:105E58008B4240F06381236813F0100F0CD0626905
:105E6800764B5B6A03F070039A4205D973494B6A13
:105E780023F070031A434A62236813F0080F0ED008
:105E880022696E4B1B6A1B0903F070039A4206D9FC
:105E98006A490B6A23F4E06343EA02130B6223683E
:105EA80013F0040F0CD0E268644B1B6A03F0700314
:105EB8009A4205D961490B6A23F070031A430A62B2
:105EC800236813F0020F0CD0A2685C4B1B6A03F026
:105ED8000F039A4205D959490B6A23F00F031A4355
:105EE8000A62236813F0010F00F0AC806368032B8B
:105EF8000AD0022B65D0002B6AD1504B1B6813F0D7
:105F0800040F2AD1012003E14C4BD3F8943013F04D
:105F1800040F0FD1494BD3F8942042F00402C3F880
:105F28009420D3F8943003F004037B607B684FF02F
:105F3800010801E04FF00008FFF736FC0646404B29
:105F4800DB6813F4802F28D1B8F1000F31D13B4B17
:105F58001B6813F0007F00F0E380384AD36923F010
:105F6800030361680B43D361FFF71EFC06466368B1
:105F7800032B34D0022B41D0002B4ED02F4BDB69A2
:105F880003F00C03042B5DD0FFF70EFC801B41F2DD
:105F980088339842F2D90320BAE0294BDB6813F41E
:105FA800804FD1D1FFF700FC801B0228F5D90320D0
:105FB800AEE0224AD2F8943023F00403C2F89430B9
:105FC800C5E71E4B1B6813F4003FC6D101209FE0B4
:105FD8001A4B1B6813F4806FBFD1012098E0174B50
:105FE800DB6903F00C030C2B2CD0FFF7DDFB831BC4
:105FF80041F288329342F2D9032089E00F4BDB69E2
:1060080003F00C03082B1DD0FFF7CEFB801B41F2D9
:1060180088339842F2D903207AE0084BDB6913F001
:106028000C0F0FD0FFF7C0FB801B41F2883398425A
:10603800F3D903206CE000BF00200240000C0246A8
:1060480000080246236813F0020F0CD0A268364BF2
:106058001B6A03F00F039A4205D233490B6A23F0F7
:106068000F031A430A62314B1B6803F00F03AB425C
:106078000AD92E4A136823F00F032B4313601368C1
:1060880003F00F03AB424DD1236813F0040F0CD07B
:10609800E268254B1B6A03F070039A4205D2224935
:1060A8000B6A23F070031A430A62236813F0080F7F
:1060B8000ED022691C4B1B6A1B0903F070039A421D
:1060C80006D219490B6A23F4E06343EA02130B6210
:1060D800236813F0100F0CD06269134B5B6A03F04E
:1060E80070039A4205D210494B6A23F070031A4391
:1060F8004A62FFF7D3FD0C4B1B6A03F00F030C4AEF
:10610800D35CD8400B4B18600B4B1868FFF778F935
:106118000837BD46BDE8F081012070470120F7E748
:106128000120F5E70120F3E7000C024600200240B9
:10613800E4E20008580000205C00002080B500AFB1
:10614800FFF7ACFD044B1B6A03F00F03034AD35C53
:10615800D840034B186080BD000C0246E4E20008FA
:1061680058000020002800F030852DE9F04184B067
:1061780000AF04469D4BDD6905F00C059E6A06F0EC
:106188000306036813F0100F00F09580F5B10C2D8D
:106198001AD0E369002B00F01281944A136843F087
:1061A80001031360FFF700FB8046904B1B6813F058
:1061B800040F40F0CE80FFF7F7FAA0EB08000228A2
:1061C800F3D9032000F004BD012EE2D1E369002BCE
:1061D80000F0FD84606A854B9B6813F4000F1CD0A7
:1061E800824B9B6803F07043984244D9E5B17F4ADB
:1061F800936843F400039360936823F07043616AE3
:106208000B439360636AB3F1404F14D3D36823F010
:106218001F03216A0B43D36044E0744BD3F8F43076
:106228001B0403F07043DFE7FFF7D4FC0028DED03F
:10623800012000F0CDBC002B0BDBB3F1804F11D354
:106248006A4AD36823F4F843216A43EA8123D36076
:1062580028E0664AD36823F47873216A43EA411335
:10626800D3601FE0614AD36823F47823216A43EAA4
:10627800C133D36016E05D4A936843F4000393602A
:10628800936823F07043616A0B439360636AB3F1C8
:10629800404F36D3D36823F01F03216A0B43D360E2
:1062A800002D4ED0FFF74AFF514B1868FFF7A8F8AA
:1062B800002840F08D84236813F0010F00F0A180BE
:1062C800082D00F09A800C2D00F094806368B3F5D7
:1062D800803F00F0B780B3F5A02F00F0CA80B3F577
:1062E800A81F00F0D480414B1A6822F480321A604B
:1062F8001A6822F480221A601A6822F480121A603E
:10630800A5E0002B0BDBB3F1804F11D3374AD368DC
:1063180023F4F843216A43EA8123D360C0E7334A70
:10632800D36823F47873216A43EA4113D360B7E74B
:106338002E4AD36823F47823216A43EAC133D36011
:10634800AEE7606AFFF746FC0028ABD0012000F0FA
:106358003FBC264A936843F400039360936823F094
:106368007043616A0B439360636AB3F1404F06D38D
:10637800D36823F01F03216A0B43D3609BE7002BEC
:106388000BDBB3F1804F11D3184AD36823F4F843D9
:10639800216A43EA8123D3608DE7144AD36823F442
:1063A8007873216A43EA4113D36084E70F4AD368BC
:1063B80023F47823216A43EAC133D3607BE70B4A8D
:1063C800136823F001031360FFF7EEF98046074BCB
:1063D8001B6813F0040F3FF46EAFFFF7E5F9A0EB6D
:1063E80008000228F3D90320F2E300BF000C02469C
:1063F8005C000020032E7FF469AF6368002B00F077
:10640800EB83236813F0020F6DD0042D5FD00C2DA1
:106418005BD0E368002B00F0C180AB4A136843F4FB
:1064280080731360FFF7C0F90546A74B1B6813F488
:10643800806F40F0AA80FFF7B7F9401B0228F4D913
:106448000320C5E3A04A136843F4803313606368EC
:106458005BB3FFF7A9F980469B4B1B6813F4003F19
:10646800CFD1FFF7A1F9A0EB08006428F4D90320E5
:10647800AEE3954B1A6842F480221A601A6822F437
:1064880080121A601A6842F480321A60DFE78E4B75
:106498001A6842F480221A601A6842F480121A605C
:1064A8001A6842F480321A60D1E7FFF77DF9804616
:1064B800854B1B6813F4003FA3D0FFF775F9A0EBD9
:1064C80008006428F4D9032082E3022EA1D1E368EE
:1064D800002B00F083837C4A136923F4F8132169A5
:1064E80043EA01431361236813F0080F00F0AF80FB
:1064F800754BD3F8943013F0040F63D1724BD3F873
:10650800942042F00402C3F89420D3F8943003F0A6
:1065180004037B607B6801256C4B9B6A13F0010FB9
:1065280052D06369002B7AD0674BD3F8F030A16959
:1065380003F08052914211D003F04062B2F1006F33
:1065480000F04E8313F0806F52D15F4AD2F8F030DA
:1065580023F08053A1690B43C2F8F0305A4AD2F8AD
:10656800F03043F08063C2F8F030FFF71DF90646BB
:10657800554BD3F8F03013F0006F67D1FFF714F9DB
:10658800801B0528F4D9032022E34F4A136923F41A
:10659800F813216943EA01431361A4E74A4A1368DF
:1065A80023F480731360FFF7FFF80546464B1B681A
:1065B80013F4806F97D0FFF7F7F8401B0228F5D93E
:1065C800032005E30025A7E7404A936A43F0010347
:1065D8009362FFF7E9F806463C4B9B6A13F0010FFC
:1065E8009FD1FFF7E1F8801B0228F5D90320EFE2DD
:1065F800354AD2F8F03023F0A053C2F8F030FFF754
:10660800D3F80646304BD3F8F03013F0006F9CD027
:10661800FFF7CAF8801B0528F4D90320D8E22A4AD4
:10662800D2F8F03023F0A053C2F8F030FFF7BCF8EE
:106638000646254BD3F8F03013F0006F06D0FFF76D
:10664800B3F8801B0528F4D90320C1E295BB236861
:1066580013F0040F00F0D9801B4BD3F8943013F0DB
:10666800040F2FD1184BD3F8942042F00402C3F83A
:106678009420D3F8943003F00403BB60BB68012571
:10668800124B9B6A13F0010F22D0A36813F0010F7D
:106698003AD013F0040F2FD00B4BD3F8F02042F070
:1066A8000402C3F8F020D3F8F02042F00102C3F846
:1066B800F02036E0044AD2F8943023F00403C2F8FC
:1066C8009430C4E70025DBE7000C024600080246C8
:1066D800A84A936A43F001039362FFF765F80646F8
:1066E800A44B9B6A13F0010FCFD1FFF75DF8801B15
:1066F8000228F5D903206BE29F4AD2F8F03043F024
:106708000103C2F8F0300CE09B4BD3F8F02022F0E4
:106718000102C3F8F020D3F8F02022F00402C3F8F5
:10672800F020A368002B41D0FFF73EF80646924BB5
:10673800D3F8F03013F0020F08D1FFF735F8801BBB
:1067480041F288339842F2D9032041E2A36813F05A
:10675800800F15D0884AD2F8F03043F08003C2F891
:10676800F030854BD3F8F03013F4006F4CD1FFF7BD
:106778001BF8801B41F288339842F2D9032027E2A4
:106788007D4AD2F8F03023F08003C2F8F0307A4B1B
:10679800D3F8F03013F4006F36D0FFF705F8801BFC
:1067A80041F288339842F2D9032011E2FEF7FCFF48
:1067B8000646714BD3F8F03013F0020F08D0FEF7FD
:1067C800F3FF801B41F288339842F2D90320FFE19E
:1067D800694BD3F8F03013F0800F15D0664AD2F821
:1067E800F03023F08003C2F8F030634BD3F8F03078
:1067F80013F4006F08D0FEF7D7FF801B41F28833EF
:106808009842F2D90320E3E1CDB9236813F0200FB1
:1068180031D0E36ADBB1584A136843F480531360FC
:10682800FEF7C2FF0546544B1B6813F4005F22D1E4
:10683800FEF7BAFF401B0228F5D90320C8E14E4AEB
:10684800D2F8943023F00403C2F89430DDE74A4AC2
:10685800136823F480531360FEF7A6FF0546464BE2
:106868001B6813F4005F06D0FEF79EFF401B02284A
:10687800F5D90320ACE1236813F0800F29D0236BEE
:106888009BB13D4A136843F480431360FEF78CFFC5
:106898000546394B1B6813F4004F1AD1FEF784FFE5
:1068A800401B0228F5D9032092E1334A136823F4E8
:1068B80080431360FEF778FF05462F4B1B6813F4DF
:1068C800004F06D0FEF770FF401B0228F5D90320C1
:1068D8007EE1236813F0400F64D0636B002B4DD02A
:1068E800254A936843F400039360936823F0706328
:1068F800A16A0B439360636AB3F1404F19D3D3681D
:1069080023F01F03216A0B43D3601B4A136843F02B
:1069180010031360FEF748FF0546174B1B6813F07A
:10692800200F3FD1FEF740FF401B0228F5D9032076
:106938004EE1002B0BDBB3F1804F11D30E4AD36825
:1069480023F4F843216A43EA8123D360DDE70A4A46
:10695800D36823F47873216A43EA4113D360D4E7F8
:10696800054AD36823F47823216A43EAC133D36004
:10697800CBE700BF00080246000C0246A24A136893
:1069880023F010031360FEF70FFF05469E4B1B68AC
:1069980013F0200F06D0FEF707FF401B0228F5D999
:1069A800032015E1A36B002B00F01C81964AD269E5
:1069B80002F00C020C2A00F0BC80022B14D0924A80
:1069C800136823F080731360FEF7EEFE04468E4BC7
:1069D8001B6813F0007F00F0A380FEF7E5FE001BA4
:1069E8000228F4D90320F3E0874A136823F0807360
:1069F8001360FEF7D9FE0546834B1B6813F0007F32
:106A080006D0FEF7D1FE401B0228F5D90320DFE0AF
:106A18007D4BD3F8943013F0040F68D17A4BD3F838
:106A2800942042F00402C3F89420D3F8943003F081
:106A38000403FB60FB680125744BDB6813F4802FAB
:106A480057D10026714AD36823F48023D3606E4B54
:106A58009A6A22F47F4222F00302E16B206C01382B
:106A680041EA0021606C01430A439A625A6B684804
:106A78001040A26C013AC2F30802E16C01394902E4
:106A880089B20A43216D0139090401F4FE010A4360
:106A9800616D0139090601F0FE410A43104358634C
:106AA8009A6A22F010029A62E26DD2009A639A6A98
:106AB80042F010029A629A6A22F00C02A16D0A430F
:106AC8009A62C6B9EDB9504A136843F080731360EF
:106AD800FEF76AFE04464C4B1B6813F0007F18D182
:106AE800FEF762FE001B0228F5D9032070E000259E
:106AF800A2E70126A6E7454AD36843F48023D3607A
:106B0800E0E7414AD2F8943023F00403C2F8943005
:106B1800D9E73D4A936A43F480239362002057E003
:106B2800394A936A23F4E02323F003039362002095
:106B38004EE0354A916A506B012B55D001F00303A2
:106B4800E26B934252D1C1F30322236C013B9A4278
:106B58004ED101F47041636C99424BD1C0F30802E5
:106B6800A36C013B9A4247D1C0F34622E36C013B38
:106B78009A4243D1C0F30642236D013B9A423FD16A
:106B8800C0F30660636D013B98423BD11E4B9B6B83
:106B9800C3F3CC03E26D934201D1002018E01A4AF6
:106BA800936A23F010039362FEF7FEFD0546FEF795
:106BB800FBFDA842FBD0E26DD200134B9A639A6AA0
:106BC80042F010029A62002002E001207047012082
:106BD8001037BD46BDE8F0810120F9E70120F7E74D
:106BE8000120F5E70020F3E70120F1E70120EFE7B6
:106BF8000120EDE70120EBE70120E9E70120E7E7C5
:106C08000120E5E70120E3E7000C02460008024600
:106C18000000808080B500AFFFF790FA034B1B6A35
:106C2800C3F30213024AD35CD84080BD000C02466D
:106C3800DCE2000880B500AFFFF780FA034B1B6A5F
:106C4800C3F30223024AD35CD84080BD000C02463D
:106C5800DCE2000880B500AFFFF770FA034B5B6A0F
:106C6800C3F30213024AD35CD84080BD000C02462D
:106C7800DCE20008B0B500AF0546344A136823F0DB
:106C880080531360FEF790FD0446304B1B6813F0E9
:106C9800005F06D0FEF788FD001B0228F5D9032007
:106CA800B0BD2A4B1A6B22F4706222F003022968E5
:106CB8006868013841EA00210A431A635A6C24487B
:106CC8001040AA68013AC2F30802E968013949028A
:106CD80089B20A4329690139090401F4FE010A430A
:106CE80069690139090601F0FE410A4310435864F5
:106CF8001A6B22F00C02A9690A431A631A6B296AF3
:106D08000A431A631A6B22F010021A639A6C6FF323
:106D1800CF02E96942EAC1029A641A6B42F0100292
:106D28001A631A6842F080521A60FEF73DFD044665
:106D3800064B1B6813F0005F06D1FEF735FD001BFC
:106D48000228F5D90320ABE70020A9E7000C02468A
:106D580000008080B0B500AF0546344A136823F0C0
:106D680080631360FEF720FD0446304B1B6813F068
:106D7800006F06D0FEF718FD001B0228F5D9032086
:106D8800B0BD2A4BDA6A22F4706222F00302296845
:106D98006868013841EA00210A43DA62DA6B24485C
:106DA8001040AA68013AC2F30802E96801394902A9
:106DB80089B20A4329690139090401F4FE010A4329
:106DC80069690139090601F0FE410A431043D86395
:106DD800DA6A22F00C02A9690A43DA62DA6A296AD5
:106DE8000A43DA62DA6A22F01002DA621A6C6FF386
:106DF800CF02E96942EAC1021A64DA6A42F0100273
:106E0800DA621A6842F080621A60FEF7CDFC044626
:106E1800064B1B6813F0006F06D1FEF7C5FC001B7C
:106E28000228F5D90320ABE70020A9E7000C0246A9
:106E3800000080802DE9F04383B000AF044603686A
:106E480013F0010F08D0AB4AD2F8E03023F0030367
:106E5800016D0B43C2F8E030236813F0020F08D02D
:106E6800A44AD2F8E03023F00C03616D0B43C2F85A
:106E7800E030236813F0040F08D09E4AD2F8E030BF
:106E880023F03003A16D0B43C2F8E030236813F000
:106E9800080F08D0974AD2F8E03023F0C003E16D1C
:106EA8000B43C2F8E030236813F0100F08D0914A62
:106EB800D2F8E03023F44073216E0B43C2F8E0307F
:106EC800236813F0200F08D08A4AD2F8E83023F05C
:106ED8000703616E0B43C2F8E830236813F0400FD4
:106EE80008D0844AD2F8E03023F44063A16E0B4303
:106EF800C2F8E030236813F0800F08D07D4AD2F83A
:106F0800E03023F44053E16E0B43C2F8E0302368CD
:106F180013F4807F08D0774AD2F8E83023F0C00312
:106F2800216F0B43C2F8E830236813F4800F08D0B0
:106F3800704AD2F8E03023F44043616F0B43C2F843
:106F4800E030236813F4007F08D06A4AD2F8E830AA
:106F580023F44063A16F0B43C2F8E830236813F4AD
:106F6800806F08D0634AD2F8E03023F44023E16F01
:106F78000B43C2F8E030236813F4006F09D05D4A70
:106F8800D2F8E83023F44073D4F880100B43C2F8E9
:106F9800E830236813F4005F36D0D4F89030402BE3
:106FA80013D00BD81BB3202B05D104F12C00FFF70D
:106FB80061FE054620E00126354627E0602B1FD0FC
:106FC800802B1FD00126354620E04A4A936A43F4B5
:106FD800803393620025474AD2F8E43023F0E00377
:106FE800D4F890100B43C2F8E43000260EE004F108
:106FF8000800FFF7AFFE0546002DECD02E4605E051
:107008000025E8E70025E6E700263546236813F45F
:10701800804F2BD0D4F89430B3F5007F16D00CD81D
:10702800D3B3B3F5807F05D104F12C00FFF722FE1E
:10703800054610E00126354618E0B3F5407F0AD032
:10704800B3F5806F07D0012635460FE0294A936AC9
:1070580043F4803393622DBB264AD2F8E43023F4FC
:10706800E063D4F894100B43C2F8E430236813F4B7
:10707800004F30D0D4F8A830B3F5005F1BD013D937
:10708800B3F5804F1CD0B3F5A04F19D0B3F5405FCE
:1070980016D0012635461EE004F10800FFF75AFE17
:1070A8000546D8E72E46E1E753B1B3F5805F07D030
:1070B800012635460FE004F10800FFF74BFE0546B0
:1070C800B5B90C4AD2F8E83023F4E043D4F8A81054
:1070D8000B43C2F8E830236813F4803F27D0D4F874
:1070E8008830042B1FD8DFE803F00C07180C0C00BD
:1070F8002E46F0E7000C0246744A936A43F4803344
:1071080093629DB9714AD2F8E43023F00703D4F8AA
:1071180088100B43C2F8E43009E004F12C00FFF7B3
:10712800A9FD0546EDE70126354600E02E46236811
:1071380013F4003F19D0D4F88C30B3F5003F3BD09E
:1071480031D83BB1B3F5803F2AD1604A936A43F402
:1071580080339362B5BB5D4AD2F8E83023F4E0236C
:10716800D4F88C100B43C2F8E830236813F4802F4E
:1071780000F08580554BD3F8943013F0040F23D1D9
:10718800524BD3F8942042F00402C3F89420D3F869
:10719800943003F004037B607B684FF0010915E02D
:1071A80001263546E1E7B3F5403FD3D0B3F5802F4C
:1071B800D0D001263546D8E704F12C00FFF75AFD58
:1071C8000546C7E72E46D0E74FF00009404A936AC4
:1071D80043F001039362FEF7E7FA80463C4B9B6A53
:1071E80013F0010F06D1FEF7DFFAA0EB0803022B1C
:1071F800F4D90325002D3ED1344BD3F8F03013F4E5
:10720800407319D0D4F8C0209A4212D02F4AD2F82D
:10721800F03023F44073D2F8F01041F48031C2F812
:10722800F010D2F8F01021F48031C2F8F010C2F852
:10723800F03013F0010F0BD1ADBB244AD2F8F03077
:1072480023F44073D4F8C0100B43C2F8F03013E0B5
:10725800FEF7AAFA80461D4BD3F8F03013F0020F60
:10726800EAD1FEF7A1FAA0EB080041F28833984270
:10727800F1D90325E0E72E46B9F1000F15D12368AF
:1072880013F4801F38D0D4F8A030B3F1006F21D0A8
:1072980016D823B3B3F1806F0FD104F10800FFF7BC
:1072A80059FD05461BE02E46E6E7084AD2F8943019
:1072B80023F00403C2F89430E1E7012635461BE0C9
:1072C800B3F1406F0BD00126354615E0000C02469D
:1072D80000080246714A936A43F400339362002D12
:1072E80040F08E806D4AD2F8E03023F04063D4F845
:1072F800A0100B43C2F8E030236813F4002F0BD022
:10730800D4F89830B3F5805F7CD0B3F5005F79D0BE
:10731800002B77D001263546236813F4805F09D007
:107328005E4AD2F8E43023F40063D4F89C100B438F
:10733800C2F8E430236813F4001F0ED0D4F8A43048
:10734800B3F5804F6AD0554AD2F8E43023F480432D
:10735800D4F8A4100B43C2F8E430236813F4000FE8
:1073680009D04E4AD2F8E03023F44013D4F8B410D0
:107378000B43C2F8E030236813F0807F09D0474AF6
:10738800D2F8E03023F44033D4F8B8100B43C2F8F5
:10739800E030236813F0007F09D0404AD2F8E83083
:1073A80023F01803D4F8BC100B43C2F8E830236864
:1073B80013F0806F15D0D4F8B030B3F5001F33D078
:1073C800D4F8B030B3F5401F34D0002D38D1334A4B
:1073D800D2F8E43023F44013D4F8B0100B43C2F8C9
:1073E800E430236813F0006F3CD0D4F88430B3F154
:1073F800807F27D0B3F1007F47D043B3012631E027
:107408002E4679E745B92549D1F8E42022F44052BF
:107418001343C1F8E4307FE72E467DE71F4A936A9D
:1074280043F4803393628EE71C4A936A43F4003333
:107438009362C5E704F10800FFF78CFC0546C4E732
:107448002E46CEE7154A936A43F40033936215BB80
:10745800124AD2F8E03023F04073D4F884100B437A
:10746800C2F8E030236813F0805F09D00B4AD2F8E5
:10747800E83023F40043D4F8AC100B43C2F8E830EA
:1074880030460C37BD46BDE8F08304F10800FFF72D
:1074980061FC0546DBE72E46E4E700BF000C024628
:1074A80090B500AF814C616BC1F30801A36A03F08A
:1074B800030CA36AC3F303235A1CA36AC3F3001E75
:1074C800A36BC3F3CC030EFB03F307EE903AF8EE7D
:1074D800677ABCF1020F2ED0BCF1030F00F0BA801E
:1074E800BCF1010F00F08A80704B9B6813F4000F09
:1074F80000F0CD806D4B9B681B0F6D4C04EB830334
:1075080093ED006AB8EE466A07EE102AB8EE477A9D
:10751800C6EE076A07EE101AB8EE477A9FED656A5D
:1075280067EE867A77EE277AB7EE007A77EE877A73
:1075380066EEA77A1BE007EE102AB8EE477A9FEDB1
:107548005E6AC6EE076A594B5B6BC3F3080307EE26
:10755800103AB8EE477A9FED576A67EE867A77EE6B
:10756800277AB7EE007A77EE877A66EEA77A4F4BDE
:107578009B6A13F4803F00F090804C4B5B6BC3F325
:10758800462307EE103AB8EE477AF7EE006A37EE70
:10759800267AC7EE876AFCEEE66AC0ED006A434BBE
:1075A8009B6A13F4003F7BD0404B5B6BC3F30643ED
:1075B80007EE103AB8EE477AF7EE006A37EE267A09
:1075C800C7EE876AFCEEE66AC0ED016A374B9B6A34
:1075D80013F4802F67D0354B5B6BC3F3066307EE5C
:1075E800103AB8EE477AF7EE006A37EE267AC7EE19
:1075F800876AFCEEE66AC0ED026A90BD2B4B9B6879
:1076080013F4000F20D0294B9B681B0F284C04EB68
:10761800830393ED006AB8EE466A07EE102AB8EEC7
:10762800477AC6EE076A07EE101AB8EE477A9FED5A
:10763800216A67EE867A77EE277AB7EE007A77EED8
:10764800877A66EEA77A92E7184BD3F8F430C3F33B
:107658000333DBE707EE102AB8EE477A9FED166A88
:10766800C6EE076A114B5B6BC3F3080307EE103ACB
:10767800B8EE477A9FED0F6A67EE867A77EE277A3B
:10768800B7EE007A77EE877A66EEA77A6FE7074B50
:10769800D3F8F430C3F303332FE7002303607EE706
:1076A8000023436092E700238360A6E7000C0246AC
:1076B8009CE20008000000390024744B90B500AF2C
:1076C800814CE16BC1F30801E36A03F0030CE36A40
:1076D800C3F303235A1CE36AC3F3001E236CC3F3EA
:1076E800CC030EFB03F307EE903AF8EE677ABCF191
:1076F800020F2ED0BCF1030F00F0BA80BCF1010FCD
:1077080000F08A80704B9B6813F4000F00F0CD8066
:107718006D4B9B681B0F6D4C04EB830393ED006A64
:10772800B8EE466A07EE102AB8EE477AC6EE076A40
:1077380007EE101AB8EE477A9FED656A67EE867A0B
:1077480077EE277AB7EE007A77EE877A66EEA77A31
:107758001BE007EE102AB8EE477A9FED5E6AC6EE88
:10776800076A594BDB6BC3F3080307EE103AB8EE10
:10777800477A9FED576A67EE867A77EE277AB7EEF3
:10778800007A77EE877A66EEA77A4F4BDB6A13F4B6
:10779800803F00F090804C4BDB6BC3F3462307EE31
:1077A800103AB8EE477AF7EE006A37EE267AC7EE57
:1077B800876AFCEEE66AC0ED006A434BDB6A13F4A5
:1077C800003F7BD0404BDB6BC3F3064307EE103A18
:1077D800B8EE477AF7EE006A37EE267AC7EE876A80
:1077E800FCEEE66AC0ED016A374BDB6A13F4802FC2
:1077F80067D0354BDB6BC3F3066307EE103AB8EE80
:10780800477AF7EE006A37EE267AC7EE876AFCEE0B
:10781800E66AC0ED026A90BD2B4B9B6813F4000F1B
:1078280020D0294B9B681B0F284C04EB830393ED56
:10783800006AB8EE466A07EE102AB8EE477AC6EE36
:10784800076A07EE101AB8EE477A9FED216A67EECD
:10785800867A77EE277AB7EE007A77EE877A66EE41
:10786800A77A92E7184BD3F8F430C3F30333DBE776
:1078780007EE102AB8EE477A9FED166AC6EE076A39
:10788800114BDB6BC3F3080307EE103AB8EE477AE7
:107898009FED0F6A67EE867A77EE277AB7EE007A61
:1078A80077EE877A66EEA77A6FE7074BD3F8F4305E
:1078B800C3F303332FE7002303607EE7002343600D
:1078C80092E700238360A6E7000C02469CE20008CA
:1078D800000000390024744B90B500AF814C616CF6
:1078E800C1F30801236B03F0030C236BC3F30323D9
:1078F8005A1C236BC3F3001EA36CC3F3CC030EFB0B
:1079080003F307EE903AF8EE677ABCF1020F2ED037
:10791800BCF1030F00F0BA80BCF1010F00F08A80BF
:10792800704B9B6813F4000F00F0CD806D4B9B6883
:107938001B0F6D4C04EB830393ED006AB8EE466AA7
:1079480007EE102AB8EE477AC6EE076A07EE101A55
:10795800B8EE477A9FED656A67EE867A77EE277A02
:10796800B7EE007A77EE877A66EEA77A1BE007EE25
:10797800102AB8EE477A9FED5E6AC6EE076A594B41
:107988005B6CC3F3080307EE103AB8EE477A9FED35
:10799800576A67EE867A77EE277AB7EE007A77EE3F
:1079A800877A66EEA77A4F4B1B6B13F4803F00F083
:1079B80090804C4B5B6CC3F3462307EE103AB8EE4D
:1079C800477AF7EE006A37EE267AC7EE876AFCEE4A
:1079D800E66AC0ED006A434B1B6B13F4003F7BD093
:1079E800404B5B6CC3F3064307EE103AB8EE477A98
:1079F800F7EE006A37EE267AC7EE876AFCEEE66A8B
:107A0800C0ED016A374B1B6B13F4802F67D0354BE1
:107A18005B6CC3F3066307EE103AB8EE477AF7EEED
:107A2800006A37EE267AC7EE876AFCEEE66AC0ED92
:107A3800026A90BD2B4B9B6813F4000F20D0294B92
:107A48009B681B0F284C04EB830393ED006AB8EE88
:107A5800466A07EE102AB8EE477AC6EE076A07EEBE
:107A6800101AB8EE477A9FED216A67EE867A77EEAC
:107A7800277AB7EE007A77EE877A66EEA77A92E7EA
:107A8800184BD3F8F430C3F30333DBE707EE102ABF
:107A9800B8EE477A9FED166AC6EE076A114B5B6C23
:107AA800C3F3080307EE103AB8EE477A9FED0F6A62
:107AB80067EE867A77EE277AB7EE007A77EE877ADE
:107AC80066EEA77A6FE7074BD3F8F430C3F30333B6
:107AD8002FE7002303607EE70023436092E700233B
:107AE8008360A6E7000C02469CE20008000000390B
:107AF8000024744B80B584B000AFB54B1B68FB60A5
:107B08004FF00003A0F580430B4300F0098244F2D4
:107B18000103984271F1000380F0DC80A0F180033A
:107B28000B4300F07284812871F1000380F0848097
:107B3800212871F100035BD250EA010300F0F086BE
:107B4800013841F1FF31202871F100010BD30020E9
:107B58009F4B1A68FB685A404FF0000340F09E871D
:107B68001037BD4680BD1F28F1D801A353F820F077
:107B7800D380000817810008577B00085B81000844
:107B8800577B0008577B0008577B00089F81000837
:107B9800577B0008577B0008577B0008577B000875
:107BA800577B0008577B0008577B0008E3810008D3
:107BB800577B0008577B0008577B0008577B000855
:107BC800577B0008577B0008577B0008577B000845
:107BD800577B0008577B0008577B0008577B000835
:107BE800577B0008577B0008577B00082D82000848
:107BF800403808431ED1774BD3F8E03013F4406384
:107C080000F0E983B3F5806F00F0E983714A1268E8
:107C180012F4806F03D0B3F5006F00F0EC866D4A64
:107C2800106810F0200093D0B3F5406F00F0DB83AC
:107C380000208DE700208BE7A0F500630B4300F0E0
:107C4800828440F60103984271F1000322D2A0F524
:107C580000730B4300F0C084A0F580630B4300F071
:107C68000B85A0F58070084312D15A4BD3F8E83041
:107C780003F0C003802B00F01F8400F20184002B66
:107C880000F01684402B40F0F883FEF707F85FE712
:107C980000205DE7A0F580530B4300F07081A0F54C
:107CA8000050084314D14B4BD3F8E43003F0E00301
:107CB800402B00F02B8100F21A81002B00F02B8161
:107CC800202B40F012813846FFF706FE38683FE760
:107CD80000203DE7A0F580030B4300F0FC833E4BFA
:107CE800984271F100037BD2A0F580230B4300F08A
:107CF800D0803A4B984271F100032ED3A0F580133F
:107D08000B4300F05381A0F500130B4300F08C8166
:107D1800A0F50020084359D12E4AD2F8E43003F4E4
:107D28004053126812F4005F02D0002B00F0AA86BC
:107D3800284A126812F4005F03D0B3F5805F00F0A0
:107D4800A486244A126812F4806F00F0A186B3F565
:107D5800005F00F0A0860020FAE6A0F580330B4310
:107D680000F0BD82A0F500330B4300F0F182A0F5CE
:107D78000040084328D1174BD3F8E83003F4E04318
:107D8800B3F5805F00F08882B3F5005F00F087826A
:107D9800002B00F08982B3F5A04F00F088820D4ACD
:107DA800126812F4003F03D0B3F5405F00F0138669
:107DB800084A126812F4806F00F01086B3F5804FFD
:107DC80000F00F860020C3E60020C1E60020BFE6D1
:107DD80030000020000C02460100400001000400B1
:107DE80000F17C430B4300F05885AD4B984271F18C
:107DF800000324D200F17F430B4300F0C18400F15B
:107E08007E430B4300F0FC84A0F50000084314D126
:107E1800A44BD3F8E03003F44013B3F5001F00F08F
:107E2800A08400F28184002B00F09784B3F5801FB2
:107E380040F07784FDF732FF8AE6002088E600F1FB
:107E480078430B4300F04C8400F1704008431ED186
:107E5800944AD2F8E83003F40043D2F8F02012F044
:107E6800020F02D0002B00F002868E4AD2F8F000F2
:107E780010F000603FF46CAE002B00F0FC85D2F8E7
:107E8800F03013F0805F00F0F985FA2060E60020FA
:107E98005EE6844AD2F8F03003F44073D2F8F0205A
:107EA80012F0020F03D0B3F5807F00F03C857D4AC5
:107EB800D2F8F02012F0006F02D0B3F5007F0BD09B
:107EC800784A126812F4003F00F03585B3F5407F18
:107ED80000F0348500203BE6724BD3F8F03013F005
:107EE800805F00F02485FA2032E6002030E6602B1F
:107EF80000F02785802B07D16A4B186810F4806042
:107F08003FF426AE684823E6002021E63846FFF70E
:107F1800C7FA38681CE63846FFF7D0FB386817E61A
:107F2800604BD3F8E43003F4E063B3F5007F1CD072
:107F38000AD8FBB1B3F5807F04D13846FFF7CCFCF3
:107F4800386805E6002003E6B3F5407F00F0FD84BD
:107F5800B3F5806F07D1534B186810F480603FF475
:107F6800F7AD5148F4E50020F2E53846FFF798FAF6
:107F78003868EDE53846FFF7A1FB3868E8E5494A77
:107F8800D2F8E43003F40063126812F4806F02D070
:107F9800002B00F0DE84434A126812F4806F00F070
:107FA800DB84002B40F0DB840020D1E53D4BD3F887
:107FB800E03003F04063B3F1006F22D00AD82BB34E
:107FC800B3F1806F04D13846FFF778FB7868BFE5D6
:107FD8000020BDE5B3F1406F11D1324B186810F0A5
:107FE80020003FF4B5AD9B6813F4000F16D02D4B5D
:107FF8009B68C3F303632D4A52F82300A8E50020C9
:10800800A6E53846FFF74CFA7868A1E5254B1868CD
:1080180010F400503FF49CAD254899E5214BD3F866
:10802800F430C3F30323E6E71E4BD3F8E40010F45F
:10803800804045D1D3F8E03003F04063B3F1006FDE
:1080480020D009D81BB3B3F1806F7FF481AD3846D7
:10805800FFF734FB78687BE5B3F1406F7FF478ADC8
:10806800104B186810F020003FF472AD9B6813F4B1
:10807800000F1FD00B4B9B68C3F303630B4A52F8E6
:10808800230065E53846FFF70BFA786860E5054B8D
:10809800186810F400503FF45BAD054858E500BF80
:1080A80001000004000C02460024F4009CE20008D1
:1080B800006CDC02A44BD3F8F430C3F30323DDE7F0
:1080C8003846FFF7EDF9386842E59F4BD3F8E030C2
:1080D80013F0030315D0012B16D09B4A126812F433
:1080E800806F02D0022B00F03D84974AD2F8F0202E
:1080F80012F0020F00F03984032B00F039840020BD
:1081080026E5FEF797FD23E5FDF7C8FD20E58E4B34
:10811800D3F8E03013F00C0315D0042B16D08A4A9C
:10812800126812F4806F02D0082B00F02584864A6A
:10813800D2F8F02012F0020F00F021840C2B00F08E
:108148002184002004E5FEF765FD01E5FDF7A6FDA5
:10815800FEE47D4BD3F8E03013F0300315D0102B3C
:1081680016D0794A126812F4806F02D0202B00F0E2
:108178000D84754AD2F8F02012F0020F00F009843D
:10818800302B00F009840020E2E4FEF743FDDFE431
:10819800FDF784FDDCE46C4BD3F8E03013F0C0034A
:1081A80015D0402B16D0684A126812F4806F02D09E
:1081B800802B00F0F583644AD2F8F02012F0020F09
:1081C80000F0F183C02B00F0F1830020C0E4FEF73B
:1081D80021FDBDE4FDF762FDBAE45B4BD3F8E03066
:1081E80013F4407318D0B3F5807F18D0564A12683C
:1081F80012F4806F03D0B3F5007F00F0DB83524A9E
:10820800D2F8F02012F0020F00F0D783B3F5407FC8
:1082180000F0D68300209BE4FEF7FCFC98E4FDF711
:108228003DFD95E4484BD3F8E83013F007031CD024
:10823800012B1DD0444A126812F4806F02D0022B21
:1082480000F0C283404AD2F8F02012F0020F02D0A8
:10825800032B00F0BC833C4A106810F020003FF468
:1082680077AC042B07D0002072E4FEF7F3FC6FE430
:10827800FDF714FD6CE4936813F4000F06D09368BF
:10828800C3F30363314A52F8230061E42E4BD3F859
:10829800F430C3F30323F5E7FDF700FD58E438464F
:1082A800FFF70CFAB86853E4FDF748FF50E4264B93
:1082B800186810F020003FF44BAC9B6813F4000FD3
:1082C80007D0214B9B68C3F30363204A52F823006D
:1082D8003EE41D4BD3F8F430C3F30323F5E71A4B00
:1082E800D3F8E43003F00703042B00F27D83DFE8C2
:1082F80003F010060B0313004BF6803028E43846D1
:10830800FFF7CEF8386823E43846FFF7E5FA7868CF
:108318001EE4FDF713FF1BE40B4B186810F0200058
:108328003FF416AC9B6813F4000F07D0064B9B680C
:10833800C3F30363054A52F8230009E4024BD3F858
:10834800F430C3F30323F5E7000C02469CE200086F
:10835800B14BD3F8E83003F4E023B3F5003F2AD05B
:108368000CD873B3B3F5803F05D13846FFF798F8BA
:108378003868FFF7EDBB0020FFF7EABBB3F5403FD5
:1083880000F03583B3F5802F12D1A34B186810F095
:1083980020003FF4DDAB9B6813F4000F15D09E4B13
:1083A8009B68C3F303639D4A52F82300FFF7D0BBD1
:1083B8000020FFF7CDBB3846FFF78EFA7868FFF745
:1083C800C7BBFDF7BBFEFFF7C3BB934BD3F8F43035
:1083D800C3F30323E7E7FEF71DFCFFF7B9BBFDF77F
:1083E8005DFCFFF7B5BB936813F4000F07D09368E3
:1083F800C3F30363894A52F82300FFF7A9BB864BEE
:10840800D3F8F430C3F30323F4E7834BD3F8E03015
:1084180013F4405317D0B3F5805F18D07E4A126822
:1084280012F4806F03D0B3F5005F00F0E7827A4A58
:10843800106810F020003FF48BABB3F5405F0AD012
:108448000020FFF785BBFEF7E5FBFFF781BBFDF7D3
:1084580025FCFFF77DBB936813F4000F07D09368E2
:10846800C3F303636D4A52F82300FFF771BB6A4BED
:10847800D3F8F430C3F30323F4E70020FFF768BB15
:10848800C02B12D1644B186810F020003FF460AB89
:108498009B6813F4000F18D05F4B9B68C3F303630A
:1084A8005E4A52F82300FFF753BB0020FFF750BB8A
:1084B800FEF7D0FBFFF74CBB574B186810F48060F1
:1084C8003FF446AB5648FFF743BB534BD3F8F43061
:1084D800C3F30323E4E7504BD3F8E03013F44043ED
:1084E80017D0B3F5804F18D04B4A126812F4806F3A
:1084F80003D0B3F5004F00F08482474A106810F0AB
:1085080020003FF425ABB3F5404F0AD00020FFF719
:108518001FBBFEF77FFBFFF71BBBFDF7BFFBFFF79A
:1085280017BB936813F4000F07D09368C3F3036372
:108538003A4A52F82300FFF70BBB374BD3F8F43015
:10854800C3F30323F4E7344BD3F8E83013F4407350
:1085580018D1314B186810F020003FF4F9AA9B6835
:1085680013F4000F08D02C4B9B68C3F303632B4A0A
:1085780052F82300FFF7ECBA274BD3F8F430C3F3D3
:108588000323F4E7244AD2F8F02012F0006F02D057
:10859800B3F5807F16D0204A126812F4806F03D09A
:1085A800B3F5007F00F034821B4AD2F8F02012F0B5
:1085B800020F00F03082B3F5407F00F02F820020D8
:1085C800FFF7C6BA144BD3F8F03013F0805F00F011
:1085D8001B82FA20FFF7BCBA0F4BD3F8E83013F42C
:1085E80040631FD10C4B186810F020003FF4B0AA6C
:1085F8009B6813F4000F08D0074B9B68C3F3036311
:10860800064A52F82300FFF7A3BA034BD3F8F43015
:10861800C3F30323F4E700BF000C02469CE2000802
:108628000024F400AE4AD2F8F02012F0006F02D015
:10863800B3F5806F16D0AA4A126812F4806F03D07F
:10864800B3F5006F00F0F281A54AD2F8F02012F0DD
:10865800020F00F0EE81B3F5406F00F0ED810020CD
:10866800FFF776BA9E4BD3F8F03013F0805F00F036
:10867800D981FA20FFF76CBA994BD3F8E03013F49C
:1086880040231FD0964AD2F8F02012F0006F02D093
:10869800B3F5802F1AD0924A126812F4806F03D073
:1086A800B3F5002F00F0D0818D4AD2F8F02012F0F7
:1086B800020F00F0CC81B3F5402F00F0CB810020F1
:1086C800FFF746BAFEF7A6FAFFF742BA844BD3F88B
:1086D800F03013F0805F00F0B381FA20FFF738BA6A
:1086E8007F4AD2F8E03003F04073126812F4003F7A
:1086F80002D0002B00F0B281B3F1807F05D0B3F136
:10870800007F08D00020FFF723BA3846FEF7C8FEDE
:108718007868FFF71DBA3846FEF7D0FF3868FFF7CC
:1087280017BA0020FFF714BAB3F5401F12D16C4BEB
:10873800186810F020003FF40BAA9B6813F4000F90
:1087480018D0674B9B68C3F30363664A52F823004B
:10875800FFF7FEB90020FFF7FBB9FEF76BFAFFF74A
:10876800F7B95F4B186810F480603FF4F1A95E48D0
:10877800FFF7EEB95A4BD3F8F430C3F30323E4E719
:10878800574BD3F8E03003F44033B3F5003F28D01B
:108798000AD813B3B3F5803F03D1FDF77FFAFFF78B
:1087A800D7B90020FFF7D4B9B3F5403F12D14C4BED
:1087B800186810F020003FF4CBA99B6813F4000F51
:1087C80018D0474B9B68C3F30363464A52F823000B
:1087D800FFF7BEB90020FFF7BBB9FEF71BFAFFF79A
:1087E800B7B93F4B186810F480603FF4B1A93E4810
:1087F800FFF7AEB93A4BD3F8F430C3F30323E4E7F9
:10880800374BD3F8E83003F01803182B00F229810E
:10881800DFE813F0190027012701270127012701A5
:10882800270127011D00270127012701270127010B
:1088380027012701210027012701270127012701F7
:10884800270127012A00FEF705FAFFF781B9FDF78E
:1088580025FAFFF77DB9224B186810F480603FF4C1
:1088680077A92148FFF774B91D4B186810F020004C
:108878003FF46EA99B6813F4000F08D0184B9B684F
:10888800C3F30363174A52F82300FFF761B9144B87
:10889800D3F8F430C3F30323F4E7114BD3F8E430EF
:1088A80003F44013B3F5001F2AD01FD873B3B3F5F0
:1088B800801F12D10A4B186810F020003FF448A915
:1088C8009B6813F4000F25D0054B9B68C3F3036323
:1088D800044A52F82300FFF73BB90020FFF738B9E4
:1088E800000C02469CE200080024F400B3F5401F87
:1088F80040F0BA803846FEF7E1FE7868FFF728B9FD
:108908003846FEF7CDFD7868FFF722B9FDF7C6F9BE
:10891800FFF71EB9624BD3F8F430C3F30323D7E74C
:108928000020FFF715B94FF40040FFF711B94FF4D5
:10893800FA40FFF70DB90020FFF70AB95948FFF7C9
:1089480007B94BF68030FFF703B94BF68030FFF7D5
:10895800FFB85548FFF7FCB80020FFF7F9B85348AF
:10896800FFF7F6B85048FFF7F3B80020FFF7F0B864
:108978004FF40040FFF7ECB84B48FFF7E9B8002088
:10898800FFF7E6B84FF40040FFF7E2B84648FFF7B4
:10899800DFB80020FFF7DCB84FF40040FFF7D8B885
:1089A8004148FFF7D5B80020FFF7D2B84FF4004090
:1089B800FFF7CEB83C48FFF7CBB80020FFF7C8B8A0
:1089C8004FF40040FFF7C4B83748FFF7C1B84FF479
:1089D8000040FFF7BDB83448FFF7BAB80020FFF7EA
:1089E800B7B83148FFF7B4B80020FFF7B1B84BF675
:1089F8008030FFF7ADB82C48FFF7AAB82A48FFF730
:108A0800A7B82948FFF7A4B84FF4FA40FFF7A0B871
:108A18002548FFF79DB80020FFF79AB84FF40040AB
:108A2800FFF796B84FF4FA40FFF792B81E48FFF7E1
:108A38008FB80020FFF78CB84FF40040FFF788B8D4
:108A48004FF4FA40FFF784B81748FFF781B80020C1
:108A5800FFF77EB84FF40040FFF77AB81248FFF7E7
:108A680077B80020FFF774B80020FFF771B84FF40B
:108A78000040FFF76DB81846FFF76AB84FF4FA40A0
:108A8800FFF766B80A48FFF763B80A48FFF760B807
:108A98000020FFF75DB80448FFF75AB8FAF738FE28
:108AA800000C024620A107000024F40000127A00FE
:108AB800006CDC0200366E0180B400AF026852E838
:108AC800003F23F4907342E800310029F6D1026890
:108AD80002F1080353E8003F23F0805323F0010319
:108AE800083242E800310029F1D1836E012B09D008
:108AF8002023C0F88030002383660367BD465DF8F5
:108B0800047B7047026852E8003F23F0100342E8F4
:108B180000310029F6D1EBE7F8B500AF044601684B
:108B280083680269134342691343C269134308689F
:108B38006A4A02401A430A602268536823F4405381
:108B4800E1680B435360A1692268654B9A4205D0DE
:108B580003F180539A4201D0236A1943936823F0A2
:108B68006E4323F430630B4393602268D36A23F087
:108B78000F03616A0B43D36223685A4A934216D0A3
:108B8800A2F5744293423AD002F58062934238D0FB
:108B980002F58062934236D002F58062934234D067
:108BA8004F4A934201D0002002E0202000E001203B
:108BB8004B4A93422BD002F18052934227D0E3696B
:108BC800B3F5004F52D00021FEF794FF002800F0C3
:108BD8008180616A444A32F81120B0FBF2F362687E
:108BE80003EB5203B3FBF2F3A3F110014FF6EF725C
:108BF800914271D822689BB2D360002057E00220CE
:108C0800D6E70420D4E70820D2E71020D0E70021D7
:108C1800FEF770FF0146002848D0626A324B33F8ED
:108C28001220B0FBF2F3656805EB4500984247D87F
:108C3800B3EB053F46D80026334608463146F7F7DA
:108C480065FB090241EA106100026B08C0182A4658
:108C5800334641F10001F7F759FBA0F54072234B69
:108C68009A4231D82368D860304620E00021FEF7C8
:108C780041FF58B3616A1C4A32F81120B0FBF2F286
:108C880061684B0803EB4203B3FBF1F3A3F1100156
:108C98004FF6EF7291421BD89AB222F00F02C3F33B
:108CA800420313432268D360002000E00020012320
:108CB800A4F86630A4F86430002323676367F8BD1E
:108CC8000120F4E70120F2E70120F0E70020EEE7B9
:108CD8000120ECE70020EAE70120E8E7F369FFCF8D
:108CE800002400460038014074E30008FFFC0F0030
:108CF80080B400AF836A13F0080F06D00268536887
:108D080023F40043816B0B435360836A13F0010F14
:108D180006D00268536823F40033C16A0B435360DA
:108D2800836A13F0020F06D00268536823F4803375
:108D3800016B0B435360836A13F0040F06D002687B
:108D4800536823F48023416B0B435360836A13F009
:108D5800100F06D00268936823F48053C16B0B434D
:108D68009360836A13F0400F0AD00268536823F4B3
:108D78008013016C0B435360036CB3F5801F0ED056
:108D8800836A13F0800F06D00268536823F4002327
:108D9800816C0B435360BD465DF8047B70470268E5
:108DA800536823F4C003416C0B435360E8E72DE993
:108DB800F04700AF05460E4690469A46D7F82090F1
:108DC8002B68DC6936EA04040CBF01230023434501
:108DD80036D1B9F1FF3FF3D0FCF7E6FCA0EB0A006F
:108DE800484530D8B9F1000F2FD02B681A6812F017
:108DF800040FE5D0802EE3D0402EE1D0DA6912F0DE
:108E0800080F11D1DA6912F4006FD9D04FF400625B
:108E18001A622846FFF750FE2023C5F88430002345
:108E280085F8783003200CE008241C622846FFF7F8
:108E380043FEC5F88440002385F87830012000E01F
:108E48000020BDE8F0870320FBE70320F9E72DE9C0
:108E5800F04383B002AF1E46C36F202B5ED1044699
:108E68000D46914600295ED0002A5ED003689A68B4
:108E780012F0800F03D09A6822F080029A600023D3
:108E8800C4F884302123E367FCF78EFC8046A4F8FD
:108E98005090A4F85290A368B3F5805F02D04FF0C9
:108EA800000915E023693BB34FF0000910E02023C7
:108EB800E367032033E039F8023B2268C3F3080371
:108EC8009362B4F8522092B2013A92B2A4F85220B6
:108ED800B4F852309BB293B10096434600228021E9
:108EE8002046FFF764FF0028E1D1002DE3D015F8F4
:108EF800012B23689A62E4E7A9460025E8E7009673
:108F08004346002240212046FFF751FF10B9202395
:108F1800E36704E02023E367032000E0022004372E
:108F2800BD46BDE8F0830120F9E70120F7E7B0B5B9
:108F380082B002AF04460023C0F88430FCF734FC4A
:108F480005462268126812F0080F0FD123681B68C3
:108F580013F0040F26D12023E367C4F880300020E3
:108F6800A066E06684F87800BD46B0BD6FF07E4329
:108F78000093034600224FF400112046FFF717FF25
:108F88000028E3D0226852E8003F23F0800342E83B
:108F980000310029F6D12023E367002384F87830D4
:108FA8000320E1E76FF07E4300932B4600224FF445
:108FB80080012046FFF7FBFE0028CCD0226852E84B
:108FC800003F23F4907342E800310029F6D122686B
:108FD80002F1080353E8003F23F00103083242E896
:108FE80000310029F3D12023C4F88030002384F80D
:108FF80078300320B8E770B398B500AF0446C36F64
:1090080003B32423E3672268136823F00103136082
:10901800A36AE3B92046FFF77FFD012811D0226833
:10902800536823F4904353602268936823F02A031B
:1090380093602268136843F0010313602046FFF72A
:1090480076FF98BD80F87830FCF7AEFAD9E720466D
:10905800FFF74EFEDEE70120704780B400AF90F8BE
:109068007830012B19D0012380F878302423C36786
:1090780003681A68196821F00101196022F000528A
:109088000023036601680A602022C26780F87830EE
:109098001846BD465DF8047B70470220F9E798B58D
:1090A80000AF044601F0EAFBA36B23B9012401F0E9
:1090B800F5FB204698BD0024F9E798B500AF0346B4
:1090C800026C5AB10846D9681144D9609C68A1421B
:1090D80001D31968D960D968F7F790FA98BDB0B587
:1090E80000AF054601F0CAFB95F8454064B201E0BF
:1090F800013C64B2002C0ADD6B6A43B105F124001F
:1091080001F040F80028F3D001F00CF9F0E7FF2354
:1091180085F8453001F0C2FB01F0B0FB95F84440FA
:1091280064B201E0013C64B2002C0ADD2B6943B152
:1091380005F1100001F026F80028F3D001F0F2F84C
:10914800F0E7FF2385F8443001F0A8FBB0BD00002C
:10915800B0B500AF50B10D460446C36B63B94FF4C8
:10916800B6712048FCF7E8F90020B0BD40F237118D
:109178001C48FCF7E1F9F2E7026C0021A2FB03238B
:10918800E3B90029EBD101F079FB2368E26B216C8C
:1091980001FB0230A0600020A0636360013A02FB7B
:1091A8000133E360FF2384F8443084F8453085B9FF
:1091B80023692BB901F072FB0120D6E70121E0E712
:1091C80004F1100000F0DEFF0028F3D001F046FBA8
:1091D800F0E704F1100001F091FD04F1240001F022
:1091E8008DFDE7E7B8E00008F8B500AF06461D4674
:1091F800BC690B4679B92460E663236401212046E3
:10920800FFF7A6FF84F84C50042D0CD8DFE805F0D2
:1092180005130B0C1A002260EEE733460D4A21466F
:109228001120F8F737FEF8BD00230A4A214612201C
:10923800F8F730FEF7E70023064A21461320F8F72F
:1092480029FEF0E70023034A21461720F8F722FEFB
:10925800E9E700BFE0D900082DE9F04184B002AF8A
:109268000546884616461C46DBB11DB314B3F6B155
:10927800B8F1000F1ED050237B607B68502B20D1A3
:109288007B68012384F84630009497F820303246F2
:1092980041462846FFF7A8FF20460837BD46BDE8E7
:1092A800F0814FF4C2710A48FCF746F9DDE7B8F1DE
:1092B800000FE0D04FF4D8710548FCF73DF90020C5
:1092C800EBE74FF4CB710248FCF736F9D8E700BF5B
:1092D800B8E000082DE9F04186B000AF88467A6012
:1092E8009B4B1B687B614FF00003044648B1B8F103
:1092F800000F0CD001F048F808B97B6883B9002545
:10930800C3E04FF4BE619348FCF716F9EFE7236C0E
:10931800002BEFD040F2F4518E48FCF70DF9E9E745
:1093280040F2F9518B48FCF707F9E8E74146204637
:10933800FFF7C3FE94F84C30042B13D8DFE803F092
:1093480003250B0B2B00A36B013B7A682146602099
:10935800F7F700FE06E0A36B013B7A68214661201F
:10936800F7F7F8FD731EA3632369D3B901F096FAE2
:109378000120774B1A687B695A404FF0000340F090
:10938800E5801837BD46BDE8F0817A68214662203D
:10939800F7F76EFDE6E77A682146C720F7F768FD1C
:1093A800E0E704F1100000F0EDFE0028DED001F047
:1093B80055FADBE701F072FA94F84C30042B11D817
:1093C800DFE803F003120A0A1800A36B7A68214643
:1093D8006320F7F7BFFD05E0A36B7A682146642098
:1093E800F7F7B8FD0020C4E77A6821466520F7F74B
:1093F8003FFDF7E77A682146C820F7F739FDF1E71E
:1094080007F10C0000F03CFF012549E0002384F837
:10941800443051E0002384F8453053E0A36B7A6868
:1094280021466620F7F796FD05E0A36B7A6821468A
:109438006720F7F78FFD796804F1240000F056FEE5
:109448002046FFF74CFE00F015FDF0B901F006FAD2
:109458001BE07A6821466820F7F70AFDEBE77A688F
:109468002146F620F7F704FDE5E72046FFF737FE2B
:1094780000F000FD09E02046FFF731FE00F0FAFC9D
:109488002046FFF70CFE00283CD101F0F7F9A66B47
:10949800002E7FF44BAF7B68002B8BD0002DAFD014
:1094A80001F0FCF900F0E8FB01F0E8F994F8443029
:1094B8005BB2B3F1FF3FA9D094F845305BB2B3F18A
:1094C800FF3FA7D001F0EAF9391D07F10C0000F0C1
:1094D800E7FE0028CFD12046FFF7E1FD0028C4D0E1
:1094E80094F84C30042BA6D801A252F823F000BF00
:1094F800259400085B94000833940008339400080E
:109508006794000894F84C30042B11D8DFE803F076
:1095180003120A0A1800A36B7A6821466320F7F73A
:1095280019FD05E0A36B7A6821466420F7F712FD60
:1095380000201EE77A6821466520F7F799FCF7E7CF
:109548007A682146C820F7F793FCF1E7FAF7E0F8C4
:1095580030000020B8E00008B0B500AF0D46044662
:1095680018B18DB10020034610E040F6CE31124804
:10957800FBF7E2FFF5E7114800EBC3000560446024
:1095880029462046F8F7D6FCB0BD01330F2B10D87A
:109598000A4A02EBC3025268A242ECD00028F4D176
:1095A800064A52F83320002AEFD1044800EBC300E2
:1095B800EBE70028E2D1E7E7B8E00008909D00203B
:1095C800F8B500AF04460D46164601F057F994F871
:1095D80044305BB2B3F1FF3F0DD094F845305BB235
:1095E800B3F1FF3F0BD001F059F9A36B5BB12046F3
:1095F800FFF775FDF8BD002384F84430EDE700233C
:1096080084F84530EFE73246294604F1240000F09B
:1096180087FDECE780B400AF094B1B681B683BB9BA
:10962800084B4FF0FF321A60BD465DF8047B704767
:10963800034B1B68DB681A68024B1A60F4E700BF2B
:10964800809E0020189E00202DE9F84F00AF82462A
:109658000D4691469B46D7F828803C6B9200A52181
:10966800206BF7F741F8266B09F18043013B06EBC5
:10967800830626F0070665B100230F2B06D8EA5C9F
:10968800E11881F834200AB10133F6E7002384F8A1
:109698004330B8F1080F1FD8C4F82C80C4F84C80A8
:1096A800201D01F03BFB04F1180001F037FB246199
:1096B800C8F10903A36164625B465246216B3046D8
:1096C80001F02CF92060361AB9EBA60F0CD9FB6A09
:1096D80003B11C60BDE8F88F40F26F710548FBF7D5
:1096E8002BFF4FF00808D7E740F2D2710148FBF78B
:1096F80023FFECE700E100082DE9F04786B004AF4E
:109708000646884691469A46FD6A3C6B1DB344B3AB
:1097180060237B607B68602B29D17B686CB375B351
:10972800602200212046F6F7DFFF2563022384F834
:109738005D300023039302947B6B0193BB6A009313
:1097480053464A4641463046FFF77EFF20460837D3
:10975800BD46BDE8F08740F2FC410A48FBF7ECFE45
:10976800D5E740F2FD410748FBF7E6FED0E740F2B7
:1097780005510448FBF7E0FECFE72046E7E7284617
:10978800E5E700BF00E10008B0B500AF002407E03E
:1097980004EB840293000E48184401F0AFFA013438
:1097A800082CF5D90B4D284601F0A8FA0A4C20469A
:1097B80001F0A4FA094801F0A1FA094801F09EFA5B
:1097C800084801F09BFA084B1D60084B1C60B0BDAF
:1097D800AC9E0020989E0020849E0020689E002059
:1097E800549E00203C9E0020809E00207C9E0020ED
:1097F80098B500AF044601F041F82D4A13680133CB
:1098080013602C4B1B685BB12B4B1B686BB9294B46
:109818001B68DA6AE36A9A4207D8264B1C6004E0A0
:10982800244B1C601368012B3CD0244A1368013375
:109838001360636434B1E36A04F1340221461020F2
:10984800F8F728FB21463020F7F7A4FAE36A01224B
:109858009A401B49086802430A601A4A03EB8303CB
:1098680002EB83035B68A3609868E060211D416098
:109878009960E36A03EB830102EB8100606152F8AF
:109888002110013103EB830342F8231001F006F89D
:10989800094B1B682BB1074B1B68DA6AE36A9A42CB
:1098A80003D398BDFFF770FFBFE700F0D7FFF8E7D5
:1098B800389E0020609F00202C9E00201C9E0020C7
:1098C800309E0020AC9E002098B500AF044690F86A
:1098D8005D304BB1012B0ED0022B0BD041F6D311CA
:1098E8000648FBF729FE05E0006B01F0A3F92046C6
:1098F80001F0A0F998BD01F09DF9FBE700E100082F
:1099080098B500AF14E000F0B9FF0C4BDB68DC68D9
:10991800201D01F036FA0A4A1368013B1360094A10
:109928001368013B136000F0B9FF2046FFF7CCFF36
:10993800044B1B68002BE6D198BD00BF549E002045
:10994800389E0020509E002080B500AFFFF7D8FF5A
:10995800FCE700002DE9F84300AF04460D46264B0E
:109968001E68264BD3F80080254BD3F80090254B72
:109978001868043001F005FA48B9224B1B68DB6A05
:1099880001229A4020490B6823EA02030B60B4F1D4
:10999800FF3F0DD034441B4B1B685C60A6421DD9A9
:1099A800184B19680431484601F0D0F9BDE8F8832E
:1099B800002DEFD0154A5168124B1868816018685D
:1099C8008C68C46018680430606018680430886067
:1099D8001B685A61136801331360E7E7094B19687C
:1099E8000431404601F0B2F9094B1B68A342DDD9A6
:1099F800074B1C60DAE700BF349E0020809E0020E1
:109A08007C9E0020609F0020309E00203C9E00200D
:109A1800189E002090B587B004AF104C24687C6075
:109A28004FF0000400243C6003973C6A0294FC69F0
:109A38000194BC690094FFF75FFE08B1FFF7D8FEF8
:109A48003868064B1A687B685A404FF0000302D109
:109A58000C37BD4690BDF9F75BFE00BF3000002013
:109A6800B0B58CB004AF234B1B68FB614FF000030B
:109A78000023FB603B617B61BB610E2B09D81E4A4A
:109A8800D25C03F12001394401F8142C0AB10133E6
:109A9800F3E720333B44002403F8144C002C0ADD80
:109AA8000120144B1A68FB695A404FF000031FD17C
:109AB8002037BD46B0BD00253D607D6007F1080236
:109AC800391D3846FBF706FD3B6802937B68019316
:109AD80000952B46BA6807F10C010848FFF79AFF72
:109AE800074B43F8240008B10134D7E70020D8E732
:109AF800F9F70EFE3000002048E1000851990008EF
:109B0800149E0020B0B500AF044600F0B7FE002C4C
:109B18003DD0251D284601F034F968B9E36A03EB06
:109B280083012F4A52F8212032B901229A402D4947
:109B38000B6823EA02030B60A36A1BB104F1180047
:109B480001F01FF9284A136801331360274B1B687B
:109B5800A34226D00022264B1B6803B11ABB254A14
:109B68001368013B1360E26A21462020F8F7B4F934
:109B7800FFF750FD00F092FE2046FFF7A5FE1C4BB4
:109B88001B681BB1194B1B68A3421CD0B0BD174BF7
:109B98001C68002CBDD140F6B1011748FBF7CCFC7E
:109BA800B7E70122D7E72946144801F0BFF8144A5D
:109BB800136801331360E26A21462020F8F78CF914
:109BC80000F06CFEDBE70F4B1B6813B900F046FE94
:109BD800DCE740F62A110848FBF7AEFCF6E700BFC1
:109BE800AC9E0020309E00201C9E0020609F00201C
:109BF8002C9E0020389E002000E10008549E002082
:109C0800509E0020109E002080B500AFFFF728FF6F
:109C1800012805D0B0F1FF3F1BD0114B1B6880BD58
:109C280000F094FD0128F5D100F078FF0D4B4FF0BE
:109C3800FF321A600C4B01221A600C4B00221A608A
:109C48000B4B18681B68D96AF8F71AFD00F00EFF6D
:109C5800E3E740F6F8610748FBF76EFCDDE700BF75
:109C68008CE30008189E00202C9E0020349E0020C3
:109C7800609F002000E1000880B400AF034A136829
:109C880001331360BD465DF8047B7047109E0020C9
:109C980080B400AF024B1868BD465DF8047B70477E
:109CA800349E002098B500AF044610B104F134008A
:109CB80098BD054B1C68002CF8D14FF48651034819
:109CC800FBF73AFCF2E700BF609F002000E10008C4
:109CD8002DE9F04100AF5A4B1B68012B02D0594BBC
:109CE8001B682BB9584B1B68584A1268013393619B
:109CF800534B1B68002B40F09A80534B1D6801356D
:109D08001D607DB9524B1B681B680BBB504A11681C
:109D1800504B1868106019604F4A1368013313607C
:109D2800FFF778FC4D4B1B68AB4217D900264C4B0C
:109D38001B68DB6A03EB83039A004A4B9B58012B91
:109D480000D90126484B1B68002B75D0012673E00B
:109D580041F2FC214548FBF7EFFBD7E700263AE044
:109D68003E4B4FF0FF321A60E1E73C4A1360DEE7F2
:109D7800E2685A6046E00022A2621A68013A1A6054
:109D880021463020F7F706F8E36A01229A4038495D
:109D9800086802430A60334A03EB830399001144BD
:109DA8004B68A3609968E160C1F80480C3F8088033
:109DB800E36A03EB83008100881860615158013120
:109DC80003EB830398001150E26A254B1B68DB6A9A
:109DD8009A4200D901261E4B1B681B68002BBFD076
:109DE8001B4B1B68DB68DC6863689D42BDD36369F5
:109DF800A168E2688A60A16851605A6804F10408A1
:109E08004245B5D0002262611A68013A1A60A36A15
:109E1800002BB5D0E169226A8A60E169516059680E
:109E280004F118029142A6D1226A5A60A3E7054AB2
:109E380013680133136000263046BDE8F08100BF87
:109E4800109E0020289E0020349E0020A83B002061
:109E5800809E00207C9E0020209E0020189E0020CE
:109E6800609F0020AC9E0020249E002000E1000896
:109E7800309E0020B0B500AF00F000FD484B1B68D5
:109E880063B1474B1A68013A1A601B68002B40F00F
:109E98008280444B1B686BB900247DE040F6F67164
:109EA8004148FBF749FBECE7226A5A6015E0E26893
:109EB8005A6021E000243D4B1B68002B4ED03B4BE1
:109EC800DB68DC68A36AE169226A8A60E16951603B
:109ED800596804F118029142E6D00022A2621A6879
:109EE800013A1A606369A168E2688A60A1685160F2
:109EF8005A68251DAA42DAD0002262611A68013A1E
:109F08001A6021463020F6F745FFE36A01229A409D
:109F18002749086802430A60264A03EB830302EBD9
:109F280083035B68A3609968E1604D609D60E36AA4
:109F380003EB830102EB8100606152F821100131CB
:109F480003EB830342F82310E26A1B4B1B68DB6AAE
:109F58009A42B0D9194B01221A60ACE70CB1FFF74D
:109F680059FB174B1C6854B9144B1C68A4B1124B0D
:109F78001B6800F073FC01240EE0013C07D0FFF7DA
:109F8800A7FE0028F9D00D4B01221A60F5E70C4B0B
:109F980000221A60E8E7002400F080FC2046B0BDEB
:109FA800109E0020389E002000E10008689E0020D6
:109FB800309E0020AC9E0020609F0020249E002040
:109FC800289E002098B500AF88B10446FFF754FEDC
:109FD8000B4B1B68012B0DD121467A20F6F7DAFED0
:109FE80000212046FFF7B6FCFFF744FF08B900F050
:109FF80035FC98BD40F6D5110248FBF79DFAEBE712
:10A00800109E002000E1000898B500AF314B1B6896
:10A018001BB1314B01221A6098BD2F4B00221A60E8
:10A028002E4C2068F8F7B6FB2368196B23681A686A
:10A0380023681B6B9A4203D90B68B3F1A53F30D054
:10A04800264B196818683431FBF768FA244B1C68EA
:10A05800B4FA84F4C4F11F0404EB84029300214A87
:10A06800D3585BB31F4904EB840293000B445A682E
:10A0780052685A6004EB8400830008330B449A4208
:10A0880022D004EB8404A200164B13445B68DB68FF
:10A09800124C236020682368D96AF8F7F1FA23681C
:10A0A800BAE74B68B3F1A53FCAD18B68B3F1A53FB6
:10A0B800C6D1CB68B3F1A53FC2D1C7E741F29941F8
:10A0C8000948FBF739FACDE782000B461344DA68F2
:10A0D8005A60D6E7109E0020249E0020609F002032
:10A0E800309E0020AC9E002000E10008B0B500AF13
:10A0F8000C46054650B1084B19681831284600F03F
:10A1080025FE01212046FFF725FCB0BD41F21F5175
:10A118000248FBF711FAEEE7609F002000E1000813
:10A12800F8B500AF0C4615460646F8B17268124BF2
:10A138001968CA611968906808621968183141601D
:10A148001968183191601B689E6233680133336067
:10A158000DB14FF0FF34094B196821447920F6F707
:10A1680019FE29462046FFF7F5FBF8BD41F25D517F
:10A178000348FBF7E1F9D9E7609F0020349E0020EF
:10A1880000E10008B0B500AFC368DC68002C4FD010
:10A19800A36AE169226A8A60E16951605A6804F138
:10A1A80018018A424AD00022A2621A68013A1A604B
:10A1B8002C4B1B68002B47D16369A168E2688A6051
:10A1C800A16851605A68251DAA423AD000226261EE
:10A1D8001A68013A1A6021463020F6F7DBFDE36A77
:10A1E80001229A402049086802430A601F4A03EB8B
:10A1F800830302EB83035B68A3609968E1604D60A9
:10A208009D60E36A03EB830102EB8100606152F811
:10A218002110013103EB830342F82310E26A144B47
:10A228001B68DB6A9A421BD90120124B1860B0BD2B
:10A2380041F294511048FBF77FF9A9E7226A5A6066
:10A24800B1E7E2685A60C1E70C4B5A68E26190686E
:10A25800206241609160A3621A6801321A60DDE7EA
:10A268000020E4E7109E0020309E0020AC9E0020D5
:10A27800609F0020249E002000E10008689E0020C6
:10A2880080B400AF044B1B680360044B1B68436039
:10A29800BD465DF8047B7047209E0020349E002058
:10A2A800F8B500AF0C460546B0B1DCB100F0E6FAEF
:10A2B800194B19686B68A1EB030C2268B2F1FF3FD8
:10A2C80024D0164E36682868B04211D08B420FD879
:10A2D8000023236001241AE041F244611048FBF78F
:10A2E8002BF9E2E741F245610D48FBF725F9DDE777
:10A2F800624503D800232360012408E05B1A134455
:10A3080023602846FFF7BCFF002400E0002400F08B
:10A31800C5FA2046F8BD00BF349E0020209E0020CC
:10A3280000E1000880B400AF034B01221A60BD466B
:10A338005DF8047B704700BF249E002099B9B0B532
:10A3480000AF04460D4620B1143504EB850460685F
:10A35800B0BD064B1C68002CF6D141F2F8710448D8
:10A36800FBF7EAF8F0E70020704700BF609F002085
:10A3780000E1000880B400AF024B1868BD465DF8E4
:10A38800047B7047609F002080B400AF074B1B68B8
:10A3980033B1074B1B680BB1002002E0022000E03C
:10A3A8000120BD465DF8047B704700BF2C9E00204D
:10A3B800109E002080B400AF084B1A68136843B998
:10A3C800012303603BB9D3681868BD465DF8047B78
:10A3D80070470023F5E70020F7E700BF44A00020FE
:10A3E80080B500AF4160006191420CD8D21A8369F0
:10A3F8009A4201D3012080BD011D094B186800F065
:10A40800A5FC0020F7E79A4201D2994206D2011D25
:10A41800044B186800F09AFC0020ECE70120EAE7FA
:10A4280040A0002044A00020F8B500AF04460D4627
:10A43800164604E0A3691D44236A20469847A1698B
:10A448002B46324629442046FFF7CAFF0028F1D19F
:10A45800F8BD0000F8B500AF05460E460C4B1B686A
:10A46800DB68DC68201D00F08CFC94F8283013F0C1
:10A47800040F07D123F0010384F82830236A20460B
:10A488009847F8BD324629462046FFF7CDFFF5E745
:10A4980044A0002080B500AF05E0DB684FF0FF3135
:10A4A8001868FFF7D7FF054B1B681A68002AF4D114
:10A4B800034A106801490860136080BD44A0002069
:10A4C80040A00020B0B500AF0546FFF7E1FB044609
:10A4D800074B1B68834205D800232B60044B1C6084
:10A4E8002046B0BDFFF7D6FF01232B60F6E700BF7B
:10A4F80034A00020F0B583B000AF06460C461D4BD3
:10A508001B687B604FF00003FFF7B6FB3846FFF788
:10A51800D9FF3B6843BB0546DCB9B04212D222469C
:10A52800711B154B1868FFF74BF8FFF7A3FCC0B178
:10A53800104B1A687B685A404FF0000317D10C374C
:10A54800BD46F0BDFFF796FC29463046FFF782FF6F
:10A55800EEE70A4A126812680AB90124DFE71C46C6
:10A56800DDE700F07BF9E3E7FFF784FCE0E7F9F7C4
:10A57800CFF800BF300000203CA0002040A0002001
:10A58800B0B586B000AF484B1B687B614FF0000345
:10A5980000237B60BB60FB603B610022391D434B9D
:10A5A8001868FEF797FE002871D07B68002B19DB2E
:10A5B8007B68002BF1DBFC68002CEED0636913B1DB
:10A5C800201D00F0DEFB3846FFF77CFF0546796862
:10A5D80001390829E1D8DFE801F00A0A2E354C0ACA
:10A5E8000A2E35003969F868BB689847E0E794F89F
:10A5F800283043F0010384F82830BB68A16902467B
:10A6080019442046FFF7ECFE0028C6D094F82830FD
:10A6180013F0040F07D123F0010384F82830236ACC
:10A6280020469847B9E7A3692A46B96819442046DD
:10A63800FFF7FAFEF3E794F8283023F0010384F8D3
:10A648002830AAE794F8283043F0010384F828302A
:10A65800BB68A3613BB1A1692B462A462944204621
:10A66800FFF7BEFE99E74FF482611148FAF764FFDD
:10A67800F1E794F8283013F0020F04D023F0010317
:10A6880084F8283089E7204600F0D4FA85E7064B9D
:10A698001A687B695A404FF0000302D11837BD464B
:10A6A800B0BDF9F735F800BF300000203CA000200D
:10A6B80050E1000880B582B000AF074B1B687B6093
:10A6C8004FF000033846FFF775FE3968FFF712FFB1
:10A6D800FFF756FFF6E700BF30000020B0B582B0A4
:10A6E80002AF00F0CBF8114B1B681BB100F0D6F895
:10A6F800BD46B0BD0E4D284600F000FB0D4C20466F
:10A7080000F0FCFA0C4B1D600C4B1C6000230093FE
:10A718000B4B0C4A10210820FEF79EFD034B1860D6
:10A728000028E3D00849FEF717FFDFE73CA0002028
:10A738005CA0002048A0002044A0002040A00020E9
:10A74800649F0020B49F00209CE1000890B589B068
:10A7580004AF1B4B1B68FB604FF00003FFF7BEFF05
:10A76800184B1B68CBB100243C607C6007F10802E1
:10A77800391D3846FAF7C0FE3B6802937B6801939F
:10A78800012300932346BA680F491048FFF742F99E
:10A798000F4B186008B1012005E04FF4A3710D4874
:10A7A800FAF7CAFE0020064B1A68FB685A404FF0B9
:10A7B800000302D11437BD4690BDF8F7A9FF00BFCA
:10A7C800300000203CA00020A4E10008BDA600083D
:10A7D80038A0002050E1000880B400AF4FF0E0231B
:10A7E800D3F8882D42F47002C3F8882DD3F8342F9B
:10A7F80042F04042C3F8342FBD465DF8047B7047F1
:10A8080080B582B000AF00237B60094B1B68B3F1B1
:10A81800FF3F07D100F082F97B68002BFCD0083796
:10A82800BD4680BD40F275310248FAF785FEF1E772
:10A8380078A00020ACE1000880B400AF4FF0E0231E
:10A8480004221A6100229A61034A5A6107221A6196
:10A85800BD465DF8047B7047BFD4010080B400AFEB
:10A868004FF0E0234FF08052C3F8042DBFF34F8F11
:10A87800BFF36F8FBD465DF8047B704780B500AFAE
:10A8880000F04CF9044A136801331360BFF34F8F8B
:10A89800BFF36F8F80BD00BF78A0002080B500AFE8
:10A8A800094B1B6833B1084B1A68013A1A601B68D8
:10A8B80033B180BD40F22A410448FAF73DFEF2E781
:10A8C800002000F036F9F4E778A00020ACE1000899
:10A8D80098B500AF00F022F90446FFF7F9F928B15E
:10A8E8004FF0E0234FF08052C3F8042D204600F0CB
:10A8F80020F998BD80B500AF836913F8023C662B38
:10A9080005D04FF49D610448FAF716FE80BDFFF7A5
:10A9180063FF00F0DBF8F9E7ACE1000890B400AFA2
:10A928004FF0807440F8044C40F8082C1F4A40F857
:10A938000C2C4FF0123240F8102C4FF0033240F834
:10A94800142C4FF0023240F8182C4FF0013240F826
:10A958001C2C40F8203C4FF0113340F8243C4FF0B9
:10A96800103340F8283C4FF0093340F82C3C4FF0A6
:10A97800083340F8303C4FF0073340F8343C4FF090
:10A98800063340F8383C4FF0053340F83C3C4FF074
:10A99800043340F8403C6FF0020340F8443C40F870
:10A9A800481C4838BD4690BC704700BF09A800083D
:10A9B80080B582B000AF00237B604FF0E0234FF0FA
:10A9C8007F42C3F81C2DD3F81C3D1B0EFB70FB788F
:10A9D80003F05003224A137053B1FB78DB4313F0A2
:10A9E800500F12D040F6B1011E48FAF7A5FD0CE051
:10A9F80040F6AD011B48FAF79FFDEEE77B6801338F
:10AA08007B60FB785B00DBB2FB70FB7813F0800F98
:10AA1800F4D17B68082B1FD07B68C3F10703124A67
:10AA28001360114A13681B02136003F4E063136098
:10AA38004FF0E023D3F8202D42F47F02C3F8202DF5
:10AA4800D3F8202D42F07F42C3F8202D0022C3F80E
:10AA58001C2D0837BD4680BD034B00221A60E0E775
:10AA680074A00020ACE1000870A0002098B500AFE9
:10AA78004FF0E023D3F8084DE26A104B9A4204D015
:10AA880040F20F710E48FAF757FDA26B0D4B9A4230
:10AA980004D04FF4E2610A48FAF74EFDFFF788FF49
:10AAA800FFF7CAFE0024084B1C6000F027F8FFF7E8
:10AAB800ABFAFFF7A5FE204698BD00BFA5AB00087E
:10AAC800ACE1000849AB000878A000200A4A1168E8
:10AAD800086806C881F30B88EFF3148151F002016E
:10AAE80081F31488203080F30988BFF36F8F4FF00B
:10AAF800000080F311881047609F00200648006816
:10AB0800006880F3088862B661B6BFF34F8FBFF361
:10AB18006F8F66DF00BF000008ED00E0EFF31180E3
:10AB28004FF0500181F31188BFF34F8FBFF36F8F40
:10AB3800704780F31188BFF34F8FBFF36F8F704753
:10AB4800EFF309801EF0100F08BF20ED108AEFF315
:10AB58000B82734620E9FC0F0F4A116808604FF01A
:10AB6800500080F31188BFF34F8FBFF36F8FFFF74B
:10AB78004BFA4FF0000080F31188074A1168086803
:10AB8800B0E8FC0F13F0100F08BFB0EC108A82F386
:10AB98000B8880F309881847609F00201EF0040F77
:10ABA8000CBFEFF30880EFF3098001490847000064
:10ABB800FDA80008B0B500AF0446194B1D461B6838
:10ABC800A342FBD3164B9D420AD0164B9D4202D39B
:10ABD800154B9D4204D940F206211448FAF7ACFC03
:10ABE8006B68EA18A24209D06268A1182B689942DA
:10ABF80009D02360AC4200D02C60B0BD6268134419
:10AC08006B602C46F0E70A4909688B4206D05B68FE
:10AC18001A4462602B681B682360EBE72160E9E750
:10AC280088A0002090A000208FA0022018E2000831
:10AC380084A00020002851D0B0B500AF0446A0F190
:10AC48000805274B9D4202D3264B9D4204D94FF459
:10AC5800B8712548FAF770FC54F8043C002B0CDA5C
:10AC680054F8083C23B14FF4B9711F48FAF764FC53
:10AC780054F8043C002B06DBB0BD40F271111A48B1
:10AC8800FAF75AFCECE754F8082C002AF4D123F020
:10AC9800004344F8043CFEF7EFFF54F8041C134A41
:10ACA80013680B441360124B1B6813F0010F03D099
:10ACB800104B1B685B684BB92846FFF77BFF0E4AB1
:10ACC800136801331360FFF7D5F8D5E7F6F7F6FFF9
:10ACD80054F8042C2146F6F749FFEDE7704700BF0A
:10ACE80090A000208FA0022018E2000880A0002079
:10ACF800EC040020F40400207CA0002080B400AF05
:10AD080000F1080343604FF0FF328260C3600361C3
:10AD180000230360BD465DF8047B704780B400AF34
:10AD280000230361BD465DF8047B704780B400AF23
:10AD380043684B609A688A6051609960086103684B
:10AD480001330360BD465DF8047B7047B0B400AFC3
:10AD58000D68B5F1FF3F12D000F108031C465B688F
:10AD68001A68AA42FAD963684B6099608C6061607E
:10AD78000861036801330360BD46B0BC70470469CD
:10AD8800F1E780B400AF0369416882688A6041686E
:10AD980051605A68824208D000220261186801385E
:10ADA8001860BD465DF8047B704782685A60F3E717
:10ADB80020F0030110F00300C0F1000051F8043B3B
:10ADC80000F1040C4FEACC0C6FF000021CBF22FA11
:10ADD8000CF213434FF0010C4CEA0C2C4CEA0C4CCF
:10ADE800A3EB0C0222EA030212EACC1204BF51F8C8
:10ADF800043B0430F4D0C2F1000102EA0102B2FAC5
:10AE080082F2C2F11F0200EBD200704738B5054C40
:10AE1800054DAC4204D054F8043B9847AC42FAD1F3
:10AE280038BD00BF0000000000000000032A30B455
:10AE380012D941EA000484460B46A40721D11946D9
:10AE4800604653F8044B5CF8045BA54219D1043AF8
:10AE5800032AF4D860461946541E7AB1431E0139B4
:10AE6800021901E09A4209D013F8010F11F801CF35
:10AE78006045F7D0A0EB0C0030BC7047002030BC18
:10AE88007047541EEAE700BF0FB400B583B0064B05
:10AE980004AA186852F8041B019200F0D3F903B011
:10AEA8005DF804EB04B0704798E200080CB430B5C4
:10AEB8008BB00D4620220446002102A8F5F714FCA9
:10AEC8000222134B002D06948DF80A2003931DDBF4
:10AED80010D0013D2C440FAA0E9902A807940192A4
:10AEE80000F0B0F9069B00221A700BB0BDE83040A4
:10AEF80002B070470FAA0E9902A80794019200F0B9
:10AF0800A1F90BB0BDE8304002B070470024E2E779
:10AF18005DD300082DE9F041C3F1370805460C461A
:10AF2800174603F01F065FFA88F82846214632467E
:10AF38000023F5F7EBF92346D2B20C46AC4605469A
:10AF4800092A08EB020188BFCAB2B44502F13002EF
:10AF580007F8012B4FF000029341E6D23846BDE8CE
:10AF6800F08100BF2DE9F0434FF0010E724508DD76
:10AF7800034601E0252C06D09C4613F8014B002C13
:10AF8800F8D1BDE8F0831C780CF1020C252C01D116
:10AF98006346F1E70026AA4FB04609E027FA03F313
:10AFA800DB0740F1F4801CF8014B002C00F0928084
:10AFB800A4F12003102BF1D963464FF0000CA4F143
:10AFC8002405152D20D8DFE805F0B21F1F1F1F1F0D
:10AFD800AA1F1F1FAA1F0C0C0C0C0C0C0C0C0C0C21
:10AFE8006346303C06EB86064FF0200C04EB460621
:10AFF80013F8014B002C70D0BCF11F0F40F2BA803F
:10B00800BCF17F0F40F2AE80A4F14C052E2D64D820
:10B018000FF2040959F825F02BB10008E3B0000835
:10B02800E3B00008E3B00008E3B00008E3B00008AC
:10B03800E3B00008E3B00008E3B00008E3B000089C
:10B04800E3B00008E3B00008E3B00008E3B000088C
:10B05800E3B00008E3B00008E3B00008E3B000087C
:10B06800E3B00008E3B00008E3B00008E3B000086C
:10B07800E3B00008E3B00008E3B00008E3B000085C
:10B08800E3B00008E3B000085DB10008E3B00008D1
:10B098002BB10008E3B000084DB10008E3B0000888
:10B0A800E3B00008E3B00008E3B00008E3B000082C
:10B0B800E3B00008E3B00008F9AF0008E3B0000807
:10B0C800E3B00008E3B00008E3B00008E3B000080C
:10B0D800F9AF000863464FF0000CB8F1000F3FF4D9
:10B0E80050AFF0457FF448AF44F020050B68A5F158
:10B0F8006506022E40F29F80612D00F09C80633C23
:10B10800102C00F29280DFE804F018909090909054
:10B11800909090909090909090901800B046002653
:10B1280066E74CF4207C63E763464FF0000CB8F107
:10B13800000FF3D07645F2D10B6804330EF1010EFF
:10B148000B6013E71CF0800F18BF4CF4007C4CF028
:10B15800800C4DE71CF4807F18BF4CF4007C4CF445
:10B16800807C45E74FF0200C29E713F8014B0026B7
:10B17800002CB0D0A4F1200C314DBCF1100F25FAF1
:10B188000CF54FD815F0010526D09C460BE7A4F125
:10B1980024030C2B9ED801A555F823F031B10008E3
:10B1A800DDB00008DDB00008DDB00008DDB0000843
:10B1B800DDB00008D9B10008DDB00008DDB0000836
:10B1C800DDB00008D9B10008DDB00008E9AF00081B
:10B1D80000266346B4460BE7A4F12409AC464D4665
:10B1E8000C2D3FF678AF0FF2080959F825F000BF8B
:10B1F80037B10008DFB00008DFB00008DFB0000892
:10B20800DFB00008DFB0000873B10008DFB0000845
:10B21800DFB00008DFB0000873B10008DFB0000835
:10B22800EBAF00084FF0000CC9E61CF0800F84D08B
:10B238001CF4007F81D0073323F0070308337DE730
:10B24800892801002DE9F04F837893B047689C075F
:10B25800049240F134870B4683468E460B9213F8CE
:10B26800010B002800F092860C464FF0000A059169
:10B278000DE01C4659460AF1010AB8470028C0F2F9
:10B288006A81234613F8010B002800F06C812528F9
:10B29800EFD165780234252DECD04FF00008C14677
:10B2A8004646CDF808801F2E40D97F2E75D9A5F1C6
:10B2B8004C032E2B00F25B81DFE813F00F015901DC
:10B2C80059015901590159015901590159015901A6
:10B2D8005901590159015901590159015901590196
:10B2E8005901590159015901590159015901590186
:10B2F80059015901920159010F015901860159015A
:10B30800590159015901590159015901B50059010A
:10B318005901590159015901B50046F0020614F8BE
:10B32800015B46F00406002D00F08280A5F12003A1
:10B33800102B32D801A252F823F000BF27B300081F
:10B34800A3B30008A3B30008B3B40008A3B300086C
:10B35800A3B30008A3B300082FB40008A3B30008E0
:10B36800A3B30008A3B3000823B30008A3B30008DD
:10B37800C3B40008A3B30008A3B30008D3B40008FB
:10B388007306A5F1300540F16B8109EB890905EBDE
:10B39800490914F8015B002D4AD0A5F12403152BA7
:10B3A80085D801A252F823F009B40008B7B2000802
:10B3B800B7B20008B7B20008B7B20008B7B20008C1
:10B3C80091B50008B7B20008B7B20008B7B20008D4
:10B3D800BDB50008B7B2000889B3000889B30008F2
:10B3E80089B3000889B3000889B3000889B3000845
:10B3F80089B3000889B3000889B3000889B3000835
:10B40800B8F1000F00F02181049B72060B9300F144
:10B418003581029A0BA90598FFF7A4FD0B9B1A1D0D
:10B428001B680B92029314F8015B002D7FF43BAF6D
:10B43800202303950693B8F1000F06D0049B4246DB
:10B448000BA905980B93FFF78DFDB9F1000F04DAEE
:10B4580026F040064FF00009B6B2039B002B00F01F
:10B46800DA80ED4306F0400205F0200307930B9BBA
:10B47800073323F0070303F108010B91D3E9000117
:10B48800069B612B00F04B81002A40F00E81652B52
:10B4980000F07C84662B4FF0060900F05D834B4674
:10B4A80000226525039208950EE114F8015B46F029
:10B4B8001006002D7FF43AAFBAE714F8015B46F0A6
:10B4C8000806002D7FF432AFB2E714F8015B46F0AE
:10B4D8000106002D7FF42AAFAAE714F8015B46F4B1
:10B4E8002076002D7FF4E3AEA2E72D25029B042BE6
:10B4F80000F37C820023029328465946B847002867
:10B508000AF1010A27DB9DF834301D0740F14D830D
:10B51800AE4E3546DDF81C8003E0C0B2B8470028BF
:10B5280019DBA94615F8013B5946A3EB0800002B87
:10B53800F3D1AAEB0606B144029DCA464D44A5EBD9
:10B548000A0359462020002B7FF79BAEB8470028F6
:10B558000AF1010AF3DA9BF802304FF0FF3A43F0A0
:10B5680004038BF80230504613B0BDE8F08F45F065
:10B578002002A2F165030692612A18BF022B94BF2C
:10B5880001230023039356E7B8F1000F7FF44BAF74
:10B598000B9B750653F8042B0B937FD4002AC0F23B
:10B5A800548314F8015B46F02006002D00F0568302
:10B5B8000292F2E67006D6D414F8015B46F0400613
:10B5C800002D7FF4EAAE33E7330614F8015B48BF79
:10B5D80046F4007646F08006002D7FF468AE27E733
:10B5E800F50514F8015B48BF46F4007646F480760A
:10B5F800002D7FF45CAE1BE7002B00F074811A4627
:10B60800049B0BA905980B93C146FFF7ABFC2023BD
:10B61800CDF808800693A5F16303122B00F25F8131
:10B62800DFE813F08D0270015D015D015D015D01D0
:10B6380070015D015D015D015D015D0197024502DB
:10B648005D015D011A025D01880214F8015B46463E
:10B65800029B002DD0D0C146CDF80880984665E6FB
:10B66800029B46F0200603EB830305EB430302939A
:10B6780014F8015B002D7FF490AED9E64A460BA979
:10B688000598FFF76FFC0B9B14F8015B1A1DD3F8A4
:10B6980000900B92002D7FF408AEC9E614F8015B08
:10B6A800002D00F0DB82914677E6652B00F064837D
:10B6B800662B00F0518219F0FF0340F004851A460A
:10B6C800652503930123089501920DF13008039A2B
:10B6D8000092424600F01EFE0C9AC3B20221069365
:10B6E80002F109030391122B35D89DF8343013F079
:10B6F800010503F00C0C3CD1B00760D416F004002F
:10B7080040F08A81BCF1000F39D0029A032A40F335
:10B718001283033A029232073FF5F7AE6BE1079BBB
:10B7280046F4C0560DF130080093002A00F0CC8092
:10B738004B46424601F00AFC431CDBB24B450693DC
:10B7480080F2CA8070230C9A0121089302F1090340
:10B758000391122BC9D902F16303C62B2CD902F22B
:10B76800E73140F2CE73994240F25D8104210391A2
:10B77800BBE7BCF1000F7FF4B8AE4FF02D0C16F408
:10B78800405F00F06D82B50440F1978022EAE273D1
:10B798000133BCF1000F1BD1B9F1000F00F051814A
:10B7A80009F101010B440299994200F3CB8230055B
:10B7B800CDF808C026D43CE00221039195E7BCF1FE
:10B7C800000F00F026812B2590E600BF78E20008E4
:10B7D800591CB9F1000F00F0298109F101030B444C
:10B7E8000299994200F35583002302936046594613
:10B7F8000992B84700280AF1010A099AFFF6ABAE88
:10B80800350513D5594630200992B8470028FFF668
:10B81800A2AE079B59460AF1020AC3F1780000F06C
:10B82800F800B8470028099AFFF695AE300740F1AE
:10B83800F882B10400F1C68259469DF83500099294
:10B84800B8470028FFF687AEB9F1000F099A00F350
:10B858002F83F50600F152830AF101090692594631
:10B86800DDE90723981AC0B2B8470028FFF673AE7F
:10B87800069A002AC0F23F832B2059460692B84701
:10B888000028FFF668AE039B069A042B00F0178287
:10B89800032B09F1020900F02682012B40F03682C1
:10B8A80002F13000594609F10109C0B2B847002831
:10B8B800BFF642AE4FE60EF1FF3916F4006F14BF23
:10B8C800052303230B4464E74FF0FF33424601F09E
:10B8D8003DFB431CDBB2069303F1FF3932E7069BBD
:10B8E800782B00F0798359462520B8470028FFF6C1
:10B8F80032AE28465946B8470028FFF62CAE0AF162
:10B90800020ABEE432060B9B40F11483B00540F1F5
:10B91800A483073323F0070303F10802D3E90003E4
:10B928000B9226F01008002B1FFA88F20392C0F23F
:10B93800418350EA030140F0458406F04003700655
:10B94800069303D5B9F1000F00F0E4820020014608
:10B958000DF130080A234246FFF7DCFA069AA0EBFD
:10B968000803002A00F0DC82039A4B451E4622F0A9
:10B978000108B8BF4E461FFA88F20392039A40F2B4
:10B9880006410A4202F0080000F0AC8406F1010802
:10B99800002800F02683029AA2EB0802029206937E
:10B9A8005946039B0AF1010513F0020F14BF2B201F
:10B9B800202013F4806F18BF2D20B8470028069B5D
:10B9C800FFF6C9AD994540F3128409EB050A1E46F6
:10B9D800AAEB030A02E0554500F0C580594630201D
:10B9E800B847002805F10105F5DAB4E5043B360748
:10B9F80002933FF581AD029E564402E0B24500F045
:10BA0800468359462020B84700280AF1010AF5DA8A
:10BA1800A1E54FF02B0CB2E6BCF1000F40F0AD826F
:10BA28004FF0200CABE6032103915EE6F00640F1EF
:10BA3800E68202330299994200F32B82CDF80890EE
:10BA4800D4E6F10640F1E68201330299994200F307
:10BA58007981CDF80890D3E60B9B1A1D0B921A68D2
:10BA6800002A00F0F88216F0400F1046039214BF27
:10BA780049464FF0FF3101F057FA039A8046029B7E
:10BA88003007194600F19A80984580F097801D4646
:10BA98001646994603E0984580F089801D46594628
:10BAA8002020B847002805F1FF33F4DA53E546F0C3
:10BAB80010061023782516F0800C0B9A68D016F41F
:10BAC800007100F03B81073222F0070202F1080101
:10BAD8000B91D2E9000106F04002039250EA0102FC
:10BAE80040F0868006F040021AB1B9F1000F00F06C
:10BAF80019820DF13008002000214246FFF70AFAAA
:10BB080006F04002A0EB0803002A00F0438126F06B
:10BB180017024B4592B2039280F24582002D40F005
:10BB2800A882350740F1AE83029A5546A2EB090276
:10BB380002924AE726F010060A23B6B2BBE70B9B2F
:10BB48004FF001080CAA191D1B680B918DF83030B5
:10BB580095E708230025AEE7662546F400564A46D1
:10BB680011230895B0E533460DF1300808EB0306BC
:10BB7800354605E015F8010DB8470028FFF6EBAC8F
:10BB8800A8455946F6D106EB0A03A3EB0809D3E406
:10BB9800111D10680B9116F480719CD016F4007179
:10BBA80000F0F281C0B2614695E7BD4EB1E40AF1FA
:10BBB800010A32461946CA44AAEB050A029402EB66
:10BBC800080516461446894605E014F8010BB847DF
:10BBD8000028FFF6C0ACAC425946F6D14946AAEB5C
:10BBE8000603A146029CA1EB080299440292A3E431
:10BBF8000DF130084246FFF78DF906F04002A0EB40
:10BC08000803002A40F0C58126F00602F10692B228
:10BC1800039240F1C380039A02F00802002D40F01D
:10BC2800188103F10108002A00F03982029AA2EB78
:10BC380008020292594630200393B84700280AF1B7
:10BC48000105039BBFF6BEAE85E4534214F8015BC1
:10BC580046F028060293002D7FF49FAB002542E6AC
:10BC6800B9F1000F069B14BFCE464FF0010E002B12
:10BC780000F0B682581D404403E013F0FF0500F0C1
:10BC88007F8110F8019D1D46013BB9F1300FF4D0BA
:10BC98009946EBB206937245B4BF01230023101DE9
:10BCA800B8BF002316F0100000F04D81002B3FF4C0
:10BCB80002AE46F40056531CAEEB030966E5794D17
:10BCC8005946039209F10309A5FB0235AD0905F1AF
:10BCD8003000C0B2B8470028FFF63DAC4FF47A7385
:10BCE800039A03FB1522704D5946039209F1010985
:10BCF800A5FB02356D0905F13000C0B2B847002830
:10BD0800FFF629AC6423039A03FB1522674D5946B5
:10BD1800039209F10109A5FB0235ED0805F1300090
:10BD2800C0B2B8470028FFF616AC05EB8505039AA4
:10BD3800A2EB4502B4E50290FFF7E7BB101D0B909C
:10BD48001068C8E6CB1A16F0090F02937FF458ADB5
:10BD58001D465544099402925446C246E04602E004
:10BD6800AC4200F0598259462020B847002804F117
:10BD78000104F5DAFFF7EFBB09F10103DBB2112B80
:10BD880028BF112346F48056FFF78ABB07234FF0DC
:10BD98000609F7E726F0160292B2039212F008029B
:10BDA80000F09681029A5546D21A02920AE63105A7
:10BDB800E14600F1258216F0080FCDF808C01E46AE
:10BDC8003FF437ADC9F1000322EAE27591460796C0
:10BDD8000393531D069E5B1B06949844A9EB05022A
:10BDE800039B013D3020964259460AF1010488BF61
:10BDF80098F80000AB4200F31781B847002808F113
:10BE08000108FFF6A8AB6B1C01D0A246E6E759462D
:10BE18002E20B84700280AF10204FFF69CABA24680
:10BE2800DCE7029B002B3FF404AD029D43460292DF
:10BE3800A046554454469A4602E0AC4200F0C480FD
:10BE480059463020B847002804F10104F5DAFFF715
:10BE580082BB03F10208002A00F07281029AA2EB69
:10BE680008020292594630200393B8470028FFF68B
:10BE780072AB039B002D00F01F812846594603939F
:10BE8800B84700280AF10205039BBFF69BADFFF7F0
:10BE980062BBCB1A16F0090F02937FF4A7AC57E7E1
:10BEA80074E20008D34D62101F85EB51CDCCCCCC89
:10BEB80059462E20B8470028FFF64DAB099A0126AF
:10BEC800069D09940692AE4208EB06024FF0300038
:10BED8005946B8BF50793446B847002806F10106DC
:10BEE800FFF639AB4E45EEDD25460AF10209069A02
:10BEF800099CA944B2E452422D20BEE459462E20A2
:10BF08000692B84700280AF10209069ABFF6A6ACBD
:10BF1800FFF721BB26F011081FFA88F303930023CB
:10BF28001E462BE516F0080300F0168100230DF1DC
:10BF380030081BE61A1DF1051B680B9200F1928070
:10BF48001846DB17EDE4002B3FF4B7ACAA4246F4E1
:10BF58000053C0F24981BCF1000F00F01981911C17
:10BF6800029D8D4240F33781691A029116F009014A
:10BF78001E4600F06F81814638E42025FFF7B6BAE7
:10BF88004FF0FF39069586E680B2A4E58246FFF7B2
:10BF9800EABA26F007024B4592B20392C0F26981D1
:10BFA800F1063FF538AE320740F15781029AD21AAE
:10BFB8000292DBE542F480624042039206F04002BE
:10BFC80063EB43010692C3E45346A2464446029AF1
:10BFD8009846002302932CE4C5F1780343F010033C
:10BFE80069E512F0010F029A7DD09045A2EB080195
:10BFF80080F2E68001EB030901460291CFE4029B3F
:10C008008B427FF71BAD5B1A16F0090F02937FF482
:10C01800EDAB9DE6029999423FF794AE3505CDF810
:10C0280008903FF5EFAB04E4A146DDE90646B847C2
:10C038000028FFF690AAF6067FF57EAA01357FF460
:10C048007BAA59462E20B84700280AF10209BFF6F4
:10C0580073AAFFF780BAAE4A05E5186804330B9354
:10C06800C3175EE4B20540F1A68058B243F3C0138B
:10C0780057E4494602F0080082B2002800F0268101
:10C08800029A5546A2EB0902894602929AE4002DCB
:10C098007FF430AA9DF834300295FFF736BA039A38
:10C0A800D6076ED502998845A1EB080280F29080E8
:10C0B80003EB02090295D5E60AF1010582E44FF087
:10C0C800FF3AFFF750BA112B28BF1123FFF7E8B941
:10C0D8000399C90740F18F8002988342A0EB0301BE
:10C0E80048DB029142E5904580F2A38026460695FA
:10C0F800029C4546079302E0A24209DA15465946D2
:10C108002020B847002805F10102F5DAFFF723BA25
:10C1180002990AF1010A34462E468A1AAAEB080A3D
:10C128000292B244039AD606DDE906533FF59AAE69
:10C1380040F20642039911427FF431AC554641E47E
:10C14800039A12F0010F029A5FD09045A2EB080102
:10C158000FDB9946029185E6029A002A40F3B380E4
:10C1680026F0170899461FFA88F3C84603934B46EA
:10C17800BCE7102203EB0109002A67D000220292D3
:10C1880070E6029A9045B1DBA2EB0802029251E5F3
:10C19800511C029888427FF70AAE411A16F0090F1F
:10C1A80002914FD0300549D416F0080FE1461E46DB
:10C1B8007FF408AE39E618B243F3C033FFF7B1BBDA
:10C1C80099461AE7194606F040030693FFF7C0BBE5
:10C1D8009946029246E681461E460290FFF706BB44
:10C1E8001D464FF0FF3956E51E46AE4663E5AA46A2
:10C1F8000DF13008BAE4029A93427CDA984675E762
:10C208001E46CDF80890FFF7FDBA9045FFF66EAFD1
:10C21800A2EB0802029225E6C446029AD046A2463C
:10C22800099CBCF1000F7FF4DFAACDF808C0FFF726
:10C23800E7BAA2EB08020292FFF7B1BB1E46E1463D
:10C24800FFF7E0BA1E46E1460D4682E555460292E2
:10C25800FFF7B8BB8946029D7BE59846029A904550
:10C26800FFF644AF029A5546A2EB08020292FFF786
:10C27800A9BB55B926F0170836071FFA88F20392AA
:10C288003FF552ACC8460025E8E7F00604D4039A07
:10C29800494602F00800EFE6320709F102083FF5C7
:10C2A800DDAD029A9045FFF621AF03935946029BF4
:10C2B8003020A3EB08030293B8470028039BBFF67E
:10C2C800DCADFFF748B90DF130084FE40398C0071B
:10C2D8000BD502988145A0EB0901FFF64BAF0DF194
:10C2E8003008FEE64946B146C6E6029A914507DAA5
:10C2F800C8468946FAE6D21A55460292FFF762BB4B
:10C30800A2EB0902554689460292FFF75BBB00BFC4
:10C318007CE200082DE9F04F9BB0C1F313050446F9
:10C328000B92CA0F0E939DF890300C9240EA0502CA
:10C338000D93C1F30A53002B08BF002A0CBF01223A
:10C3480000220A9200F00181080D40F2FF718B4231
:10C3580000F0ED8004F001021192002B40F0028100
:10C36800AB00012740F23446DFF89C8543EA94731A
:10C3780006970593A300049330460DF1580B00F07F
:10C3880059FCC71BF61B07EB0803079730460F93AA
:10C3980000F058FC0346594630467D3BA7EB030A9C
:10C3A80000F07AFC241912ABAAF141086D4120462D
:10C3B80000932946DDE9162300F076FD14AB064606
:10C3C8000F46204629460093DDE9182300F06CFD4E
:10C3D8000022CDF80080DDE91243041951EB030572
:10C3E800149B169928BF0122D218159B43F100030C
:10C3F80070181799149247EB0101B0421593B9418F
:10C40800DDE9180134BF4FF0010C4FF0000C201883
:10C4180045EB01011CEB000041F10001A04271EB6A
:10C42800050C34BF4FF0010C4FF0000C1CEB02025E
:10C4380043F1000300F050FD039116998146DDF8A1
:10C4480064C00891DDE917E1DDE914230991069933
:10C458000293002940F01F82B019AAF1400100910F
:10C4680047EB0701231945EB050AB04271EB0706B4
:10C4780034BF012600269E19089B4AF100079842FE
:10C48800099B71EB0E0134BF01200020301A67F1BF
:10C498000001C01A029B61EB0C0192185B41A64295
:10C4A80077EB050C34BF4FF0010C4FF0000C12EB8A
:10C4B8000C0243F10003864277EB010634BF0126E4
:10C4C8000026921B63F1000300F006FD82460291EC
:10C4D80020462946CDF80080DDE9142300F0FCFC55
:10C4E800079B04460D46012B40F254833E2B1E4603
:10C4F80000F208814FF0FF33A6F12002C6F12000B8
:10C5080003FA02F203FA06F123FA00F00B4611438C
:10C51800049A014322EA0302059B23EA01031A4312
:10C528004FF00003069308BF01230593EDE00C9B31
:10C5380025434FF000000B9A14BF43F0080343F063
:10C54800040313711BB0BDE8F08F0C9B30210B9CCA
:10C55800012043F0020200236171227123601BB0A5
:10C56800BDE8F08F54EA050240F2FE7245F48015EA
:10C57800A3F2354800EA020014BF01220022002875
:10C5880008BF42F00102271906924FEA850245EBDF
:10C598000506B8F1000F42EA947205924FEA840248
:10C5A8000492C0F21F8340460DF1580B00F03AFB8D
:10C5B800B8F1030FC8BF0138044607900F9000F088
:10C5C80041FBA4EB080800F17C035946204603EB25
:10C5D800080A00F0E1FB12AB384631460093DDE96A
:10C5E800162300F061FC14AB04460D46384631466C
:10C5F8000093DDE9182300F057FC0A9ADDE912637D
:10C608008719AAF1410651EB0308149B169928BF14
:10C61800012208960096D218159B43F10003601872
:10C628001799149245EB0101A0421593A941DDE940
:10C63800180134BF01260026381848EB01013018CC
:10C6480041F10001B84271EB080634BF012600260B
:10C65800B21843F1000300F03FFCDDF864E00391F9
:10C668008146DDE91432DDE917610292169A0992D2
:10C67800069A002A40F0F18014EB040CAAF140025B
:10C6880045EB05000092FA1948EB080AA44570EB3F
:10C698000505099D34BF0124002412194AF100043C
:10C6A800AC45B041029E34BF01200020101A64F14D
:10C6B8000005401A65EB0E01DB187641BA4274EBAF
:10C6C800080534BF012500255D1946F100038242A3
:10C6D80074EB010234BF01220022AA1A63F100039D
:10C6E80000F0FAFB82460291089B384641460093C7
:10C6F800DDE9142300F0F0FB079B04460D46152BDB
:10C7080040F220820023CDE905330D9B002B00F079
:10C71800D8810A2C75F10003C0F06E820A2300222A
:10C728000120910001309E0041EA9371F31842EB19
:10C738000102DB1852419C4275EB0201F1D20F9BBA
:10C74800259AC3181344D20F9342B8BF13460E9AC2
:10C758009342A8BF13460993B3FA83F04FF0000E33
:10C7680003994009CDF810E010904846CDE9079E9E
:10C77800644A4FF0CC33CDF800B000F095FB169F1B
:10C78800179B5046FF0802994FEAD3085D4A47EACB
:10C798004377CDF800B04FF0CC3300F085FB169E00
:10C7A800179BF6084FEAD30946EA4376BE4279EB6F
:10C7B80008031ED30A2C75F10003C0F08B800A23EE
:10C7C800002201204FEA820C013099004CEA937C48
:10C7D800CB1842EB0C0CDB184CEB0C0C9C4275EBA9
:10C7E8000C016246EED2099B984240F35581012321
:10C7F8000A9329462046434A4FF0CC33CDF800B07F
:10C8080000F052FB049B06EB860208990133179D42
:10C81800BAEB420F069A0493B24602F00102169B45
:10C8280018BF00223846DB08CDF808900692059A12
:10C8380043EA45730797ED08002914BF002202F068
:10C848000102CDF80C804146059203EB8302A4EB6C
:10C8580042021C46D3B208938AE70998791A089AC3
:10C86800009268EB0E02844275EB060634BF012085
:10C878000020081A62F10001874278EB010234BFF8
:10C88800012200229A1A029B63F1000300F024FBA4
:10C898008246029128E7099BCDF80080E11A089B9F
:10C8A80065EB0C0C9E42029B77EB0E0034BF012017
:10C8B8000020081A6CF10001844275EB010634BFB0
:10C8C80001260026921B63F1000300F005FB824657
:10C8D8000291FDE5099B002B00F3DE8054EA050375
:10C8E80085D1109B002B82D00024DDE9079E2546C8
:10C8F800069B002B51D05B46F046A34602991C4686
:10C9080035E000BFCDCCCCCCCCFBFFFFBB4A4FF011
:10C91800CC330094B24600F0C7FA169B2946584615
:10C928004FEAD309179BB54A49EA43790094DB08D3
:10C9380003934FF0CC3300F0B7FA059B179D3946A7
:10C94800B8F1000F14BF002303F001030297059309
:10C95800049B01330493169BDB0843EA4573ED08F7
:10C9680003EB8302ABEB42029B465FFA82F84FF07F
:10C97800CC33A24A5046009400F096FA169E179FB0
:10C988004846F608039946EA4776FF0806EB860309
:10C99800BAEB430FBAD0C6465C46049A0F9B1344C1
:10C9A800059A9B46029BBEF1050F14BF002202F0B8
:10C9B80001029D4208BF54450A9B83F0010303F01E
:10C9C800010318BF0023002A69D014F001017BD1AC
:10C9D800002B40F022810A2C75F10002C0F0208162
:10C9E8001A460A230021012688009F0040EA937016
:10C9F800FB1841EB0001DB18304606F101064941FE
:10CA08009C4275EB0107EFD2099B9E4201DD002A8B
:10CA180066D109980FFA8BFEB042A8BF304600B223
:10CA2800864400280EF1FF3E2EDD0B9B411D734A04
:10CA38004FF0CC37194403F1050C052614EB050813
:10CA480048F10008A2FB083929F0030303EB990316
:10CA5800A8EB0308B4EB080465F1000307FB04F531
:10CA680002FB0355A4FB02431D4404F001036408C0
:10CA7800A3FB063944EAC57413EB08036D08303389
:10CA880001F8013D6145D9D10B9B0C9AC3F800E030
:10CA98001A711BB0BDE8F08FDDE9079E28E7BBB926
:10CAA800BEF1040F94BF002201221146611845F11E
:10CAB80000050A290C4675F1000392D200200126D0
:10CAC800A2E70E9B099347E6002BEFD04FF0050E27
:10CAD800069B119A83F001031A43E1D00121E5E78F
:10CAE8000D9B6BB1259A06EB0B0313440E9A012B91
:10CAF800B8BF01239A42A8BF1A469642099288DD18
:10CB080005343E4906464FF0CC3345F100050BF19C
:10CB1800010B621942F10002A1FB020727F0030092
:10CB280000EB9700121AA41A65F1000504FB03F341
:10CB380001FB0533A4FB01410B4464085D0844EA8A
:10CB4800C37466E7049E14AB2C4A009330464FF03A
:10CB5800CC33059900F0A8F9149B159A9B0843EA71
:10CB6800827303EB8303B3424AD0119E049B1EBB1E
:10CB7800013B059A42F1FF31069A981A61F10001CA
:10CB880000F068F8079B83428CBF00230123CDE99E
:10CB98000563BAE5119B13B901230593B5E519F1AE
:10CBA800FF334FF000029946039B63F100030393A0
:10CBB8000123CDE90532A8E5981C059B43F1000146
:10CBC80000F048F8079B83428CBF00230123B9EB90
:10CBD80003039946039B63F1000303930023CDE904
:10CBE800053392E540F2354618F10107A6EB030636
:10CBF80018BF0127FFF7C0BB0120A0E5CDCCCCCCE6
:10CC0800DDE9040100F026F8079B83428CBF00236E
:10CC1800012305930023069377E54FF0040E57E7A9
:10CC28000126F6E6024B03FB00F0800C704700BFBC
:10CC380041340100024B03FB00F0000D704700BFB8
:10CC4800FB2E0B00024B03FB00F0C00C01307047B9
:10CC58004F93120030B54FF0CC350E4C4FF0333CAB
:10CC680005FB00F304FB0131A0FB043200200A4459
:10CC78009C457CEB02010CD3A64605FB03F1013071
:10CC880004FB0211A3FB0E320A449C457CEB020113
:10CC9800F3D230BDCDCCCCCC2DE9F04F3A4D1A2390
:10CCA8003A4F87B0A5FB00250E46ED0803FB150398
:10CCB80007EB051753B9D7E90023C1E90023D7E9E2
:10CCC8000201C6E9020107B0BDE8F08F304A02A9A7
:10CCD800044602EBC303D3E90089D7E9022340469F
:10CCE8000091494600F0E0F802460B4640464946A6
:10CCF80091469846D7E9002304AF009700F0D4F88E
:10CD0800002282468B46DDE9047317EB090753EBD3
:10CD1800080928BF012232B1029B01330293039B09
:10CD280043F1000303932046FFF78CFF80461A2047
:10CD380005FB00F0FFF786FFA8EB00053A464B46D7
:10CD480000955046594600F0C7F80095114B250943
:10CD58006400844653F825300A4604F01E04384619
:10CD68004946E34003F0030313EB0C0342F10002CE
:10CD7800C6E90032DDE9022300F0AEF8C6E9020197
:10CD880007B0BDE8F08F00BF4FECC44EB8E4000810
:10CD980090E3000860E400083F4A00F11903A2FB91
:10CDA80003232DE9F04FDB081A263C4F87B003FB1D
:10CDB80006F60D4607EB031B321A0AD1DBE90023FE
:10CDC800C1E90023DBE90201C5E9020107B0BDE8BA
:10CDD800F08F4FEA031A324B02A9044603EBC20351
:10CDE800D3E90089DBE9022340460091494600F077
:10CDF8005BF857F80A200F46DBF80430013A8446FE
:10CE08004046B84604AF63F100034946E24600973E
:10CE180000F04AF8002281468B46DDE9047317EBDF
:10CE28000A0753EB080828BF012232B1029B0133DD
:10CE38000293039B43F1000303933046FFF702FF7D
:10CE480006462046FFF7FEFE361A3A464346009647
:10CE58004846594600F040F80096124B26096400EF
:10CE6800844653F826300A4604F01E0438464146E4
:10CE7800E34003F00303013313EB0C0342F1000218
:10CE8800C5E90032DDE9022300F026F8C5E9020110
:10CE980007B0BDE8F08F00BF4FECC44EE0E50008D6
:10CEA80090E3000888E500084FF0000C70B58E4646
:10CEB80005461646A0FB02016246049CEEFB0612DC
:10CEC8006646EEFB032CE3FB051692194CF10003B2
:10CED800C4E9002370BD00BF10B5029CC4F1400C2A
:10CEE800C4F1200EE04002FA0EFE03FA0CF302FA37
:10CEF8000CFC43EA0E03C4F1200E01FA0EFE40EAD0
:10CF08000E00A4F1200E22FA0EFEA4F1200221FA4E
:10CF180004F421FA02F243EA0E03104343EA04013F
:10CF28004CEA000010BD00BF71B1034601EB000CD4
:10CF380001E0634506D01A46013311780029F8D17B
:10CF4800101A7047181A7047084670472DE9F043C1
:10CF58000446C1F31305CE0F184654EA05039DF89D
:10CF68001CE0C1F30A51167156D10B1E18BF0123DC
:10CF7800002951D100281360C0F25E810C2800F30B
:10CF8800DA811F461D46C0F10D060124B600711E48
:10CF9800A6F12108C6F1210304FA01F104FA08F800
:10CFA80024FA03F34C1848EA030848EB08096342DB
:10CFB80069EB490C013C49F1FF393C4009EA050994
:10CFC800A14278EB09090EDBC6F1200927FA06F41D
:10CFD800203E05FA09F944EA090402D445FA06F69E
:10CFE8003443E40703D5C91945EB08050F463B4010
:10CFF80005EA0C0C1B0943EA0C734FEA2C1C1909AF
:10D008000C2803F00F0441EA0C714FEA2C1C2CD0B9
:10D01800002C00F0148128E040F2FF73994200F0E0
:10D028008D81002900F0F780A1F2FF31002845F436
:10D03800801527461160C0F2F5800C28A3DD23096E
:10D0480004F00F004FEA251C43EA0573092802DDA6
:10D05800CEF1270108443030190903F00F0441EAE2
:10D068000C7190744FEA2C1C0D20092C02DDCEF1B6
:10D0780027031C4430340C284FEA11155474B8BFE8
:10D088000C2001F00F0445EA0C754FEA2C13092C0B
:10D0980002DDCEF127010C4430340B2814744FEA1A
:10D0A8001514B8BF0B2005F00F0544EA03741B11D3
:10D0B800092D02DDCEF127010D444FEA14180A2884
:10D0C80005F1300504F00F0448EA0378B8BF0A20D8
:10D0D8001B11D573092C02DDCEF127010C44303425
:10D0E800092894734FEA1814B8BF092008F00F08EC
:10D0F80044EA03741B11B8F1090F02DDCEF12701D0
:10D10800884408F13008082882F80D804FEA14187E
:10D11800B8BF082004F00F0448EA03781B11092C53
:10D1280002DDCEF127010C443034072814734FEA8E
:10D138001814B8BF072008F00F0844EA03741B113D
:10D14800B8F1090F02DDCEF127018844210906282C
:10D1580008F1300804F00F0441EA0371B8BF062053
:10D168001B1182F80B80092C02DDCEF127052C4417
:10D178004FEA1118052804F1300401F00F0148EABC
:10D188000378B8BF05201B119472092902DDCEF17E
:10D19800270421444FEA1814042801F1300108F04B
:10D1A8000F08B8BF042044EA03744FEA23195172E8
:10D1B800B8F1090F02DDCEF12703984421090328AD
:10D1C80008F1300804F00F04B8BF032041EA0971E0
:10D1D8004FEA291382F80880092C02DDCEF12705D1
:10D1E8002C440D09022804F1300401F00F01B8BFE6
:10D1F800022045EA0375D471092902DDCEF1270E14
:10D208007144012801F13001B8BF01209171303516
:10D218005571BDE8F083A1F2FE3100282746116060
:10D22800BFF60BAF230914F00F004FEA251C43EAA1
:10D2380005737FF40BAFE2E6184619469C460D09C4
:10D2480011F00F044FEA2C1745EA0C753B467FF4A2
:10D258001EAF0B283FF41BAF0C0A15F00F054FEA61
:10D268002C2644EA0C6433467FF422AF0A283FF4A4
:10D278001FAF4FEA113814F00F044FEA2C3548EA73
:10D288000C582B467FF426AF09283FF423AF0C0C2B
:10D2980018F00F084FEA2C4344EA0C447FF42BAFF4
:10D2A80008283FF428AF4FEA115814F00F044FEA4A
:10D2B8002C5348EA0C387FF432AF07283FF42FAFDD
:10D2C8000C0E18F00F084FEA2C6344EA0C247FF484
:10D2D80037AF06283FF434AF090F14F00F044FEAB4
:10D2E8002C7341EA0C117FF43EAF05283FF43BAFA5
:10D2F80011F00F01E0464FEAEC737FF446AF0428C3
:10D308003FF443AF1CF00F083C4699467FF450AFFA
:10D3180003283FF44DAF17F00F0431467FF45CAF9C
:10D3280002283FF459AF16F00F017FF465AFC30729
:10D338007FF56DAF60E79C4618468CE625434FF0B5
:10D34800000014BF46F0080646F004061671BDE852
:10D35800F08300BFD1E90432934202D05A1C0A611B
:08D3680018707047000000007E
:10D370004578636565646564205452435F4346475E
:10D380005F454E5452595F534C4F545300000000B8
:10D390004578636565646564205452435F4346473E
:10D3A0005F454E5452595F53594D424F4C5F4D416A
:10D3B000585F4C454E475448000000004576656E66
:10D3C000742073697A6520657863656564656400B7
:10D3D0005452435F53545245414D5F504F52545F36
:10D3E000524541445F444154412072657475726EE8
:10D3F0006564206572726F72000000005452435FD2
:10D4000053545245414D5F504F52545F5752495407
:10D41000455F444154412072657475726E656420A5
:10D420006572726F72000000426C6F636B696E67A9
:10D4300020696E20785472616365456E61626C6527
:10D44000000000004E6F20736C6F7473206C656673
:10D450007420696E20537461636B204D6F6E697424
:10D460006F720000496E76616C6964206576656E46
:10D470007420636F64650000457863656564656466
:10D4800020495352206E657374696E670000000076
:10D49000445754206E6F7420737570706F7274658A
:10D4A000640000004457545F435943434E54206E78
:10D4B0006F7420737570706F727465640000000083
:10D4C000436F756C64206E6F742063726561746560
:10D4D00020547A4374726C004153534552543A209D
:10D4E0002573202825642900556E6B6E6F776E209A
:10D4F0006572726F7220636F64653A2030782530F0
:10D500003858000023574652000000005265636FF0
:10D51000726465722073746F7070656420696E2028
:10D520007854726163654572726F72282E2E2E29AF
:10D530002100000053797374656D204865617000A7
:10D54000547A4374726C000044656661756C7400B3
:10D550004672656552544F53000000002444554DF7
:10D560004D595F4445564943455F4944000000001A
:10D570002444554D4D595F53455353494F4E5F49D0
:10D58000440000007844666D496E697469616C6995
:10D590007A65204572726F72202D20784765745528
:10D5A0006E6971756553657373696F6E494420695F
:10D5B0007320300A00000000257300007844666D77
:10D5C000496E697469616C697A65204572726F721F
:10D5D000202D20784765744465766963654E616DDA
:10D5E0006520697320300A007844666D496E69745D
:10D5F00069616C697A65204572726F72202D20789E
:10D6000044666D53657373696F6E496E69746961C1
:10D610006C697A65206661696C65642E0A00000099
:10D620007844666D496E697469616C697A652045F4
:10D6300072726F72202D207844666D4B65726E6534
:10D640006C506F7274496E697469616C697A652097
:10D650006661696C65642E0A000000007844666D9E
:10D66000496E697469616C697A65204572726F727E
:10D67000202D207844666D416C657274496E697422
:10D6800069616C697A65206661696C65642E0A005F
:10D690007844666D496E697469616C697A65204584
:10D6A00072726F72202D207844666D456E747279A7
:10D6B000496E697469616C697A65206661696C6537
:10D6C000642E0A007844666D496E697469616C69FC
:10D6D0007A65204572726F72202D207844666D4302
:10D6E0006C6F7564496E697469616C697A652066EE
:10D6F00061696C65642E0A007844666D496E6974D0
:10D7000069616C697A65204572726F72202D20788C
:10D7100044666D53746F72616765496E69746961BF
:10D720006C697A65206661696C65642E0A00000088
:10D7300070727644666D416C657274496E69746985
:10D74000616C697A65204572726F72202D20707845
:10D7500044666D416C657274446174612069732024
:10D760004E554C4C0A00000070727644666D416C58
:10D77000657274496E697469616C697A6520457275
:10D78000726F72202D207078416C657274206973FD
:10D79000204E554C4C0A000070727644666D416C08
:10D7A000657274496E697469616C697A6520457245
:10D7B000726F72202D20737A4669726D776172657F
:10D7C00056657273696F6E206973204E554C4C0A12
:10D7D000000000007844666D416C657274496E69A2
:10D7E0007469616C697A65204572726F72202D20B0
:10D7F0007078427566666572206973204E554C4C90
:10D800000A0000004275696C642D4D332D4F67008E
:10D8100064666D5F74726163652E70736673000079
:10D8200025732061742025733A2575000A44464DFE
:10D8300020416C6572743A2000000000414C455252
:10D840005400000044464D3A20526573746172746E
:10D85000696E672E2E2E0A0A0A000000636F726539
:10D8600064756D705F656E64000000004661756CE4
:10D870007420657863657074696F6E2C204346531D
:10D88000523A203078253038580000002020444695
:10D890004D3A2053746F72696E6720746865206119
:10D8A0006C6572742E0A0000202044464D3A204ECA
:10D8B0006F742079657420696E697469616C697A26
:10D8C00065642E20416C6572742069676E6F7265A5
:10D8D000642E0A000A44464D3A204572726F722C3B
:10D8E00020756344617461427566666572206E6F6F
:10D8F00074206C6172676520656E6F756768210AB8
:10D900000A00000044464D3A204552524F522C2006
:10D91000737461636B206F766572666C6F772069D4
:10D920006E204372617368436174636865722C2072
:10D9300073656520636F6D6D656E7420696E20641C
:10D94000666D4372617368436174636865722E63C8
:10D950000A0A000044464D3A205761726E696E67AC
:10D960002C206D656D6F727920726567696F6E200E
:10D9700073697A65206973207A65726F210A0A00DB
:10D980000A44464D3A204572726F722C20756E68BB
:10D99000616E646C65642063617365210A0A00002E
:10D9A000747261702E646D70000000006661756CA9
:10D9B000742E646D7000000044464D3A204572722A
:10D9C0006F722C207844666D416C6572744164649A
:10D9D0005061796C6F6164206661696C65642E0AC0
:10D9E0000000000044464D3A207844666D416C6565
:10D9F0007274456E64206661696C65642E0A00006D
:10DA0000537461636B20636F7272757074696F6EAB
:10DA100000000000433A2F7372632F44656D6F73EB
:10DA20005265706F2F5A657068797244656D6F2FFB
:10DA30006D6F64756C65732D73746167696E672FA4
:10DA40006D6F64756C65732F64656275672F7065A3
:10DA500072636570696F2F44464D2F64666D437223
:10DA6000617368436174636865722E63000000002F
:10DA70005461736B202573206578656375746564E4
:10DA8000206D6F7265207468616E206578706563C3
:10DA900074656420282575202525292E0A0000009C
:10DAA0005461736B202573206578656375746564B4
:10DAB000206C657373207468616E2065787065638F
:10DAC00074656420282575202525292E0A0000006C
:10DAD0005461736B4D6F6E69746F7220616C657207
:10DAE000742C205461736B2025732C2043505520D7
:10DAF0006C6F61642025752025252C20756E6B6E5A
:10DB00006F776E20726561736F6E2E0A00000000E1
:10DB100020253032580000005B5B20444154413ADC
:10DB2000000000000A5B5B20446576416C657274FE
:10DB3000204461746120426567696E73205D5D0AEF
:10DB4000000000005B5B20446576416C65727420C8
:10DB50004461746120456E6465642E20436865638A
:10DB60006B73756D3A202564205D5D0A000000002E
:10DB7000554E4B4E4F574E0044464D543A48415235
:10DB80004E4553535F4641494C3A25733A494E54EA
:10DB900045525255505445443A70686173653D256D
:10DBA000753A726561736F6E3D25750A000000005D
:10DBB000454E440050415353000000004641494C3B
:10DBC0000000000044464D543A524553554D4544DB
:10DBD0003A25753A25730A0044464D543A52455445
:10DBE00055524E45443A25733A7374617274757098
:10DBF0003A697073723D25753A636F6E74726F6C1B
:10DC00003D307825780A00005448524541445F4D24
:10DC10004F44450044464D543A434845434B3A250A
:10DC2000733A25733A25730A000000004D53505F84
:10DC300053454C45435445440000000044464D5470
:10DC40003A5245424F4F545F45585045435445441E
:10DC50003A25733A737461727475700A000000009B
:10DC600054524143455F494E495449414C495A45F4
:10DC7000440000004841524E455353005452414322
:10DC8000455F5354415254454400000044464D20E2
:10DC9000546573747300000054524143455F434818
:10DCA000414E4E454C5F52454749535445524544B9
:10DCB0000000000064666D006661756C7400000011
:10DCC0006D335F6F6700000044464D543A53554929
:10DCD00054455F424547494E3A25733A25303878D6
:10DCE0000A00000044464D543A4841524E455353B1
:10DCF0005F4641494C3A53544154453A494E444594
:10DD0000585F4F55545F4F465F52414E47453A2545
:10DD1000750A000044464D543A424F4F543A257319
:10DD20003A253038783A70686173653D25753A69EF
:10DD30006E6465783D25753A7265626F6F74733DE8
:10DD400025750A0044464D543A53554954455F439E
:10DD50004F4D504C4554453A25733A253038780A92
:10DD60000000000044464D543A424547494E3A258A
:10DD7000733A25750A00000054257520424547492D
:10DD80004E00000044464D543A5245424F4F545FB6
:10DD900045585045435445443A25733A25730A0083
:10DDA00044464D543A4841524E4553535F464149CB
:10DDB0004C3A25733A45585045435445445F5245C3
:10DDC00053544152545F52455455524E45443A259E
:10DDD000640A000044464D543A52455455524E454B
:10DDE000443A25733A25640A00000000426F6F74BC
:10DDF000696E6720506572636570696F2046726551
:10DE00006552544F532044464D2074657374206806
:10DE100061726E657373206F6E2051454D55206D94
:10DE20007073322D616E3338350A000044464D540C
:10DE30003A4841524E4553535F4641494C3A424F4E
:10DE40004F543A54524143455F494E495449414C1D
:10DE5000495A450A0000000044464D543A48415290
:10DE60004E4553535F4641494C3A424F4F543A4412
:10DE7000464D5F494E495449414C495A450A0000B4
:10DE800044464D543A4841524E4553535F464149EA
:10DE90004C3A424F4F543A54524143455F535441D8
:10DEA00052540A0044464D546573747300000000D8
:10DEB00044464D543A4841524E4553535F464149BA
:10DEC0004C3A424F4F543A5441534B5F43524541B1
:10DED00054450A0044464D543A4841524E45535326
:10DEE0005F4641494C3A424F4F543A5343484544A8
:10DEF000554C45525F52455455524E45440A000018
:10DF000031303133000000005465737420313031FA
:10DF100033000000433A2F7372632F44656D6F73B3
:10DF20005265706F2F44656D6F2D46726565525452
:10DF30004F532D51454D552F64666D5F7465737455
:10DF4000732F7372632F746573745F63616C6C5F9E
:10DF5000636861696E732E630000000054313031D4
:10DF60003320504154482073657276696365202DD3
:10DF70003E20747261705F73697465005431303192
:10DF8000332050415448207075626C69635F617042
:10DF900069202D3E2073657276696365000000007C
:10DFA000543130313320415247532061303D257583
:10DFB000000000005431303133204152475320617A
:10DFC000353D2575000000005465737420313031F3
:10DFD00030000000433A2F7372632F44656D6F73F6
:10DFE0005265706F2F44656D6F2D46726565525492
:10DFF0004F532D51454D552F64666D5F7465737495
:10E00000732F7372632F746573745F636F6E7465BF
:10E010007874732E6300000044464D543A535441C3
:10E02000525455505F454E5445523A313030353A8E
:10E03000697073723D25753A636F6E74726F6C3DD3
:10E04000307825780A000000546573742031303030
:10E0500035000000543130303641204354582048B8
:10E06000616E646C657220495053523D2575000005
:10E0700054657374203130303641000046415441BC
:10E080004C3A20737461636B206F766572666C6FB7
:10E090007720696E2025730A000000004641544134
:10E0A0004C3A20617373657274696F6E20617420DD
:10E0B00025733A256C750A00433A2F7372632F4417
:10E0C000656D6F735265706F2F44656D6F2D46726D
:10E0D000656552544F532D51454D552F74686972E3
:10E0E000645F70617274792F4672656552544F5344
:10E0F0002D4B65726E656C2F71756575652E6300AD
:10E10000433A2F7372632F44656D6F735265706F5E
:10E110002F44656D6F2D4672656552544F532D51D6
:10E12000454D552F74686972645F70617274792F00
:10E130004672656552544F532D4B65726E656C2F58
:10E140007461736B732E630049444C4500000000FA
:10E15000433A2F7372632F44656D6F735265706F0E
:10E160002F44656D6F2D4672656552544F532D5186
:10E17000454D552F74686972645F70617274792FB0
:10E180004672656552544F532D4B65726E656C2F08
:10E1900074696D6572732E6300000000546D7251D6
:10E1A00000000000546D722053766300433A2F73D1
:10E1B00072632F44656D6F735265706F2F44656D88
:10E1C0006F2D4672656552544F532D51454D552F55
:10E1D00074686972645F70617274792F46726565E4
:10E1E00052544F532D4B65726E656C2F706F727465
:10E1F00061626C652F4743432F41524D5F434D335E
:10E20000335F4E545A2F6E6F6E5F73656375726520
:10E210002F706F72742E6300433A2F7372632F4412
:10E22000656D6F735265706F2F44656D6F2D46720B
:10E23000656552544F532D51454D552F7468697281
:10E24000645F70617274792F4672656552544F53E2
:10E250002D4B65726E656C2F706F727461626C65A8
:10E260002F4D656D4D616E672F686561705F342E4F
:10E2700063000000696E66006E616E00286E756C4A
:10E280006C2900006343030000DF0008F503000071
:10E29000000000005151000848000020006CDC0222
:10E2A00000366E010024F400001BB70000093D0099
:10E2B00080841E0060E3160040420F0000E02E0044
:10E2C0000070170000A00F0000B80B00801A0600B5
:10E2D000400D0300F0490200A0860100000000008C
:10E2E000010203040000000000000000010203041A
:10E2F0000607080900000242010000000000024277
:10E300000300000000000242060000000004024278
:10E3100001000000000402420A000000000802425E
:10E3200002000000000C02420D000000000C02423E
:10E3300002000000000802420A000000000402423D
:10E3400000000000000802420C000000000402422D
:10E35000030000000004024204000000001002421A
:10E360000000000000100242020000000010024203
:10E3700003000000010002000400060008000A007B
:10E380000C00100020004000800000010800000088
:10E390000100000000000000050000000000000077
:10E3A00019000000000000007D00000000000000D7
:10E3B0007102000000000000350C000000000000A9
:10E3C000093D0000000000002D31010000000000A8
:10E3D000E1F505000000000065CD1D000000000013
:10E3E000F902950000000000DD0EE90200000000C7
:10E3F000514A8D0E000000009573C24800000000D5
:10E40000E941CC6B010000008D49FD1A07000000B6
:10E41000C16FF28623000000C52EBCA2B10000002F
:10E42000D9E9AC2D780300003D9160E4581100005B
:10E4300031D6E275BC560000F52E6E4DAEB101002E
:10E44000C9EA268367780800ED95C28F055A2A002D
:10E45000A1EDCCCE1BC2D30025A4000A8BCA220496
:10E4600000000000000000000000000000000000AC
:10E470000000004095596959555554551555555644
:10E4800004051541105455404551554440455044EC
:10E49000505555450040004040044496655556553A
:10E4A000454045545141154055915555555540519C
:10E4B0000501000000000000000000000000000056
:10E4C000000000000000001000000000000000003C
:10E4D000B9340332B7F4AD1410DB1AB30892540EFA
:10E4E0000D307D951447BA1A66088F4D26ADC66D5E
:10E4F000F598BF85E2B74511CA96853D92BD1DEBE3
:10E50000FCA11860DCEF52163C92AE220BB8C1B4ED
:10E51000839D2D5B0562DA1C304C7E8F4E8BB25B87
:10E5200016F4529F8B56A512FBD4827643ED8AF0E7
:10E530008FE7F9311565191850F19BD94A13EEB4DC
:10E54000284CF0A686C1251F035FC270CB9E4916DA
:10E55000E642889C44EB2014B0650836AD6EA58574
:10E5600085F0CA14E2FD031A0B899979D5B13D09EA
:10E57000D8DA973A35EBCF10AC363F5E73BB38CF65
:10E580003E6752FA44AFBA155445545445550504F4
:10E5900000100410140440000000014055551541BE
:10E5A0005404000044000100000000404100004409
:10E5B0005044455054005555545565510040004055
:10E5C0000100000100050100115451515455550539
:10E5D0000015415000000440100104050000000037
:10E5E000010000000000000000000000000000200A
:10E5F000345065C05FC9A652BB13CBAEC440C2182D
:10E6000006C8DF7100D5A87CF56F0FDA58FC271318
:10E610006E4756357D24206502C7E768E48CA41D4B
:10E62000E9E60268D7CD39617977FCC2405BEF1625
:10E63000798CDE43FFA751F991F3B278F5BDBE1195
:10E64000E857E9D6E8BEE87BB054AC8F848D751BE3
:10E65000EA23A499E9F9D38BB7A3714061DA3E1597
:10E66000CEE33ECB73F948088C97B427D51B7010C6
:10E67000A2BFEFB9EB8532154DB44DB49BBB6F19FA
:10E6800096B6076CF8E7EEAD36D9B4F59135AE1312
:10E69000222218AF4E6A684D91DAAA3D4F40741E8F
:10E6A0009FBD9EE006A1C09857C2A7FDA40E90177B
:10E6B0000E7D497173E3208FB220D87605143B128A
:10E6C000853D7434811343B0AD297A5F27F4351C3E
:08E6D000741CFF7F0100000033
:10E6D800FFFFFFFFFFFFFFFF01000000FFFFFFFF3D
:10E6E800FFFFFFFF01000000FFFFFFFFFFFFFFFF2D
:10E6F80001000000FFFFFFFFFFFFFFFF0100000018
:10E70800EFBEADDEFFFFFFFF0000000000000000CD
:10E71800FFFFFFFF0000000000000200A1550008F5
:10E72800000000000000000000093D00100000008B
:04000005080056C5D4
:00000001FF
