:020000040800F2
:1000000000000C20F5780008C1020008C1020008B9
:10001000C1020008C1020008C1020008E37800081C
:10002000000000000000000000000000E1EE0008F9
:10003000457900080000000081EE00082DEB000863
:100040004579000845790008457900084579000898
:100050004579000845790008457900084579000888
:10006000457900084579000845790008E7780008D7
:100070004579000845790008457900084579000868
:100080004579000845790008457900084579000858
:100090004579000845790008457900084579000848
:1000A0004579000845790008457900084579000838
:1000B0004579000845790008457900084579000828
:1000C0004579000845790008457900084579000818
:1000D0004579000845790008457900084579000808
:1000E00045790008457900084579000845790008F8
:1000F00045790008457900084579000845790008E8
:1001000045790008457900084579000845790008D7
:1001100045790008457900084579000845790008C7
:1001200045790008457900084579000845790008B7
:1001300045790008457900084579000845790008A7
:100140004579000845790008457900084579000897
:100150004579000845790008457900084579000887
:100160004579000845790008457900084579000877
:100170004579000845790008457900084579000867
:100180004579000845790008457900084579000857
:100190004579000845790008457900084579000847
:1001A0004579000845790008457900084579000837
:1001B0004579000845790008457900084579000827
:1001C0004579000845790008457900084579000817
:1001D0004579000845790008457900084579000807
:1001E00045790008457900084579000845790008F7
:1001F00045790008457900084579000845790008E7
:1002000045790008457900084579000845790008D6
:1002100045790008457900084579000845790008C6
:1002200045790008457900084579000845790008B6
:0802300045790008457900083A
:1002380088B01E4801680091416801918168029167
:10024800C168039101690491CDF814E07146A1F1E8
:10025800040121F001010691EFF3038141F080715F
:1002680007911349C1F800D0EFF3038343F080737B
:10027800EFF30982EFF30881DFF8380085462DE9AE
:10028800FE4FEFF31481C1F340014FF6B872CFF679
:10029800FF7242EA81020B92684605F0A3FE0CB099
:1002A8000349096848698D4608B00047944800200A
:1002B80090480020384F00202DE9005004F0E8FC59
:1002C800BDE80050EFF30383EFF30982EFF30881F1
:1002D800DFF820D02DE9FE4F684605F083FEBDE823
:1002E800FE4F8D462DE9005004F000FDBDE800509A
:1002F80070470000384F0020F1EE101AA0EC200AD9
:1003080001607047A0EC108A704700BF53B94AB922
:10031800002908BF00281CBF4FF0FF314FF0FF3005
:1003280000F06AB9ADF1080C6DE904CE00F006F8EA
:10033800DDF804E0DDE9022304B070472DE9F04759
:100348008C468E46089E154604461946002B40F0FA
:10035800D080724547D9B2FA82F74FB1C7F120036E
:100368000EFA07FCBD40BC4020FA03F343EA0C0C2C
:100378004FEA154EA8B2230CBCFBFEF80EFB18CCB6
:1003880008FB00F943EA0C43994528D9EB1808F112
:10039800FF3204D2994502D9A8F102022B44A3EBFB
:1003A8000903A4B2B3FBFEFC0EFB1C330CFB00F0EC
:1003B80044EA0344A04214D92C190CF1FF3304D2A7
:1003C800A04202D9ACF102032C44241A43EA0240A9
:1003D8001EB1FC40002334607360BDE8F0874246DC
:1003E800DDE76346F1E7002A79D0B2FA82F3002B01
:1003F8003FD01946C1F1200302FA01F500FA01F4D1
:100408002EFA03F20EFA01FE20FA03F3AFB243EA22
:100418000E034FEA154EB2FBFEFC0EFB1C201A0C15
:100428000CFB07F842EA004290455AD9AA180CF189
:10043800FF3004D2904502D9ACF102002A44A2EB65
:1004480008029BB2B2FBFEFC0EFB1C220CFB07F75A
:1004580043EA02439F4246D9EB180CF1FF3204D21B
:100468009F4202D9ACF102022B44DB1B42EA004254
:1004780002E0AEEB020301224FEA154EAFB2200CA8
:10048800B3FBFEFC0EFB1C330CFB07F840EA0343EE
:1004980098452AD9EB180CF1FF3004D2984502D9B7
:1004A800ACF102002B44A3EB0803A4B2B3FBFEFC9F
:1004B8000EFB1C330CFB07F744EA0344A74216D98A
:1004C8002C190CF1FF3304D2A74202D9ACF1020374
:1004D8002C44E41B43EA00400F46114678E71F21ED
:1004E80088E76046ABE76246BFE76046DBE76346FE
:1004F800EFE7734506D916B9002108466DE7C6E946
:10050800000EF9E7B3FA83F787B9734501D382423E
:1005180007D8841A6EEB030301209C461EB90021FC
:100528005BE73846FAE7C6E9004CF8E7C7F1200C64
:10053800BB4000FA07F422FA0CF520FA0CF1BA4095
:100548001D432EFA0CF30EFA07FE4FEA154941EA4D
:100558000E011FFA85FEB3FBF9F809FB18300B0CE6
:1005680008FB0EFA43EA00439A4540D9EB1808F114
:10057800FF3004D29A4502D9A8F102002B44A3EB1C
:100588000A0389B2B3FBF9F809FB183308FB0EFE1E
:1005980041EA03418E452CD9691808F1FF3304D28A
:1005A8008E4502D9A8F10203294443EA0040A1EB91
:1005B8000E01A0FB02984145CE46434602D306D120
:1005C8004C4504D20138B9EB020E68EB0503002E46
:1005D800A5D0B4EB0E0261EB030101FA0CFC22FA80
:1005E80007F3F9404CEA0303C6E9003197E74046B0
:1005F800C5E74346D9E70000704700BF844641EA93
:10060800000313F0030349D1403A23D30B68036076
:100618004B6843608B688360CB68C3600B69036178
:100628004B6943618B698361CB69C3610B6A036260
:100638004B6A43628B6A8362CB6AC3620B6B036348
:100648004B6B43638B6B8363CB6BC363403040312D
:10065800403ADBD230320BD30B6803604B684360FF
:100668008B688360CB68C36010301031103AF3D2C6
:100678000C3205D351F8043B40F8043B043AF9D254
:10068800043208D0D2071CBF11F8013B00F8013B27
:1006980001D30B8803806046704700BF082A13D334
:1006A8008B07B1D010F00303AED0C3F10403D21A04
:1006B800DB071CBF11F8013B00F8013BA4D331F85C
:1006C800023B20F8023B9FE7043AD9D3013A11F8DC
:1006D800013B00F8013BF9D20B7803704B7843706B
:1006E8008B7883706046704770B4840746D0541E78
:1006F800002A41D0CDB2034602E0621EE4B314469C
:1007080003F8015B9A07F8D1032C2ED9CDB245EA3C
:1007180005250F2C45EA054519D9264603F110028F
:10072800103E0F2E42F8105C42F80C5C42F8085C50
:1007380042F8045C02F11002F2D8A4F1100222F08F
:100748000F0204F00F041032032C13440DD91E4677
:100758002246043A032A46F8045BFAD8221F22F0FC
:1007680003020432134404F003042CB1C9B21C443C
:1007780003F8011BA342FBD170BC70471446034623
:10078800C2E7000080B483B000AF7860094A7B6894
:100798001360084B1B6800221A60074B1B6843F460
:1007A8008003054A1360002318460C37BD465DF8E0
:1007B800047B704770000020AC3B002080B485B0FB
:1007C80000AF78600F4A7B6813600023FB6008E085
:1007D8000C4B1B68FA68002143F82210FB680133B0
:1007E800FB60FB68042BF3D9074B1B6843F0080335
:1007F800054A1360002318461437BD465DF8047B8C
:10080800704700BF74000020AC3B002080B483B068
:1008180000AF03463960FB71094B1B68FA7953F83E
:100828002200074B1B68FA793968014443F8221003
:10083800002318460C37BD465DF8047B704700BF9F
:100848007400002080B582B000AF0346FB71FB79CD
:1008580001211846FFF7DAFF034618460837BD4658
:1008680080BD000080B483B000AF03463960FB71DF
:100878000A4B1B68FA7953F822303A689A4205DD28
:10088800064B1B68FA79396843F82210002318468A
:100898000C37BD465DF8047B704700BF740000202C
:1008A80080B500AF1D4B1B6803F00803002B01D176
:1008B800012330E01A4B1B685B68002B06DD08201B
:1008C80000F01EFA164B1B6800225A60144B1B6876
:1008D8001B681C2B06DD092000F012FA104B1B6860
:1008E80000221A600E4B1B689B68002B06DD0A204D
:1008F80000F006FA0A4B1B6800229A60084B1B6836
:10090800DB68002B06DD0E2000F0FAF9044B1B68AB
:100918000022DA600023184680BD00BFAC3B0020EF
:100928007400002080B582B000AF7860044A7B680C
:10093800136000F06FF9034618460837BD4680BDBE
:100948007C00002080B485B000AF7860284A7B68BE
:100958001360274B1B6838221A60254B1B681C2222
:100968005A60234B1B6803229A600023BB602FE068
:100978001F4B1968BA6813465B0013441B010B44EC
:100988000C3300221A600023FB6010E0184B196832
:10099800BA6813465B0013449B00FA681344023399
:1009A8009B000B4400229A60FB680133FB60FB68E4
:1009B800022BEBD90E4B1968BA6813465B00134437
:1009C8001B010B44203300221A70BB680133BB6043
:1009D800BB68372BCCD9074B1B6843F01003054A7B
:1009E8001360002318461437BD465DF8047B704732
:1009F80078000020AC3B002080B58CB000AF786058
:100A0800324B1B68FB624FF00003314B1B6803F04D
:100A18001003002B01D101234BE0EFF310833B625D
:100A28003B6A7B610123FB61FB6983F3108800BF8C
:100A380007F10F03184600F00FF90346002B0AD000
:100A48000120FFF7FFFE7B697B627B6A83F31088D6
:100A580000BF01232DE01F4B1A68FB7B19460B468C
:100A68005B000B441B01083313440433BB61BB69AF
:100A7800BA691A6000233B6108E0BA693B699B00C8
:100A8800134400225A603B6901333B613B69022BE6
:100A9800F3D9BB6900221A61BB6900221A757B6809
:100AA800BA691A607B69BB62BB6A83F3108800BFAE
:100AB8000023064A1168FA6A51404FF0000201D03B
:100AC80004F09EF818463037BD4680BD1800002057
:100AD800AC3B00207800002080B489B000AF78607B
:100AE8007B681E4A12680C329B1A1D4AA2FB03231C
:100AF8005B09FB72EFF310837B617B69FB60012369
:100B08003B613B6983F3108800BF7B681B68002B3F
:100B180007D1FB68BB61BB6983F3108800BF012361
:100B280015E07B6800221A600E4B1A680D4B1B6893
:100B38009B6BF97AD1540B4B1B689A6B01329A6301
:100B4800FB68FB61FB6983F3108800BF002318462C
:100B58002437BD465DF8047B704700BF780000204D
:100B6800ABAAAAAA7C00002080B485B000AF786048
:100B780039600023BB6017E0104B1968BA68134648
:100B88005B0013441B0108330B440433FB60FB6810
:100B98001B687A689A4204D13B68FA681A60002395
:100BA80006E0BB680133BB60BB68372BE4D901237F
:100BB80018461437BD465DF8047B7047780000205E
:100BC80080B584B000AFF860B9607A60BB68002B6C
:100BD80003D10F4BBB6000237B607B681946002064
:100BE800FFF740FE7B681B2B02D91C237B6002E0C9
:100BF8007B6801337B60FB6814337A68B9681846F0
:100C0800FFF7FCFC002318461037BD4680BD00BF27
:100C1800F017010880B483B000AF00237B600AE0BE
:100C28000C4B1A687B68D9B27B6813440A461A7061
:100C38007B6801337B607B68372BF1D9054B1B68D8
:100C480038229A63002318460C37BD465DF8047BAA
:100C5800704700BF7C00002080B485B000AF78608A
:100C6800144B1B689B6B002B01D101231CE0114B1B
:100C78001B681B78FB730F4B1B689A6B013A9A63CE
:100C88000C4B19680B4B1B689A6B0A4B1B688A5CE8
:100C98001A70084B1A68074B1B689B6BFF21D154CD
:100CA8007B68FA7B1A70002318461437BD465DF836
:100CB800047B70477C00002080B483B000AF78606C
:100CC8000D4A7B6813600C4B1B6800221A600A4BA4
:100CD8001B6800225A60084B1B6800229A60074B69
:100CE8001B6843F02003054A1360002318460C379D
:100CF800BD465DF8047B704780000020AC3B0020B7
:100D080080B582B000AF7860124B1B6803F02003F7
:100D1800002B01D1012319E00F4B1B681A687B686F
:100D2800013B22FA03F303F00103002B0DD10A4B18
:100D38001B6819687B68013B01229A40064B1B68B7
:100D48000A431A60786800F047F800231846083705
:100D5800BD4680BDAC3B00208000002080B582B03D
:100D680000AF7860194B1B6803F02003002B01D1FA
:100D7800012327E0164B1B685B68002B21D1144B1D
:100D88001B6819687B68013B01229A40104B1B685D
:100D98000A431A600E4B1B687A685A60786800F03C
:100DA8001BF80346012B03D102F094F9012309E053
:100DB800074B1B689B680749184601F0F1FD02F0D4
:100DC80089F9002318460837BD4680BDAC3B002092
:100DD80080000020F417010880B584B000AF786067
:100DE800244B1B68FB604FF00003234B1B689B6878
:100DF800002B0BD1204B1B68083319461F4802F003
:100E080001FB0346012B01D1012325E007F108036B
:100E18001946786800F036F87B68012B11D07B689A
:100E2800002B10D07B68023B0C2B0CD8124B1B6894
:100E38009B68BA681146184601F0B2FD00BF00234E
:100E48000AE0012308E00C4B1B689B687A680C4990
:100E5800184601F0DBFD0123064A1168FA68514083
:100E68004FF0000201D003F0CBFE18461037BD4604
:100E780080BD00BF18000020800000201C18010859
:100E88002418010880B483B000AF786039607B68AB
:100E98000E2B5BD801A252F823F000BFE10E000828
:100EA8004D0F0008250F00082D0F0008350F00080A
:100EB8003D0F0008450F00081D0F0008E50E00084B
:100EC800ED0E0008F50E0008FD0E0008050F0008DD
:100ED8000D0F0008150F000801233CE03B68214A6C
:100EE8001A6037E03B68204A1A6033E03B681F4AC3
:100EF8001A602FE03B681E4A1A602BE03B681D4AC7
:100F08001A6027E03B681C4A1A6023E03B681B4ACA
:100F18001A601FE03B68174A1A601BE03B68184AD2
:100F28001A6017E03B68174A1A6013E03B68164AD4
:100F38001A600FE03B68154A1A600BE03B68144AD8
:100F48001A6007E03B68134A1A6003E03B68124ADC
:100F58001A6000BF002318460C37BD465DF8047BB5
:100F6800704700BF40180108601801088C18010874
:100F7800A0180108CC180108F8180108141901086C
:100F88003419010848190108601901087419010881
:100F980090190108A81901082418010880B485B01F
:100FA80000AF78600F4A7B6813600023FB6008E09D
:100FB8000C4B1B68FA68002143F83210FB680133B8
:100FC800FB60FB68002BF3D0074B1B6843F0400322
:100FD800054A1360002318461437BD465DF8047BA4
:100FE800704700BF84000020AC3B002090B58BB058
:100FF80000AF786039603E4B1B687B624FF000039E
:101008000023BB600023FB603A4B1B6803F001031D
:10101800002B04D0384B1B685B68002B01D10123DF
:1010280059E0EFF31083BB61BB693B6101237B612E
:101038007B6983F3108800BF304B1B681A68013244
:101048001A602F4B1B681B6807F108020C21184611
:1010580000F074FF0346012B07D13B69FB61FB6974
:1010680083F3108800BF012335E07B689AB2BB6820
:1010780042F4805292B21A80204B1B681A68BB68EF
:1010880092B25A80BC6806F0E3FA03466360BB6814
:101098005A681C4B1B685B699A4204D2194B1B683F
:1010A800DA680132DA60BA68164B1B6852685A610E
:1010B800BB683A689A60124B1B681868B96807F1F0
:1010C8000C030C2201F052F83B693B623B6A83F344
:1010D800108800BF0023064A11687A6A51404FF011
:1010E800000201D003F08CFD18462C37BD4690BD98
:1010F80018000020AC3B0020A43B00208400002006
:10110800C03B0020B83B002090B58DB000AFF86020
:10111800B9607A603F4B1B68FB624FF00003002305
:101128003B6100237B613C4B1B6803F00103002BF0
:1011380004D03A4B1B685B68002B01D101235CE0AB
:10114800EFF310833B623B6ABB610123FB61FB69E0
:1011580083F3108800BF324B1B681A6801321A608B
:10116800304B1B681B6807F110021021184600F06D
:10117800E5FE0346012B07D1BB697B627B6A83F3DB
:10118800108800BF012338E0FB689AB23B6942F43B
:10119800005292B21A80224B1B681A683B6992B2BD
:1011A8005A803C6906F054FA034663603B695A6802
:1011B8001D4B1B685B699A4204D21B4B1B68DA689B
:1011C8000132DA603A69184B1B6852685A613B6908
:1011D800BA689A603B697A68DA60124B1B681868CB
:1011E800396907F11403102200F0C0FFBB69BB6224
:1011F800BB6A83F3108800BF0023064A1168FA6AA5
:1012080051404FF0000201D003F0FAFC1846343781
:10121800BD4690BD18000020AC3B0020A43B002038
:1012280084000020C03B0020B83B002090B58DB062
:1012380000AFF860B9607A603B60414B1B68FB62A5
:101248004FF0000300233B6100237B613D4B1B688B
:1012580003F00103002B04D03B4B1B685B68002B99
:1012680001D101235FE0EFF310833B623B6ABB616E
:101278000123FB61FB6983F3108800BF334B1B68B4
:101288001A6801321A60324B1B681B6807F110029A
:101298001421184600F052FE0346012B07D1BB6902
:1012A8007B627B6A83F3108800BF01233BE0FB6805
:1012B8009AB23B6942F4405292B21A80234B1B689F
:1012C8001A683B6992B25A803C6906F0C1F9034634
:1012D80063603B695A681F4B1B685B699A4204D27A
:1012E8001C4B1B68DA680132DA603A69194B1B68D3
:1012F80052685A613B69BA689A603B697A68DA60F1
:101308003B693A681A61124B1B681868396907F11A
:101318001403142200F02AFFBB69BB62BB6A83F383
:10132800108800BF0023064A1168FA6A51404FF03E
:10133800000201D003F064FC18463437BD4690BD66
:1013480018000020AC3B0020A43B002084000020B3
:10135800C03B0020B83B002090B58DB000AFF860CE
:10136800B9607A603B60434B1B68FB624FF0000337
:1013780000233B6100237B613F4B1B6803F00103A3
:10138800002B04D03D4B1B685B68002B01D1012367
:1013980062E0EFF310833B623B6ABB610123FB61B0
:1013A800FB6983F3108800BF354B1B681A6801324C
:1013B8001A60344B1B681B6807F110021821184685
:1013C80000F0BCFD0346012B07D1BB697B627B6A39
:1013D80083F3108800BF01233EE0FB689AB23B69A3
:1013E80042F4804292B21A80254B1B681A683B6906
:1013F80092B25A803C6906F02BF9034663603B6958
:101408005A68214B1B685B699A4204D21E4B1B68C1
:10141800DA680132DA603A691B4B1B6852685A6114
:101428003B69BA689A603B697A68DA603B693A68EE
:101438001A613B693A6C5A61124B1B681868396922
:1014480007F11403182200F091FEBB69BB62BB6A66
:1014580083F3108800BF0023064A1168FA6A5140D6
:101468004FF0000201D003F0CBFB18463437BD46DD
:1014780090BD00BF18000020AC3B0020A43B00201A
:1014880084000020C03B0020B83B002090B58DB000
:1014980000AFF860B9607A60434B1B68FB624FF09D
:1014A800000300233B6100237B617B68033323F047
:1014B80003037B607B680833402B01D938237B60AA
:1014C800EFF310833B623B6ABB610123FB61FB695D
:1014D80083F3108800BF354B1B681A6801321A6005
:1014E800334B1B6818687B68083307F110021946EC
:1014F80000F024FD0346012B07D1BB697B627B6AA0
:1015080083F3108800BF012340E0FB681AB27B68B0
:101518009B081BB21B031BB213431AB23B6992B25E
:101528001A80224B1B681A683B6992B25A803C6940
:1015380006F08EF8034663603B695A681D4B1B68CA
:101548005B699A4204D21B4B1B68DA680132DA6085
:101558003A69184B1B6852685A613B6908337A68C4
:10156800B9681846FFF74AF8114B1B6818683969BB
:101578007B6803F1080207F1140300F0F7FDBB696B
:10158800BB62BB6A83F3108800BF0023064A116858
:10159800FA6A51404FF0000201D003F031FB1846BF
:1015A8003437BD4690BD00BF1800002084000020DD
:1015B800C03B0020B83B002090B58DB000AFF8606C
:1015C800B9607A603B604C4B1B68FB624FF00003CC
:1015D80000233B6100237B613B68033323F0030353
:1015E8003B603B680C33402B01D934233B60434BB1
:1015F8001B6803F00103002B04D0414B1B685B6898
:10160800002B01D1012369E0EFF310833B623B6AB1
:10161800BB610123FB61FB6983F3108800BF394B71
:101628001B681A6801321A60374B1B6818683B68D8
:101638000C3307F11002194600F080FC0346012B19
:1016480007D1BB697B627B6A83F3108800BF0123E3
:1016580044E0FB681AB23B6804339B081BB21B03C7
:101668001BB213431AB23B6992B21A80254B1B680E
:101678001A683B6992B25A803C6905F0E9FF034653
:1016880063603B695A68214B1B685B699A4204D2C4
:101698001E4B1B68DA680132DA603A691B4B1B681B
:1016A80052685A613B69BA689A603B690C333A6878
:1016B80079681846FEF7A2FF134B1B68186839694A
:1016C8003B6803F10C0207F1140300F04FFDBB69FE
:1016D800BB62BB6A83F3108800BF0023064A116807
:1016E800FA6A51404FF0000201D003F089FA184617
:1016F8003437BD4690BD00BF18000020AC3B002029
:10170800A43B002084000020C03B0020B83B002000
:1017180090B58DB000AFF860B9607A603B604D4B12
:101728001B68FB624FF0000300233B6100237B61D1
:101738003B6C033323F003033B643B6C1033402BB7
:1017480001D930233B64444B1B6803F00103002B91
:1017580004D0424B1B685B68002B01D101236CE06D
:10176800EFF310833B623B6ABB610123FB61FB69BA
:1017780083F3108800BF3A4B1B681A6801321A605D
:10178800384B1B6818683B6C103307F11002194678
:1017980000F0D4FB0346012B07D1BB697B627B6A4F
:1017A80083F3108800BF012347E0FB681AB23B6C43
:1017B80008339B081BB21B031BB213431AB23B69C5
:1017C80092B21A80264B1B681A683B6992B25A80FB
:1017D8003C6905F03DFF034663603B695A68224B4C
:1017E8001B685B699A4204D21F4B1B68DA68013296
:1017F800DA603A691C4B1B6852685A613B69BA68DF
:101808009A603B697A68DA603B6910333A6C3968E8
:101818001846FEF7F3FE134B1B68186839693B6CD2
:1018280003F1100207F1140300F0A0FCBB69BB62CE
:10183800BB6A83F3108800BF0023064A1168FA6A5E
:1018480051404FF0000201D003F0DAF9184634375E
:10185800BD4690BD18000020AC3B0020A43B0020F2
:1018680084000020C03B0020B83B002090B58FB01A
:1018780000AF78613961FA60BB60BB6C7B604F4B2D
:101888001B687B634FF000030023BB610023FB61EF
:10189800FB6C033323F00303FB64FB6C1433402B12
:1018A80001D92C23FB64464B1B6803F00103002B72
:1018B80004D0444B1B685B68002B01D101236FE007
:1018C800EFF31083BB62BB6A3B6201237B627B6AD6
:1018D80083F3108800BF3C4B1B681A6801321A60FA
:1018E8003A4B1B681868FB6C143307F11802194649
:1018F80000F024FB0346012B07D13B6AFB62FB6A1D
:1019080083F3108800BF01234AE07B691AB2FB6C9D
:101918000C339B081BB21B031BB213431AB2BB69DF
:1019280092B21A80284B1B681A68BB6992B25A8017
:10193800BC6905F08DFE03466360BB695A68244B99
:101948001B685B699A4204D2214B1B68DA68013232
:10195800DA60BA691E4B1B6852685A61BB693A69FA
:101968009A60BB69FA68DA60BB69BA681A61BB69D0
:101978001433FA6C79681846FEF740FE134B1B685F
:101988001868B969FB6C03F1140207F11C0300F035
:10199800EDFB3B6A3B633B6B83F3108800BF00237E
:1019A800064A11687A6B51404FF0000201D003F0EB
:1019B80027F918463C37BD4690BD00BF18000020E7
:1019C800AC3B0020A43B002084000020C03B00204A
:1019D800B83B002090B58FB000AF78613961FA60EC
:1019E800BB60FB6C7B60504B1B687B634FF0000354
:1019F8000023BB610023FB613B6D033323F003032A
:101A08003B653B6D1833402B01D928233B65474B79
:101A18001B6803F00103002B04D0454B1B685B686F
:101A2800002B01D1012372E0EFF31083BB62BB6A84
:101A38003B6201237B627B6A83F3108800BF3D4BC6
:101A48001B681A6801321A603B4B1B6818683B6DAB
:101A5800183307F11802194600F070FA0346012BF3
:101A680007D13B6AFB62FB6A83F3108800BF01233E
:101A78004DE07B691AB23B6D10339B081BB21B0308
:101A88001BB213431AB2BB6992B21A80294B1B6866
:101A98001A68BB6992B25A80BC6905F0D9FD034641
:101AA8006360BB695A68254B1B685B699A4204D21C
:101AB800224B1B68DA680132DA60BA691F4B1B686F
:101AC80052685A61BB693A699A60BB69FA68DA6018
:101AD800BB69BA681A61BB69BA6C5A61BB691833C9
:101AE8003A6D79681846FEF789FD134B1B6818682C
:101AF800B9693B6D03F1180207F11C0300F036FBCE
:101B08003B6A3B633B6B83F3108800BF0023064AA4
:101B180011687A6B51404FF0000201D003F070F861
:101B280018463C37BD4690BD18000020AC3B00204D
:101B3800A43B002084000020C03B0020B83B0020CC
:101B480090B58FB000AF78613961FA60BB603B6DCA
:101B58007B60524B1B687B634FF000030023BB6123
:101B68000023FB617B6D033323F003037B657B6DEF
:101B78001C33402B01D924237B65494B1B6803F098
:101B88000103002B04D0474B1B685B68002B01D175
:101B9800012375E0EFF31083BB62BB6A3B6201234C
:101BA8007B627B6A83F3108800BF3F4B1B681A680F
:101BB80001321A603D4B1B6818687B6D1C3307F1B6
:101BC8001802194600F0BAF90346012B07D13B6AFF
:101BD800FB62FB6A83F3108800BF012350E07B6936
:101BE8001AB27B6D14339B081BB21B031BB2134341
:101BF8001AB2BB6992B21A802B4B1B681A68BB6970
:101C080092B25A80BC6905F023FD03466360BB6944
:101C18005A68274B1B685B699A4204D2244B1B689D
:101C2800DA680132DA60BA69214B1B6852685A6176
:101C3800BB693A699A60BB69FA68DA60BB69BA68D5
:101C48001A61BB69BA6C5A61BB69FA6C9A61BB6963
:101C58001C337A6D79681846FEF7D0FC134B1B6865
:101C68001868B9697B6D03F11C0207F11C0300F0C9
:101C78007DFA3B6A3B633B6B83F3108800BF00230C
:101C8800064A11687A6B51404FF0000201D002F009
:101C9800B7FF18463C37BD4690BD00BF180000206E
:101CA800AC3B0020A43B002084000020C03B002067
:101CB800B83B002090B58FB000AF78613961FA6009
:101CC800BB607B6D7B60534B1B687B634FF00003ED
:101CD8000023BB610023FB61BB6D033323F00303C7
:101CE800BB65BB6D2033402B01D92023BB654A4B14
:101CF8001B6803F00103002B04D0484B1B685B688A
:101D0800002B01D1012378E0EFF31083BB62BB6A9B
:101D18003B6201237B627B6A83F3108800BF404BE0
:101D28001B681A6801321A603E4B1B681868BB6D45
:101D3800203307F11802194600F000F90346012B79
:101D480007D13B6AFB62FB6A83F3108800BF01235B
:101D580053E07B691AB2BB6D18339B081BB21B0397
:101D68001BB213431AB2BB6992B21A802C4B1B6880
:101D78001A68BB6992B25A80BC6905F069FC0346CF
:101D88006360BB695A68284B1B685B699A4204D236
:101D9800254B1B68DA680132DA60BA69224B1B6886
:101DA80052685A61BB693A699A60BB69FA68DA6035
:101DB800BB69BA681A61BB69BA6C5A61BB69FA6CCB
:101DC8009A61BB693A6DDA61BB692033BA6D79688B
:101DD8001846FEF713FC134B1B681868B969BB6DEE
:101DE80003F1200207F11C0300F0C0F93B6A3B63D2
:101DF8003B6B83F3108800BF0023064A11687A6B97
:101E080051404FF0000201D002F0FAFE18463C376C
:101E1800BD4690BD18000020AC3B0020A43B00202C
:101E280084000020C03B0020B83B002080B483B071
:101E380000AF786039607B681B881B0B9BB203F08E
:101E48000F0302339A003B681A60002318460C37C8
:101E5800BD465DF8047B704780B485B000AFF8607C
:101E6800B9607A603B60FB68BA68DA60FB68002298
:101E78001A60FB6800225A60FB683A689A60FB683F
:101E88003A685A61FB687A689A62FB6800229A612C
:101E9800FB680022DA61FB6800221A62064B1B68A5
:101EA80043F08003044A1360002318461437BD46E4
:101EB8005DF8047B704700BFAC3B002080B584B060
:101EC80000AF78601C4B1B68FB604FF000030023D9
:101ED800BB607B685A687B6899687B689B69CB1A8A
:101EE8009A4203D37B6800225A6017E07B689A6A9B
:101EF8007B685B68134407F1080211461846FFF730
:101F080095FF7B685A68BB6813447A689268B3FB8C
:101F1800F2F101FB02F29A1A7B685A600023064A22
:101F28001168FA6851404FF0000201D002F068FED3
:101F380018461037BD4680BD1800002080B588B00F
:101F480000AFF860B9607A60FB689B683B61FB682A
:101F5800DB68012B40F09380FB681A68FB685B68BC
:101F68009A4241D3FB681B683A69D31ABA689A4205
:101F780014D2FB689A6AFB681B681A447B681A606B
:101F8800FB681A68BB6813443A69B3FBF2F2396913
:101F980001FB02F29A1AFB68DA61E2E0F868FFF7DF
:101FA8008DFFFB685B68043BFB61FA69BB689A427A
:101FB800F4D3FB681B683A69D21AFB689A61FB681C
:101FC80000221A60FB689A6A7B681A60FB681A68C4
:101FD800BB6813443A69B3FBF2F2396901FB02F2B8
:101FE8009A1AFB68DA61BCE0FB685A68FB681B68F0
:101FF800D31A043BFB61FA69BB689A4231D2FB6889
:102008009A68FB681B68D31ABA689A4210D9F868AC
:10201800FFF754FFFB685B68002BF8D0FB689A68F1
:10202800FB681B68D21AFB689A61FB6800221A6079
:10203800F868FFF743FFFB685A68FB681B68D31A08
:10204800043BFB61FA69BB689A42F1D3FB685B68A1
:10205800002B06D1FB689A6AFB681B681A447B68E8
:102068001A60FB689A6AFB681B681A447B681A60E6
:10207800FB681A68BB681A44FB68DA6171E0FB68A0
:102088001B687B61FB685B68BB617A69BB699A42C4
:102098004DD33A697B69D21ABB691344043BFB618F
:1020A800FA69BB689A4204D27B6800221A6001234D
:1020B80058E03A697B69D31ABA689A4213D2FB6826
:1020C8009A6AFB681B681A447B681A607A69BB685D
:1020D80013443A69B3FBF2F2396901FB02F29A1A26
:1020E800FB68DA613DE0BB69FB61FA69BB689A424B
:1020F80004D27B6800221A60012333E03A697B69C5
:10210800D21AFB689A61FB689A6A7B681A60FB6856
:102118009A697B691A44BB6813443A69B3FBF2F2C3
:10212800396901FB02F29A1AFB68DA6119E0BA69A7
:102138007B69D31A043BFB61FA69BB689A4204D2F3
:102148007B6800221A6001230CE0FB689A6AFB682E
:102158001B681A447B681A607A69BB681A44FB6872
:10216800DA61002318462037BD4680BD80B485B0AB
:1021780000AFF860B9607A603B60094B1B68DA68A9
:10218800FB681A62FB68DA69FB681A607A683B6860
:102198001A60002318461437BD465DF8047B704763
:1021A800B83B002080B483B000AF78607B68002221
:1021B8001A607B6800225A607B689A687B685A615B
:1021C8007B6800229A617B680022DA610023184646
:1021D8000C37BD465DF8047B7047000080B483B0BF
:1021E80000AF7860094A7B681360084B1B68FD22C2
:1021F8001A60074B1B6843F48073054A1360002379
:1022080018460C37BD465DF8047B704788000020EF
:10221800AC3B002080B58EB004AF78613961FA60BC
:10222800BB603B6B7B60134B1B687B624FF000030A
:102238003B69BB61FB68FB61BB683B627B680293DF
:102248004FF00043019307F11803009303237A69C1
:102258000021F22000F078F90346064A11687A6AEC
:1022680051404FF0000201D002F0CAFC184628374E
:10227800BD4680BD1800002080B586B000AFF8606C
:10228800B9607A60174B1B687B614FF00003FB68ED
:10229800002B01D1012318E0BB68002B09D0FB6893
:1022A8005B683B613A697B68D31A3B613A69FB68B2
:1022B8005A60BB68002B01D0392300E0EA23B968D3
:1022C8007A681846FEF720FF0023064A11687A69E3
:1022D80051404FF0000201D002F092FC1846183726
:1022E800BD4680BD1800002080B487B000AF78607C
:1022F8001B4A7B6813600023FB6020E0184B1968B9
:10230800FA6813469B001344DB000B447B610023EF
:102318003B6107E07B693A69002143F822103B6979
:1023280001333B613B69072BF4D97B694FF0FF32DE
:102338001A627B6900225A62FB680133FB60FB6802
:10234800002BDBD0074B1B6843F48053054A13600E
:10235800002318461C37BD465DF8047B704700BF54
:102368008C000020AC3B002080B483B000AF7860C4
:102378007B68002B01D101230BE0094A7B681360BD
:10238800074B1B6800221A60054B1B6800225A6025
:10239800002318460C37BD465DF8047B704700BF24
:1023A800F004002090B585B004AF1A4B1B681B6879
:1023B800002B09D1174B1B6800934FF40033002200
:1023C80000211548FFF726FF124B1B685B68002B9E
:1023D8001AD1104B1C68114B0293114B0193002327
:1023E800009300234FF480720E490F480AF0AEFEA6
:1023F80003466360074B1B685B68002B04D106200B
:10240800FEF7ACFC012300E0002318460437BD4664
:1024180090BD00BFF0040020B81901089004002006
:1024280090000020C41901083524000880B582B046
:1024380000AF786000F07AFE4FF4FA700BF0A2F863
:1024480000BFF7E780B582B000AF786039607B687D
:10245800002B01D1012315E03B68002B01D101239A
:1024680010E03B6800221A60002178680BF040FEFB
:1024780002463B681A603B681B68002B01D10123A8
:1024880000E0002318460837BD4680BD80B400AF81
:10249800034B1B681B681846BD465DF8047B7047F4
:1024A800F004002080B586B000AFF860B9607A60AB
:1024B8003B603B6823F003037B6100233B6121E021
:1024C8003B697A6902FB03F37A68D118FB683A69B9
:1024D80043F82210FB683A6953F822003B697A698D
:1024E80002FB03F32C337A681A447B692C3BB968E6
:1024F800FFF7B2FC0346012B01D1012306E03B693B
:1025080001333B613B69002BDAD0002318461837AA
:10251800BD4680BD80B584B000AF78600023FB6005
:1025280009E07B68FA6853F822301846FFF73AFE4C
:10253800FB680133FB60FB68002BF2D000231846D0
:102548001037BD4680BD000080B592B002AF7861FB
:102558003961FA60BB60BB6C7B603B6D3B605D4B77
:102568001B68FB634FF00003EFF31083FB62FB6A09
:102578007B620123BB62BB6A83F3108800BF3B699F
:10258800002B1AD007F118031846FEF735FA034650
:10259800002B04D1BB693A691A60002300E00123CB
:1025A800002B07D07B6A3B633B6B83F3108800BF2B
:1025B800012381E03B69FB6112E007F1180318462B
:1025C800FEF71AFA0346012B07D17B6A7B637B6B04
:1025D80083F3108800BF01236EE0BB691B68FB61B1
:1025E80000233B620CE03B6A9B007A681344B9699C
:1025F8001A683B6A9B000B445A603B6A01333B6292
:102608003A6ABB689A42EED3BB691969BB69FA6C2E
:102618000A431A61BA693B681A607B6ABB63BB6B81
:1026280083F3108800BFFB68002B08D0FB681B7879
:10263800002B04D0BB69F968184600F095F8BB6810
:10264800032B36D801A252F823F000BF65260008F4
:10265800712600088326000899260008FB69194698
:102668007869FEF7C3FC26E0FB6919467B681B689E
:102678001A467869FEF748FD1DE0FB6919467B6834
:102688001A687B6804331B687869FEF7CFFD12E08F
:10269800FB6918467B681A687B68043319687B688D
:1026A80008331B6800930B4601467869FEF754FE11
:1026B80001E0012300E00023064A1168FA6B51404B
:1026C8004FF0000201D002F09BFA18464037BD4691
:1026D80080BD00BF1800002080B58AB000AFF86048
:1026E800B9607A601F4B1B687B624FF000030023C0
:1026F8007B610023BB61FB681B687B61FB6814334B
:10270800BB610023FB6102E0FB690133FB61BA692D
:10271800FB6913441B78002B02D0FB697F2BF3D98C
:10272800FB693B627B691946BA693B6A013303203E
:10273800FEF742FF7B697A681946B868FEF7E4FC41
:10274800F868FEF7C9F90346064A11687A6A5140E3
:102758004FF0000201D002F053FA18462837BD4660
:1027680080BD00BF1800002080B586B000AF78603B
:102778003960194B1B687B614FF000030023BB6075
:102788003B68002B01D1154B3B607B681B68BB6025
:102798000023FB6002E0FB680133FB603A68FB68DA
:1027A80013441B78002B02D0FB687F2BF3D9FB68FE
:1027B8003B613A6939687868FEF702FA0346064AC7
:1027C80011687A6951404FF0000201D002F018FAFE
:1027D80018461837BD4680BD18000020CC190108DE
:1027E80080B58AB004AFF860B9607A603B60104B7E
:1027F8001B687B614FF0000307F11003029300236D
:1028080001933B46009301237A68B968F868FFF79B
:102818009BFE0346064A11687A6951404FF0000250
:1028280001D002F0EDF918461837BD4680BD00BF4B
:102838001800002080B58CB000AFF860B9607A60ED
:102848001D4B1B68FB624FF00003EFF310833B62E4
:102858003B6A7B610123FB61FB6983F3108800BF3E
:1028680007F110031946B868FEF77EF90346012BF5
:1028780007D17B697B627B6A83F3108800BF0123E1
:102888000DE03B697A68F9681846FFF725FFB861DB
:102898007B69BB62BB6A83F3108800BFBB69064AC9
:1028A8001168FA6A51404FF0000201D002F0A8F90D
:1028B80018463037BD4680BD1800002080B58AB064
:1028C80000AF78603960254B1B687B624FF00003CE
:1028D800EFF31083BB61BB69FB6001237B617B69FC
:1028E80083F3108800BF07F1080319467868FEF7DC
:1028F8003BF90346012B17D107F108031846FEF7E9
:102908007BF80346002B04D1BB687A681A60002361
:1029180000E00123002B07D0FB68FB61FB6983F310
:10292800108800BF01230CE0BB6839681846FFF720
:102938001BFF3861FB683B623B6A83F3108800BF6A
:102948003B69064A11687A6A51404FF0000201D08B
:1029580002F056F918462837BD4680BD18000020F9
:1029680080B483B000AF78600B4A7B6813600A4B71
:102978001B6800221A60084B1B6800225A60074B2C
:102988001B6843F40043054A1360002318460C37BC
:10299800BD465DF8047B7047F4040020AC3B002082
:1029A80080B586B002AF78603960164B1B6803F4B7
:1029B8000043002B01D101231FE03B68002B01D10C
:1029C800114B3B600023BB6002E0BB680133BB6076
:1029D8003A68BB6813441B78002B02D0BB687F2B76
:1029E800F3D9BB680133FB60002300930023FA6826
:1029F8003968786800F092F8034618461037BD46E3
:102A080080BD00BFAC3B0020D01901080EB480B5D2
:102A180087B000AF78607B6A3B60144B1B687B61B2
:102A28004FF00003124B1B6803F40043002B01D145
:102A380001230BE007F12803FB6007F10C031A469A
:102A48003968786800F016F838613B69074A1168F8
:102A58007A6951404FF0000201D002F0D1F81846CF
:102A68001C37BD46BDE8804003B070471800002001
:102A7800AC3B002080B58AB002AFF860B9607A60DC
:102A88000023BB61234B1B6803F40043002B01D1D7
:102A980001233BE0BB68002B01D11F4BBB60002327
:102AA8007B611EE0BA687B6913441B78252B15D11E
:102AB8007B690133BA6813441B78002B0DD07B69FE
:102AC8000133BA6813441B78252B02D0BB69013344
:102AD800BB617B6901337B6100E000BF7B69013327
:102AE8007B61BA687B6913441B78002B02D07B6931
:102AF8007F2BD7D97B690133FB617B680093BB6966
:102B0800FA69B968F86800F009F8034618462037EA
:102B1800BD4680BDAC3B0020D019010880B592B0FD
:102B280006AFF860B9607A603B603B689133BB617F
:102B3800FB68002B13D1734B1B681B68002B0AD151
:102B4800704B1B681946704800F05CFC0346012B6B
:102B580001D10123D1E06B4B1B681B68FB603B680C
:102B6800052B00F2C68001A252F823F08D2B000835
:102B78009D2B0008BF2B0008F32B0008392C0008F8
:102B8800912C0008F9687B68BA68B869FEF714FDEB
:102B98007861B1E0BB6B1B68191DBA6B11601B68CB
:102BA800FB61F9687B680093BB68FA69B869FEF74E
:102BB800AFFD7861A0E0BB6B1B68191DBA6B116093
:102BC8001B68FB61BB6B1B68191DBA6B11601B6826
:102BD8003B62F9687B680193BB6800933B6AFA69BA
:102BE800B869FEF743FE786186E0BB6B1B68191D68
:102BF800BA6B11601B68FB61BB6B1B68191DBA6B54
:102C080011601B683B62BB6B1B68191DBA6B1160B6
:102C18001B687B62F9687B680293BB6801937B6AD7
:102C280000933B6AFA69B869FEF7D4FE786163E0FD
:102C3800BB6B1B68191DBA6B11601B68FB61BB6B12
:102C48001B68191DBA6B11601B683B62BB6B1B6864
:102C5800191DBA6B11601B687B62BB6B1B68191D61
:102C6800BA6B11601B68BB62F9687B680393BB6829
:102C78000293BB6A01937B6A00933B6AFA69B8695D
:102C8800FEF75EFF786137E0BB6B1B68191DBA6BF6
:102C980011601B68FB61BB6B1B68191DBA6B116067
:102CA8001B683B62BB6B1B68191DBA6B11601B6804
:102CB8007B62BB6B1B68191DBA6B11601B68BB621A
:102CC800BB6B1B68191DBA6B11601B68FB62F96846
:102CD8007B680493BB680393FB6A0293BB6A019306
:102CE8007B6A00933B6AFA69B869FEF7E3FF78618B
:102CF80002E001237B6100BF7B6918463037BD467F
:102D080080BD00BFF4040020E419010880B483B03A
:102D180000AF7860074A7B681360074B1B6843F471
:102D28008023054A1360002318460C37BD465DF81A
:102D3800047B7047F8040020AC3B002080B582B0CB
:102D480000AF6C4B1B68002B01D00023CDE004F0D2
:102D58005FFC694B694A1A60674B1B6800221A605E
:102D6800654B1B6800225A6000237B6009E0624BB8
:102D78001B687A680232002143F822107B6801330D
:102D88007B607B68002BF2D05B4B1B6814331846C2
:102D9800FDF7C8FD0346012B01D10123A5E0564BE1
:102DA8001B6803F5575330331846FDF7EBFC034611
:102DB800012B01D1012398E04F4B1B6803F55753B2
:102DC8003433184600F0DEFB0346012B01D1012302
:102DD8008BE0494B1B685433184600F01FFD03462F
:102DE800012B01D1012380E0434B1B6803F55753A6
:102DF80018331846FDF7E2FC0346012B01D10123E5
:102E080073E03D4B1B6803F557532C331846FFF707
:102E1800E5F90346012B01D1012366E0364B1B6817
:102E280003F54D5304331846FFF770FF0346012B93
:102E380001D1012359E0304B1B6803F55653043385
:102E48001846FEF7ABF80346012B01D101234CE0ED
:102E5800294B1B6803F556530C331846FFF780FDC2
:102E68000346012B01D101233FE0234B1B6803F5E7
:102E7800565314331846FDF71FFF0346012B01D1A3
:102E8800012332E01C4B1B6803F5565320331846C8
:102E9800FFF72AFA0346012B01D1012325E0164B3F
:102EA8001B6803F557531033184600F0F3FA03462E
:102EB800012B01D1012318E00F4B1B6803F5575371
:102EC80008331846FFF750FA0346012B01D10123B6
:102ED8000BE0094B1B684FF0FF32DA60054B1B68AB
:102EE80043F00103034A1360002318460837BD4620
:102EF80080BD00BFAC3B0020A43B0020FC040020A8
:102F080080B584B000AF7860414BFB607B68002BD4
:102F180001D1012378E043F2F02000F061FA034682
:102F2800012B01D101236FE0082000F059FA034674
:102F3800012B01D1012367E0082000F051FA034674
:102F4800012B01D101235FE0324A7B681360314BCA
:102F58001B68314A1A602F4B1B680E229A802D4B32
:102F68001B6841F6A122DA800023BB6013E0FA68EF
:102F7800BB681344274A12681978BB68134418338E
:102F88000A461A70FA68BB6813441B78002B06D0EF
:102F9800BB680133BB60BB68072BE8D900E000BF02
:102FA8001C4B1B6800229A821A4B1B6802229A75D6
:102FB800184B1B680122DA75164B1B680122DA6070
:102FC800144B1B68DA68134B1B6842F44072DA60D2
:102FD800104B1B6800221A610E4B1B6800229A6076
:102FE8000C4B1A680B4B1B6892689A6000F0E4F867
:102FF8000346002B07D0074B1B689A68054B1B68D4
:1030080042F008029A60002318461037BD4680BD7A
:10301800EC190108A83B00200046535080B586B043
:1030280000AF7860294B1B687B614FF0000307F104
:103038000C0300221A605A60FFF780FE0346012B3A
:1030480001D1012334E0FFF7ADF90346012B01D18B
:1030580001232DE07B68022B17D10023BB60BB68DE
:10306800082B0CD107F10C03184600F067F903464A
:10307800002B04D007F10C03184600F09AF9144B02
:103088001B685B68002BE8D011E07B68012B09D135
:1030980001233B7301237B7307F10C03184600F0EF
:1030A80088F904E07B68002B01D0012300E00023AD
:1030B800064A11687A6951404FF0000201D001F0C8
:1030C8009FFD18461837BD4680BD00BF1800002078
:1030D800A43B002080B500AF00F0D0F800231846CC
:1030E80080BD000080B483B000AF786039600E4BBB
:1030F8001B68002B05D07B68002B02D03B68002B97
:1031080001D101230AE0084B1B6803F154027B68D4
:103118001A603B6843F2F0221A60002318460C3705
:10312800BD465DF8047B7047A43B002080B584B0A1
:1031380000AF1E4B1B68FB604FF000033B1D0022D5
:103148001A605A6000233B603B68082B0AD13B1D7C
:10315800184600F0F3F80346002B03D03B1D184631
:1031680000F027F9124B1B6803F00103002B3B68A2
:10317800002BE7DC0E4B1B6803F00103002B06D085
:103188000C4B1B685B68002B01D0FDF789FB002303
:10319800064A1168FA6851404FF0000201D001F068
:1031A8002FFD18461037BD4680BD00BF180000200F
:1031B800AC3B0020A43B002080B400AF002318469D
:1031C800BD465DF8047B704780B588B000AF274BDB
:1031D8001B68FB614FF0000300237B600023BB608A
:1031E800234B1B685B68012B33D0224B1B689B6801
:1031F8007B607B68002B03D11E4B1B681E4A9A60BC
:103208001C4B1B685B68BB60BB68002B03D1194B68
:103218001B6800225A60EFF31083BB61BB69FB6037
:1032280001237B617B6983F3108800BF00F0B2FB48
:1032380000F04AF80E4B1B681A6801321A600C4BF2
:103248001B6801225A60FB683B613B6983F3108865
:1032580000E000BF054B1A68FB695A404FF00003B5
:1032680001D001F0CDFC2037BD4680BD18000020FC
:10327800A43B0020B83B0020000E270780B485B08F
:1032880000AF104B1B685B68002B14D0EFF3108362
:10329800FB60FB683B600123BB60BB6883F310885D
:1032A80000BF084B1B6800225A603B687B607B6844
:1032B80083F3108800E000BF1437BD465DF8047B37
:1032C800704700BFA43B002080B584B000AF194B05
:1032D8001B68FB604FF0000300233B6000237B600A
:1032E80010E0154B1B687A6853F822303B603B6846
:1032F8001A467B689B0010333B4443F8082C7B68D4
:1033080001337B607B68002BEBD007F108030422B4
:1033180019460120FEF7BAF800BF064B1A68FB6889
:103328005A404FF0000301D001F06AFC1037BD4647
:1033380080BD00BF18000020B03B002080B485B0DD
:1033480000AF78607B681A787B685B781344DAB2E0
:103358007B689B781344DAB27B68DB781344DAB273
:103368007B681B791344DAB27B685B791344DBB260
:10337800DB43FB817B68DA79FB891B0A9BB2DBB2F2
:103388009A4201D000230EE07B689A79FB89DBB270
:103398009A4201D0002306E07B681B78012B01D9F3
:1033A800002300E0012318461437BD465DF8047B6E
:1033B800704780B582B000AF78607B681B78012BBE
:1033C80009D17B685B78012B02D1FFF7FDFE03E092
:1033D800FFF754FF00E000BF00BF0837BD4680BDBF
:1033E80080B483B000AF78607B6803F00303002BE0
:1033F80014BF01230023DBB218460C37BD465DF825
:10340800047B704780B586B000AF78603960204B88
:103418001B687B614FF0000300233B6107F1080341
:103428001846FDF7E9FA0346012B01D1012322E0F2
:103438000023FB6002E0FB680133FB60FB687A68ED
:1034480013441B78002B02D0FB681B2BF3DDFB68B1
:103458003B61BB683A6979681846FDF7B1FBBA6801
:103468003B681A60BB6819463B6901337A680320D8
:10347800FEF7A2F80346064A11687A6951404FF0F0
:10348800000201D001F0BCFB18461837BD4680BDCC
:103498001800002080B485B000AF78600F4A7B68C0
:1034A80013600023FB6008E00C4B1B68FA680221DC
:1034B80043F82210FB680133FB60FB68002BF3DD47
:1034C800074B1B6843F48013054A13600023184612
:1034D8001437BD465DF8047B704700BFB03B002041
:1034E800AC3B002080B588B000AF7860396001231C
:1034F800FB60214B1B6803F00103002B01D1FB6823
:1035080035E01D4B1B6803F00103002B04D01B4B57
:103518001B685B68002B05D1194B1B687A681A6019
:10352800FB6824E0154B1B6801229A60EFF31083B7
:10353800FB61FB693B610123BB61BB6983F31088B5
:1035480000BF0F4B1B687A681A607B683A68194697
:103558003720FDF7D9FDF860084B1B6802229A60F6
:103568003B697B617B6983F3108800BFFB68184661
:103578002037BD4680BD00BFAC3B0020A43B0020E7
:10358800B03B002080B485B000AF78604D4A7B68BE
:1035980013604C4B1B6800221A600023FB6009E093
:1035A800484B1A68FB689B00134400225A60FB686A
:1035B8000133FB60FB68002BF2D0424B1B680022F2
:1035C8009A600023FB6046E03E4B1968FA68134690
:1035D8005B001344DB000B440C3300221A60394BA8
:1035E8001968FA6813465B001344DB000B44103378
:1035F80000221A60334B1968FA6813465B001344BB
:10360800DB000B44143300221A602E4B1968FA6849
:1036180013465B001344DB000B44183300221A6086
:10362800284B1968FB685A1C13465B001344DB00DF
:103638000B44083300221A60224B1968FB685A1C95
:1036480013465B001344DB000B44043364221A6006
:10365800FB680133FB60FB68042BB5D90023FB60D2
:1036680020E0184B1B680022C3F88420154B1B6808
:10367800002283F88820134B1B680022C3F8A4207B
:10368800104B1B680022C3F8A8200E4B1B680022B1
:10369800C3F8AC200B4B1B680022C3F8B020FB68B2
:1036A8000133FB60FB68042BDBD9074B1B6843F431
:1036B8000003054A1360002318461437BD465DF819
:1036C800047B7047B43B0020AC3B002080B483B03F
:1036D80000AF78607B68002B01D1012304E0054B23
:1036E8001B687A689A60002318460C37BD465DF857
:1036F800047B7047B43B002080B586B000AF78608B
:10370800284B1B687B614FF000030023BB6000233C
:10371800FB6000233B6103F09BFF0346FB60224BE9
:103728001B685A69FB689A4204D91F4B1B68DA6800
:103738000132DA601C4B1B68FA685A61FA681B4B45
:103748001B685B68D31A3B61184B1B68FA685A60A0
:103758007B68002B01D1012317E007F10803194604
:103768007868FEF76FFE0346012B01D101230CE0B8
:10377800BB681B68002B01D1012306E0BB685968B0
:10378800BB683A690A445A600023064A11687A6994
:1037980051404FF0000201D001F032FA18461837B4
:1037A800BD4680BD18000020B83B0020B43B002077
:1037B80080B483B000AF7860164A7B681360154BFD
:1037C8001B6800229A60134B1B6800225A60114B39
:1037D8001B684FF47A721A610E4B1B6800229A61BB
:1037E8000C4B1B680022DA600A4B1B6801221A6026
:1037F800084B1B6800225A61074B1B6843F40013EF
:10380800054A1360002318460C37BD465DF8047B53
:10381800704700BFB83B0020AC3B002080B584B0A7
:1038280000AF78607B68002B01D10123A9E0574ADB
:103838007B681360554B1B680433FB60544AFB6874
:103848001360FB684FF42052C3F8D82A4F4B1B680B
:103858001846FB6803F6DC224FF420530121FEF7DB
:1038680021FE0346012B01D101238AE0FB681033B6
:103878001846FFF745FB0346012B01D1012380E0E1
:10388800FB684C331846FDF75DF80346012B01D160
:10389800012376E0FB6830331846FFF789FF0346BB
:1038A800012B01D101236CE0FB6803F540530A2288
:1038B80083F8DC22FB6803F540530B2283F8DD22F2
:1038C800FB6803F540530C2283F8DE22FB6803F5FE
:1038D80040530D2283F8DF22FB6803F54053712221
:1038E80083F8E022FB6803F54053722283F8E12253
:1038F800FB6803F54053732283F8E222FB6803F563
:103908004053742283F8E322FB6803F54053F12205
:1039180083F8E422FB6803F54053F22283F8E5229A
:10392800FB6803F54053F32283F8E622FB6803F5AE
:103938004053F42283F8E722FB6805221A71FB68DA
:1039480006225A71FB6807229A71FB680822DA710D
:10395800FB6875221A72FB6876225A72FB68772216
:103968009A72FB687822DA72FB68F5221A73FB6890
:10397800F6225A73FB68F7229A73FB68F822DA7307
:10398800002318461037BD4680BD00BFC03B00204D
:10399800BC3B002080B500AF034B1B681846FEF700
:1039A800B9FD0346184680BDC03B002080B586B0EF
:1039B80000AFF860B9607A60094AB968F8680BF036
:1039C800B7FC03467B617B69002B04D07B687A696E
:1039D8001A60002300E0012318461837BD4680BD51
:1039E800F819010880B586B000AFF860B9607A6050
:1039F800094AB968F8680BF09BFC03467B617B6950
:103A0800002B04D07B687A691A60002300E0012348
:103A180018461837BD4680BD0C1A010880B500AF9E
:103A28000349044800F008F80346184680BD00BF63
:103A3800B5390008ED39000880B582B000AF78606C
:103A480039604A4B1B68002B05D1494949480BF09E
:103A58005DFC012385E07B68002B05D1464945487C
:103A68000BF054FC01237CE03B68002B05D1434953
:103A780040480BF04BFC012373E03C4B1B6840F6BD
:103A8800344200211846FCF72FFE3D4A7B6813603C
:103A98003C4A3B681360354B1B680433184601F0F9
:103AA800F1FB0346012B05D1374932480BF02EFCB8
:103AB800012356E02D4B1B68A433184602F0DEF8AC
:103AC8000346012B05D131492A480BF01FFC01237D
:103AD80047E0264B1B6803F50373184600F09CF873
:103AE8000346012B05D12A4922480BF00FFC01237C
:103AF80037E01E4B1B6803F57873184601F026FA69
:103B08000346012B05D123491A480BF0FFFB01237B
:103B180027E0164B1B68B033184600F07DFC0346BF
:103B2800012B05D11C4913480BF0F0FB012318E0C9
:103B38000E4B1B68A833184601F078FE0346012B8C
:103B480005D116490B480BF0E1FB012309E001F010
:103B580093FF064B1B6801221A60002001F026FC27
:103B6800002318460837BD4680BD00BF000000206E
:103B7800201A01084C1A0108501A0108841A010871
:103B8800F8470020FC470020B01A0108E81A01088D
:103B9800241B0108581B01088C1B0108C01B0108C5
:103BA80080B400AF034B1B681846BD465DF8047B24
:103BB800704700BFC43B002080B582B000AF78607A
:103BC800786801F0B1FE034618460837BD4680BD47
:103BD80080B582B000AF7860786801F0F9FE002304
:103BE80018460837BD4680BD80B582B000AF786002
:103BF800786800F033FC034618460837BD4680BD98
:103C080080B582B000AF7860786800F06FFC002360
:103C180018460837BD4680BD80B582B000AF7860D1
:103C28007B68002B05D10F490F480BF06FFB012370
:103C380014E00E4A7B6813600C4B1B680022C3F823
:103C4800D0210A4B1B6801221A60084B1B68181DFB
:103C5800074B0122032100F0DDF903461846083717
:103C6800BD4680BDF81B0108281C010880480020BB
:103C78002C1C010880B586B000AFF860B9607A6086
:103C880001F012FC0346002B01D101234FE02A4B1F
:103C98001B68002B01D1012349E0274B1B681B68D7
:103CA800002B01D1012342E07B68002B01D10123C5
:103CB8003DE0BB68002B01D1012338E0BB681B78CD
:103CC800002B01D1012332E01B4B1B6804337B61BD
:103CD800786900F02FFA7B6903229A717B69FA6888
:103CE8001A6101F0DBFC0346012B01D101231EE020
:103CF80000233B6112E0BA683B69134419787A697A
:103D08003B6913449C330A461A70BA683B691344EA
:103D18001B78002B06D03B6901333B613B69672B5D
:103D2800E9D900E000BF7B687A691A600023184669
:103D38001837BD4680BD00BF8048002080B586B0DA
:103D480000AFF860B9607A60FB687B6101F0ACFB9A
:103D58000346002B01D1012334E01C4B1B68002BC8
:103D680001D101232EE0194B1B681B68002B01D1E0
:103D7800012327E07B69002B01D1012322E0134BAB
:103D88001B685B7B072B04D9042001F0CBFC0123C3
:103D980018E00E4B1B685B7B7A690233DB00134427
:103DA800BA685A60094B1B685B7B7A690233DB008F
:103DB80013447A689A60054B1B685A7B0132D2B269
:103DC8005A73002318461837BD4680BD8048002026
:103DD80080B586B000AFF860B9607A603B60FB6878
:103DE8007B6101F061FB0346002B01D101237AE0DE
:103DF8003F4B1B68002B01D1012374E03C4B1B682F
:103E08001B68002B01D101236DE07B69002B01D1D8
:103E1800012368E0BB68002B01D1012363E07B68C4
:103E2800002B01D101235EE03B68002B01D1012367
:103E380059E03B681B78002B01D1012353E02C4B40
:103E48001B68D3F8D031072B01D901234BE0284B4D
:103E58001968274B1B68D3F8D02113465B0013441D
:103E6800DB000B4403F58873BA681A60204B1968A5
:103E78001F4B1B68D3F8D02113465B001344DB00AB
:103E88000B4403F58A737A681A6000233B611DE0CE
:103E98003A683B691344164A1168154A1268D2F801
:103EA800D021187813465B001344DB00CA183B691D
:103EB800134403F58C7302461A703A683B6913443D
:103EC8001B78002B06D03B6901333B613B690F2B04
:103ED800DED900E000BF064B1B68D3F8D0210132C1
:103EE800C3F8D021002318461837BD4680BD00BF4F
:103EF8008048002080B584B000AF786039607B6866
:103F0800FB6001F0D1FA0346002B01D101231CE02C
:103F1800104B1B68002B01D1012316E00D4B1B68C9
:103F28001B68002B01D101230FE0FB68002B01D196
:103F380001230AE03B68002B01D1012305E0FB685F
:103F480003F19C023B681A60002318461037BD46EF
:103F580080BD00BF8048002080B584B000AF786085
:103F680039607B68FB6001F09FFA0346002B01D1A2
:103F7800012340E0224B1B68002B01D101233AE0CA
:103F88001F4B1B681B68002B01D1012333E0FB6822
:103F9800002B01D101232EE04FF48471F86800F062
:103FA8002FFA0246FB68C3F808213B6803F48073C4
:103FB800002B0BD01349144800F022F90346002BBC
:103FC80004D1F86800F0B6F8002314E03B6803F465
:103FD8000073002B0BD00D490D4800F011F9034672
:103FE800002B04D1F86800F0A5F8002303E0F86876
:103FF80000F0A0F8012318461037BD4680BD00BF69
:1040080080480020093C0008F13B0008D93B000823
:10401800C13B000880B588B000AFF8607A603B60AB
:104028000B46FB72FB68FB6148237B613C4B1B68BA
:10403800002B05D13B493C480BF068F901236AE0A5
:10404800FB69002B05D1394937480BF05FF901238B
:1040580061E03B68002B05D1354933480BF056F930
:10406800012358E02E4B1B6850221A712C4B1B68F9
:1040780044225A712A4B1B6866229A71284B1B6886
:104088006D22DA71264B1B684FF47F621A81244B2C
:104098001B68FA7A9A72224B1B6808221A737A698B
:1040A8001F4B1B68D2B2DA721D4B1B6868229A73C9
:1040B8001B4B1B687A681A610023BB6112E03A68DF
:1040C800BB6913441978FA69BB69134454330A4627
:1040D8001A703A68BB6913441B78002B06D0BB6979
:1040E8000133BB61BB69472BE9D900E000BFF86920
:1040F80000F020F8FB696D2283F80421FB69662231
:1041080083F80521FB69442283F80621FB695022C4
:1041180083F80721002318462037BD4680BD00BF1D
:1041280080480020401C0108281C0108781C010850
:10413800A81C010880B485B000AF78607B680022B5
:104148009A717B6800221A610023FB6010E07A688C
:10415800FB680233DB00134400225A607A68FB686C
:104168000233DB00134400229A60FB680133FB60D2
:10417800FB68072BEBD97B6800225A727B68002208
:1041880083F89C200023FB6026E01C4B1968FA6822
:1041980013465B001344DB000B4403F588730022CD
:1041A8001A60164B1968FA6813465B001344DB0063
:1041B8000B4403F58A7300221A60104B1968FA68D9
:1041C80013465B001344DB000B4403F58C73002299
:1041D8001A70FB680133FB60FB68072BD5D9074BC6
:1041E8001B680022C3F8D0217B680022C3F808218D
:1041F80000BF1437BD465DF8047B70478048002037
:10420800B0B58EB004AF786039607A4B1B687B62BA
:104218004FF0000300233B61774B1B6804333B627C
:104228007B68002B01D10123D7E03B68002B01D12B
:104238000123D2E007F110031946386A00F0B2FEF4
:104248000346012B01D10123C7E03A697B68104678
:1042580098470346012B01D10123BEE000237B616F
:10426800B2E0654B19687A6913465B001344DB00BA
:104278000B4403F58A731B68013B604AA2FB0323C6
:10428800DB099BB20133FB810023BB617B699BB2D5
:10429800013398B2584B19687A6913465B00134486
:1042A800DB000B4403F58A731C68534B19687A6961
:1042B80013465B001344DB0003F58C73CA1807F13F
:1042C80010030093134622460146386A00F0BCFEEC
:1042D8000346012B74D03A693B6810469847034659
:1042E800012B01D1012378E00023BB8163E04FF467
:1042F800FA63FB61404B19687A6913465B00134403
:10430800DB000B4403F58A731A68BB69D31AFA6990
:104318009A420DD9384B19687A6913465B001344E1
:10432800DB000B4403F58A731A68BB69D31AFB6177
:104338007B699BB2013398B2BB8901339CB22E4B87
:1043480019687A6913465B001344DB000B4403F5D4
:1043580088731B681A46BB6913441D46264B1968A7
:104368007A6913465B001344DB0003F58C730B4436
:10437800F98907F1100203920293FB6901930095F2
:104388000B4622460146386A00F006FF0346012B19
:104398000DD03A693B68104698470346012B01D176
:1043A80001231AE0BA69FB691344BB6100E000BF4E
:1043B800BB890133BB81BA89FB899A4297D300E054
:1043C80000BF7B6901337B610B4B1B68D3F8D0318D
:1043D8007A699A42FFF445AF0023064A11687A6A5F
:1043E80051404FF0000201D000F00AFC184628376F
:1043F800BD46B0BD1800002080480020D34D621093
:1044080080B483B000AF78603960002318460C3759
:10441800BD465DF8047B704780B582B000AF786018
:104428007B68002B01D1012311E07B680433184617
:1044380001F074FD0346012B01D1012307E0064A70
:104448007B681360044B1B6801221A60002318461E
:104458000837BD4680BD00BF8448002080B584B0C1
:1044680000AF78601F4B1B68FB604FF00003002310
:10447800FB721D4B1B68002B01D1012325E01A4B51
:104488001B681B68002B01D101231EE001F00CF80A
:104498000346002B01D1012317E07B68002B01D1D3
:1044A800012312E007F10B03184601F061F90346F6
:1044B800012B01D1012308E0FB7A002B01D1012354
:1044C80003E0786801F03AFD0346064A1168FA6885
:1044D80051404FF0000201D000F092FB184610370F
:1044E800BD4680BD180000208448002080B584B0F7
:1044F80000AF78601F4B1B68FB604FF00003002380
:10450800FB721D4B1B68002B01D1012325E01A4BC0
:104518001B681B68002B01D101231EE000F0C4FFBB
:104528000346002B01D1012317E07B68002B01D142
:10453800012312E007F10B03184601F019F90346AD
:10454800012B01D1012308E0FB7A002B01D10123C3
:1045580003E0786801F0FEFC0346064A1168FA6831
:1045680051404FF0000201D000F04AFB18461037C6
:10457800BD4680BD180000208448002080B400AFEC
:10458800BFF34F8F00BF064BDB6803F4E0620449BA
:10459800044B1343CB60BFF34F8F00BF00BFFDE751
:1045A80000ED00E00400FA050FB407480099016027
:1045B80001994160029981600399C1606146016176
:1045C8000FBC704700BF00009448002080B400AFC3
:1045D8000A4B4FF0FF321A60084B00225A60074B13
:1045E80000221A61054B00229A60044B0022DA600F
:1045F80000BFBD465DF8047B704700BF0400002083
:1046080080B584B000AF224B1B68224A1360204B50
:104618001B6880331F4A53601E4B1B68B3F1005F51
:104628000CD31C4B1B681C4A934207D8194B5B6878
:10463800194A934202D9174B184A5A6018480AF087
:10464800F9FD7860134B1B6823F003033B60114BA3
:104658005B68BB6013E03B68FB607A681049F868E8
:104668000AF026FE0346002B06D13A687B681344FD
:104678000133084A536006E03B6804333B603A68FC
:10468800BB689A42E7D3034B18461037BD4680BD36
:10469800644A00201C000020FFFF0B20FCFF0B20B9
:1046A800C41D010890B589B002AF7860644B1B68DF
:1046B8007B614FF0000300233B610023BB607B68F4
:1046C8001B68604A1360604B604A1A60604B0022A6
:1046D8001A60604B00221A605F4B1B68002B16DBC8
:1046E8005D4B9B68184601F075FA38615A4B5A6859
:1046F800594BDB6801933B6900931346574A802165
:1047080057480AF015FE544B1B68FB6009E0554BEF
:104718001B68554A802152480AF00AFE40F20143BC
:10472800FB60524B00221A60514B1B6803F00103D7
:10473800002B15D04F4B1B685B68002B10D04B4BE0
:1047480001221A604C4B1B68002B03D14A494B4885
:10475800FEF758FE484B1B6841491846FEF720F9FA
:10476800474948480AF0D2FD3D4946480AF0CEFD7F
:10477800454944480AF0CAFDFB68364A3849184694
:10478800FFF778FA0346002B45D107F108031846CE
:1047980001F08EFA2F4B1C68BB682021184601F0E7
:1047A80043FA03461A4601212046FFF7C7FA294B68
:1047B80018687B681B681A460721FFF7BFFA264B63
:1047C8001B68002B14DB234B1C682021386901F07F
:1047D8002BFA03461A4602212046FFF7AFFA1D4B73
:1047E8001B681D4AD26804211846FFF7A7FA07E09C
:1047F800184B1B681B4A126806211846FFF79EFAD9
:104808001A4B1B68002B01D000F044F81F491D48C3
:104818000AF07CFD03E01E491A480AF077FD1A49A0
:1048280018480AF073FD00BF054B1A687B695A40A7
:104838004FF0000301D000F0E3F91C37BD4690BDEE
:1048480018000020644A0020B0480020B848002022
:104858008C4800208848002004000020801D0108A2
:104868000048002028ED00E0D41D0108AC480020D5
:10487800AC3B0020A43B0020A8480020A41D010850
:104888008C1D01089C1D0108A01D0108F41D0108CC
:10489800101E010880B584B000AF124B1B68FB6086
:1048A8004FF0000300237B600023BB6007F1080280
:1048B8003B1D11461846FEF715FC0B4B1868796826
:1048C800BA680A4BFFF784FA00BF064B1A68FB6800
:1048D8005A404FF0000301D000F092F91037BD465E
:1048E80080BD00BF18000020884800203C1E010839
:1048F80080B586B000AFF8600B467A60FB722A4B31
:104908001B681A46294BD31A7B61FB7A7A6803FB2A
:1049180002F27B691344B3F5D67F07D3244B0122F7
:104928001A60244924480AF0F1FC39E0234B1B683B
:10493800234A934205D023491F480AF0E7FC00BFE9
:10494800FDE77B68002B04D11F491B480AF0DEFCF9
:1049580026E0FB7A042B19D0042B1CDC012B02D097
:10496800022B0ED017E0104B1B687A68F9681846BE
:10497800FBF744FE0C4B1A687B6813440A4A136021
:104988000EE07968F86800F023F809E07968F868BB
:1049980000F056F804E00D4907480AF0B7FC00BFDC
:1049A8001837BD4680BD00BFB0480020B848002079
:1049B8008C4800204C1E01089C1D0108884A0020D4
:1049C800ED55CEAC7C1E0108CC1E0108F81E01086E
:1049D80080B586B000AF78603960174B1B687B6183
:1049E8004FF0000300233B6114E07B689A1C7A6057
:1049F8001B88FB81114B1B6807F10E010222184628
:104A0800FBF7FCFD0D4B1B6802330C4A13603B6936
:104A180001333B613A693B689A42E6D300BF064BD3
:104A28001A687B695A404FF0000301D000F0E8F89B
:104A38001837BD4680BD00BF18000020B0480020D0
:104A480080B586B000AF78603960174B1B687B6112
:104A58004FF0000300233B6114E07B681A1D7A6065
:104A68001B68FB60114B1B6807F10C0104221846F8
:104A7800FBF7C4FD0D4B1B6804330C4A13603B69FC
:104A880001333B613A693B689A42E6D300BF064B63
:104A98001A687B695A404FF0000301D000F0B0F863
:104AA8001837BD4680BD00BF18000020B048002060
:104AB80080B584B000AF00237B60424B1B68002B9D
:104AC80042D0414B1B681A46404BD31ABB60404B3F
:104AD8001B68002B01DB3F4B00E03F4BFB603F4B6B
:104AE8001B68002B0DD1374B1868FB68BA6837492B
:104AF800FFF76EF90346002B03D0394939480AF00D
:104B080005FC394B1B68002B10D0384B1B6803F091
:104B18000103002B0AD0364B1B685B68002B05D0BD
:104B2800334B1B6800225A6001237B60254B1B68AE
:104B38004FF4E0611846FFF70FFA0346002B03D045
:104B48002C4928480AF0E2FB214B1B68B3F1FF3FD0
:104B58001DD01F4B1B69012B0FD1274921480AF093
:104B6800D5FB00233B6002E03B6801333B603B68B8
:104B7800224A9342F8DDFFF701FD7B68002B03D042
:104B88001B4B1B6801225A60FFF720FD0FE01A49F2
:104B980014480AF0BBFB00233B6002E03B6801338A
:104BA8003B603B68154A9342F8DDFFF7E7FC054B8D
:104BB80000221A600C4B00221A6001231846103795
:104BC800BD4680BD88480020B0480020B848002075
:104BD80004000020181F0108241F01088C48002029
:104BE800301F01089C1D0108AC480020AC3B002088
:104BF800A43B00205C1F0108AC1D01083F420F00C8
:104C080080B500AFFFF7D0FC104B05221A600F4BA0
:104C18000F4A5A600D4B0F4A9A600C4B40F2ED1246
:104C2800DA600A4B01221A61FEF7BAFF0346002B2D
:104C380006D000F02DF8FBF7FBFA00F057F802E079
:104C4800FFF7C4FC00BF00BFFDE700BF0400002061
:104C5800781F01088C1F010880B483B000AFEFF300
:104C680005833B603B68002B01D000230AE0EFF38B
:104C780014837B607B6803F00203002B01D00123BF
:104C880000E0002318460C37BD465DF8047B7047EA
:104C980080B584B000AFFFF7DFFF0346012B0ED1CC
:104CA800EFF30B837B607B680E4A136000233B6045
:104CB8003B6883F30B8800BFBFF36F8F0EE0EFF301
:104CC8000A83FB60FB68084A13600023BB60BB686B
:104CD80083F30A8800BFBFF36F8F00BF00BF103790
:104CE800BD4680BD684A00206C4A002080B582B06D
:104CF80000AFFFF7B1FF0346012B09D10B4B1B682F
:104D08003B603B6883F30B8800BFBFF36F8F09E0FC
:104D1800074B1B687B607B6883F30A8800BFBFF37F
:104D28006F8F00BF00BF0837BD4680BD684A0020AE
:104D38006C4A002080B400AF20231846BD465DF8B9
:104D4800047B704790B58FB000AF04460846114603
:104D58001A462346FB820346BB820B467B821346D8
:104D68003B82FB6CFB603B6DBB60BB6D7B60754B36
:104D78001B687B634FF00003734B1B680433BB62F3
:104D88000023FB610023FB6200233B6200237B625C
:104D9800FB68002B01D10123C6E0FB681B78002BC0
:104DA80001D10123C0E0BB68002B01D10123BBE086
:104DB8007B6D002B01D10123B6E07B68002B01D16C
:104DC8000123B1E07B8A002B01D10123ACE07A8A70
:104DD8003B8A9A4201D90123A6E007F11C03184631
:104DE80000F088FB0346012B01D101239CE007F169
:104DF8002003184600F070FC0346012B01D1012363
:104E080092E007F12403184600F0E2FB0346012B69
:104E180001D1012388E0BB6AD1221A70BB6AD22271
:104E28005A70BB6AD3229A70BB6AD422DA70BB6A02
:104E38004FF47F629A80BB6A0122DA80BB6AFA8AE1
:104E48001A81BB6ABA8A5A81BB6A7A8A9A81BB6A12
:104E58003A8ADA813A6ABB6A1A61BB6A20229A8264
:104E6800BB6A2022DA82BB6C9AB2BB6A1A83BB6A1D
:104E78007A6DDA61FB6A2033FB62334B1B680433BB
:104E88001A46FB6A13441846FB6920221946FBF7A9
:104E9800B5FBFB6A2033FB622B4B1B6804331A46B5
:104EA800FB6A134418467B6A20221946FBF7A6FBC7
:104EB800FB6A2033FB62244B1B6804331A46FB6AE7
:104EC8001344BA6CF9681846FBF798FBFA6ABB6C8E
:104ED8001344FB621C4B1B6804331A46FB6A1344D9
:104EE8007A6DB9681846FBF789FBFA6A7B6D13443B
:104EF800FB62154B1B6804331A46FB6A13443B6379
:104F0800BB6ADA783B6B1A70BB6A9A783B6B5A704B
:104F1800BB6A5A783B6B9A70BB6A1A783B6BDA703B
:104F28007B68BA6A1A600023064A11687A6B514096
:104F38004FF0000201D0FFF763FE18463C37BD462C
:104F480090BD00BF18000020704A002080B582B0D4
:104F580000AF78607B68002B01D101231BE0104A69
:104F68007B681360FFF7E6FE034603F5DC73B3F5D1
:104F7800056F01D901230EE0FFF7DCFE034603F6B7
:104F88002403B3F5056F01D9012304E0044B1B6822
:104F980001221A60002318460837BD4680BD00BFAD
:104FA800704A002080B58AB006AF78603960244B1B
:104FB8001B68FB604FF000030023BB60214B1B689C
:104FC800002B01D101232EE01E4B1B681B68002B10
:104FD80001D1012327E07B68002B01D1012322E0C6
:104FE80007F1080319467868FEF784FF0346012B8A
:104FF80001D1012317E0BB683A6804924FF4867226
:1050080003927A6802920193682300930123012294
:10501800002141F21250FFF795FE0346012B01D102
:10502800012300E00023064A1168FA6851404FF056
:10503800000201D0FFF7E4FD18461037BD4680BDD9
:1050480018000020704A002080B598B006AF78613B
:10505800FA60BB600B467B823B6D7B604C4B1B68E8
:105068007B644FF0000307F1200324220021184637
:10507800FBF73AFB474B1B68002B01D1012379E072
:10508800444B1B681B68002B01D1012372E07B692C
:10509800002B01D101236DE0FB68002B01D1012316
:1050A80068E0BB68002B01D1012363E0BB681B7873
:1050B800002B01D101235DE07B68002B01D1012386
:1050C80058E0502387F82030442387F821306123A3
:1050D80087F82230502387F823304FF47F63BB844E
:1050E800032387F82630102387F82730FB68BB6234
:1050F8000023FB6113E0BA68FB691344197807F1D0
:105108002C02FB6913440A461A7007F12C02FB694A
:1051180013441B78002B06D0FB690133FB61FB6944
:105128000F2BE8D900E000BF502387F83C306123FB
:1051380087F83D30442387F83E30502387F83F30C6
:1051480000233B64798A7B6804932423039307F143
:1051580020030293BB6801931023009301230122CB
:1051680044F21860FFF7EEFD0346012B01D101233D
:1051780000E00023064A11687A6C51404FF00002A3
:1051880001D0FFF73DFD18464837BD4680BD00BF3A
:1051980018000020704A002080B58AB006AFF86079
:1051A800084611461A4603467B810B463B81134647
:1051B800FB80174B1B68002B01D1012323E0144B04
:1051C8001B681B68002B01D101231CE0FB68002B26
:1051D80001D1012317E0F8883A8979897B6A049319
:1051E800FB690393BB6902933B6A01931023009305
:1051F800034648F27130FFF7A5FD0346012B01D1A4
:10520800012300E0002318461037BD4680BD00BFCB
:10521800704A002080B485B000AF78603960184BC0
:105228001B68002B01D1012323E0154B1B681B6869
:10523800002B01D101231CE07B68002B01D1012345
:1052480017E03B68002B01D1012312E07B68FB606B
:10525800FB689B8A1A46FB68DB8A1344FA68128B40
:105268001A44FB68DB69134403F124023B681A60A3
:10527800002318461437BD465DF8047B704700BF0D
:10528800704A002080B586B000AF7860424B1B683A
:105298007B614FF000037B68002B01D101236EE096
:1052A8003E4A7B6813603D4B1B680022C3F89C2074
:1052B8003A4B1B680122DA60384B1B6800221A72CD
:1052C800364B1B6801225A72344B1B6801229A72B2
:1052D800324B1B6801221A61304B1B68304A5A60F6
:1052E8002E4B1B689B7A002B1CD12E4B1B68002B66
:1052F80001D1012343E02B4B1B68284A126802F1B5
:105308007C0007F10C02202198470346012B01D1AC
:10531800012334E0214B1B6893F87C30002B06D125
:1053280001232CE01D4B1B68002283F87C201B4BBB
:105338001B68002283F85C2000233B6115E0174BB3
:105348001A6819493B690B4419783B6913441433AB
:105358000A461A70114B1A683B69134414331B78B8
:10536800002B06D03B6901333B613B693F2BE6D9F3
:1053780000E000BF094B1B6801221A600023064A9F
:1053880011687A6951404FF0000201D0FFF738FCEC
:1053980018461837BD4680BD18000020744A002002
:1053A80003922871F8470020E81F010880B588B0EB
:1053B80000AF7860374B1B68FB614FF0000307F1C3
:1053C800140300221A605A60334BFB6007F1140380
:1053D8003B61324B1B68002B01D101234DE02F4B61
:1053E8001B681B68002B01D1012346E0FEF7D8FBA0
:1053F8000346002B01D101233FE0284B1B685B6863
:10540800274A934201D1002337E007F1140308210A
:10541800184600F05BFA0346002B0CD107F10C028A
:1054280007F114031146184600F0EAF90346012B68
:1054380001D1194BFB60FB68174A934206D07B6881
:10544800012B0FD1FB68174A93420BD13B6901220C
:105458001A603B69124A5A600821386900F008FA54
:105468000F4BFB60FB680F4A934201D1012304E014
:105478000A4B1B680A4A5A600023064A1168FA69EF
:1054880051404FF0000201D0FFF7BAFB1846203711
:10549800BD4680BD1800002071521093744A002048
:1054A800252715150392287180B500AF0F4B1B688F
:1054B800002B01D1002316E00C4B1B681B68002B46
:1054C80001D100230FE0FEF76BFB0346002B01D14F
:1054D800002308E0054B1B685B68054A93420CBF34
:1054E80001230023DBB2184680BD00BF744A0020A8
:1054F8002527151580B584B000AF7860314B1B683F
:10550800FB604FF000030023BB602F4B1B68002B90
:1055180001D1012349E02C4B1B681B68002B01D1EA
:10552800012342E07B68002B01D101233DE0264B9B
:105538001B6893F87C30002B30D1234B1B689B7A77
:10554800012B29D1214B1B68002B01D101232CE011
:105558001E4B1B681C4A126802F17C0007F1080206
:105568001F2198470346012B01D101231DE0164B4B
:105578001B6893F87C30002B01D1012315E0BB6830
:105588001F2B01D9012310E00F4B1A68BB68134485
:10559800002283F87C2001E0012306E00A4B1B6807
:1055A80003F17C027B681A600023064A1168FA68D6
:1055B80051404FF0000201D0FFF722FB1846103788
:1055C800BD4680BD18000020744A0020F84700201E
:1055D80080B584B000AF78602D4B1B68FB604FF03E
:1055E80000030023BB602B4B1B68002B01D1012358
:1055F80041E0284B1B681B68002B01D101233AE0CE
:105608007B68002B01D1012335E0224B1B6893F8FE
:105618005C30002B28D1204B1B68002B01D10123C3
:1056280029E01D4B1B681B4A126802F15C0007F158
:1056380008021F2198470346012B01D101231AE0D4
:10564800144B1B6893F85C30002B01D1012312E046
:10565800BB681F2B01D901230DE00E4B1A68BB68EC
:105668001344002283F85C200A4B1B6803F15C0298
:105678007B681A600023064A1168FA6851404FF0A7
:10568800000201D0FFF7BCFA18461037BD4680BDAE
:1056980018000020744A0020FC47002080B400AFA6
:1056A8000C4B1B68002B01D101230EE0094B1B6832
:1056B8001B68002B01D1012307E0064B1B68D3F8B8
:1056C8009C200132C3F89C2000231846BD465DF893
:1056D800047B7047744A002080B483B000AF7860C0
:1056E8000F4B1B68002B01D1012312E00C4B1B68E8
:1056F8001B68002B01D101230BE07B68002B01D133
:10570800012306E0064B1B68D3F89C207B681A60CF
:10571800002318460C37BD465DF8047B704700BF70
:10572800744A002080B483B000AF78600F4B1B68C8
:10573800002B01D1012312E00C4B1B681B68002BC6
:1057480001D101230BE0094B1B681B69012B01D018
:10575800012304E0054B1B687A681A610023184688
:105768000C37BD465DF8047B704700BF744A0020C3
:1057780080B483B000AF78600E4B1B68002B01D15A
:10578800012311E00B4B1B681B68002B01D101237F
:105798000AE07B68002B01D1012305E0054B1B685B
:1057A8005A7A7B681A70002318460C37BD465DF894
:1057B800047B7047744A002080B483B000AF7860DF
:1057C8000E4B1B68002B01D1012311E00B4B1B680A
:1057D8001B68002B01D101230AE07B68002B01D153
:1057E800012305E0054B1B681A7A7B681A700023B1
:1057F80018460C37BD465DF8047B7047744A002094
:1058080080B483B000AF786039607B681B68012B77
:1058180001D0012304E07B685A683B681A600023C2
:1058280018460C37BD465DF8047B704780B582B0DA
:1058380000AF78607B68002B01D1012312E00B4A8E
:105848007B681360094B1B680433184600F08EFB15
:105858000346012B01D1012304E0044B1B680122FC
:105868001A60002318460837BD4680BD784A0020D4
:1058780080B582B000AF78603960134B1B68002B8D
:1058880001D101231CE0104B1B681B68002B01D1C0
:10589800012315E0FFF708FE0346002B01D1012381
:1058A8000EE07B68002B01D1012309E03B68002B47
:1058B80001D1012304E03968786800F062FB0346EF
:1058C80018460837BD4680BD784A002080B582B0AA
:1058D80000AF78603960134B1B68002B01D101239E
:1058E8001CE0104B1B681B68002B01D1012315E03D
:1058F800FFF7DAFD0346002B01D101230EE07B6898
:10590800002B01D1012309E03B68002B01D10123C1
:1059180004E03968786800F040FB03461846083709
:10592800BD4680BD784A002080B584B000AF78605D
:10593800254B1B68FB604FF000030223FB72234BCF
:105948001B68002B01D1012331E0204B1B681B6829
:10595800002B01D101232AE0FFF7A6FD0346002B07
:1059680001D1012323E07B68002B01D101231EE034
:1059780007F10B031846FFF71FFF0346012B01D160
:10598800012314E0FB7A002B01D101230FE0FB7AFD
:10599800012B0CBF01230023DBB21946786800F005
:1059A80008FB0346012B01D1012300E00023064A2E
:1059B8001168FA6851404FF0000201D0FFF720F952
:1059C80018461037BD4680BD18000020784A0020D0
:1059D80080B584B000AF7860254B1B68FB604FF042
:1059E80000030223FB72234B1B68002B01D1012308
:1059F80031E0204B1B681B68002B01D101232AE0F2
:105A0800FFF752FD0346002B01D1012323E07B68F9
:105A1800002B01D101231EE007F10B031846FFF705
:105A2800CBFE0346012B01D1012314E0FB7A002BA6
:105A380001D101230FE0FB7A012B0CBF01230023C6
:105A4800DBB21946786800F0C0FA0346012B01D191
:105A5800012300E00023064A1168FA6851404FF01C
:105A6800000201D0FFF7CCF818461037BD4680BDBC
:105A780018000020784A002080B500AF0248FDF7E2
:105A880025FE0346184680BD955A000890B589B092
:105A980002AF7860454B1B687B614FF00003002321
:105AA800FB6000233B617B681A6A7B689B6A9A42A9
:105AB8000BD97B681A1D7B681B6A009313463C4A06
:105AC80080213C4809F034FC1CE07B681A6A7B683A
:105AD8005B6A9A420BD27B681A1D7B681B6A00932B
:105AE8001346354A8021334809F022FC0AE07B68D6
:105AF8001A1D7B681B6A00931346304A80212D4883
:105B080009F016FC07F108031A462A490620FEF791
:105B1800B1F80346002B3BD1294B1B68002B03D15E
:105B280027492848FDF76EFC254B1B682149184674
:105B3800FCF736FFFDF7CEFA07F1100207F10C0368
:105B480011461846FDF7CEFAB868F9683A691E4B4F
:105B5800FEF73EF9BC687B6804331C21184600F048
:105B680063F803461A4601212046FEF7E7F8BB68AA
:105B78004FF4E0611846FEF7EFF90346002B03D017
:105B88001249134809F0C2FB0120FDF747FA00E06B
:105B980000BF064B1A687B695A404FF0000301D0DA
:105BA800FFF72EF81C37BD4690BD00BF1800002037
:105BB800FC1F0108004800202C2001085C20010877
:105BC8007C4A00209C200108A4200108B420010878
:105BD800D020010880B586B000AF7860786809F0F9
:105BE80029FB78617B69002B19D07B693B6113E045
:105BF8003B69013B7A6813441B78FB73FB7B2F2BB3
:105C080002D0FB7B5C2B04D17A683B6913447B6030
:105C180005E03B69013B3B613B69002BE8D17B68B0
:105C280018461837BD4680BD80B485B000AF78608F
:105C380039600023BB607B68002B17D00023FB6012
:105C48000AE07A68FB6813441B781A46BB68134459
:105C5800BB60FB680133FB607A68FB6813441B7800
:105C6800002B03D0FA683B689A42EAD3BB6818460F
:105C78001437BD465DF8047B7047000080B483B0DC
:105C880000AF78607B68002B01D1012307E0074A49
:105C98007B681360054B1B6800221A6000231846B6
:105CA8000C37BD465DF8047B704700BF804A002072
:105CB80080B584B000AF78600023FB607B68002B60
:105CC80001D101230EE008F0F9FAF860FB68002B17
:105CD80001D1012306E0F86807F064FE02467B68FC
:105CE8001A60002318461037BD4680BD80B489B0BD
:105CF80000AF0346B9607A60FB81FB89FB82002311
:105D0800FB6126E0BA68FB6913441B781A46FB8AD4
:105D180053409BB2DBB23B833B8B1B019AB23B8B5C
:105D280053409BB2DBB27B83FB8A1B0A9AB27B8B04
:105D38001B029BB253409AB27B8BDB009BB2534051
:105D48009AB27B8B1B099BB25340FB82FB690133E0
:105D5800FB61FA697B689A42D4D3FB8A18462437D8
:105D6800BD465DF8047B704780B58AB000AF034636
:105D7800B9607A60FB81374B1B687B624FF0000388
:105D88007A68FB89B9681846FFF7B0FF03467B823B
:105D980000237B6139E07B69BA6813441B787B7404
:105DA8007B7C07F118002C4A0A2109F0C1FA7969AD
:105DB8002A4B83FB0123DA10CB17D21A13469B0018
:105DC80013449B00CA1A002A03D12549254809F023
:105DD8009DFA07F118031946224809F097FA7B69DA
:105DE800591C1E4B83FB0123DA10CB17D21A13461A
:105DF8009B0013449B00CA1A002A03D11A49194868
:105E080009F084FA7B6901337B617A697B689A427D
:105E1800C1DB7969114B83FB0123DA10CB17D21A46
:105E280013469B0013449B00CA1A002A03D00E494C
:105E38000C4809F06BFA7B8A064A11687A6A514065
:105E48004FF0000201D0FEF7DBFE18462837BD46AA
:105E580080BD00BF18000020D42001086766666670
:105E6800DC200108E8200108EC20010880B586B094
:105E780000AF7860244B1B687B614FF00003234B15
:105E88001B68002B01D1012330E07B68002B01D176
:105E980001232BE007F1100319467868FFF7BAF9D8
:105EA8000346012B01D1012320E03B69B3F5803F74
:105EB80001D301231AE01649164809F027FA3B696D
:105EC8001A4679680020FFF74FFF0346FB810F4B06
:105ED8001B681846FB89104A502109F029FA0B4B18
:105EE8001B6819460B4809F011FA0023064A116885
:105EF8007A6951404FF0000201D0FEF781FE184642
:105F08001837BD4680BD00BF18000020844A002015
:105F1800F4200108E82001081421010880B483B0A6
:105F280000AF7860044A7B681360002318460C377A
:105F3800BD465DF8047B7047844A002080B582B076
:105F480000AF78607868FFF791FF03461846083776
:105F5800BD4680BD80B582B000AF78607868FFF735
:105F680085FF034618460837BD4680BD80B483B018
:105F780000AF7860002318460C37BD465DF8047BF7
:105F8800704780B483B000AF786039600123184649
:105F98000C37BD465DF8047B704780B483B000AF12
:105FA80078603960012318460C37BD465DF8047BDC
:105FB800704780B483B000AF786039600123184619
:105FC8000C37BD465DF8047B704780B483B000AFE2
:105FD80078603960012318460C37BD465DF8047BAC
:105FE8007047000080B588B000AF78603B4B1B68F5
:105FF800FB614FF0000307F108037968184600F0C9
:106008006FF807F10803184600F0AAF807F108032B
:10601800184600F0E0F807F10803184600F00AF9FE
:1060280000F016F907F108030C331846FEF73AFB9F
:1060380000F01CF907F10803184600F023F907F1EE
:106048000803184600F02DF907F10803184600F078
:1060580037F907F10803184600F042F907F1080379
:10606800184600F04DF907F10803184600F057F9F3
:1060780007F10803184600F062F93B6903F00103D1
:10608800002B04D007F10803184600F067F9FEF763
:10609800B7FA0346184600F0A3F900F0F9F90346E9
:1060A800002B01D100F014FA00F0C8F9FEF700FD4A
:1060B8000346002BB4D007F10803184600F038FA5D
:1060C80000BF064B1A68FB695A404FF0000301D025
:1060D800FEF796FD2037BD4680BD00BF18000020A2
:1060E800B0B588B000AF786039603B68FB6038684D
:1060F80000F016F80346BB61BB69184600F025F8A6
:1061080003463B6100237B617B681D4607F10C0455
:106118000FCC0FC523682B6078682037BD46B0BD0B
:1061280080B483B000AF78607B68DB6A03F0040357
:10613800002B02D07B685B6801E07B681B6818460F
:106148000C37BD465DF8047B704780B483B000AF60
:1061580078607B6818460C37BD465DF8047B70474D
:1061680080B582B000AF78607B68DB6803F12002FD
:106178007B68DA60786800F018F80346002B05D0D1
:106188007B68DB6803F148027B68DA607B68DA6861
:106198007B685B68DB69DB0903F004031A437B68EF
:1061A800DA6000BF0837BD4680BD80B485B000AF57
:1061B80078607B681B68DB6A03F01003002B0CBF58
:1061C80001230023DBB2FB60FB6818461437BD4689
:1061D8005DF8047B704780B582B000AF786000F04E
:1061E8000DF80346002B05D07B689B6843F001023D
:1061F8007B689A6000BF0837BD4680BD80B483B015
:1062080000AF0A4B1B681B687B60094B1A687B68E8
:106218001A40074B1B689A420CBF01230023DBB2CC
:1062280018460C37BD465DF8047B704754000020C3
:10623800A42F010880B483B000AF78607B68002287
:106248001A6100BF0C37BD465DF8047B704700003B
:1062580080B400AF034B044A1A6000BFBD465DF826
:10626800047B7047884A0020ED55CEAC80B500AF5E
:10627800042201210248FEF73BFB00BF80BD00BF9E
:10628800A82F010880B582B000AF78607B6808331A
:10629800042201211846FEF72BFB00BF0837BD4634
:1062A80080BD80B582B000AF78607B685B681022E3
:1062B80001211846FEF71CFB00BF0837BD4680BD0C
:1062C80080B582B000AF78607B681B680C332022F1
:1062D80001211846FEF70CFB00BF0837BD4680BDFC
:1062E80080B582B000AF78607B685B6810330422A9
:1062F80001211846FEF7FCFA00BF0837BD4680BDED
:1063080080B582B000AF78607B680C33042201212D
:106318001846FEF7EDFA00BF0837BD4680BD80B5C8
:1063280082B000AF78607B685B6814330C2201216F
:106338001846FEF7DDFA00BF0837BD4680BD80B5B8
:1063480082B000AF78607B681B680C220121184678
:10635800FEF7CEFA00BF0837BD4680BD80B5A4B0B1
:1063680000AF78601D4B1B68C7F88C304FF00003F6
:106378007868FFF71AFF0346002B15D007F10803CA
:1063880040331846F9F7BEFF7B685B6803F12001CC
:1063980007F1080340221846FAF730F97B685B6872
:1063A8001B6EC7F8883004E007F108031846F9F7B0
:1063B800A3FF07F10803842201211846FEF798FA83
:1063C80000BF064B1A68D7F88C305A404FF00003CC
:1063D80001D0FEF715FC9037BD4680BD180000209F
:1063E80080B584B000AF78601CE00822012178688D
:1063F800FEF77EFA7B685A687B681B68D31A7A684E
:10640800127AB3FBF2F3FB607B681B681846FFF750
:106418009CFE7B681B7AFA681946FEF769FA7B6866
:106428000C337B607B68002B04D07B681B68B3F15E
:10643800FF3FDAD100BF1037BD4680BD80B582B0BE
:1064480000AF0F4B1B687B604FF000030D4B1B68C0
:106458000D4A934207D00D4B3B603B460422012175
:106468001846FEF745FA00BF054B1A687B685A4084
:106478004FF0000301D0FEF7C3FB0837BD4680BDCF
:1064880018000020884A0020ED55CEACACCE55ED62
:1064980080B485B000AF0C4B1B681B687B607B68C1
:1064A80003F47023BB60094B1B68BA689A420CBF9F
:1064B80001230023DBB2FB60FB6818461437BD4696
:1064C8005DF8047B704700BF4C000020AC2F01082A
:1064D80080B588B000AF144B1B68FB614FF0000318
:1064E800124B1B683B603B687B603B681433BB60A6
:1064F80004233B734FF0FF333B614FF0FF337B6165
:1065080001233B763B1D1846FFF76AFF00BF064B89
:106518001A68FB695A404FF0000301D0FEF770FB80
:106528002037BD4680BD00BF180000205000002065
:1065380080B483B000AF78607B681B69002B06D0FD
:106548007B685B689A697B685B6802329A6100BF06
:106558000C37BD465DF8047B7047000080B400AF7F
:10656800BFF34F8F00BF064BDB6803F4E0620449BA
:10657800044B1343CB60BFF34F8F00BF00BFFDE751
:1065880000ED00E00400FA0580B584B000AFF860C3
:106598000B467A60FB72FB7A002B01D0054A00E0BB
:1065A800054A7B68F968054808F0B0FE00BF103757
:1065B800BD4680BD4021010848210108502101083D
:1065C80080B483B000AF074B7B607B68002B01D0A1
:1065D8007B6800E0012318460C37BD465DF8047B54
:1065E800704700BF9FFBB39280B584B000AF214BCA
:1065F8001B6803F00103002B0DD1FCF79FFB7860AB
:106608007B68002B0CBF01230023DBB21A4A194612
:106618001A48FFF7B9FF174B1B6803F00103002B5B
:1066280004D0174B1B685B68002B0ED10120FCF7C8
:10663800F5FCB860BB68002B0CBF01230023DBB25C
:10664800104A19460D48FFF79FFF0F490F48FCF7FE
:10665800D9FEF860FB68002B0CBF01230023DBB2D6
:106668000B4A19460548FFF78FFF00BF1037BD4694
:1066780080BD00BFAC3B00207021010884210108C7
:10668800A43B00208C210108384F00209C210108E0
:10669800A821010880B400AF034B1B681846BD460B
:1066A8005DF8047B704700BF384F002080B584B088
:1066B80000AF78601A4BBB607B689B69FB607B68A6
:1066C8005B68002B06D17B685B68164A1B01134484
:1066D8001B68BB607B685B69FA68B968124808F098
:1066E80015FEFB68062B08D07B685B68002B04D17D
:1066F8007B685B685A1C7B685A607B6800229A60DA
:106708007B680122DA607B6800225A617B6800227C
:106718009A61786800F092FB00BF1037BD4680BDD3
:10672800C4210108B02F0108CC21010880B586B02A
:1067380000AF78607B685B68002B06D17B685B687C
:10674800574A1B0113441B6800E0564BFB607B68EB
:10675800DB68023B052B00F29E8001A252F823F071
:10676800816800089F6800086B680008A367000834
:1067780081670008976800087B689B68FA68194673
:10678800494808F0C3FD7B6800229A607B680122B3
:10679800DA60786800F052FB7EE07B685B68002B6B
:1067A8004FD17B685B683E4A1B01134404331A6867
:1067B8007B689B689A4244D17B685B681B01384AB6
:1067C80013443B617B689B687B613B6919687B6804
:1067D8005A697B689B69354808F098FD3B691868D9
:1067E8007B685B69002B0CBF01230023DBB2304AB6
:1067F8001946FFF7C9FE3B6918687B689B6903F077
:106808000203002B0CBF01230023DBB2294A1946DF
:10681800FFF7BAFE7B685B685A1C7B685A607B6826
:106828005B68002B06D17B685B681D4A1B0113441B
:106838001B6800E01B4BFB60FA6879691A4808F08E
:1068480065FD7B6800229A607B680122DA607B68BC
:1068580000225A617B6800229A61786800F0EEFA9B
:106868001AE07B684FF0FF325A617B6804229A6114
:106878007868FFF71BFF0FE07B684FF0FF325A6123
:106888007B6802229A617868FFF710FF04E0786855
:10689800FFF70CFF00E000BF00BF1837BD4680BD02
:1068A800B02F010804220108082201081C2201084F
:1068B8004C2201085822010880B584B000AF7860E6
:1068C80039603B685A687B689A607B680322DA60A3
:1068D8007B681B695A1C7B681A617B6800225A61B5
:1068E8007B6800229A61786800F0A8FA3B681B6808
:1068F8001946084808F00AFD0023FB6003E000BFC2
:10690800FB680133FB60FB6842F20F729342F6D9D1
:10691800FFF724FE6822010890B595B002AF7860B1
:10692800824B1B687B644FF00003814B07F13404F2
:106938000FCB07C4237007F11803184600F03EFA7E
:10694800034683F00103DBB2002B11D0FFF738FEBA
:106958000346184600F0EAFA07F11803184600F053
:106968002DFABB691A467349734808F0CFFC25E035
:10697800FB69012B16D9FB691946704808F0C6FC5B
:10698800FFF71EFE0346184600F0D0FA07F1180379
:10699800184600F013FABB691A466649664808F0BB
:1069A800B5FC0BE0B969786AFB69BA6A0192009391
:1069B80003460A465F49624808F0A8FC7B6A082B30
:1069C80008D1BB691A465B495E4808F09FFC002065
:1069D80006F02CFD07F118031846FFF7A7FEFFF78E
:1069E80003FE80E0FB691B01574A1344FB60FB6808
:1069F8001B68FA691946554808F088FCFB681B7A39
:106A0800012B05D107F11803F9681846FFF754FF61
:106A1800FFF740FEFB685B681A464D49FBF7F6FF37
:106A2800FB685B683B620023FB6200233B63FB68F7
:106A38001B7A022B03D0FB681B7A032B2AD1FB6835
:106A48001B7A022B01D1434B00E0434B7B61FB696E
:106A58000133FB6106237B62BB6A0133BB6207F12A
:106A68001803184600F0EAF9FB681B687A691946AA
:106A78003A4808F04BFCFB68DB68FA681268104675
:106A880098473861FB681B683A691946344808F02A
:106A98003DFC17E002237B6207F11803184600F05B
:106AA800CDF9FB68DB68FA681268104698473861C8
:106AB800FB681B683A6919462A4808F027FCFB69F5
:106AC8000133FB6100233B6201237B620023FB62ED
:106AD80000233B6307F11803184600F0AFF94FF4A1
:106AE800967006F04FFDFB69002B3FF47BAF08233F
:106AF8007B6200233B6207F11803184600F09EF9F9
:106B0800BB691A460B490F4808F000FC002006F044
:106B18008DFC00BF054B1A687B6C5A404FF0000390
:106B280001D0FEF76DF84C37BD4690BD1800002027
:106B3800C82301088C22010898220108B422010800
:106B4800E422010814230108B02F010834230108A6
:106B58004823010854230108582301086023010829
:106B68007C230108B023010880B586B004AF25480E
:106B780008F0CCFB00F050FBFCF7E0F80346002BD4
:106B880005D0214808F0C2FB4FF0FF3336E0FCF790
:106B980045FF0346002B05D01C4808F0B7FB4FF013
:106BA800FF332BE00120FCF739FA0346002B05D010
:106BB800174808F0ABFB4FF0FF331FE000F092FBE3
:106BC800144B0293144B01930323009300234FF4B7
:106BD80080521249124806F0B9FA78607B68002B97
:106BE80005D1104808F092FB4FF0FF3306E006F09D
:106BF80079FD0D4808F08AFB4FF0FF331846083737
:106C0800BD4680BDD8230108182401084424010882
:106C18006C2401083C4F00209C4F00209024010860
:106C2800216900089C240108C024010880B58AB0A5
:106C380000AF7860154B1B687B624FF0000307F1CB
:106C48000803184600F0BAF8034683F00103DBB2E4
:106C5800002B0ED17B69082B0BD07B68FB617B690D
:106C68003B6207237B6107F10803184600F0E6F84A
:106C780000E000BF054B1A687B6A5A404FF00003DA
:106C880001D0FDF7BDFF2837BD4680BD18000020A4
:106C980080B483B000AF78607B681A687B685B68F3
:106CA8005A407B689B685A407B68DB685A407B681F
:106CB8001B695A407B685B695A407B689B695A40EC
:106CC8007B68DB695A407B681B6A5A407B685B6A51
:106CD8005A40044B534018460C37BD465DF8047BB8
:106CE800704700BFE5713CA980B483B000AF7860FD
:106CF800184B1A687B681A60164B5A687B685A608A
:106D0800144B9A687B689A60124BDA687B68DA6081
:106D1800104B1A697B681A610E4B5A697B685A6175
:106D28000C4B9A697B689A610A4BDA697B68DA616D
:106D3800084B1A6A7B681A62064B5A6A7B685A6261
:106D4800044B9A6A7B689A6200BF0C37BD465DF8AF
:106D5800047B7047F89F022090B583B000AF78603D
:106D68007B681B68134A934208D17B685B68022BD7
:106D780004D17B689B68104A934201D0002314E039
:106D88007B689B69002B03D07B689B69082B01D922
:106D980000230AE07B689C6A7868FFF779FF03465E
:106DA8009C420CBF01230023DBB218460C37BD46BA
:106DB80090BD00BF4D465444D0BDE1D680B58EB0DD
:106DC80000AF78601C4B1B687B634FF0000307F132
:106DD80008031846FFF788FF07F108031846FFF76E
:106DE800BBFF034683F00103DBB2002B01D0002375
:106DF80015E07A697B681A60BA697B685A60FA6933
:106E08007B689A603A6A7B68DA607A6A7B681A619A
:106E1800BA6A7B685A61FA6A7B689A610123064AF2
:106E280011687A6B51404FF0000201D0FDF7E8FE7F
:106E380018463837BD4680BD1800002080B590B090
:106E480000AF7860354B1B68FB634FF0000307F118
:106E580010032C2200211846F9F746FC304B3B6101
:106E680002237B612F4BBB617B681B68FB617B68DE
:106E78005B683B627B689B687B627B68DB68BB62A4
:106E88007B681B69FB627B685B693B637B689B690A
:106E98007B6307F110031846FFF7FAFE0346BB634E
:106EA800EFF31083FB60FB68BB6072B600BF1E4B3C
:106EB80000229A623B691C4A13607B691A4A536034
:106EC800BB69194A9360FB69174AD3603B6A164A43
:106ED80013617B6A144A5361BB6A134A9361FB6A64
:106EE800114AD3613B6B104A13627B6B0E4A5362A3
:106EF800BB6B0D4A9362BB68002B01D162B600BF21
:106F080000BF064B1A68FB6B5A404FF0000301D0D4
:106F1800FDF776FE4037BD4680BD00BF1800002053
:106F28004D465444D0BDE1D6F89F022080B58AB0C2
:106F380000AF7860124B1B687B624FF0000307F1CB
:106F4800080300221A605A609A60DA601A615A616E
:106F58009A617B68BB6001237B6107F108031846CF
:106F6800FFF76CFF00BF064B1A687B6A5A404FF068
:106F7800000301D0FDF744FE2837BD4680BD00BFA1
:106F88001800002080B58AB000AF7860154B1B68E8
:106F98007B624FF0000307F108031846FFF70EFF66
:106FA800034683F00103DBB2002B0ED17B69032B70
:106FB8000BD13B697A689A4207D104237B6107F1B8
:106FC80008031846FFF73AFF00E000BF054B1A68B0
:106FD8007B6A5A404FF0000301D0FDF711FE2837B5
:106FE800BD4680BD1800002080B58CB000AFF860A9
:106FF800B9607A60174B1B68FB624FF0000307F11A
:1070080010031846FFF7DAFE034683F00103DBB2EC
:10701800002B12D1FB69042B0FD1BB69FA689A4285
:107028000BD1BB687B627B68BB620523FB6107F100
:1070380010031846FFF702FF00E000BF054B1A686F
:10704800FB6A5A404FF0000301D0FDF7D9FD3037F5
:10705800BD4680BD1800002080B586B000AFF8603E
:10706800B9607A603B60FA68BB681A447B681A4466
:107078003B681A443B6A1A447B6A13443B61FA68CA
:107088007B685A403B6A53407B61FDF78DFA144B8D
:107098004FF480621A60124B124A5A60104B124A1F
:1070A8009A600F4B1E22DA600D4B00221A61FCF722
:1070B80077FD0346002B06D0FDF7EAFDF9F7B8F88F
:1070C800FDF714FE01E0FDF781FA3A697B69534048
:1070D800064A1360054B1B6818461837BD4680BD25
:1070E8000400002014250108202501089C8F002099
:1070F80080B588B002AFF860B9607A603B600A2357
:107108003B61FFF7C7FA03460D491846FBF748FCF1
:107118007B6A01933B6A00933B687A68B968F868B0
:10712800FFF79AFF78613A69064B1B685340054A96
:1071380013603A697B69134418461837BD4680BD09
:10714800682501089C8F002080B588B002AFF860E0
:10715800B9607A603B6064233B61FFF79BFA0346A2
:107168000D491846FBF71CFC7B6A01933B6A0093A8
:107178003B687A68B968F868FFF7BAFF78613A69D6
:10718800064B1B681344054A13603A697B695340F0
:1071980018461837BD4680BD882501089C8F0020F9
:1071A80080B584B002AFFFF775FA03460122114992
:1071B8001846FBF72BFCFFF76DFA034606220E492B
:1071C8001846FBF723FC06230193052300930423A9
:1071D800032202210120FFF7B7FF7860074B1A68E6
:1071E8007B685340054A13607B6818460837BD46DC
:1071F80080BD00BFAC250108C02501089C8F002078
:1072080080B582B000AF7860FFF7CAFF0023184648
:107218000837BD4680BD000080B58CB000AF2D4B4F
:107228001B68FB624FF0000307F110031846FFF7D5
:10723800C5FD034683F00103DBB2002B3CD1FB699B
:10724800032B39D1BB6940F2F232934234D140F278
:10725800F230FFF797FEEFF30583FB60FB683B60B6
:10726800EFF31483BB60BB687B60FDF79DF91A4B95
:1072780040F2F2321A60184B184A5A60164B184AF4
:107288009A60154B1522DA60134B01221A61FCF73C
:1072980087FC0346002B06D0FDF7FAFCF8F7C8FF79
:1072A800FDF724FD01E0FDF791F97A68396840F2AD
:1072B800F230FFF799FE00E000BF064B1A68FB6A40
:1072C8005A404FF0000301D0FDF79AFC3037BD4615
:1072D80080BD00BF1800002004000020BC29010860
:1072E800C829010880B58CB000AF2F4B1B68FB6222
:1072F8004FF0000307F110031846FFF75FFD034640
:1073080083F00103DBB2002B41D1FB69032B3ED193
:10731800BB6940F2ED32934239D140F2ED30FFF7CC
:1073280031FEEFF30583FB60FB683B60EFF31483EA
:10733800BB60BB687B607A6839681C4807F0E6FF69
:10734800FDF732F91A4B40F2ED321A60184B194A20
:107358005A60174B184A9A60154B2A22DA60144B68
:1073680000221A61FCF71CFC0346002B06D0FDF72F
:107378008FFCF8F75DFFFDF7B9FC01E0FDF726F992
:107388007A68396840F2ED30FFF72EFE00E000BF62
:10739800054B1A68FB6A5A404FF0000301D0FDF70D
:1073A8002FFC3037BD4680BD180000200C2A01088C
:1073B800040000203C2A0108C829010880B582B0D1
:1073C80000AFEFF305837B607B68184A1360FFF713
:1073D80061F9164B1B681A461549FBF717FBFDF7B1
:1073E800E3F8144B40F2EE321A60124B124A5A601C
:1073F800104B124A9A600F4B3722DA600D4B00226D
:107408001A61FCF7CDFB0346002B06D0FDF740FCC4
:10741800F8F70EFFFDF76AFC01E0FDF7D7F8084B17
:1074280001221A7000BF0837BD4680BDA08F00201A
:10743800482A010804000020642A0108C829010814
:10744800A48F002080B500AF00F0C4F800F0D8F990
:10745800FFF78AFB0346184680BD000080B400AFE2
:10746800BFF34F8F00BF064BDB6803F4E0620449AB
:10747800044B1343CB60BFF34F8F00BF00BFFDE742
:1074880000ED00E00400FA0580B483B000AF786036
:10749800002318460C37BD465DF8047B7047000092
:1074A80080B582B000AF124BD3F89430104A43F045
:1074B8000403C2F894300E4BD3F8943003F004035D
:1074C8003B603B680A4BD3F8A830094A43F00203F3
:1074D800C2F8A830064BD3F8A83003F002037B604B
:1074E8007B6800F0B5FD00BF0837BD4680BD00BF12
:1074F800000C024680B5A0B000AF354B1B68FB6797
:107508004FF000033B1D00221A605A609A60DA604F
:107518001A615A6107F11C03602200211846F9F725
:10752800E3F84FF4403000F007FD0346002B02D08B
:107538004FF0FF333FE01023FB610123BB631023AF
:10754800FB6300233B6402237B650123BB654FF487
:1075580000533B660323FB650F237B660223BB6650
:107568000223FB6602233B670C237B670023BB6770
:1075780007F11C03184600F07BFD0346002B02D0E0
:107588004FF0FF3317E01F237B600323BB6000230A
:10759800FB6000233B6100237B610023BB613B1D33
:1075A8000321184601F034FC0346002B01D10023C7
:1075B80001E04FF0FF33064A1168FA6F51404FF06F
:1075C800000201D0FDF71CFB18468037BD4680BD80
:1075D8001800002080B500AF00F0EAF9FFF78AFF35
:1075E8000346002B01D000BFFDE7002000F074FC2B
:1075F80000F092FC054B4FF000629A60BFF34F8F8A
:1076080000BFBFF36F8F00BF00BF80BD00ED00E07B
:1076180080B400AF0C4BDB680B4A43F08073D36037
:107628000A4B00225A60094B1B68084A43F00103C1
:107638001360BFF34F8F00BFBFF36F8F00BF00BF52
:10764800BD465DF8047B7047F0ED00E0001000E0F7
:1076580080B400AF034B5B681846BD465DF8047BF9
:10766800704700BF001000E080B485B000AFF8603C
:10767800B9607A60FB68074A1A60BB68064A1A60F4
:107688007B684FF480721A6000BF1437BD465DF8FE
:10769800047B7047A88F00200890002080B485B034
:1076A80000AFF860B9607A60FB68074A1A60BB6887
:1076B800064A1A607B684FF400721A6000BF1437DC
:1076C800BD465DF8047B704708940020689400204C
:1076D80080B582B000AF786039603968044807F037
:1076E80015FE0520FFF7A2FA07F0B0FBFFF7B6FE7C
:1076F800A82D010880B582B000AF786039603A687B
:107708007968054807F002FE0120FFF78FFA07F0B5
:107718009DFBFFF7A3FE00BFC82D010880B5BEB0D2
:1077280000AF7860324B1B68C7F8F4304FF00003A5
:1077380007F1140300221A605A609A60DA601A612D
:1077480007F12803C82200211846F8F7CDFF7B6807
:107758001B68284A93423CD14FF001024FF00003C6
:10776800C7E90A230023BB6707F12803184601F07D
:107778001FFF214BD3F8A4301F4A43F48043C2F8BB
:10778800A4301D4BD3F8A43003F48043FB60FB689E
:10779800194BD3F88C30184A43F00103C2F88C30E7
:1077A800154BD3F88C3003F001033B613B694FF470
:1077B800C0637B610223BB610023FB6102233B6240
:1077C80007237B6207F1140319460C4800F0ACF953
:1077D80000E000BF064B1A68D7F8F4305A404FF063
:1077E800000301D0FDF70CFAF837BD4680BD00BF95
:1077F8001800002000380140000C02460000024238
:1078080080B500AF184B194A1A60174B4FF4E122A4
:107818005A60154B00229A60134B0022DA60124B13
:1078280000221A61104B0C225A610F4B00229A61F8
:107838000D4B0022DA610C4B00221A620A4B00221F
:107848005A62094B00229A62074804F0A1FB0346DA
:10785800002B06D1044805F031F80346002B00D16F
:1078680000E0FEE780BD00BF689C002000380140B2
:1078780080B584B000AF0346FB710E4B1B68FB60FC
:107888004FF00003FB79FB7207F10B014FF0FF3358
:107898000122094804F0CAFB00BF064B1A68FB68BE
:1078A8005A404FF0000301D0FDF7AAF91037BD4642
:1078B80080BD00BF18000020689C002080B582B001
:1078C80000AF03463960FB71FB791846FFF7D0FF1C
:1078D800FB7918460837BD4680BDF8F7EDBC80B582
:1078E80000AFFFF76BFD00BF80BD0000DFF834D0AC
:1078F80000F026F8002103E00B4B5B58435004319D
:107908000A480B4B42189A42F6D30A4A02E000236F
:1079180042F8043B084B9A42F9D307F0B9FCFFF749
:1079280091FDFEE700000C20103401080000002043
:107938007000002070000020F89F0220FEE7000081
:1079480080B400AF184BD3F88830174A43F470035B
:10795800C2F88830154B01221A60144B0022DA61F4
:10796800124B00221A62114B00225A620F4B1B68FD
:107978000E4A23F0A85323F4102313600B4B002264
:107988009A620A4B1B68094A23F480231360074B49
:1079980000221A65044B4FF000629A6000BFBD4692
:1079A8005DF8047B704700BF00ED00E0000C024664
:1079B80080B500AF032000F053F801F01BFC02462D
:1079C8000C4B1B6A03F00F030B49CB5C22FA03F341
:1079D8000A4A1360042000F04FF80020FFF754FD16
:1079E8000346002B01D0012302E0FFF759FD0023D5
:1079F800184680BD000C0246C42F0108680000200C
:107A080080B400AF034B1B681846BD465DF8047B85
:107A1800704700BFF09C002080B485B000AF78604C
:107A28007B6803F00703BB600C4BDB68FB60FA68FC
:107A38004FF6FF031340FB60BB681A02FB68134351
:107A480043F0BF6343F40033FB60044AFB68D36030
:107A580000BF1437BD465DF8047B704700ED00E0B9
:107A680080B582B000AF78607868FFF7D5FF00BFB7
:107A78000837BD4680BD000080B483B000AF786091
:107A88007B68042B44D801A252F823F0B77A000887
:107A9800D57A0008F77A0008197B0008A97A000847
:107AA8001F4B1B681E4A43F00403136031E01C4B54
:107AB8001B681B4A23F0040313601A4BD3F8E03009
:107AC800184A23F44003C2F8E03022E0144B1B6844
:107AD800134A23F004031360124BD3F8E03023F465
:107AE8004003104A43F48003C2F8E03011E00C4B25
:107AF8001B680B4A23F0040313600A4BD3F8E030E9
:107B080023F44003074A43F40003C2F8E03000E0DE
:107B180000BF00BF0C37BD465DF8047B704700BF4F
:107B280010E000E0000C024680B489B000AF786035
:107B3800396000237B617B68BB61BAE13B681A68E6
:107B480001217B6901FA03F31340FB617B693B6107
:107B5800FB69002B00F0AA817B68554A93425DD1EE
:107B68007B681B68FB6001227B6902FA03F3DB4335
:107B7800FA681340FB603B685B6803F001027B69AD
:107B880002FA03F3FA681343FB607B68FA681A6029
:107B9800484A7B6952F83330BB61464A7B69DB004F
:107BA80013445B683B613B69DA08BB69083253F8E8
:107BB8002230FB603B6903F007039B000F2202FAA7
:107BC80003F3DB43FA681340FB603B6903F00703E8
:107BD8009B000B2202FA03F3FA681343FB603B692C
:107BE800DA08BB690832F96843F82210BB691B68D8
:107BF800FB603B695B00032202FA03F3DB43FA688C
:107C08001340FB603B695B00022202FA03F3FA6847
:107C18001343FB60BB69FA681A6067E03B685B68FE
:107C2800022B03D03B685B68122B45D17B69DA08CD
:107C38007B68083253F82230FB607B6903F0070346
:107C48009B000F2202FA03F3DB43FA681340FB6040
:107C58003B681B6903F00F027B6903F007039B0075
:107C680002FA03F3FA681343FB607B69DA087B685E
:107C78000832F96843F82210BB691B68FB603B694E
:107C88005B00032202FA03F3DB43FA681340FB604C
:107C98003B685B6803F003023B695B0002FA03F38D
:107CA800FA681343FB60BB69FA681A601EE000BFFC
:107CB800000002461C300108BB691B68FB603B6979
:107CC8005B00032202FA03F3DB43FA681340FB600C
:107CD8003B685B6803F003023B695B0002FA03F34D
:107CE800FA681343FB60BB69FA681A603B685B6813
:107CF800012B0BD03B685B68022B07D03B685B68A5
:107D0800112B03D03B685B68122B30D1BB699B6891
:107D1800FB603B695B00032202FA03F3DB43FA686A
:107D28001340FB603B68DA683B695B0002FA03F3C7
:107D3800FA681343FB60BB69FA689A60BB695B68C1
:107D4800FB6001223B6902FA03F3DB43FA68134044
:107D5800FB603B685B681B0903F001023B6902FAA0
:107D680003F3FA681343FB60BB69FA685A603B681F
:107D78005B68032B17D0BB69DB68FB603B695B0062
:107D8800032202FA03F3DB43FA681340FB603B6803
:107D98009A683B695B0002FA03F3FA681343FB60D5
:107DA800BB69FA68DA603B685B6803F08053002BB4
:107DB8007CD0474A7B699B08183352F82330FB6014
:107DC8007B6903F00303DB000F2202FA03F3DB43B2
:107DD800FA681340FB607B689A0A3E4B13407A6945
:107DE80002F00302D2009340FA681343FB6038495B
:107DF8007B699B081833FA6841F82320344B1B68C9
:107E0800FB60FB69DB43FA681340FB603B685B6817
:107E180003F48013002B03D0FA68FB691343FB605B
:107E28002B4AFB6813602A4B5B68FB60FB69DB43EA
:107E3800FA681340FB603B685B6803F40013002B8F
:107E480003D0FA68FB691343FB60214AFB6853605F
:107E58001F4BD3F88430FB60FB69DB43FA6813409F
:107E6800FB603B685B6803F40033002B03D0FA68BF
:107E7800FB691343FB60164AFB68C2F88430144B55
:107E8800D3F88030FB60FB69DB43FA681340FB6082
:107E98003B685B6803F48033002B03D0FA68FB6906
:107EA8001343FB600A4AFB68C2F880307B690133E0
:107EB8007B613B681A687B6922FA03F3002B7FF425
:107EC8003DAE00BF00BF2437BD465DF8047B704758
:107ED800002002467F7F2F0080B485B000AF786015
:107EE8000023FB730B4B1B6803F00103002B02D02C
:107EF8000123FB7307E0074B1B6823F004020549C5
:107F08007B6813430B60FB7B18461437BD465DF84E
:107F1800047B70470004034080B400AF054B1B6826
:107F2800044A43F00103136000231846BD465DF878
:107F3800047B70470004034080B485B000AF7860CC
:107F4800394BDB6B03F44033FB60FA687B689A4279
:107F58000BD17B68B3F5803F05D9334BDB68324AD8
:107F680043F48023D360002357E07B68B3F5803F58
:107F78000AD92D4BDB6823F4E0227B6813432A4A95
:107F880043F48023D36007E0274BDB6823F4E02227
:107F980025497B681343CB60244B1B68244AA2FB0A
:107FA80003239B09322202FB03F3214AA2FB03238A
:107FB8009B090133BB6002E0BB68013BBB601A4B05
:107FC800DB6803F40043002B02D1BB68002BF3D11C
:107FD800BB68002B1BD0154B1B68154AA2FB03235B
:107FE8009B09322202FB03F3114AA2FB03239B09DC
:107FF8000133BB6002E0BB68013BBB600A4BDB6B33
:1080080003F40043002B02D1BB68002BF3D1BB68FB
:10801800002B01D1032300E0002318461437BD4686
:108028005DF8047B704700BF000802466800002026
:10803800D34D621080B400AF044BDB6B03F44033C4
:108048001846BD465DF8047B704700BF000802462D
:1080580080B400AF054BDB6A044A43F00103D362E6
:1080680000BFBD465DF8047B704700BF00080246AC
:1080780080B58EB000AF78600023FB737B68002B5F
:1080880002D1012300F0BDBE974BDB6903F00C035E
:108098003B62954B9B6A03F003037B627B681B681A
:1080A80003F01003002B00F069813B6A002B07D016
:1080B8003B6A0C2B40F0DB807B6A012B40F0D780B9
:1080C8007B68DB69002B02D1012300F09ABE7B6834
:1080D8005A6A854B9B6803F40003002B04D0824B3B
:1080E8009B6803F0704305E07F4BD3F8F4301B0422
:1080F80003F07043934255D23B6A002B0AD17B6848
:108108005B6A184601F0CEF90346002B02D0012322
:1081180000F077BE744B9B68734A43F40003936086
:10812800714B9B6823F070427B685B6A6E4913430E
:108138008B607B685B6AB3F1404F09D36A4BDB689D
:1081480023F01F027B681B6A67491343CB607EE0FC
:108158007B685B6A002B0ADA634BDB6823F478726E
:108168007B681B6A5B0160491343CB606FE07B68E7
:108178005B6AB3F1804F0AD35B4BDB6823F4F842A8
:108188007B681B6A9B0258491343CB605FE0564BE0
:10819800DB6823F478227B681B6ADB0352491343AC
:1081A800CB6054E0504B9B684F4A43F40003936004
:1081B8004D4B9B6823F070427B685B6A4A491343C6
:1081C8008B607B685B6AB3F1404F09D3464BDB6831
:1081D80023F01F027B681B6A43491343CB6028E0E6
:1081E8007B685B6A002B0ADA3F4BDB6823F4787202
:1081F8007B681B6A5B013C491343CB6019E07B68D1
:108208005B6AB3F1804F0AD3374BDB6823F4F8423B
:108218007B681B6A9B0234491343CB6009E0324BED
:10822800DB6823F478227B681B6ADB032E4913433F
:10823800CB603B6A002B0AD17B685B6A184601F069
:1082480031F90346002B02D0012300F0DABD01F01A
:10825800D3F8264B1B681846FFF716F90346FB743C
:10826800FB7C002B00F08980FB7C00F0CABD7B689A
:10827800DB69002B66D01C4B1B681B4A43F00103CB
:108288001360FFF7BDFBB86209E0FFF7B9FB0246D0
:10829800BB6AD31A022B02D9032300F0B2BD124BDA
:1082A8001B6803F00403002BEFD00F4B9B680E4AAA
:1082B80043F4000393600C4B9B6823F070427B6887
:1082C8005B6A094913438B607B685B6AB3F1404F73
:1082D8000ED3054BDB6823F01F027B681B6A02493B
:1082E8001343CB604AE000BF000C02466C0000203C
:1082F8007B685B6A002B0ADA984BDB6823F4787298
:108308007B681B6A5B0195491343CB6036E07B6849
:108318005B6AB3F1804F0AD3904BDB6823F4F842D1
:108328007B681B6A9B028D491343CB6026E08B4B0D
:10833800DB6823F478227B681B6ADB0387491343D5
:10834800CB601BE0854B1B68844A23F00103136054
:10835800FFF756FBB86209E0FFF752FB0246BB6A1B
:10836800D31A022B02D9032300F04BBD7B4B1B68A9
:1083780003F00403002BEFD100E000BF7B681B680B
:1083880003F00103002B00F08B803B6A082B05D01B
:108398003B6A0C2B09D17B6A032B06D17B685B688F
:1083A800002B7DD1012300F02CBD7B685B68B3F501
:1083B800803F06D1694B1B68684A43F480331360D9
:1083C80041E07B685B68B3F5A02F12D1634B1B6853
:1083D800624A43F480231360604B1B685F4A23F4AE
:1083E800801313605D4B1B685C4A43F48033136051
:1083F80029E07B685B68B3F5A81F12D1574B1B684F
:10840800564A43F480231360544B1B68534A43F481
:1084180080131360514B1B68504A43F48033136038
:1084280011E04E4B1B684D4A23F4803313604B4BCD
:108438001B684A4A23F480231360484B1B68474A49
:1084480023F4801313607B685B68002B14D0FFF75C
:10845800D7FAB86209E0FFF7D3FA0246BB6AD31A23
:10846800642B02D9032300F0CCBC3C4B1B6803F4FB
:108478000033002BEFD013E0FFF7C2FAB86209E02F
:10848800FFF7BEFA0246BB6AD31A642B02D903234C
:1084980000F0B7BC314B1B6803F40033002BEFD15D
:1084A8007B681B6803F00203002B5FD03B6A042B38
:1084B80005D03B6A0C2B14D17B6A022B11D17B6847
:1084C800DB68002B02D1012300F09BBC234B1B6906
:1084D80023F4F8127B681B691B04204913430B61C2
:1084E80044E07B68DB68002B24D01C4B1B681B4ACC
:1084F80043F480731360FFF783FAB86209E0FFF76B
:108508007FFA0246BB6AD31A022B02D9032300F072
:1085180078BC124B1B6803F48063002BEFD00F4B21
:108528001B6923F4F8127B681B691B040B4913436E
:108538000B611BE0094B1B68084A23F48073136026
:10854800FFF75EFAB8620BE0FFF75AFA0246BB6A19
:10855800D31A022B04D9032300F053BC000C0246A3
:10856800AD4B1B6803F48063002BEDD17B681B685F
:1085780003F00803002B00F0C58000233B74A64BD2
:10858800D3F8943003F00403002B10D1A24BD3F896
:108598009430A14A43F00403C2F894309E4BD3F8B8
:1085A800943003F004037B617B6901233B749B4B8C
:1085B8009B6A03F00103002B19D1984B9B6A974AD9
:1085C80043F001039362FFF71BFAB86209E0FFF773
:1085D80017FA0246BB6AD31A022B02D9032300F00A
:1085E80010BC8E4B9B6A03F00103002BEFD07B6815
:1085F8005B69002B5FD0884BD3F8F030FB627B6857
:108608009A69FB6A03F080539A4237D0FB6A03F0F9
:108618000063002B06D0FB6A03F08063002B01D1B6
:108628000123EEE3FB6A03F08063002B1BD07A4B37
:10863800D3F8F030784A23F0A053C2F8F030FFF7AF
:10864800DFF9B86208E0FFF7DBF90246BB6AD31A24
:10865800052B01D90323D4E36F4BD3F8F03003F093
:108668000063002BEFD16C4BD3F8F03023F080522D
:108678007B689B6968491343C1F8F030664BD3F8AF
:10868800F030654A43F08063C2F8F030FFF7B8F97C
:10869800B86208E0FFF7B4F90246BB6AD31A052BA3
:1086A80001D90323ADE35C4BD3F8F03003F000634A
:1086B800002BEFD01BE0584BD3F8F030564A23F08C
:1086C800A053C2F8F030FFF79BF9B86208E0FFF753
:1086D80097F90246BB6AD31A052B01D9032390E305
:1086E8004D4BD3F8F03003F00063002BEFD13B7C07
:1086F800012B07D1484BD3F89430474A23F00403A1
:10870800C2F894307B681B6803F00403002B00F068
:108718000F8100237B74404BD3F8943003F004039B
:10872800002B10D13C4BD3F894303B4A43F0040360
:10873800C2F89430384BD3F8943003F00403BB618B
:10874800BB6901237B74354B9B6A03F00103002B43
:1087580018D1324B9B6A314A43F001039362FFF709
:108768004FF9B86208E0FFF74BF90246BB6AD31A23
:10877800022B01D9032344E3284B9B6A03F001032E
:10878800002BF0D07B689B6803F00103002B1FD0FF
:108798007B689B6803F00403002B10D01E4BD3F8B2
:1087A800F0301D4A43F00403C2F8F0301A4BD3F8F6
:1087B800F030194A43F00103C2F8F03018E0164BC4
:1087C800D3F8F030144A43F00103C2F8F0300FE058
:1087D800114BD3F8F030104A23F00103C2F8F030FF
:1087E8000D4BD3F8F0300C4A23F00403C2F8F030F4
:1087F8007B689B68002B58D0FFF702F9B8620FE03E
:10880800FFF7FEF80246BB6AD31A41F28832934258
:1088180006D90323F5E200BF000C02460008024611
:108828009C4BD3F8F03003F00203002BE8D07B68B0
:108838009B6803F08003002B1BD0964BD3F8F030D5
:10884800944A43F08003C2F8F0300AE0FFF7D8F802
:108858000246BB6AD31A41F28832934201D90323F4
:10886800CFE28C4BD3F8F03003F40063002BEDD04B
:1088780053E0884BD3F8F030864A23F08003C2F8DF
:10888800F0300AE0FFF7BCF80246BB6AD31A41F29F
:108898008832934201D90323B3E27E4BD3F8F030F8
:1088A80003F40063002BEDD137E0FFF7A9F8B862B5
:1088B8000AE0FFF7A5F80246BB6AD31A41F28832EC
:1088C800934201D903239CE2724BD3F8F03003F0B2
:1088D8000203002BEDD16F4BD3F8F03003F0800387
:1088E800002B1AD06B4BD3F8F0306A4A23F0800380
:1088F800C2F8F0300AE0FFF783F80246BB6AD31AE1
:1089080041F28832934201D903237AE2614BD3F8CA
:10891800F03003F40063002BEDD17B7C012B07D1F1
:108928005C4BD3F894305B4A23F00403C2F89430CC
:108938007B681B6803F02003002B36D07B68DB6A5A
:10894800002B19D0534B1B68524A43F480531360D1
:10895800FFF756F8B86208E0FFF752F80246BB6A1C
:10896800D31A022B01D903234BE24A4B1B6803F4A9
:108978000053002BF0D018E0464B1B68454A23F4FF
:1089880080531360FFF73CF8B86208E0FFF738F847
:108998000246BB6AD31A022B01D9032331E23D4BAD
:1089A8001B6803F40053002BF0D17B681B6803F0AD
:1089B8008003002B36D07B681B6B002B19D0354BFE
:1089C8001B68344A43F480431360FFF719F8B86210
:1089D80008E0FFF715F80246BB6AD31A022B01D943
:1089E80003230EE22B4B1B6803F40043002BF0D04B
:1089F80018E0284B1B68274A23F480431360FEF7CE
:108A0800FFFFB86208E0FEF7FBFF0246BB6AD31A15
:108A1800022B01D90323F4E11E4B1B6803F4004326
:108A2800002BF0D17B681B6803F04003002B00F09B
:108A380080807B685B6B002B62D0164B9B68154A65
:108A480043F400039360134B9B6823F070627B68C8
:108A58009B6A104913438B607B685B6AB3F1404F94
:108A680009D30C4BDB6823F01F027B681B6A09499A
:108A78001343CB602AE07B685B6A002B0CDA054B5A
:108A8800DB6823F478727B681B6A5B010149134336
:108A9800CB601BE0000C02467B685B6AB3F1804F39
:108AA8000AD39F4BDB6823F4F8427B681B6A9B025E
:108AB8009B491343CB6009E0994BDB6823F4782288
:108AC8007B681B6ADB0396491343CB60944B1B6896
:108AD800934A43F010031360FEF792FFB86208E070
:108AE800FEF78EFF0246BB6AD31A022B01D9032375
:108AF80087E18B4B1B6803F02003002BF0D018E0B4
:108B0800874B1B68864A23F010031360FEF778FF33
:108B1800B86208E0FEF774FF0246BB6AD31A022B5C
:108B280001D903236DE17E4B1B6803F02003002B62
:108B3800F0D17B689B6B002B00F062810023BB7433
:108B4800774BDB6903F00C030C2B00F0EF807B689C
:108B58009B6B022B40F0C180714B1B68704A23F05D
:108B680080731360FEF74CFFB86208E0FEF748FF19
:108B78000246BB6AD31A022B01D9032341E1684B91
:108B88001B6803F00073002BF0D1654BD3F89430C9
:108B980003F00403002B10D1614BD3F89430604AE2
:108BA80043F00403C2F894305D4BD3F8943003F0DB
:108BB8000403FB61FB690123BB745A4BDB6803F4B4
:108BC8008023B3F5802F01D10123FB73554BDB685C
:108BD800544A23F48023D360514B9B6A23F47F4388
:108BE80023F003037A68D16B7A68126C013A120297
:108BF80011437A68526C0A43494913438B62484BC4
:108C08005A6B494B13407A68926C013AC2F30801D7
:108C18007A68D26C013A520292B211437A68126DA4
:108C2800013A120402F4FE0211437A68526D013AC5
:108C3800120602F0FE420A43394913434B63384B8C
:108C48009B6A374A23F0100393627B68DB6D344AD2
:108C5800DB009363324B9B6A314A43F01003936203
:108C68002F4B9B6A23F00C027B689B6D2C491343A6
:108C78008B62FB7B012B05D12A4BDB68294A43F425
:108C88008023D360BB7C012B07D1254BD3F89430CC
:108C9800234A23F00403C2F89430214B1B68204A6E
:108CA80043F080731360FEF7ABFEB86208E0FEF78E
:108CB800A7FE0246BB6AD31A022B01D90323A0E000
:108CC800174B1B6803F00073002BF0D0144B9B6A02
:108CD800134A43F48023936292E0114B1B68104AB5
:108CE80023F080731360FEF78BFEB86208E0FEF78E
:108CF80087FE0246BB6AD31A022B01D9032380E000
:108D0800074B1B6803F00073002BF0D1044B9B6AE0
:108D1800034A23F4E02323F00303936270E000BFC7
:108D2800000C02460008024600008080374B9B6A10
:108D38003B63364B5B6B7B637B689B6B012B39D04A
:108D48003B6B03F003027B68DB6B9A4232D13B6BCF
:108D58001B0A03F00F027B681B6C013B9A4229D166
:108D68003B6B03F470427B685B6C9A4222D17B6B4D
:108D7800C3F308027B689B6C013B9A421AD17B6B58
:108D88005B0A03F07F027B68DB6C013B9A4211D1DE
:108D98007B6B1B0C03F07F027B681B6D013B9A42C7
:108DA80008D17B6B1B0E03F07F027B685B6D013B78
:108DB8009A4201D0012324E0144B9B6BDB08C3F3D8
:108DC8000C027B68DB6D9A421AD0104B9B6A0F4AE3
:108DD80023F010039362FEF713FEB86200BFFEF79C
:108DE8000FFE0246BB6A9342F9D07B68DB6D074AE7
:108DF800DB009363054B9B6A044A43F010039362BC
:108E0800002318463837BD4680BD00BF000C024617
:108E180080B586B000AF786039607B68002B01D1DF
:108E28000123D9E19B4B1B6803F00F033A689A4270
:108E380010D9984B1B6823F00F0296493B681343DF
:108E48000B60944B1B6803F00F033A689A4201D0F9
:108E58000123C1E17B681B6803F01003002B10D0CD
:108E68007B685A698C4B5B6A03F070039A4208D995
:108E7800894B5B6A23F070027B685B698649134300
:108E88004B627B681B6803F00803002B12D07B68D9
:108E98001A69814B1B6A1B0903F070039A4209D9AE
:108EA8007D4B1B6A23F4E0627B681B691B017A49CE
:108EB80013430B627B681B6803F00403002B10D07C
:108EC8007B68DA68744B1B6A03F070039A4208D90E
:108ED800714B1B6A23F070027B68DB686E49134391
:108EE8000B627B681B6803F00203002B10D07B68C1
:108EF8009A68694B1B6A03F00F039A4208D9664BBC
:108F08001B6A23F00F027B689B68634913430B625B
:108F18007B681B6803F00103002B00F0D28000235C
:108F2800BB737B685B68032B43D15B4BD3F89430EE
:108F380003F00403002B10D1574BD3F89430564A52
:108F480043F00403C2F89430534BD3F8943003F041
:108F580004033B613B690123BB73FEF751FD786154
:108F68004E4BDB6803F48023002B0FD008E0FEF79C
:108F780047FD02467B69D31A022B01D903232BE153
:108F8800464BDB6803F48043002BF0D0BB7B012BFE
:108F980007D1414BD3F894303F4A23F00403C2F879
:108FA80094303D4B1B6803F00073002B21D1012343
:108FB80012E17B685B68022B07D1374B1B6803F40F
:108FC8000033002B15D1012306E17B685B68002B79
:108FD80007D1314B1B6803F00403002B09D101238F
:108FE800FAE02D4B1B6803F48063002B01D10123A9
:108FF800F2E0294BDB6923F003027B685B682649B2
:109008001343CB61FEF7FCFC78617B685B68032B3C
:1090180012D10AE0FEF7F4FC02467B69D31A41F24A
:109028008832934201D90323D6E01B4BDB6903F056
:109038000C030C2BEED144E07B685B68022B12D149
:109048000AE0FEF7DDFC02467B69D31A41F288325A
:10905800934201D90323BFE00F4BDB6903F00C03F4
:10906800082BEED12DE07B685B68002B23D10AE04A
:10907800FEF7C6FC02467B69D31A41F28832934256
:1090880001D90323A8E0044BDB6903F00C03002B90
:10909800EED116E000200240000C0246000802460D
:1090A800FEF7AEFC02467B69D31A41F2883293423E
:1090B80001D9032390E04A4BDB6903F00C03042B2E
:1090C800EED17B681B6803F00203002B10D07B688D
:1090D8009A68434B1B6A03F00F039A4208D2404B2D
:1090E8001B6A23F00F027B689B683D4913430B62A0
:1090F8003C4B1B6803F00F033A689A4210D2394B75
:109108001B6823F00F0237493B6813430B60354B4C
:109118001B6803F00F033A689A4201D001235BE011
:109128007B681B6803F00403002B10D07B68DA68A7
:109138002B4B1B6A03F070039A4208D2284B1B6A18
:1091480023F070027B68DB68254913430B627B6858
:109158001B6803F00803002B12D07B681A69204BA8
:109168001B6A1B0903F070039A4209D21C4B1B6A45
:1091780023F4E0627B681B691B01194913430B62E6
:109188007B681B6803F01003002B10D07B685A69BA
:10919800134B5B6A03F070039A4208D2104B5B6A68
:1091A80023F070027B685B690D4913434B6200F042
:1091B80021F802460A4B1B6A03F00F030A49CB5CED
:1091C80022FA03F3094A1360094B1B681846FEF795
:1091D8005BF90346FB73FB7B18461837BD4680BD19
:1091E800000C024600200240C42F0108680000203D
:1091F8006C00002080B48BB000AF00233B600023DC
:109208007B60784BDB6903F00C03FB60754B9B6A52
:1092180003F003033B61FB68002B05D0FB680C2BB4
:1092280021D13B69012B1ED16E4B9B6803F40003CF
:10923800002B07D16B4BD3F8F4301B0B03F00F0353
:109248003B6005E0674B9B681B0F03F00F033B6017
:10925800654A3B6852F823303B60FB68002B10D10D
:109268003B687B600DE05F4BDB6903F00C03042B6C
:1092780002D15E4B7B6004E0FB68082B01D15B4B9D
:109288007B60FB680C2B40F0A580564B9B6A03F073
:1092980003037B61534B9B6A1B0A03F00F030133E3
:1092A800BB61504B9B6A1B0903F00103FB614D4BEB
:1092B8009B6BDB08C3F30C03FA6902FB03F307EEAD
:1092C800903AF8EE677AC7ED087A7B69022B03D0EB
:1092D8007B69032B22D043E0BB6907EE903AF8EE96
:1092E800677ADFED436A86EEA77A3E4B5B6BC3F382
:1092F800080307EE903AF8EE676A97ED086ADFED23
:109308003D5AC6EE257A76EEA77AF7EE006A77EE32
:10931800A67A67EE277AC7ED027A46E0BB6907EEC0
:10932800903AF8EE677ADFED326A86EEA77A2D4B2F
:109338005B6BC3F3080307EE903AF8EE676A97EDA4
:10934800086ADFED2C5AC6EE257A76EEA77AF7EE94
:10935800006A77EEA67A67EE277AC7ED027A24E0EC
:109368003B6807EE903AF8EE676ABB6907EE903AF9
:10937800F8EE677A86EEA77A1A4B5B6BC3F308039D
:1093880007EE903AF8EE676A97ED086ADFED195A2A
:10939800C6EE257A76EEA77AF7EE006A77EEA67A19
:1093A80067EE277AC7ED027A00BF0E4B5B6B1B0E88
:1093B80003F07F0301337B627B6A07EE903AB8EED5
:1093C800677AD7ED026AC6EE877AFCEEE77A17EE7F
:1093D800903A7B607B6818462C37BD465DF8047B65
:1093E800704700BF000C0246DC2F01080024F4007F
:1093F8000024744B0000004680B500AFFFF7FAFE6A
:109408000246074B1B6A03F00F030649CB5C22FA9E
:1094180003F3054A1360044B1B68184680BD00BF60
:10942800000C0246C42F01086800002080B500AF78
:10943800FFF7E2FF0246054B1B6A1B0903F007030F
:109448000349CB5C22FA03F3184680BD000C0246A0
:10945800D42F010880B500AFFFF7CEFF0246054BB9
:109468001B6A1B0A03F007030349CB5C22FA03F3C8
:10947800184680BD000C0246D42F010880B500AF05
:10948800FFF7BAFF0246054B5B6A1B0903F00703A7
:109498000349CB5C22FA03F3184680BD000C024650
:1094A800D42F010880B586B000AF78603E4BD3F862
:1094B800943003F00403002B03D0FEF7BBFD3861A2
:1094C80019E0394BD3F89430374A43F00403C2F813
:1094D8009430354BD3F8943003F00403FB60FB68F9
:1094E800FEF7A8FD3861304BD3F894302E4A23F0AC
:1094F8000403C2F894303B69B3F5403F03D03B699D
:10950800B3F5003F09D17B68B3F1805F02D2012334
:109518007B6133E000237B6130E07B68B3F1805FDF
:1095280008D23B69B3F5803F02D103237B6125E074
:10953800012335E07B68B3F1005F0FD93B69002B4D
:1095480009D17B68B3F1405F02D900237B6115E044
:1095580001237B6112E000237B610FE07B68B3F19C
:10956800805F09D13B69B3F5803F02D101237B615C
:1095780004E002237B6101E001237B610B4B1B6844
:1095880023F00F0209497B6913430B60074B1B68E3
:1095980003F00F037A699A4201D0012300E0002307
:1095A80018461837BD4680BD000C02460020024010
:1095B8002DE9B04FBAB000AFC7F8D400002387F840
:1095C800D930002387F8DA30D7F8D430D3E900232C
:1095D80002F00104002554EA05030BD0CB4BD3F865
:1095E800E03023F00301D7F8D4301B6DC74A0B4392
:1095F800C2F8E030D7F8D430D3E9002302F00208EB
:109608004FF0000958EA09030BD0C04BD3F8E030FB
:1096180023F00C01D7F8D4305B6DBC4A0B43C2F879
:10962800E030D7F8D430D3E9002302F0040A4FF031
:10963800000B5AEA0B030BD0B44BD3F8E03023F0FD
:109648003001D7F8D4309B6DB04A0B43C2F8E030F4
:10965800D7F8D430D3E9002302F00803C7F8C8309C
:109668000023C7F8CC30D7E932120B4613430BD08E
:10967800A64BD3F8E03023F0C001D7F8D430DB6D27
:10968800A24A0B43C2F8E030D7F8D430D3E900231C
:1096980002F01003C7F8C0300023C7F8C430D7E978
:1096A80030120B4613430BD0984BD3F8E03023F419
:1096B8004071D7F8D4301B6E944A0B43C2F8E0309F
:1096C800D7F8D430D3E9002302F02003C7F8B83024
:1096D8000023C7F8BC30D7E92E120B4613430BD032
:1096E8008A4BD3F8E83023F00701D7F8D4305B6E03
:1096F800864A0B43C2F8E830D7F8D430D3E90023C0
:1097080002F04003C7F8B0300023C7F8B430D7E9F7
:109718002C120B4613430BD07C4BD3F8E03023F4C8
:109728004061D7F8D4309B6E784A0B43C2F8E030DA
:10973800D7F8D430D3E9002302F08003C7F8A83063
:109748000023C7F8AC30D7E92A120B4613430BD0D5
:109758006E4BD3F8E03023F44051D7F8D430DB6EA9
:109768006A4A0B43C2F8E030D7F8D430D3E9002373
:1097780002F48073C7F8A0300023C7F8A430D7E9F3
:1097880028120B4613430BD0604BD3F8E83023F074
:10979800C001D7F8D4301B6F5C4A0B43C2F8E830DD
:1097A800D7F8D430D3E9002302F48003C7F89830FF
:1097B8000023C7F89C30D7E926120B4613430BD079
:1097C800524BD3F8E03023F44041D7F8D4305B6FE4
:1097D8004E4A0B43C2F8E030D7F8D430D3E900231F
:1097E80002F40073C7F890300023C7F89430D7E923
:1097F80024120B4613430BD0444BD3F8E83023F420
:109808004061D7F8D4309B6F404A0B43C2F8E83028
:10981800D7F8D430D3E9002302F48063C7F888303E
:109828000023C7F88C30D7E922120B4613430BD01C
:10983800364BD3F8E03023F44021D7F8D430DB6F2F
:10984800324A0B43C2F8E030D7F8D430D3E90023CA
:1098580002F40063C7F880300023C7F88430D7E9E2
:1098680020120B4613430CD0284BD3F8E83023F4CE
:109878004071D7F8D430D3F88030244A0B43C2F86B
:10988800E830D7F8D430D3E9002302F40053BB679B
:109898000023FB67D7E91E120B4613434FD0D7F8B6
:1098A800D430D3F89030802B2DD0802B27D8602B44
:1098B8002ED0602B23D8402B06D0402B1FD8002B4E
:1098C80009D0202B11D01AE0104B9B6A0F4A43F4A1
:1098D800803393621DE0D7F8D4300833184602F07D
:1098E80027FA034687F8D93013E0D7F8D4302C3359
:1098F800184602F0B5FA034687F8D93009E0012383
:1099080087F8D93005E000BF03E000BF000C02462D
:1099180000BF97F8D930002B0DD1B64BD3F8E430FF
:1099280023F0E001D7F8D430D3F89030B14A0B4394
:10993800C2F8E43003E097F8D93087F8DA30D7F87E
:10994800D430D3E9002302F480433B6700237B67CC
:10995800D7E91C120B46134353D0D7F8D430D3F8A9
:109968009430B3F5806F33D0B3F5806F2CD8B3F54E
:10997800407F2FD0B3F5407F26D8B3F5007F08D0BD
:10998800B3F5007F20D8002B0AD0B3F5807F11D023
:109998001AE0984B9B6A974A43F4803393621AE023
:1099A800D7F8D4300833184602F0C2F9034687F8CE
:1099B800D93010E0D7F8D4302C33184602F050FADA
:1099C800034687F8D93006E0012387F8D93002E04A
:1099D80000BF00E000BF97F8D930002B0DD1854BB0
:1099E800D3F8E43023F4E061D7F8D430D3F89430D6
:1099F800804A0B43C2F8E43003E097F8D93087F87F
:109A0800DA30D7F8D430D3E9002302F40043BB6638
:109A18000023FB66D7E91A120B46134346D0D7F842
:109A2800D430D3F8A830B3F5A04F28D0B3F5A04F61
:109A380021D8B3F5804F22D0B3F5804F1BD8B3F5AA
:109A4800405F1CD0B3F5405F15D8B3F5005F08D070
:109A5800B3F5005F0FD8002B11D0B3F5805F0ED09F
:109A680009E0D7F8D4300833184602F061F9034604
:109A780087F8D93004E0012387F8D93000E000BF27
:109A880097F8D930002B0DD15A4BD3F8E83023F48E
:109A9800E041D7F8D430D3F8A830564A0B43C2F87F
:109AA800E83003E097F8D93087F8DA30D7F8D430BF
:109AB800D3E9002302F480333B6600237B66D7E9B1
:109AC80018120B4613433FD0D7F8D430D3F8883058
:109AD800042B1ED801A252F823F000BF239B0008D4
:109AE800F99A0008079B0008239B0008239B00089D
:109AF800404B9B6A3F4A43F4803393620EE0D7F8A9
:109B0800D4302C33184602F0ABF9034687F8D93025
:109B180004E0012387F8D93000E000BF97F8D93076
:109B2800002B0DD1334BD3F8E43023F00701D7F8DD
:109B3800D430D3F888302F4A0B43C2F8E43003E01E
:109B480097F8D93087F8DA30D7F8D430D3E900233A
:109B580002F40033BB650023FB65D7E916120B46F8
:109B680013434DD0D7F8D430D3F88C30B3F5802FC9
:109B780028D0B3F5802F21D8B3F5403F24D0B3F5D2
:109B8800403F1BD8B3F5003F0ED0B3F5003F15D8C2
:109B9800002B1BD0B3F5803F10D1164B9B6A154A9A
:109BA80043F48033936212E0D7F8D4302C3318464C
:109BB80002F056F9034687F8D93008E0012387F800
:109BC800D93004E000BF02E000BF00E000BF97F812
:109BD800D930002B10D1074BD3F8E83023F4E0211B
:109BE800D7F8D430D3F88C30024A0B43C2F8E830A7
:109BF80006E000BF000C024697F8D93087F8DA3043
:109C0800D7F8D430D3E9002302F480233B6500233E
:109C18007B65D7E914120B46134300F0B580002387
:109C280087F8DB309D4BD3F8943003F00403002B06
:109C380013D19A4BD3F89430984A43F00403C2F8EE
:109C48009430964BD3F8943003F00403C7F8DC3013
:109C5800D7F8DC30012387F8DB30914B9B6A904AB8
:109C680043F001039362FDF7CBFEC7F8E4000BE075
:109C7800FDF7C6FE0246D7F8E430D31A022B03D903
:109C8800032387F8D93005E0854B9B6A03F001036D
:109C9800002BEDD097F8D930002B65D17F4BD3F846
:109CA800F03003F44073C7F8E030D7F8E030002B09
:109CB80023D0D7F8D430D3F8C020D7F8E030934277
:109CC8001BD0764BD3F8F03023F44073C7F8E0305C
:109CD800724BD3F8F030714A43F48033C2F8F03055
:109CE8006E4BD3F8F0306D4A23F48033C2F8F0306D
:109CF8006A4AD7F8E030C2F8F030D7F8E03003F01D
:109D08000103002B19D0FDF77BFEC7F8E4000DE036
:109D1800FDF776FE0246D7F8E430D21A41F28833CE
:109D28009A4203D9032387F8D93006E05B4BD3F86E
:109D3800F03003F00203002BEAD097F8D930002B5B
:109D48000DD1564BD3F8F03023F44071D7F8D43006
:109D5800D3F8C030514A0B43C2F8F03008E097F806
:109D6800D93087F8DA3003E097F8D93087F8DA3055
:109D780097F8DB30012B07D1484BD3F89430474A8A
:109D880023F00403C2F89430D7F8D430D3E9002381
:109D980002F48013BB640023FB64D7E912120B465C
:109DA800134342D0D7F8D430D3F8A030B3F1406F82
:109DB80022D0B3F1406F1BD8B3F1006F11D0B3F1CB
:109DC800006F15D8002B19D0B3F1806F10D1D7F8D8
:109DD800D4300833184601F0ABFF034687F8D93072
:109DE8000DE02E4B9B6A2D4A43F40033936206E044
:109DF800012387F8D93002E000BF00E000BF97F8E0
:109E0800D930002B0DD1254BD3F8E03023F0406139
:109E1800D7F8D430D3F8A030204A0B43C2F8E0304A
:109E280003E097F8D93087F8DA30D7F8D430D3E997
:109E3800002302F400233B6400237B64D7E910125B
:109E48000B46134332D0D7F8D430D3F89830B3F553
:109E5800005F0BD0B3F5005F04D8002B08D0B3F532
:109E6800805F07D0012387F8D93004E000BF02E003
:109E780000BF00E000BF97F8D930002B12D1074B84
:109E8800D3F8E43023F44051D7F8D430D3F89830DD
:109E9800024A0B43C2F8E43008E000BF000C024657
:109EA8000008024697F8D93087F8DA30D7F8D43066
:109EB800D3E9002302F48053BB630023FB63D7E993
:109EC8000E120B4613430CD0984BD3F8E43023F40E
:109ED8000061D7F8D430D3F89C30944A0B43C2F8C9
:109EE800E430D7F8D430D3E9002302F400133B63FD
:109EF80000237B63D7E90C120B46134319D0D7F81C
:109F0800D430D3F8A430B3F5804F05D1874B9B6A82
:109F1800864A43F480339362844BD3F8E43023F4C5
:109F28008041D7F8D430D3F8A430804A0B43C2F824
:109F3800E430D7F8D430D3E9002302F40003BB623D
:109F48000023FB62D7E90A120B4613430CD0774B68
:109F5800D3F8E03023F44012D7F8D430D3F8B43033
:109F680072491343C1F8E030D7F8D430D3E900235D
:109F780002F080733B6200237B62D7E908120B462C
:109F880013430CD0694BD3F8E03023F44032D7F8B0
:109F9800D430D3F8B83065491343C1F8E030D7F866
:109FA800D430D3E9002302F00073BB610023FB61C6
:109FB800D7E906120B4613430CD05C4BD3F8E830B4
:109FC80023F01802D7F8D430D3F8BC3057491343DC
:109FD800C1F8E830D7F8D430D3E9002302F0806321
:109FE8003B6100237B61D7E904120B46134332D04F
:109FF800D7F8D430D3F8B030B3F5001F05D14B4BA8
:10A008009B6A4A4A43F400339362D7F8D430D3F8B2
:10A01800B030B3F5401F08D1D7F8D430083318460C
:10A0280001F086FE034687F8D93097F8D930002B1F
:10A038000DD13E4BD3F8E43023F44012D7F8D43096
:10A04800D3F8B03039491343C1F8E43003E097F846
:10A05800D93087F8DA30D7F8D430D3E9002302F0C2
:10A068000063BB600023FB60D7E902120B46134371
:10A078003AD0D7F8D430D3F88430B3F1007F0ED07B
:10A08800B3F1007F15D8002B17D0B3F1807F10D122
:10A09800264B9B6A254A43F4003393620EE0D7F8B7
:10A0A800D4300833184601F043FE034687F8D93008
:10A0B80004E0012387F8D93000E000BF97F8D930D1
:10A0C800002B0DD1194BD3F8E03023F04072D7F8AC
:10A0D800D430D3F8843015491343C1F8E03003E095
:10A0E80097F8D93087F8DA30D7F8D430D3E9002395
:10A0F80002F080533B6000237B60D7E900120B46D7
:10A1080013430CD0094BD3F8E83023F40042D7F8B6
:10A11800D430D3F8AC3005491343C1F8E83097F888
:10A12800DA301846E837BD46BDE8B08F000C024665
:10A1380080B489B000AF7860A64B5B6BC3F30803AB
:10A14800FB60A44B9B6A03F003033B61A14B9B6A32
:10A158001B0A03F00F0301337B619E4B9B6A1B09AB
:10A1680003F00103BB619B4B9B6BDB08C3F30C0340
:10A17800BA6902FB03F307EE903AF8EE677AC7ED87
:10A18800077A3B69032B62D03B69032B00F281807D
:10A198003B69012B24D03B69022B7AD17B6907EEFE
:10A1A800903AF8EE677ADFED8C6A86EEA77A894BEB
:10A1B8005B6BC3F3080307EE903AF8EE676A97ED16
:10A1C800076ADFED865AC6EE257A76EEA77AF7EEAD
:10A1D800006A77EEA67A67EE277AC7ED027A8FE0F3
:10A1E8007C4B9B6803F40003002B05D0794B9B68DC
:10A1F8001B0F03F00F0306E0764BD3F8F4301B0473
:10A208001B0F03F00F03764A52F8233007EE903AFB
:10A21800F8EE676A7B6907EE903AF8EE677A86EEA1
:10A22800A77AFB6807EE903AF8EE676A97ED076A37
:10A23800DFED6A5AC6EE257A76EEA77AF7EE006A5F
:10A2480077EEA67A67EE277AC7ED027A58E07B693F
:10A2580007EE903AF8EE677ADFED5F6A86EEA77A46
:10A268005C4B5B6BC3F3080307EE903AF8EE676A42
:10A2780097ED076ADFED595AC6EE257A76EEA77A8A
:10A28800F7EE006A77EEA67A67EE277AC7ED027ACC
:10A2980036E0504B9B6803F40003002B05D04D4B70
:10A2A8009B681B0F03F00F0306E04A4BD3F8F4300A
:10A2B8001B041B0F03F00F03494A52F8233007EE23
:10A2C800903AF8EE676A7B6907EE903AF8EE677A9B
:10A2D80086EEA77AFB6807EE903AF8EE676A97ED84
:10A2E800076ADFED3E5AC6EE257A76EEA77AF7EED4
:10A2F800006A77EEA67A67EE277AC7ED027A00BF82
:10A30800344B9B6A03F48033002B17D0314B5B6BC3
:10A318005B0A03F07F0307EE903AF8EE677AB7EE30
:10A32800007A37EE877AD7ED026AC6EE877AFCEEB6
:10A33800E77A17EE902A7B681A6002E07B680022B1
:10A348001A60244B9B6A03F40033002B17D0214B6F
:10A358005B6B1B0C03F07F0307EE903AF8EE677A0D
:10A36800B7EE007A37EE877AD7ED026AC6EE877ABB
:10A37800FCEEE77A17EE902A7B685A6002E07B6869
:10A3880000225A60134B9B6A03F48023002B17D0DA
:10A39800104B5B6B1B0E03F07F0307EE903AF8EE51
:10A3A800677AB7EE007A37EE877AD7ED026AC6EE9B
:10A3B800877AFCEEE77A17EE902A7B689A6002E0CB
:10A3C8007B6800229A6000BF2437BD465DF8047B95
:10A3D800704700BF000C02460024744B0000004682
:10A3E800DC2F010880B489B000AF7860A64BDB6B26
:10A3F800C3F30803FB60A44BDB6A03F003033B6170
:10A40800A14BDB6A1B0A03F00F0301337B619E4BF0
:10A41800DB6A1B0903F00103BB619B4B1B6CDB0868
:10A42800C3F30C03BA6902FB03F307EE903AF8EEA4
:10A43800677AC7ED077A3B69032B62D03B69032B28
:10A4480000F281803B69012B24D03B69022B7AD131
:10A458007B6907EE903AF8EE677ADFED8C6A86EE54
:10A46800A77A894BDB6BC3F3080307EE903AF8EE43
:10A47800676A97ED076ADFED865AC6EE257A76EEAB
:10A48800A77AF7EE006A77EEA67A67EE277AC7ED25
:10A49800027A8FE07C4B9B6803F40003002B05D005
:10A4A800794B9B681B0F03F00F0306E0764BD3F83C
:10A4B800F4301B041B0F03F00F03764A52F82330C5
:10A4C80007EE903AF8EE676A7B6907EE903AF8EE85
:10A4D800677A86EEA77AFB6807EE903AF8EE676A25
:10A4E80097ED076ADFED6A5AC6EE257A76EEA77A07
:10A4F800F7EE006A77EEA67A67EE277AC7ED027A5A
:10A5080058E07B6907EE903AF8EE677ADFED5F6A0C
:10A5180086EEA77A5C4BDB6BC3F3080307EE903A31
:10A52800F8EE676A97ED076ADFED595AC6EE257AA5
:10A5380076EEA77AF7EE006A77EEA67A67EE277AC4
:10A54800C7ED027A36E0504B9B6803F40003002BFA
:10A5580005D04D4B9B681B0F03F00F0306E04A4BD9
:10A56800D3F8F4301B041B0F03F00F03494A52F8C9
:10A57800233007EE903AF8EE676A7B6907EE903A67
:10A58800F8EE677A86EEA77AFB6807EE903AF8EE5F
:10A59800676A97ED076ADFED3E5AC6EE257A76EED2
:10A5A800A77AF7EE006A77EEA67A67EE277AC7ED04
:10A5B800027A00BF344BDB6A03F48033002B17D0D8
:10A5C800314BDB6B5B0A03F07F0307EE903AF8EE42
:10A5D800677AB7EE007A37EE877AD7ED026AC6EE69
:10A5E800877AFCEEE77A17EE902A7B681A6002E019
:10A5F8007B6800221A60244BDB6A03F40033002BCB
:10A6080017D0214BDB6B1B0C03F07F0307EE903A4E
:10A61800F8EE677AB7EE007A37EE877AD7ED026AF6
:10A62800C6EE877AFCEEE77A17EE902A7B685A60C6
:10A6380002E07B6800225A60134BDB6A03F4802334
:10A64800002B17D0104BDB6B1B0E03F07F0307EEBC
:10A65800903AF8EE677AB7EE007A37EE877AD7ED58
:10A66800026AC6EE877AFCEEE77A17EE902A7B68D4
:10A678009A6002E07B6800229A6000BF2437BD46DA
:10A688005DF8047B704700BF000C02460024744B41
:10A6980000000046DC2F010880B489B000AF786064
:10A6A800A64B5B6CC3F30803FB60A44B1B6B03F066
:10A6B80003033B61A14B1B6B1B0A03F00F03013320
:10A6C8007B619E4B1B6B1B0903F00103BB619B4B1A
:10A6D8009B6CDB08C3F30C03BA6902FB03F307EEB8
:10A6E800903AF8EE677AC7ED077A3B69032B62D098
:10A6F8003B69032B00F281803B69012B24D03B6925
:10A70800022B7AD17B6907EE903AF8EE677ADFED93
:10A718008C6A86EEA77A894B5B6CC3F3080307EE55
:10A72800903AF8EE676A97ED076ADFED865AC6EE4B
:10A73800257A76EEA77AF7EE006A77EEA67A67EEC4
:10A74800277AC7ED027A8FE07C4B9B6803F40003FD
:10A75800002B05D0794B9B681B0F03F00F0306E015
:10A76800764BD3F8F4301B041B0F03F00F03764A23
:10A7780052F8233007EE903AF8EE676A7B6907EEE5
:10A78800903AF8EE677A86EEA77AFB6807EE903A79
:10A79800F8EE676A97ED076ADFED6A5AC6EE257A22
:10A7A80076EEA77AF7EE006A77EEA67A67EE277A52
:10A7B800C7ED027A58E07B6907EE903AF8EE677ABF
:10A7C800DFED5F6A86EEA77A5C4B5B6CC3F3080328
:10A7D80007EE903AF8EE676A97ED076ADFED595A87
:10A7E800C6EE257A76EEA77AF7EE006A77EEA67AB5
:10A7F80067EE277AC7ED027A36E0504B9B6803F480
:10A808000003002B05D04D4B9B681B0F03F00F0373
:10A8180006E04A4BD3F8F4301B041B0F03F00F0378
:10A82800494A52F8233007EE903AF8EE676A7B6996
:10A8380007EE903AF8EE677A86EEA77AFB6807EE9D
:10A84800903AF8EE676A97ED076ADFED3E5AC6EE72
:10A85800257A76EEA77AF7EE006A77EEA67A67EEA3
:10A86800277AC7ED027A00BF344B1B6B03F48033A1
:10A87800002B17D0314B5B6C5B0A03F07F0307EEAC
:10A88800903AF8EE677AB7EE007A37EE877AD7ED26
:10A89800026AC6EE877AFCEEE77A17EE902A7B68A2
:10A8A8001A6002E07B6800221A60244B1B6B03F4D9
:10A8B8000033002B17D0214B5B6C1B0C03F07F037C
:10A8C80007EE903AF8EE677AB7EE007A37EE877AB5
:10A8D800D7ED026AC6EE877AFCEEE77A17EE902A81
:10A8E8007B685A6002E07B6800225A60134B1B6B3E
:10A8F80003F48023002B17D0104B5B6C1B0E03F066
:10A908007F0307EE903AF8EE677AB7EE007A37EEF3
:10A91800877AD7ED026AC6EE877AFCEEE77A17EEF9
:10A92800902A7B689A6002E07B6800229A6000BFE8
:10A938002437BD465DF8047B704700BF000C024613
:10A948000024744B00000046DC2F010880B58EB04F
:10A9580000AFC7E900019A4B1B687B634FF0000307
:10A96800D7E90023A2F580210B4345D1954BD3F8B5
:10A97800F03003F44073FB60924BD3F8F03003F0EF
:10A988000203022B08D1FB68B3F5807F04D14FF492
:10A998000043BB6001F0B3B98A4BD3F8F03003F041
:10A9A8000063B3F1006F14D1FB68B3F5007F10D1D9
:10A9B800844BD3F8F03003F08053B3F1805F03D1B8
:10A9C800FA23BB6001F09BB94FF4FA43BB6001F076
:10A9D80096B97C4B1B6803F40033B3F5003F07D1ED
:10A9E800FB68B3F5407F03D1774BBB6001F087B9B3
:10A9F8000023BB6001F083B9D7E90023A2F5005119
:10AA08000B4351D16F4BD3F8E43003F0E003FB6004
:10AA1800FB68802B35D0FB68802B41D8FB68602B06
:10AA28002AD0FB68602B3BD8FB68402B09D0FB6819
:10AA3800402B35D8FB68002B0CD0FB68202B12D09C
:10AA48002EE007F110031846FFF772FB3B69BB6065
:10AA580001F055B907F11C031846FFF7C3FCFB6961
:10AA6800BB6001F04CB907F128031846FFF714FE44
:10AA7800BB6ABB6001F043B94BF68033BB6001F0A1
:10AA88003EB9504B1B6803F48063B3F5806F03D164
:10AA98004E4BBB6001F033B90023BB6001F02FB906
:10AAA8000023BB6001F02BB9D7E90023A2F5804150
:10AAB8000B4358D1434BD3F8E43003F4E063FB6015
:10AAC800FB68B3F5806F3BD0FB68B3F5806F46D861
:10AAD800FB68B3F5407F2ED0FB68B3F5407F3ED8C6
:10AAE800FB68B3F5007F0BD0FB68B3F5007F36D861
:10AAF800FB68002B0DD0FB68B3F5807F12D02EE0E9
:10AB080007F110031846FFF713FB3B69BB6001F020
:10AB1800F6B807F11C031846FFF764FCFB69BB6035
:10AB280001F0EDB807F128031846FFF7B5FDBB6A39
:10AB3800BB6001F0E4B84BF68033BB6001F0DFB8CE
:10AB4800204B1B6803F48063B3F5806F03D11F4B60
:10AB5800BB6001F0D4B80023BB6001F0D0B800237B
:10AB6800BB6001F0CCB8D7E90023A2F580510B43B4
:10AB780030D1144BD3F8E43003F40063FB60114B7D
:10AB88001B6803F48063B3F5806F06D1FB68002B64
:10AB980003D10E4BBB6001F0B2B80A4B1B6803F43B
:10ABA8008063B3F5806F07D1FB68B3F5006F03D1FD
:10ABB800074BBB6001F0A3B80023BB6001F09FB84E
:10ABC80018000020000C024620A107000024F40011
:10ABD80000127A00D7E90023A2F580110B4365D152
:10ABE800A84BD3F8E03003F04063FB60FB68B3F197
:10ABF800406F34D0FB68B3F1406F53D8FB68B3F1B2
:10AC0800006F0BD0FB68B3F1006F4BD8FB68002BCB
:10AC180016D0FB68B3F1806F09D043E007F1100349
:10AC28001846FFF785FA7B69BB6001F068B807F141
:10AC38001C031846FFF7D6FB3B6ABB6001F05FB800
:10AC4800904B1B6803F40053B3F5005F03D18E4BA0
:10AC5800BB6001F054B80023BB6001F050B8894BC9
:10AC68001B6803F02003202B18D1864B9B6803F444
:10AC78000003002B05D0834B9B681B0E03F00F03CA
:10AC880006E0804BD3F8F4301B041B0E03F00F03CF
:10AC98007E4A52F82330BB6001F031B80023BB6014
:10ACA80001F02DB80023BB6001F029B8D7E90023D3
:10ACB800A2F500110B437FD1724BD3F8E43003F4B3
:10ACC8008043FB60FB68002B65D16E4BD3F8E03006
:10ACD80003F04063FB60FB68B3F1406F34D0FB685E
:10ACE800B3F1406F53D8FB68B3F1006F0BD0FB682A
:10ACF800B3F1006F4BD8FB68002B16D0FB68B3F19B
:10AD0800806F09D043E007F110031846FFF710FAE7
:10AD18007B69BB6000F0F3BF07F11C031846FFF71F
:10AD280061FB3B6ABB6000F0EABF564B1B6803F44B
:10AD38000053B3F5005F03D1534BBB6000F0DFBF96
:10AD48000023BB6000F0DBBF4E4B1B6803F0200301
:10AD5800202B18D14B4B9B6803F40003002B05D024
:10AD6800484B9B681B0E03F00F0306E0454BD3F8D6
:10AD7800F4301B041B0E03F00F03444A52F823302F
:10AD8800BB6000F0BCBF0023BB6000F0B8BF00236D
:10AD9800BB6000F0B4BFFB68B3F5804F08D107F182
:10ADA80010031846FFF7C4F93B69BB6000F0A7BF62
:10ADB8000023BB6000F0A3BFD7E90023511E0B435B
:10ADC80036D1304BD3F8E03003F00303FB60FB6867
:10ADD800002B04D1FEF73EFBB86000F090BFFB6883
:10ADE800012B04D1FEF706FAB86000F088BF254BA6
:10ADF8001B6803F48063B3F5806F06D1FB68022BF0
:10AE080003D1234BBB6000F07ABF1E4BD3F8F03060
:10AE180003F00203022B07D1FB68032B04D14FF484
:10AE28000043BB6000F06BBF0023BB6000F067BF4E
:10AE3800D7E90023911E0B433FD1124BD3F8E030E2
:10AE480003F00C03FB60FB68002B04D1FEF7EEFA5D
:10AE5800B86000F054BFFB68042B04D1FEF7CAF9B0
:10AE6800B86000F04CBF074B1B6803F48063B3F570
:10AE7800806F0FD1FB68082B0CD1054BBB6000F02D
:10AE88003EBF00BF000C0246006CDC02DC2F01084C
:10AE98000024F400AA4BD3F8F03003F00203022B8D
:10AEA80007D1FB680C2B04D14FF40043BB6000F0C2
:10AEB80026BF0023BB6000F022BFD7E90023111F83
:10AEC8000B4336D19E4BD3F8E03003F03003FB60E0
:10AED800FB68002B04D1FEF7A9FAB86000F00FBF99
:10AEE800FB68102B04D1FEF785F9B86000F007BFA6
:10AEF800934B1B6803F48063B3F5806F06D1FB683E
:10AF0800202B03D18F4BBB6000F0F9BE8C4BD3F8DC
:10AF1800F03003F00203022B07D1FB68302B04D179
:10AF28004FF40043BB6000F0EABE0023BB6000F0B2
:10AF3800E6BED7E90023A2F108010B4336D1804BC6
:10AF4800D3F8E03003F0C003FB60FB68002B04D1AA
:10AF5800FEF76CFAB86000F0D2BEFB68402B04D153
:10AF6800FEF748F9B86000F0CABE754B1B6803F4D9
:10AF78008063B3F5806F06D1FB68802B03D1714BDA
:10AF8800BB6000F0BCBE6E4BD3F8F03003F0020398
:10AF9800022B07D1FB68C02B04D14FF40043BB60E0
:10AFA80000F0ADBE0023BB6000F0A9BED7E90023C6
:10AFB800A2F110010B4339D1614BD3F8E03003F40F
:10AFC8004073FB60FB68002B04D1FEF72FFAB860D2
:10AFD80000F095BEFB68B3F5807F04D1FEF70AF94F
:10AFE800B86000F08CBE564B1B6803F48063B3F561
:10AFF800806F07D1FB68B3F5007F03D1514BBB606D
:10B0080000F07DBE4E4BD3F8F03003F00203022B64
:10B0180008D1FB68B3F5407F04D14FF40043BB600F
:10B0280000F06DBE0023BB6000F069BED7E90023C5
:10B03800A2F120010B4358D1414BD3F8E83003F07B
:10B048000703FB60FB68002B04D1FEF717FAB86012
:10B0580000F055BEFB68012B04D1FEF7CBF8B860B1
:10B0680000F04DBE364B1B6803F48063B3F5806F68
:10B0780006D1FB68022B03D1324BBB6000F03FBE08
:10B088002F4BD3F8F03003F00203022B07D1FB68F3
:10B09800032B04D14FF40043BB6000F030BE284BB3
:10B0A8001B6803F02003202B1BD1FB68042B18D14D
:10B0B800234B9B6803F40003002B05D0204B9B68AF
:10B0C8001B0E03F00F0306E01D4BD3F8F4301B04EE
:10B0D8001B0E03F00F031C4A52F82330BB6000F02C
:10B0E8000EBE0023BB6000F00ABED7E90023A2F51C
:10B0F80000410B4373D1124BD3F8E83003F4E0431B
:10B10800FB60FB68B3F5805F04D1FEF773F8B860A5
:10B1180000F0F5BDFB68B3F5005F08D107F11C032B
:10B128001846FFF75FF97B6ABB6000F0E8BDFB6873
:10B13800002B0BD1FEF760F9B86000F0E0BD00BF4E
:10B14800000C02460024F400DC2F0108FB68B3F56C
:10B15800A04F22D1B04B1B6803F02003202B18D13D
:10B16800AD4B9B6803F40003002B05D0AA4B9B68EA
:10B178001B0E03F00F0306E0A74BD3F8F4301B04B3
:10B188001B0E03F00F03A54A52F82330BB6000F0F2
:10B19800B6BD0023BB6000F0B2BD9F4B1B6803F433
:10B1A8000033B3F5003F07D1FB68B3F5405F03D127
:10B1B8009B4BBB6000F0A3BD974B1B6803F48063F7
:10B1C800B3F5806F07D1FB68B3F5804F03D1944B7B
:10B1D800BB6000F094BD0023BB6000F090BDD7E9D0
:10B1E8000023A2F580310B4359D18B4BD3F8E430BF
:10B1F80003F00703FB60FB68042B4CD801A252F84C
:10B2080023F000BF45B2000821B2000833B200089D
:10B218004FB2000859B2000807F110031846FEF7AC
:10B2280087FF3B69BB6000F06ABD07F12803184639
:10B23800FFF732FAFB6ABB6000F061BDFEF7DCF88D
:10B24800B86000F05CBD4BF68033BB6000F057BDC2
:10B25800714B1B6803F02003202B18D16E4B9B68A1
:10B2680003F40003002B05D06B4B9B681B0E03F007
:10B278000F0306E0684BD3F8F4301B041B0E03F0F1
:10B288000F03664A52F82330BB6000F038BD002334
:10B29800BB6000F034BD0023BB6000F030BDD7E9CF
:10B2A8000023A2F500310B4367D15B4BD3F8E8309C
:10B2B80003F4E023FB60FB68B3F5802F36D0FB680E
:10B2C800B3F5802F55D8FB68B3F5403F29D0FB680C
:10B2D800B3F5403F4DD8FB68B3F5003F13D0FB688A
:10B2E800B3F5003F45D8FB68002B15D0FB68B3F5D4
:10B2F800803F3ED107F110031846FEF719FF3B695E
:10B30800BB6000F0FCBC07F128031846FFF7C4F93E
:10B31800FB6ABB6000F0F3BCFEF76EF8B86000F0A3
:10B32800EEBC4BF68033BB6000F0E9BC3A4B1B68BF
:10B3380003F02003202B18D1374B9B6803F400033C
:10B34800002B05D0344B9B681B0E03F00F0306E05F
:10B35800314BD3F8F4301B041B0E03F00F032F4AB4
:10B3680052F82330BB6000F0CABC0023BB6000F079
:10B37800C6BC0023BB6000F0C2BCD7E90023A2F121
:10B3880040010B4352D1244BD3F8E03003F440631F
:10B39800FB60FB68002B04D1FEF748F8B86000F0AA
:10B3A800AEBCFB68B3F5806F04D1FDF723FFB8602E
:10B3B80000F0A5BC184B1B6803F48063B3F5806FDD
:10B3C80007D1FB68B3F5006F03D1154BBB6000F0E4
:10B3D80096BC114B1B6803F02003202B22D1FB687D
:10B3E800B3F5406F1ED10C4B9B6803F40003002B90
:10B3F80005D0094B9B681B0E03F00F0306E0064BB4
:10B40800D3F8F4301B041B0E03F00F03034A52F861
:10B418002330BB6000F073BC000C0246DC2F01082F
:10B428000024F4000023BB6000F069BCD7E90023C6
:10B43800A2F180010B434CD19E4BD3F8E03003F4CA
:10B448004053FB60FB68002B04D1FDF7EFFFB860A9
:10B4580000F055BCFB68B3F5805F04D1FDF7CAFE68
:10B46800B86000F04CBC934B1B6803F48063B3F5E1
:10B47800806F07D1FB68B3F5005F03D18E4BBB60CB
:10B4880000F03DBC8B4B1B6803F02003202B1CD124
:10B49800FB68B3F5405F18D1864B9B6803F4000343
:10B4A800002B05D0834B9B681B0E03F00F0306E0AF
:10B4B800804BD3F8F4301B041B0E03F00F037F4AB4
:10B4C80052F82330BB6000F01ABC0023BB6000F0C8
:10B4D80016BCD7E90023A2F580710B4351D1754BF7
:10B4E800D3F8E83003F0C003FB60FB68C02B24D01E
:10B4F800FB68C02B42D8FB68802B0DD0FB68802BE3
:10B508003CD8FB68002B03D0FB68402B11D035E0FA
:10B51800FDF7B4FFB860F2E3664B1B6803F4806381
:10B52800B3F5806F02D1644BBB60E8E30023BB60D6
:10B53800E5E3FDF75FFEB860E1E35E4B1B6803F0EF
:10B548002003202B17D15B4B9B6803F40003002BCF
:10B5580005D0584B9B681B0E03F00F0306E0554BB4
:10B56800D3F8F4301B041B0E03F00F03534A52F8B0
:10B578002330BB60C3E30023BB60C0E30023BB6090
:10B58800BDE3D7E90023A2F580010B4347D1494B1E
:10B59800D3F8E03003F44043FB60FB68002B03D191
:10B5A800FDF744FFB860AAE3FB68B3F5804F03D109
:10B5B800FDF720FEB860A2E33E4B1B6803F48063EE
:10B5C800B3F5806F06D1FB68B3F5004F02D13A4B53
:10B5D800BB6094E3374B1B6803F02003202B1BD17F
:10B5E800FB68B3F5404F17D1324B9B6803F4000357
:10B5F800002B05D02F4B9B681B0E03F00F0306E0B2
:10B608002C4BD3F8F4301B041B0E03F00F032B4A0A
:10B6180052F82330BB6072E30023BB606FE3D7E9C5
:10B628000023A2F500610B436AD1224BD3F8E8301E
:10B6380003F44073FB60FB68002B20D11D4B1B6893
:10B6480003F02003202B17D11A4B9B6803F4000347
:10B65800002B05D0174B9B681B0E03F00F0306E069
:10B66800144BD3F8F4301B041B0E03F00F03134ADA
:10B6780052F82330BB6042E30023BB603FE30D4B2D
:10B68800D3F8F03003F00063B3F1006F18D1FB6812
:10B69800B3F5807F14D1074BD3F8F03003F0805313
:10B6A800B3F1805F02D1FA23BB6028E34FF4FA4379
:10B6B800BB6024E3000C02460024F400DC2F0108E0
:10B6C800A14B1B6803F48063B3F5806F06D1FB6858
:10B6D800B3F5007F02D19D4BBB6010E39A4BD3F8C2
:10B6E800F03003F00203022B07D1FB68B3F5407F6B
:10B6F80003D14FF40043BB6001E30023BB60FEE2CB
:10B70800D7E90023A2F500710B4364D18E4BD3F81F
:10B71800E83003F44063FB60FB68002B20D18A4BC0
:10B728001B6803F02003202B17D1874B9B6803F479
:10B738000003002B05D0844B9B681B0E03F00F03FE
:10B7480006E0814BD3F8F4301B041B0E03F00F0303
:10B758007F4A52F82330BB60D1E20023BB60CEE2BF
:10B76800794BD3F8F03003F00063B3F1006F12D1D6
:10B77800FB68B3F5806F0ED1734BD3F8F03003F04C
:10B788008053B3F1805F02D1FA23BB60B7E24FF474
:10B79800FA43BB60B3E26C4B1B6803F48063B3F5F8
:10B7A800806F06D1FB68B3F5006F02D1674BBB60B1
:10B7B800A5E2654BD3F8F03003F00203022B07D162
:10B7C800FB68B3F5406F03D14FF40043BB6096E2CA
:10B7D8000023BB6093E2D7E90023A2F580610B4305
:10B7E80047D1594BD3F8E03003F44023FB60FB68A2
:10B7F800002B03D1FDF71AFEB86080E2524BD3F854
:10B80800F03003F00063B3F1006F12D1FB68B3F5B9
:10B81800802F0ED14C4BD3F8F03003F08053B3F1A6
:10B82800805F02D1FA23BB6069E24FF4FA43BB6040
:10B8380065E2454B1B6803F48063B3F5806F06D15E
:10B84800FB68B3F5002F02D1404BBB6057E23E4B7B
:10B85800D3F8F03003F00203022B07D1FB68B3F5ED
:10B86800402F03D14FF40043BB6048E20023BB6084
:10B8780045E2D7E9002302F178410B432DD1324B41
:10B88800D3F8E03003F04073FB602F4B1B6803F4E0
:10B898000033B3F5003F05D1FB68002B02D12B4BD9
:10B8A800BB602CE2FB68B3F1807F07D107F110037E
:10B8B8001846FEF73DFC7B69BB6020E2FB68B3F1EC
:10B8C800007F07D107F11C031846FEF78BFDFB69C3
:10B8D800BB6014E20023BB6011E2D7E90023A2F5A4
:10B8E80000010B435DD1184BD3F8E03003F440134B
:10B8F800FB60FB68B3F5401F2FD0FB68B3F5401F12
:10B908004CD8FB68B3F5001F13D0FB68B3F5001FD4
:10B9180044D8FB68002B04D0FB68B3F5801F04D023
:10B928003CE0FDF797FDB860E9E1FDF763FCB8601E
:10B93800E5E1054B1B6803F48063B3F5806F09D11B
:10B94800024BBB60DBE100BF000C02460024F400A0
:10B95800DC2F01080023BB60D1E1AB4B1B6803F06F
:10B968002003202B17D1A84B9B6803F40003002B5E
:10B9780005D0A54B9B681B0E03F00F0306E0A24BF6
:10B98800D3F8F4301B041B0E03F00F039F4A52F840
:10B998002330BB60B3E10023BB60B0E10023BB6090
:10B9A800ADE1D7E9002302F17F410B4356D1964B15
:10B9B800D3F8E03003F44033FB60FB68B3F5403F55
:10B9C80028D0FB68B3F5403F45D8FB68B3F5003F86
:10B9D80013D0FB68B3F5003F3DD8FB68002B04D0BB
:10B9E800FB68B3F5803F04D035E0FDF71FFDB86074
:10B9F80085E1FDF7FFFBB86081E1834B1B6803F429
:10BA08008063B3F5806F02D1814BBB6077E100237F
:10BA1800BB6074E17C4B1B6803F02003202B17D11B
:10BA2800794B9B6803F40003002B05D0764B9B6889
:10BA38001B0E03F00F0306E0734BD3F8F4301B041E
:10BA48001B0E03F00F03714A52F82330BB6056E116
:10BA58000023BB6053E10023BB6050E1D7E900231A
:10BA680002F17E410B4376D1674BD3F8E83003F0FF
:10BA78001803FB60FB68182B6AD801A252F823F060
:10BA8800EDBA000859BB000859BB000859BB0008AB
:10BA980059BB000859BB000859BB000859BB00082E
:10BAA800F5BA000859BB000859BB000859BB000883
:10BAB80059BB000859BB000859BB000859BB00080E
:10BAC800FDBA000859BB000859BB000859BB00085B
:10BAD80059BB000859BB000859BB000859BB0008EE
:10BAE80017BB0008FDF7CAFCB86008E1FDF782FB48
:10BAF800B86004E1444B1B6803F48063B3F5806FBE
:10BB080002D1434BBB60FAE00023BB60F7E03E4B39
:10BB18001B6803F02003202B17D13B4B9B6803F4D1
:10BB28000003002B05D0384B9B681B0E03F00F0356
:10BB380006E0354BD3F8F4301B041B0E03F00F035B
:10BB4800324A52F82330BB60D9E00023BB60D6E00C
:10BB58000023BB60D3E0D7E9002302F17C410B430B
:10BB68005BD1294BD3F8E43003F44013FB60FB6846
:10BB7800B3F5401F13D0FB68B3F5401F4AD8FB68E4
:10BB8800B3F5001F13D0FB68B3F5001F42D8FB685C
:10BB9800002B14D0FB68B3F5801F14D03AE007F1EE
:10BBA8001C031846FEF71EFC3B6ABB60A7E007F1C2
:10BBB80010031846FEF7BCFA7B69BB609FE0FDF7EF
:10BBC80019FBB8609BE0104B1B6803F02003202B87
:10BBD80017D10D4B9B6803F40003002B05D00A4BCB
:10BBE8009B681B0E03F00F0306E0074BD3F8F430F5
:10BBF8001B041B0E03F00F03044A52F82330BB60EA
:10BC08007DE00023BB607AE0000C0246DC2F0108CF
:10BC18000024F4000023BB6071E0D7E9002302F19F
:10BC280070410B4331D13D4BD3F8E83003F4004366
:10BC3800FB603A4BD3F8F03003F00203022B06D135
:10BC4800FB68002B03D14FF40043BB6057E0334B34
:10BC5800D3F8F03003F00063B3F1006F12D1FB6842
:10BC6800B3F5004F0ED12D4BD3F8F03003F08053CD
:10BC7800B3F1805F02D1FA23BB6040E04FF4FA438E
:10BC8800BB603CE00023BB6039E0D7E90023A2F5A4
:10BC980000210B4331D1214BD3F8E43003F4405356
:10BCA800FB601E4B1B6803F40053B3F5005F05D11E
:10BCB800FB68002B02D11A4BBB6020E0174B1B68B6
:10BCC80003F40053B3F5005F06D1FB68B3F5805F5A
:10BCD80002D1144BBB6012E0104B1B6803F4806365
:10BCE800B3F5806F06D1FB68B3F5005F02D10E4B48
:10BCF800BB6004E00023BB6001E00023BB60BB68BD
:10BD08000A4A11687A6B51404FF0000201D0F8F7E7
:10BD180077FF18463837BD4680BD00BF000C024685
:10BD2800006CDC0200366E010024F40018000020CC
:10BD380080B584B000AF7860474B1B68464A23F053
:10BD480080631360FBF75CFEF86008E0FBF758FEC1
:10BD58000246FB68D31A022B01D9032377E03E4B36
:10BD68001B6803F00063002BF0D13B4BDB6A23F424
:10BD7800706323F003037A6811687A685268013A9D
:10BD880012020A4334491343CB62334BDA6B334B09
:10BD980013407A689268013AC2F308017A68D26857
:10BDA800013A520292B211437A681269013A1204B6
:10BDB80002F4FE0211437A685269013A120602F04F
:10BDC800FE420A4324491343CB63234BDB6A23F027
:10BDD8000C027B689B6920491343CB621E4BDA6ACD
:10BDE8007B681B6A1C491343CB621B4BDB6A1A4AEC
:10BDF80023F01003D362184B1B6C23F47F4323F00A
:10BE0800F8037A68D269D200134913430B64124BC2
:10BE1800DB6A114A43F01003D3620F4B1B680E4ACA
:10BE280043F080631360FBF7EBFDF86008E0FBF775
:10BE3800E7FD0246FB68D31A022B01D9032306E06B
:10BE4800054B1B6803F00063002BF0D00023184655
:10BE58001037BD4680BD00BF000C02460000808040
:10BE680080B584B000AF7860474B1B68464A23F022
:10BE780080531360FBF7C4FDF86008E0FBF7C0FDD2
:10BE88000246FB68D31A022B01D9032377E03E4B05
:10BE98001B6803F00053002BF0D13B4B1B6B23F4C2
:10BEA800706323F003037A6811687A685268013A6C
:10BEB80012020A43344913430B63334B5A6C334B16
:10BEC80013407A689268013AC2F308017A68D26826
:10BED800013A520292B211437A681269013A120485
:10BEE80002F4FE0211437A685269013A120602F01E
:10BEF800FE420A43244913434B64234B1B6B23F034
:10BF08000C027B689B69204913430B631E4B1A6B19
:10BF18007B681B6A1C4913430B631B4B1B6B1A4A38
:10BF280023F010031363184B9B6C23F47F4323F017
:10BF3800F8037A68D269D200134913438B64124B11
:10BF48001B6B114A43F0100313630F4B1B680E4A17
:10BF580043F080531360FBF753FDF86008E0FBF7EC
:10BF68004FFD0246FB68D31A022B01D9032306E0D2
:10BF7800054B1B6803F00053002BF0D00023184634
:10BF88001037BD4680BD00BF000C0246000080800F
:10BF980080B582B000AF78607B68002B01D10123A7
:10BFA80040E07B68DB6F002B06D17B68002283F8BA
:10BFB80078207868FBF7B2FB7B682422DA677B6815
:10BFC8001B681A687B681B6822F001021A607B688C
:10BFD8009B6A002B02D0786800F064FA786800F059
:10BFE800BFF80346012B01D101231BE07B681B68C6
:10BFF8005A687B681B6822F490425A607B681B6809
:10C008009A687B681B6822F02A029A607B681B6822
:10C018001A687B681B6842F001021A60786800F0B1
:10C02800D2FA034618460837BD4680BD80B58AB0A7
:10C0380002AFF860B9603B601346FB80FB68DB6FBA
:10C04800202B40F08780BB68002B02D0FB88002B98
:10C0580001D101237FE0FB681B689B6803F0800324
:10C06800802B07D1FB681B689A68FB681B6822F065
:10C0780080029A60FB680022C3F88420FB682122B2
:10C08800DA67FBF7BDFCF861FB68FA88A3F8502073
:10C09800FB68FA88A3F85220FB689B68B3F5805FB9
:10C0A80008D1FB681B69002B04D100237B61BB68A6
:10C0B800BB6103E0BB687B610023BB612FE03B6889
:10C0C8000093FB6900228021F86800F024FB0346F6
:10C0D800002B04D0FB682022DA6703233BE07B694E
:10C0E800002B0BD1BB691B881A46FB681B68C2F37F
:10C0F80008029A62BB690233BB6107E07B691A7860
:10C10800FB681B689A627B6901337B61FB68B3F843
:10C1180052309BB2013B9AB2FB68A3F85220FB68ED
:10C12800B3F852309BB2002BC9D13B680093FB692E
:10C1380000224021F86800F0EEFA0346002B04D0F4
:10C14800FB682022DA67032305E0FB682022DA6710
:10C15800002300E0022318462037BD4680BD0000BA
:10C168002DE9B04F92B000AFF862002387F8313064
:10C17800FB6A1A687E4B9A42FB6A9A68FB6A1B69DB
:10C188001A43FB6A5B691A43FB6ADB6913437B63E7
:10C19800FB6A1B681B6877491940FB6A1A687B6B46
:10C1A8000B431360FB6A1B685B6823F44050FB6A0F
:10C1B800D968FB6A1A6840EA01035360FB6A9B6905
:10C1C8007B63FB6A1A686A4B9A4209D0FB6A1A6851
:10C1D800694B9A4204D0FB6A1A6A7B6B13437B63F0
:10C1E800FB6A1B689B6823F06E4121F43061FB6A8F
:10C1F8001A687B6B0B439360FB6A1B68DB6A23F04E
:10C208000F00FB6A596AFB6A1A6840EA0103D362A5
:10C21800FB6A1A68594B9A4202D10123BB6329E091
:10C22800FB6A1A68564B9A4202D10223BB6321E08B
:10C23800FB6A1A68534B9A4202D10423BB6319E084
:10C24800FB6A1A68504B9A4202D10823BB6311E07B
:10C25800FB6A1A684D4B9A4202D11023BB6309E06E
:10C26800FB6A1A68424B9A4202D12023BB6301E061
:10C278000023BB63FB6A1A683D4B9A4205D0FB6AF0
:10C288001A683D4B9A4240F08580BB6B00223B62A6
:10C298007A62D7E90801FEF759FBF863FB6B002BBC
:10C2A80000F0E880FB6A5B6A394A32F813301A46B4
:10C2B800FB6BB3FBF2F37B64FB6A5A6813465B00C3
:10C2C80013447A6C9A4205D3FB6A5B681B037A6C49
:10C2D8009A4203D9012387F8313048E0FB6B0022EA
:10C2E800BB61FA61FB6A5B6A294A32F813309BB278
:10C2F80000223B617A61D7E90423D7E90601F4F704
:10C3080005F802460B46104619464FF000024FF05A
:10C3180000030B0243EA10630202F96A49684908FC
:10C3280000200C46054612EB040843EB0509FB6A9E
:10C338005B680022BB60FA60D7E9022340464946A1
:10C34800F3F7E4FF02460B4613463B643B6CB3F538
:10C35800407F08D33B6CB3F5801F04D2FB6A1B688F
:10C368003A6CDA6003E0012387F8313082E081E03B
:10C3780000240046F369FFCF00240056003801402E
:10C388000044004000480040004C0040005000407D
:10C398009C300108FB6ADB69B3F5004F3CD1BB6BED
:10C3A80000223B607A60D7E90001FEF7CFFAF86314
:10C3B800FB6B002B5ED0FB6A5B6A394A32F813309C
:10C3C8001A46FB6BB3FBF2F35A00FB6A5B685B0827
:10C3D8001A44FB6A5B68B2FBF3F33B643B6C0F2BBC
:10C3E80016D93B6CB3F5803F12D23B6C9BB223F05D
:10C3F8000F037B863B6C5B089BB203F007039AB282
:10C408007B8E13437B86FB6A1B687A8EDA6031E089
:10C41800012387F831302DE0BB6B00229A46934602
:10C4280050465946FEF792FAF863FB6B002B21D071
:10C43800FB6A5B6A1A4A32F813301A46FB6BB3FB85
:10C44800F2F2FB6A5B685B081A44FB6A5B68B2FB42
:10C45800F3F33B643B6C0F2B09D93B6CB3F5803F7E
:10C4680005D23B6C9AB2FB6A1B68DA6002E00123D2
:10C4780087F83130FB6A0122A3F86620FB6A0122A3
:10C48800A3F86420FB6A00221A67FB6A00225A6735
:10C4980097F8313018464837BD46BDE8B08F00BF21
:10C4A8009C30010880B483B000AF78607B689B6AD9
:10C4B80003F00803002B0AD07B681B685B6823F431
:10C4C80000417B689A6B7B681B680A435A607B68EB
:10C4D8009B6A03F00103002B0AD07B681B685B682A
:10C4E80023F400317B68DA6A7B681B680A435A6068
:10C4F8007B689B6A03F00203002B0AD07B681B68E9
:10C508005B6823F480317B681A6B7B681B680A437D
:10C518005A607B689B6A03F00403002B0AD07B688F
:10C528001B685B6823F480217B685A6B7B681B68F7
:10C538000A435A607B689B6A03F01003002B0AD0F9
:10C548007B681B689B6823F480517B68DA6B7B6887
:10C558001B680A439A607B689B6A03F04003002BC0
:10C568001AD07B681B685B6823F480117B681A6C9F
:10C578007B681B680A435A607B681B6CB3F5801F95
:10C588000AD17B681B685B6823F4C0017B685A6C1E
:10C598007B681B680A435A607B689B6A03F08003C8
:10C5A800002B0AD07B681B685B6823F400217B683A
:10C5B8009A6C7B681B680A435A6000BF0C37BD46FB
:10C5C8005DF8047B704780B598B002AF78607B68EF
:10C5D8000022C3F88420FBF713FAF8607B681B6815
:10C5E8001B6803F00803082B2ED16FF07E430093DD
:10C5F800FB6800224FF40011786800F08CF80346BD
:10C60800002B21D07B681B68BB62BB6A53E8003FE4
:10C61800FB62FB6A23F080033B617B681B681A4658
:10C628003B69FB613A62396AFA6941E800237B6237
:10C638007B6A002BE6D17B682022DA677B680022C0
:10C6480083F87820032362E07B681B681B6803F08B
:10C658000403042B49D16FF07E430093FB6800224A
:10C668004FF48001786800F056F80346002B3CD060
:10C678007B681B68FB63FB6B53E8003F3B643B6CC8
:10C6880023F490737B617B681B681A467B693B6364
:10C698007A63796B3A6B41E80023BB63BB6B002B71
:10C6A800E6D17B681B6808333B653B6D53E8003F68
:10C6B8007B657B6D23F00103BB617B681B680833D6
:10C6C800BA697A64BB64B96C7A6C41E80023FB648C
:10C6D800FB6C002BE5D17B682022C3F880207B68A7
:10C6E800002283F87820032311E07B682022DA6790
:10C6F8007B682022C3F880207B6800229A667B68CA
:10C708000022DA667B68002283F878200023184626
:10C718005837BD4680BD80B584B000AFF860B960B9
:10C728003B601346FB714FE0BB69B3F1FF3F4BD051
:10C73800FBF766F902463B68D31ABA699A4202D3F4
:10C74800BB69002B01D103234EE0FB681B681B6803
:10C7580003F00403002B37D0BB68802B34D0BB68B0
:10C76800402B31D0FB681B68DB6903F00803082BFA
:10C7780010D1FB681B6808221A62F86800F038F8C4
:10C78800FB680822C3F88420FB68002283F878201D
:10C79800012329E0FB681B68DB6903F40063B3F538
:10C7A800006F11D1FB681B684FF400621A62F868C9
:10C7B80000F01EF8FB682022C3F88420FB680022E2
:10C7C80083F8782003230FE0FB681B68DA69BB68ED
:10C7D8001340BA689A420CBF01230023DBB21A4601
:10C7E800FB799A42A0D0002318461037BD4680BD79
:10C7F80080B495B000AF78607B681B683B623B6A89
:10C8080053E8003F7B627B6A23F49073BB607B68CC
:10C818001B681A46BB687B61BA61B9697A6941E8E5
:10C828000023FB61FB69002BE6D17B681B6808339A
:10C838007B637B6B53E8003FBB63BB6B23F0805388
:10C8480023F00103FB607B681B680833FA68BA624F
:10C85800FB62F96ABA6A41E800233B633B6B002B31
:10C86800E3D17B689B6E012B18D17B681B68BB6486
:10C87800BB6C53E8003FFB64FB6C23F010033B6187
:10C888007B681B681A463B69FB633A64396CFA6B30
:10C8980041E800237B647B6C002BE6D17B68202277
:10C8A800C3F880207B6800229A667B6800221A679A
:10C8B80000BF5437BD465DF8047B704780B485B02F
:10C8C80000AF78607B6893F87830012B01D10223A0
:10C8D80025E07B68012283F878207B682422DA67C8
:10C8E8007B681B681B68FB607B681B681A687B6831
:10C8F8001B6822F001021A60FB6823F00053FB60FA
:10C908007B6800221A667B681B68FA681A607B6875
:10C918002022DA677B68002283F8782000231846F3
:10C928001437BD465DF8047B7047000080B584B0BD
:10C9380000AF786039600123BB607B68FB60FB68EF
:10C94800002B04D140F237113648FAF7D3FEFB68C2
:10C95800002B57D0FB68DB6B002B53D0FB681A6C9D
:10C96800FB68DB6B0021A3FB0223002B00D0012115
:10C978000B46002B46D102F0A5F8FB681A68FB6845
:10C98800DB6BF968096C01FB03F31A44FB689A60D6
:10C99800FB6800229A63FB681A68FB685A60FB68A8
:10C9A8001A68FB68DB6B013BF968096C01FB03F350
:10C9B8001A44FB68DA60FB68FF2283F84420FB68AE
:10C9C800FF2283F845203B68002B0ED1FB681B69CA
:10C9D800002B14D0FB681033184601F02BFA0346DD
:10C9E800002B0CD002F05CF809E0FB681033184605
:10C9F80002F06CFBFB682433184602F067FB02F078
:10CA080073F801E00023BB60BB68002B04D14FF42E
:10CA1800B6710448FAF76EFEBB6818461037BD4673
:10CA280080BD00BFE42D010880B588B002AFF86072
:10CA3800B9607A603B6000237B613B68002B04D1BE
:10CA48004FF4C2711E48FAF755FEFB68002B2AD036
:10CA58003B68002B27D07B68002B02D0BB68002BDB
:10CA680021D07B68002B02D1BB68002B1BD150233F
:10CA78003B613B69502B04D04FF4CB711048FAF757
:10CA880039FE3B693B687B617B69012283F846205C
:10CA980097F820207B69009313467A68B968F8688C
:10CAA80000F010F807E07B69002B04D14FF4D8712F
:10CAB8000348FAF71FFE7B6918461837BD4680BD44
:10CAC800E42D010880B584B000AFF860B9607A60E1
:10CAD800FB70BB68002B03D1BB69BA691A6002E01E
:10CAE800BB697A681A60BB69FA68DA63BB69BA68B5
:10CAF8001A640121B869FFF719FFBB69FA7883F84E
:10CB08004C20BB6993F84C30042B28D801A252F86A
:10CB180023F000BF31CB00084DCB000867CB0008DD
:10CB28003FCB00085BCB0008FB680F4AB9691120AE
:10CB3800F5F756FE13E000230B4AB9691220F5F702
:10CB48004FFE0CE00023084AB9691320F5F748FEA8
:10CB580005E00023044AB9691720F5F741FE00BF34
:10CB68001037BD4680BD00BF2C2E010880B58AB0A5
:10CB780000AFF860B9607A60B14B1B687B624FF018
:10CB8800000300233B61FB687B617B69002B04D1B8
:10CB98004FF4BE61AB48FAF7ADFDBB68002B03D17B
:10CBA8007B691B6C002B01D1012300E00023002BC3
:10CBB80004D140F2F451A348FAF79CFD01F08EFB32
:10CBC8000346002B02D17B68002B01D1012300E032
:10CBD8000023002B04D140F2F9519A48FAF78AFD54
:10CBE80001F070FF7B699B6BBB61BB69002B4AD06E
:10CBF800B968786900F04EF97B6993F84C30042BDA
:10CC08002BD801A252F823F025CC000849CC000803
:10CC180037CC000837CC000857CC000879697A6807
:10CC28007B699B6B013B6020F4F700FB15E0796999
:10CC38007A687B699B6B013B6120F4F7F7FA0CE09B
:10CC48007B697A6819466220F4F75EFA05E07B6929
:10CC58007A681946C720F4F757FABB695A1E7B69E8
:10CC68009A637B691B69002B09D07B6910331846CE
:10CC780001F0E0F80346002B01D001F011FF01F0AC
:10CC880033FF0123F6E07B68002B32D101F02CFF43
:10CC98007B6993F84C30042B29D801A252F823F071
:10CCA800BDCC0008DDCC0008CDCC0008CDCC0008F8
:10CCB800EBCC000879697A687B699B6B6320F4F791
:10CCC800B5FA14E079697A687B699B6B6420F4F79C
:10CCD800ADFA0CE07B697A6819466520F4F714FA16
:10CCE80005E07B697A681946C820F4F70DFA002335
:10CCF800C0E03B69002B06D107F11C03184601F080
:10CD080071F901233B6101F0EFFE00F02DFD01F008
:10CD1800D9FE7B6993F844305BB2B3F1FF3F03D18E
:10CD28007B69002283F844207B6993F845305BB225
:10CD3800B3F1FF3F03D17B69002283F8452001F05E
:10CD4800D3FE3A1D07F11C031146184601F060F99D
:10CD58000346002B4ED1786900F014F90346002BE6
:10CD680042D07B6993F84C30042B2AD801A252F8A0
:10CD780023F000BF91CD0008B1CD0008A1CD000877
:10CD8800A1CD0008BFCD000879697A687B699B6BE3
:10CD98006620F4F74BFA14E079697A687B699B6B33
:10CDA8006720F4F743FA0CE07B697A681946682033
:10CDB800F4F7AAF905E07B697A681946F620F4F7D2
:10CDC800A3F97B6924337A681146184600F0C6FF38
:10CDD800786900F085F800F0D5FC0346002B7FF455
:10CDE800FFAE01F05DFEFBE6786900F079F800F02F
:10CDF800C9FCF5E6786900F073F800F0C3FC7869BF
:10CE080000F0C0F80346002B3FF4EAAE7B6993F8C4
:10CE18004C30042B2DD801A252F823F039CE00084B
:10CE280061CE000851CE000851CE00086FCE000830
:10CE380079697A687B699B6B6320F4F7F7F918E0E6
:10CE480018000020E42D010879697A687B699B6BDA
:10CE58006420F4F7EBF90CE07B697A6819466520E1
:10CE6800F4F752F905E07B697A681946C820F4F7A7
:10CE78004BF90023064A11687A6A51404FF00002C4
:10CE880001D0F7F7BDFE18462837BD4680BD00BF64
:10CE98001800002080B582B000AF786039607B68E8
:10CEA8001B6C002B18D07B68DA687B681B6C1A44F3
:10CEB8007B68DA607B68DA687B689B689A4203D390
:10CEC8007B681A687B68DA607B68D9687B681B6C4A
:10CED8001A463868F3F792FB00BF0837BD4680BD95
:10CEE80080B584B000AF786001F0ECFD7B6893F802
:10CEF8004530BB7311E07B685B6A002B12D07B68FE
:10CF08002433184600F096FF0346002B01D001F0A9
:10CF1800DBF8BB7B013BDBB2BB7397F90E30002B10
:10CF2800E9DC00E000BF7B68FF2283F8452001F0C0
:10CF3800DBFD01F0C7FD7B6893F84430FB7311E01B
:10CF48007B681B69002B12D07B681033184600F0F1
:10CF580071FF0346002B01D001F0B6F8FB7B013BC3
:10CF6800DBB2FB7397F90F30002BE9DC00E000BF60
:10CF78007B68FF2283F8442001F0B6FD00BF10371C
:10CF8800BD4680BD80B584B000AF786001F09AFDE1
:10CF98007B689B6B002B02D10123FB6001E000231F
:10CFA800FB6001F0A1FDFB6818461037BD4680BD47
:10CFB80080B584B000AF786039600023FB607B687F
:10CFC800002B04D140F6CE311D48FAF793FB3B689D
:10CFD800002B24D00023BB601EE01A4ABB68DB008C
:10CFE80013445B687A689A4205D1BB68DB00154A2E
:10CFF8001344FB6013E0FB68002B0AD1114ABB689D
:10D0080052F83330002B04D1BB68DB000D4A1344BF
:10D01800FB60BB680133BB60BB680F2BDDD9FB68C5
:10D02800002B09D0FB683A681A60FB687A685A6076
:10D0380039687868F5F742FC00BF1037BD4680BDF7
:10D04800E42D0108F49C002080B586B000AFF8609C
:10D05800B9607A60FB687B6101F034FD7B6993F805
:10D0680044305BB2B3F1FF3F03D17B69002283F800
:10D0780044207B6993F845305BB2B3F1FF3F03D19D
:10D088007B69002283F8452001F02EFD7B699B6BAC
:10D09800002B06D17B6924337A68B968184600F0FA
:10D0A8007DFE7869FFF71CFF00BF1837BD4680BDBD
:10D0B80080B58AB004AFF860B9607A603B607B6A7B
:10D0C800002B04D140F2FC411F48FAF713FBBB6A5E
:10D0D800002B04D140F2FD411B48FAF70BFB6023FB
:10D0E8003B613B69602B04D040F205511648FAF7C2
:10D0F80001FB3B69BB6A002B1FD07B6A002B1CD04D
:10D10800BB6A7B61602200217869F3F7EDFA7B69DD
:10D118007A6A1A637B69022283F85D2000230393ED
:10D128007B690293FB6A01933B6A00933B687A68C8
:10D13800B968F86800F042F801E000237B617B6978
:10D1480018461837BD4680BD302E010880B58EB010
:10D1580004AF78613961FA60BB607B6B7B60BB6B45
:10D168003B60154B1B687B624FF000030023FB619B
:10D1780007F11C0303933B6802937B6801933B6BA5
:10D188000093BB68FA6839697869FFF791FF3862DC
:10D198003B6A002B02D0386A00F0A4F8FB69064A03
:10D1A80011687A6A51404FF0000201D0F7F728FD64
:10D1B80018462837BD4680BD1800002080B586B0C7
:10D1C80000AFF860B9607A603B60BB6A186B7B6837
:10D1D8009B001A46A521F3F787FABB6A1A6B7B688E
:10D1E80003F18043013B9B0013447B617B6923F07F
:10D1F80007037B617B6903F00703002B04D040F22F
:10D2080039713748FAF776FABB68002B1ED000232D
:10D218003B6112E0BA683B6913441978BA6A3B6902
:10D22800134434330A461A70BA683B6913441B78AE
:10D23800002B06D03B6901333B613B690F2BE9D9D1
:10D2480000E000BFBB6A002283F843203B6A082B3A
:10D2580004D940F26F712248FAF74CFA3B6A082B5E
:10D2680001D908233B62BB6A3A6ADA62BB6A3A6A46
:10D27800DA64BB6A0433184601F048FFBB6A183306
:10D28800184601F043FFBB6ABA6A1A613B6AC3F1E8
:10D298000902BB6A9A61BB6ABA6A5A62BB6A196BAD
:10D2A8003B68FA68786901F075FC0246BB6A1A6047
:10D2B800BB6A1B687A69D31A9B101A467B6893422B
:10D2C80004D840F2D2710648FAF714FA7B6A002BA8
:10D2D80002D07B6ABA6A1A6000BF1837BD4680BDA3
:10D2E800302E010880B584B000AF786001F0EAFB09
:10D2F800484B1B680133474A1360474B1B68002B98
:10D3080009D1454A7B681360424B1B68012B10D139
:10D3180000F01EFF0DE0414B1B68002B09D13E4B6E
:10D328001B68DA6A7B68DB6A9A4202D83A4A7B68E9
:10D3380013603B4B1B680133394A1360384B1A683A
:10D348007B685A647B68002B0BD07B68002B08D065
:10D358007B6803F134027B68DB6A79681020F5F793
:10D368003FFA7B6819463020F3F740FE7B68DB6A9A
:10D3780001229A402B4B1B6813432A4A13607B688F
:10D38800DA6A294913469B0013449B000B44043373
:10D398001B68FB607B68FA689A60FB689A687B6820
:10D3A800DA60FB689B687A6804325A607B681A1DE9
:10D3B800FB689A607B68DA6A13469B0013449B00FB
:10D3C800194A1A447B685A617B68DA6A1649134617
:10D3D8009B0013449B000B441B687A68D26A591C53
:10D3E800114813469B0013449B000344196001F045
:10D3F8007BFB0A4B1B68002B08D0074B1B68DA6ABB
:10D408007B68DB6A9A4201D201F04AFB00BF103701
:10D41800BD4680BD9C9E0020749D0020A89E0020D3
:10D42800B89E0020A49E0020789D002080B586B07C
:10D4380000AF78600023FB6001F044FB7B68002BA1
:10D4480002D1464B1B6800E07B683B613B69002BBF
:10D4580004D140F6B1014248FAF74CF93B6904336C
:10D46800184601F0BDFE0346002B15D13B69DA6A68
:10D478003C4913469B0013449B000B441B68002B3C
:10D488000AD13B69DB6A012202FA03F3DA43364B1D
:10D498001B681340344A13603B699B6A002B04D015
:10D4A8003B691833184601F09BFE304B1B6801336B
:10D4B8002E4A1360294B1B683A699A4201D101230D
:10D4C80000E000237B612A4B1B68002B17D07B6987
:10D4D800002B14D03B6904331946264801F023FE7B
:10D4E800254B1B680133244A13603B69DB6A1A46E3
:10D4F80039692020F5F79EF90123FB600DE01F4BE9
:10D508001B68013B1D4A13603B69DB6A1A4639698F
:10D518002020F5F78FF900F0B5FE01F0E5FAFB6879
:10D52800012B02D0386900F081FE114B1B68002BDB
:10D538000FD00A4B1B683A699A420AD1104B1B68F4
:10D54800002B04D040F62A110548FAF7D3F801F069
:10D55800A7FA00BF1837BD4680BD00BF749D0020E4
:10D56800302E0108789D0020A49E0020B89E00203F
:10D57800A89E0020709E0020849E00209C9E002073
:10D58800C49E002080B584B000AF78600023FB60A3
:10D598007B68002B15D000F0E7F80E4B1B68012BB9
:10D5A80004D040F6D5110C48FAF7A4F879687A2027
:10D5B800F3F71CFD0021786800F0AEFE00F0E2F8F9
:10D5C800F860FB68002B01D101F06AFA00BF103740
:10D5D800BD4680BDC49E0020302E010880B590B0A5
:10D5E80004AF3C4B1B68FB624FF000030123FB6058
:10D5F80007F11C0300221A605A609A60DA6000235F
:10D60800BB6100237B6113E0334A7B6913441978BB
:10D6180007F11C027B6913440A461A7007F11C02C1
:10D628007B6913441B78002B06D07B6901337B612F
:10D638007B690E2BE8D900E000BF07F11C027B696B
:10D64800134400221A7000233B6130E0234BBB6176
:10D6580000233B6000237B6007F10802391D3B462D
:10D668001846FAF701F8B8687B683A6807F11C01B0
:10D67800029201930023009300230246B869FFF742
:10D6880065FD024616493B6941F82320144A3B6967
:10D6980052F82330002B02D00123FB6001E0002365
:10D6A800FB60FB68012B06D13B6901333B613B6999
:10D6B800002BCBDD00E000BFFB68064A1168FA6A60
:10D6C80051404FF0000201D0F7F79AFA1846303768
:10D6D800BD4680BD18000020782E0108E9E000084A
:10D6E800C09E002080B582B000AFFFF777FF78605A
:10D6F8007B68012B02D100F091FE78607B68012BDA
:10D7080017D101F0A3FB124B4FF0FF321A60114BF7
:10D7180001221A60104B00221A60104B1A680F4B36
:10D728001B68DB6A19461046F5F7DCFE01F0BCFA07
:10D7380008E07B68B3F1FF3F04D140F6F861084880
:10D74800F9F7D8FF074B1B6800BF0837BD4680BDF7
:10D75800BC9E0020A89E0020A09E0020749D002052
:10D76800302E0108B430010880B400AF044B1B68A8
:10D778000133034A136000BFBD465DF8047B704760
:10D78800C49E002080B588B000AF00237B600023D2
:10D79800BB6001F097F900233B61714B1B68002BBC
:10D7A80004D140F6F6716F48F9F7A4FF6C4B1B687B
:10D7B800013B6B4A13606A4B1B68002B40F0C98021
:10D7C800694B1B68002B00F0C48093E0674BDB6853
:10D7D800DB687B607B689B6A7B617B68DB697A6856
:10D7E800126A9A607B681B6A7A68D2695A607B6998
:10D7F8005A687B6818339A4203D17B681A6A7B6936
:10D808005A607B6800229A627B691B685A1E7B6992
:10D818001A607B685B69BB617B689B687A68D268C1
:10D828009A607B68DB687A6892685A60BB695A6854
:10D838007B6804339A4203D17B68DA68BB695A6013
:10D848007B6800225A61BB691B685A1EBB691A6053
:10D858007B6819463020F3F7C9FB7B68DB6A012235
:10D868009A40434B1B681343414A13607B68DA6A4A
:10D87800404913469B0013449B000B4404331B6828
:10D88800FB617B68FA699A60FB699A687B68DA6071
:10D89800FB699B687A6804325A607B681A1DFB69C9
:10D8A8009A607B68DA6A13469B0013449B00314AEE
:10D8B8001A447B685A617B68DA6A2E4913469B00D2
:10D8C80013449B000B441B687A68D26A591C294888
:10D8D80013469B0013449B00034419607B68DA6A73
:10D8E800254B1B68DB6A9A4204D9244A3B6901210B
:10D8F80042F823101D4B1B68002B7FF467AF7B6831
:10D90800002B01D000F0BEFC1D4B1B68FB60FB68C0
:10D91800002B12D000F064F80346002B04D0174AFD
:10D928003B69012142F82310FB68013BFB60FB685F
:10D93800002BEFD1124B00221A60104A3B6952F8B3
:10D948002330002B05D00123BB600B4B1B6801F073
:10D95800A7F801F0C9F8BB6818462037BD4680BD56
:10D96800C49E0020302E01089C9E00205C9E002052
:10D97800A49E0020789D0020749D0020B09E002069
:10D98800AC9E002080B483B000AF054B1B687B6061
:10D998007B6818460C37BD465DF8047B704700BFAE
:10D9A800A09E002080B584B000AF78607B68002B13
:10D9B80002D1094B1B6800E07B68FB60FB68002B09
:10D9C80004D14FF486510548F9F794FEFB683433C7
:10D9D80018461037BD4680BD749D0020302E0108C2
:10D9E80080B588B000AF00233B60854B1B68012BD6
:10D9F80003D0844B1B68002B05D1834B1A68834BDB
:10DA08001B6801329A617E4B1B68002B40F0ED8049
:10DA18007D4B1B6801337B607B4A7B6813607B68A6
:10DA2800002B1AD17A4B1B681B68002B04D041F2DB
:10DA3800FC217848F9F75EFE754B1B68BB60764B96
:10DA48001B68734A1360744ABB681360734B1B6886
:10DA58000133724A136000F015FC714B1B687A6839
:10DA68009A42C0F0AD806A4B1B681B68002B04D13A
:10DA78006B4B4FF0FF321A60A2E0654B1B68DB6806
:10DA8800DB68FB60FB685B683B617A683B699A42CC
:10DA980003D2634A3B69136092E0FB685B697B6170
:10DAA800FB689B68FA68D2689A60FB68DB68FA686A
:10DAB80092685A607B695A68FB6804339A4203D1BA
:10DAC800FB68DA687B695A60FB6800225A617B69E7
:10DAD8001B685A1E7B691A60FB689B6A002B1ED064
:10DAE800FB689B6ABB61FB68DB69FA68126A9A602B
:10DAF800FB681B6AFA68D2695A60BB695A68FB6896
:10DB080018339A4203D1FB681A6ABB695A60FB68EA
:10DB180000229A62BB691B685A1EBB691A60FB68BF
:10DB280019463020F3F762FAFB68DB6A01229A4053
:10DB38003C4B1B6813433B4A1360FB68DA6A3A495B
:10DB480013469B0013449B000B4404331B68FB6182
:10DB5800FB68FA699A60FB699A68FB68DA60FB6996
:10DB68009B68FA6804325A60FB681A1DFB699A6060
:10DB7800FB68DA6A13469B0013449B002A4A1A443E
:10DB8800FB685A61FB68DA6A274913469B0013440D
:10DB98009B000B441B68FA68D26A591C224813463A
:10DBA8009B0013449B0003441960FB68DA6A1F4B0F
:10DBB8001B68DB6A9A427FF656AF01233B6052E747
:10DBC8001A4B1B68DA6A184913469B0013449B00DA
:10DBD8000B441B68012B01D901233B60144B1B68C4
:10DBE800002B07D001233B6004E0064B1B68013380
:10DBF800044A13603B6818462037BD4680BD00BF05
:10DC0800C49E0020AC9E0020A09E0020B83B0020AF
:10DC1800549E0020302E0108589E0020B49E0020FB
:10DC2800BC9E0020A49E0020789D0020749D0020AA
:10DC3800B09E002080B588B000AF424B1B68002B17
:10DC480003D0414B01221A6078E03F4B00221A6052
:10DC58003E4B1B681846F5F74FFD3C4B1B681B6B8A
:10DC68007B604FF0A533BB60384B1B681A68374B95
:10DC78001B681B6B9A4216D97B681B68BA689A4264
:10DC880011D17B6804331B68BA689A420BD17B6850
:10DC980008331B68BA689A4205D17B680C331B6845
:10DCA800BA689A4209D0294B1B683433FB60274B6A
:10DCB8001B68F9681846F9F70BFD254B1B68BB6113
:10DCC800BB69B3FA83F3FB61FB69C3F11F033B61D3
:10DCD80020493A6913469B0013449B000B441B6878
:10DCE800002B04D141F299411B48F9F703FD3A6929
:10DCF80013469B0013449B00164A13447B617B69BF
:10DD08005B685A687B695A607B695A687B69083323
:10DD18009A4203D17B69DA687B695A607B695B68E0
:10DD2800DB680A4A1360094B1A68084B1B68DB6AF0
:10DD380019461046F5F7D6FB044B1B6800BF203781
:10DD4800BD4680BDC49E0020B09E0020749D00206A
:10DD5800A49E0020789D0020302E010880B582B056
:10DD680000AF786039607B68002B04D141F21F5105
:10DD78000848F9F7BFFC084B1B6818331946786840
:10DD880001F0F5F90121386800F0C6FA00BF08373C
:10DD9800BD4680BD302E0108749D002080B586B038
:10DDA80000AFF860B9607A60FB68002B04D141F2DB
:10DDB8005D511D48F9F79EFCFB685B687B611B4B56
:10DDC8001B687A69DA61194B1B687A6992681A626A
:10DDD800164B1A687B699B6818325A60134B1B688C
:10DDE80003F118027B699A60104B1B68FA689A6203
:10DDF800FB681B685A1CFB681A607B68002B02D002
:10DE08004FF0FF33BB600A4B1A68BB6813441946CE
:10DE18007920F3F7EBF87968B86800F07DFA00BF6D
:10DE28001837BD4680BD00BF302E0108749D002004
:10DE3800A09E002080B588B000AF78607B68DB6862
:10DE4800DB68FB60FB68002B04D141F294515E480B
:10DE5800F9F750FCFB689B6A3B61FB68DB69FA6871
:10DE6800126A9A60FB681B6AFA68D2695A603B6951
:10DE78005A68FB6818339A4203D1FB681A6A3B69EF
:10DE88005A60FB6800229A623B691B685A1E3B690C
:10DE98001A604E4B1B68002B65D1FB685B69BB6140
:10DEA800FB689B68FA68D2689A60FB68DB68FA6866
:10DEB80092685A60BB695A68FB6804339A4203D176
:10DEC800FB68DA68BB695A60FB6800225A61BB6963
:10DED8001B685A1EBB691A60FB6819463020F3F7A5
:10DEE80085F8FB68DB6A01229A40394B1B681343AB
:10DEF800374A1360FB68DA6A364913469B001344B5
:10DF08009B000B4404331B68FB61FB68FA699A6049
:10DF1800FB699A68FB68DA60FB699B68FA680432F7
:10DF28005A60FB681A1DFB699A60FB68DA6A134637
:10DF38009B0013449B00274A1A44FB685A61FB68FC
:10DF4800DA6A244913469B0013449B000B441B6860
:10DF5800FA68D26A591C1F4813469B0013449B0059
:10DF6800034419601BE01C4B5B687B61FB687A69A2
:10DF7800DA617B699A68FB681A627B699B68FA6850
:10DF880018325A60FB6803F118027B699A60FB68D3
:10DF9800114A9A62104B1B6801330F4A1360FB68E1
:10DFA800DA6A0E4B1B68DB6A9A4205D90123BB600B
:10DFB8000B4B01221A6001E00023BB60BB681846C6
:10DFC8002037BD4680BD00BF302E0108C49E00200A
:10DFD800A49E0020789D00205C9E0020749D002057
:10DFE800B09E002080B483B000AF7860064B1A68FA
:10DFF8007B681A60054B1A687B685A6000BF0C374B
:10E00800BD465DF8047B7047B49E0020A09E0020AA
:10E0180080B586B000AF786039607B68002B04D18A
:10E0280041F244612548F9F765FB3B68002B04D1B0
:10E0380041F245612148F9F75DFB00F043FD204BB3
:10E048001B683B617B685B683A69D31A7B613B68F4
:10E058001B68B3F1FF3F02D10023FB6026E07B6819
:10E068001A68184B1B689A420AD07B685B683A6941
:10E078009A4205D30123FB603B6800221A6015E031
:10E088003B681B687A699A420BD23B681A687B69BD
:10E09800D21A3B681A607868FFF7A4FF0023FB6078
:10E0A80004E03B6800221A600123FB6000F01CFDBD
:10E0B800FB6818461837BD4680BD00BF302E0108E2
:10E0C800A09E0020B49E002080B400AF034B012224
:10E0D8001A6000BFBD465DF8047B7047B09E002003
:10E0E80080B582B000AF786000F072F8FCE70000FD
:10E0F80080B584B000AF786039600023BB603B68AE
:10E10800002B1ADB3B68002B17DC7B68002B02D145
:10E118000D4B1B6800E07B68FB60FB68002B04D19B
:10E1280041F2F8710948F9F7E5FAFA683B681433DF
:10E138009B0013445B68BB6001E00023BB60BB68C5
:10E1480018461037BD4680BD749D0020302E01084A
:10E1580080B582B000AF00237B600CE07A6813467C
:10E168009B0013449B00124A1344184600F0AEFF6C
:10E178007B6801337B607B68082BEFD90D4800F082
:10E18800A5FF0D4800F0A2FF0C4800F09FFF0C48C7
:10E1980000F09CFF0B4800F099FF0B4B054A1A60F2
:10E1A8000A4B054A1A6000BF0837BD4680BD00BF4C
:10E1B800789D00202C9E0020409E00205C9E002020
:10E1C800709E0020889E0020549E0020589E0020AB
:10E1D80080B582B000AF19E000F074FC104BDB682A
:10E1E800DB687B607B680433184600F0F9FF0D4B51
:10E1F8001B68013B0B4A13600B4B1B68013B0A4A27
:10E20800136000F071FC786800F010F8064B1B688A
:10E21800002BE1D100BF00BF0837BD4680BD00BF5D
:10E22800709E00209C9E0020849E002080B582B0B5
:10E2380000AF78607B6893F85D30002B08D17B686D
:10E248001B6B184600F054FE786800F051FE12E08F
:10E258007B6893F85D30012B03D1786800F048FEA5
:10E2680009E07B6893F85D30022B04D041F6D311A6
:10E278000348F9F73FFA00BF0837BD4680BD00BF25
:10E28800302E010880B400AF0A4B1B681B68002BB6
:10E2980004D1094B4FF0FF321A6005E0054B1B68AB
:10E2A800DB681B68044A136000BFBD465DF8047B49
:10E2B800704700BF549E0020BC9E002080B483B0ED
:10E2C80000AF054B1B687B607B6818460C37BD4662
:10E2D8005DF8047B704700BF749D002080B483B054
:10E2E80000AF0B4B1B68002B02D101237B6008E0B9
:10E2F800084B1B68002B02D102237B6001E000233E
:10E308007B607B6818460C37BD465DF8047B704718
:10E31800A89E0020C49E002080B588B000AF786019
:10E328003960374B1B68FB60364B1B683B61364BCB
:10E338001B687B61354B1B680433184600F050FF9F
:10E348000346002B0BD1314B1B68DB6A012202FA12
:10E3580003F3DA432E4B1B6813402D4A13607B6886
:10E36800B3F1FF3F24D13B68002B21D0294B5B68D8
:10E37800BB61264B1B68BA699A60244B1B68BA6953
:10E388009268DA60214B1A68BB699B6804325A604C
:10E398001E4B1B681A1DBB699A601C4B1B681D4AE3
:10E3A8005A611C4B1B6801331A4A136000BF22E0F4
:10E3B800FA687B681344FB61144B1B68FA695A605E
:10E3C800FA69FB689A4207D2104B1B680433194656
:10E3D800786900F0CCFE0EE00C4B1B68043319463C
:10E3E800386900F0C4FE0C4B1B68FA699A4202D2E5
:10E3F800094AFB69136000BF2037BD4680BD00BFD6
:10E40800A09E0020549E0020589E0020749D00204D
:10E41800A49E0020889E0020BC9E002080B58AB063
:10E4280004AF224B1B687B614FF0000300233B6164
:10E4380000F0A4FA1E4B1B68002B21D000237B6040
:10E448000023BB6007F10C0207F108013B1D1846C9
:10E45800F9F724F9F968BB687A68029201930123F5
:10E46800009300230A4613491348FEF76FFE03463C
:10E47800124A1360114B1B68002B01D001233B612A
:10E488003B69002B04D14FF4A3710D48F9F732F919
:10E498003B69064A11687A6951404FF0000201D081
:10E4A800F6F7AEFB18461837BD4680BD18000020A9
:10E4B800F89E0020802E010871E50008FC9E0020CF
:10E4C800882E010880B584B000AFF860B9607A6022
:10E4D80008E0FB689B69BA681344BB60FB681B6A69
:10E4E800F8689847FB689A69BB68D118BB687A686E
:10E4F800F86800F0EDF80346002BEAD100BF00BF32
:10E508001037BD4680BD000080B584B000AF78608C
:10E518003960144B1B68DB68DB68FB60FB680433FD
:10E52800184600F05DFEFB6893F8283003F00403FA
:10E53800002B05D03A687968F868FFF7C3FF08E050
:10E54800FB6893F8283023F00103DAB2FB6883F8FC
:10E558002820FB681B6AF868984700BF1037BD463B
:10E5680080BD00BFF09E002080B586B000AF786007
:10E57800094B1B687B614FF0000307F10C03184639
:10E5880000F062F83861FB681946386900F006F84F
:10E5980000F0E0F800BFF0E71800002080B586B072
:10E5A80000AF78603960254B1B687B614FF0000332
:10E5B800FFF7DAF807F10C03184600F069F838613C
:10E5C800FB68002B2AD13B68002B0AD17A683B698B
:10E5D8009A4206D8FFF7D6F839697868FFF794FFAA
:10E5E8001EE03B68002B08D0154B1B681B68002BEE
:10E5F80001D1012300E000233B60124B18687A68C0
:10E608003B69D31A3A681946FEF71EFDFFF7BAF8B8
:10E618000346002B04D100F043FA01E0FFF7B2F8FB
:10E6280000BF064B1A687B695A404FF0000301D0BF
:10E63800F6F7E6FA1837BD4680BD00BF180000207F
:10E64800F49E0020F89E002080B485B000AF78606A
:10E658000E4B1B681B68002B01D1012200E0002231
:10E668007B681A607B681B68002B05D1074B1B6809
:10E67800DB681B68FB6001E00023FB60FB68184651
:10E688001437BD465DF8047B704700BFF09E00203C
:10E6980080B584B000AF7860FFF774F9F8600B4B71
:10E6A8001B68FA689A4205D200F042F97B68012299
:10E6B8001A6002E07B6800221A60044AFB68136053
:10E6C800FB6818461037BD4680BD00BF009F00207C
:10E6D80080B586B000AFF860B9607A603B6000230F
:10E6E8007B61FB68BA685A60FB68FA681A61BA68A5
:10E6F8007B689A4212D87A683B68D21AFB689B6991
:10E708009A4202D301237B611BE0104B1A68FB6815
:10E7180004331946104600F02AFD12E07A683B6877
:10E728009A4206D2BA683B689A4202D301237B61B7
:10E7380007E0074B1A68FB6804331946104600F0D7
:10E7480016FD7B6918461837BD4680BDF49E00202B
:10E75800F09E002080B58AB000AF724B1B687B62C8
:10E768004FF0000307F1140300221A605A609A6000
:10E77800DA60BEE07B69002B13DA07F11403043377
:10E78800BB60BB68002B04D140F2BB316648F8F788
:10E79800B1FFBB681B68BA685068BA6892681146CE
:10E7A80098477B69002BC0F2A480FB69FB60FB687B
:10E7B800002B00F09E80FB685B69002B04D0FB688F
:10E7C8000433184600F00CFD3B1D1846FFF760FFA8
:10E7D80038617B69013B082B00F2888001A252F85E
:10E7E80023F000BF11E8000811E8000879E80008E4
:10E7F8008DE80008CBE8000811E8000811E80008D7
:10E8080079E800088DE80008FB6893F8283043F0A1
:10E818000103DAB2FB6883F82820BA69FB689B69B0
:10E82800D118BB693A69F868FFF752FF0346002B15
:10E838005ED0FB6893F8283003F00403002B09D05E
:10E84800BA69FB689B6913443A691946F868FFF787
:10E8580039FE08E0FB6893F8283023F00103DAB2A8
:10E86800FB6883F82820FB681B6AF86898473FE034
:10E87800FB6893F8283023F00103DAB2FB6883F8C9
:10E88800282036E0FB6893F8283043F00103DAB219
:10E89800FB6883F82820BA69FB689A61FB689B6962
:10E8A800002B04D14FF482611F48F8F723FFFB685F
:10E8B8009A693B69D1183B693A69F868FFF708FF1C
:10E8C80017E0FB6893F8283003F00203002B03D10C
:10E8D800F86800F00DFB0CE0FB6893F8283023F093
:10E8E8000103DAB2FB6883F8282002E000BF00E0E9
:10E8F80000BF0E4B1B6807F1140100221846FEF7F3
:10E9080035F90346002B7FF435AF00BF054B1A6875
:10E918007B6A5A404FF0000301D0F6F771F92837A7
:10E92800BD4680BD18000020882E0108F89E0020F2
:10E9380080B582B000AF09E00E4B1B68DB681B682E
:10E948007B604FF0FF317868FFF7DEFD094B1B68ED
:10E958001B68002BF0D1074B1B683B60064B1B68FC
:10E96800044A1360044A3B68136000BF0837BD4679
:10E9780080BD00BFF09E0020F49E002080B582B0CC
:10E9880002AF00F09FF8154B1B68002B20D11448EC
:10E9980000F09CFB134800F099FB134B104A1A60D7
:10E9A800124B104A1A6000230093114B114A102190
:10E9B8000820FEF739F80346084A1360074B1B681E
:10E9C800002B05D0054B1B680B491846FEF7F0FADB
:10E9D80000F08AF800BFBD4680BD00BFF89E002049
:10E9E800C89E0020DC9E0020F09E0020F49E00209F
:10E9F800849F0020049F0020D42E010880B400AF1B
:10EA0800084B04221A60084B00221A60074B084A78
:10EA18001A60044B07221A6000BFBD465DF8047BEC
:10EA2800704700BF10E000E018E000E014E000E0EC
:10EA3800BFD4010080B582B000AF00237B600A4BD1
:10EA48001B68B3F1FF3F04D040F275310748F8F76F
:10EA580051FE00F0FBF900BF7B68002BFCD000BF23
:10EA680000BF0837BD4680BDD49F0020DC2E0108BA
:10EA780080B400AF084B1B68074A43F47003136067
:10EA8800064B1B68054A43F04043136000BFBD4670
:10EA98005DF8047B704700BF88ED00E034EF00E0CC
:10EAA80080B400AF064B4FF080521A60BFF34F8F0F
:10EAB800BFF36F8F00BFBD465DF8047B704700BF92
:10EAC80004ED00E080B500AF00F0C0F9054B1B680D
:10EAD8000133044A1360BFF34F8FBFF36F8F00BF3A
:10EAE80080BD00BFD49F002080B500AF0B4B1B68D2
:10EAF800002B04D140F22A410948F8F7FBFD074BE7
:10EB08001B68013B054A1360044B1B68002B02D1AC
:10EB1800002000F0A8F900BF80BD00BFD49F0020EE
:10EB2800DC2E010880B582B000AF00F08FF9786064
:10EB3800FEF756FF0346002B03D0054B4FF08052DB
:10EB48001A60786800F08FF900BF0837BD4680BDAD
:10EB580004ED00E080B584B000AF78607B689B6905
:10EB6800FB60FB68023B1B78FB72FB7A662B04D1C7
:10EB7800FFF77EFF00F040F905E04FF49D6104487F
:10EB8800F8F7B8FD00BF00BF1037BD4680BD00BF15
:10EB9800DC2E010880B485B000AFF860B9607A60F7
:10EBA8003B60FB68043BFB60FB684FF080721A60B7
:10EBB800FB68043BFB607A68FB681A60FB68043BEF
:10EBC800FB60384AFB681A60FB68043BFB60FB6823
:10EBD8004FF012321A60FB68043BFB60FB684FF091
:10EBE80003321A60FB68043BFB60FB684FF002329B
:10EBF8001A60FB68043BFB60FB684FF001321A6047
:10EC0800FB68043BFB603A68FB681A60FB68043BDE
:10EC1800FB60FB684FF011321A60FB68043BFB6035
:10EC2800FB684FF010321A60FB68043BFB60FB681E
:10EC38004FF009321A60FB68043BFB60FB684FF039
:10EC480008321A60FB68043BFB60FB684FF0073230
:10EC58001A60FB68043BFB60FB684FF006321A60E1
:10EC6800FB68043BFB60FB684FF005321A60FB68E9
:10EC7800043BFB60FB684FF004321A60FB68043BFE
:10EC8800FB60FB686FF002021A60FB68043BFB60E4
:10EC9800BA68FB681A60FB6818461437BD465DF809
:10ECA800047B70473DEA000880B582B000AF154B81
:10ECB8001B687B607B682C331B68134A934204D023
:10ECC80040F20F711148F8F715FD7B6838331B685F
:10ECD8000F4A934204D04FF4E2610C48F8F70AFD5A
:10ECE80000F01AF8FFF78AFE0A4B00221A6000F0BB
:10ECF8009DF8FEF79FFFFFF79DFE00231846083793
:10ED0800BD4680BD08ED00E0E1EE0008DC2E0108FC
:10ED180081EE0008D49F002080B582B000AF0023A8
:10ED28007B60304B4FF07F421A602E4B1B681B0EE6
:10ED3800DBB2FB70FB78DBB203F05003DAB22A4B8C
:10ED48001A70294B1B78002B04D140F6AD012748D7
:10ED5800F8F7D0FCFB78DBB2DB43DBB203F05003FF
:10ED6800DBB2002B0DD040F6B1012048F8F7C2FC09
:10ED780007E07B6801337B60FB78DBB25B00DBB2CA
:10ED8800FB70FB78DBB203F08003802BF1D07B684B
:10ED9800082B03D1164B00221A6004E07B68C3F1EC
:10EDA8000703134A1360124B1B681B02104A1360B7
:10EDB8000F4B1B6803F4E0630D4A13600D4B1B688F
:10EDC8000C4A43F47F0313600A4B1B68094A43F05B
:10EDD8007F431360034B00221A6000BF0837BD460B
:10EDE80080BD00BF1CED00E0D89F0020DC2E01088C
:10EDF800DC9F002020ED00E00B4A1168086806C877
:10EE080081F30B88EFF3148151F0020181F3148828
:10EE1800203080F30988BFF36F8F4FF0000080F334
:10EE28001188104700BF0000749D00200648006844
:10EE3800006880F3088862B661B6BFF34F8FBFF3EE
:10EE48006F8F66DF00BF00BF08ED00E0EFF31180B1
:10EE58004FF0500181F31188BFF34F8FBFF36F8FCD
:10EE6800704700BF184680F31188BFF34F8FBFF378
:10EE78006F8F704700BF0000EFF309801EF0100F7E
:10EE880008BF20ED108AEFF30B82734620E9FC0FD0
:10EE9800104A116808604FF0500080F31188BFF3E2
:10EEA8004F8FBFF36F8FFEF7C5FE4FF0000080F362
:10EEB8001188084A11680868B0E8FC0F13F0100FB1
:10EEC80008BFB0EC108A82F30B8880F309881847D2
:10EED80000BF0000749D00201EF0040F0CBFEFF36C
:10EEE8000880EFF309800149084700BF5DEB00087F
:10EEF80080B584B000AF78607B68BB607B68002B0E
:10EF08005ED008235B42BA681344BB60BB68FB60F1
:10EF1800FB682D4A934205D3FB682C4A934201D8DB
:10EF2800012300E00023002B04D14FF4B8712848D6
:10EF3800F8F7E0FBFB685B68002B04DB40F271111B
:10EF48002348F8F7D7FBFB681B68002B04D04FF465
:10EF5800B9711F48F8F7CEFBFB685B68002B2FDA06
:10EF6800FB681B68002B2BD1FB685B6823F0004211
:10EF7800FB685A60FEF7F8FBFB685A68154B1B687C
:10EF88001344144A1360144B1B6803F00103002B4D
:10EF98000CD0124B1B685B68002B07D0F3F776FA8E
:10EFA800FB685B681A467968F3F766F9F86800F059
:10EFB80019F80B4B1B680133094A1360FEF7E2FB93
:10EFC80000BF1037BD4680BDE09F0020DF9F0220B4
:10EFD800482F0108EC9F0220AC3B0020A43B0020F6
:10EFE800F09F022080B584B000AF7860324BBB60E0
:10EFF80002E0BB681B68BB60BB681B687A689A4202
:10F00800F7D8BB682C4A934211D0BB682B4A93426D
:10F0180005D3BB682A4A934201D8012300E00023A4
:10F02800002B04D140F206212648F8F763FBBB68A1
:10F03800FB60BB685B68FA6813447A689A4208D137
:10F04800BB685A687B685B681A44BB685A60BB68CF
:10F058007B607B68FB607B685B68FA681A44BB6806
:10F068001B689A4218D1BB681A68174B1B689A42EA
:10F078000DD07B685A68BB681B685B681A447B685C
:10F088005A60BB681B681A687B681A6008E00E4BF8
:10F098001A687B681A6003E0BB681A687B681A60A4
:10F0A800BA687B689A4202D0BB687A681A6000BF67
:10F0B8001037BD4680BD00BFE09F0220E09F0020C2
:10F0C800DF9F0220482F0108E89F022080B483B008
:10F0D80000AF78607B6803F108027B685A607B6840
:10F0E8004FF0FF329A607B6803F108027B68DA60B0
:10F0F8007B6803F108027B681A617B6800221A604A
:10F1080000BF0C37BD465DF8047B704780B483B000
:10F1180000AF78607B6800221A6100BF0C37BD46DB
:10F128005DF8047B704780B485B000AF78603960C3
:10F138007B685B68FB603B68FA685A60FB689A68A2
:10F148003B689A60FB689B683A685A60FB683A6853
:10F158009A603B687A681A617B681B685A1C7B68EE
:10F168001A6000BF1437BD465DF8047B704780B451
:10F1780085B000AF786039603B681B68FB60FB684E
:10F18800B3F1FF3F03D17B681B69BB600CE07B6870
:10F198000833BB6002E0BB685B68BB60BB685B6848
:10F1A8001B68FA689A42F6D2BB685A683B685A608C
:10F1B8003B685B683A689A603B68BA689A60BB6863
:10F1C8003A685A603B687A681A617B681B685A1CFF
:10F1D8007B681A6000BF1437BD465DF8047B704732
:10F1E80080B485B000AF78607B681B69FB607B6882
:10F1F8005B687A6892689A607B689B687A685268EC
:10F208005A60FB685B687A689A4203D17B689A689F
:10F21800FB685A607B6800221A61FB681B685A1EEB
:10F22800FB681A60FB681B6818461437BD465DF812
:10F23800047B704720F0030110F00300C0F10000C8
:10F2480051F8043B00F1040C4FEACC0C6FF00002BB
:10F258001CBF22FA0CF213434FF0010C4CEA0C2CA1
:10F268004CEA0C4CA3EB0C0222EA030212EACC1281
:10F2780004BF51F8043B0430F4D0C2F1000102EAA3
:10F288000102B2FA82F2C2F11F0200EBD20070470B
:10F2980038B5054C054DAC4204D054F8043B9847AA
:10F2A800AC42FAD138BD00BF0000000000000000E9
:10F2B800032A30B412D941EA000484460B46A40755
:10F2C80021D11946604653F8044B5CF8045BA5420B
:10F2D80019D1043A032AF4D860461946541E7AB163
:10F2E800431E0139021901E09A4209D013F8010FAF
:10F2F80011F801CF6045F7D0A0EB0C0030BC704787
:10F30800002030BC7047541EEAE700BF0FB400B5B8
:10F3180083B0064B04AA186852F8041B019200F047
:10F32800D3F903B05DF804EB04B07047C02F0108AF
:10F338000CB430B58BB00D4620220446002102A83B
:10F34800F1F7D2F90222134B002D06948DF80A200A
:10F3580003931DDB10D0013D2C440FAA0E9902A87F
:10F368000794019200F0B0F9069B00221A700BB0C6
:10F37800BDE8304002B070470FAA0E9902A8079462
:10F38800019200F0A1F90BB0BDE8304002B070471F
:10F398000024E2E7E11701082DE9F041C3F137083D
:10F3A80005460C46174603F01F065FFA88F82846FC
:10F3B800214632460023F0F7A9FF2346D2B20C4675
:10F3C800AC460546092A08EB020188BFCAB2B44513
:10F3D80002F1300207F8012B4FF000029341E6D208
:10F3E8003846BDE8F08100BF2DE9F0434FF0010E2B
:10F3F800724508DD034601E0252C06D09C4613F82B
:10F40800014B002CF8D1BDE8F0831C780CF1020CFC
:10F41800252C01D16346F1E70026AA4FB04609E042
:10F4280027FA03F3DB0740F1F4801CF8014B002CAA
:10F4380000F09280A4F12003102BF1D963464FF01D
:10F44800000CA4F12405152D20D8DFE805F0B21F23
:10F458001F1F1F1FAA1F1F1FAA1F0C0C0C0C0C0C10
:10F468000C0C0C0C6346303C06EB86064FF0200C67
:10F4780004EB460613F8014B002C70D0BCF11F0FAB
:10F4880040F2BA80BCF17F0F40F2AE80A4F14C0587
:10F498002E2D64D80FF2040959F825F0AFF50008AD
:10F4A80067F5000867F5000867F5000867F50008C4
:10F4B80067F5000867F5000867F5000867F50008B4
:10F4C80067F5000867F5000867F5000867F50008A4
:10F4D80067F5000867F5000867F5000867F5000894
:10F4E80067F5000867F5000867F5000867F5000884
:10F4F80067F5000867F5000867F5000867F5000874
:10F5080067F5000867F5000867F50008E1F50008E9
:10F5180067F50008AFF5000867F50008D1F50008A1
:10F5280067F5000867F5000867F5000867F5000843
:10F5380067F5000867F5000867F500087DF400081E
:10F5480067F5000867F5000867F5000867F5000823
:10F5580067F500087DF4000863464FF0000CB8F129
:10F56800000F3FF450AFF0457FF448AF44F020055A
:10F578000B68A5F16506022E40F29F80612D00F010
:10F588009C80633C102C00F29280DFE804F0189015
:10F59800909090909090909090909090909018006B
:10F5A800B046002666E74CF4207C63E763464FF0DC
:10F5B800000CB8F1000FF3D07645F2D10B68043394
:10F5C8000EF1010E0B6013E71CF0800F18BF4CF40E
:10F5D800007C4CF0800C4DE71CF4807F18BF4CF485
:10F5E800007C4CF4807C45E74FF0200C29E713F8A9
:10F5F800014B0026002CB0D0A4F1200C314DBCF1F9
:10F60800100F25FA0CF54FD815F0010526D09C46A9
:10F618000BE7A4F124030C2B9ED801A555F823F081
:10F62800B5F5000861F5000861F5000861F5000806
:10F6380061F5000861F500085DF6000861F500084D
:10F6480061F5000861F500085DF6000861F500083D
:10F658006DF4000800266346B4460BE7A4F12409BC
:10F66800AC464D460C2D3FF678AF0FF2080959F815
:10F6780025F000BFBBF5000863F5000863F5000836
:10F6880063F5000863F5000863F50008F7F500085E
:10F6980063F5000863F5000863F50008F7F500084E
:10F6A80063F500086FF400084FF0000CC9E61CF081
:10F6B800800F84D01CF4007F81D0073323F0070328
:10F6C80008337DE7892801002DE9F04F837893B04E
:10F6D80047689C07049240F134870B4683468E4660
:10F6E8000B9213F8010B002800F092860C464FF09D
:10F6F800000A05910DE01C4659460AF1010AB8476F
:10F708000028C0F26A81234613F8010B002800F094
:10F718006C812528EFD165780234252DECD04FF087
:10F728000008C1464646CDF808801F2E40D97F2ED6
:10F7380075D9A5F14C032E2B00F25B81DFE813F09D
:10F748000F0159015901590159015901590159012B
:10F7580059015901590159015901590159015901D1
:10F7680059015901590159015901590159015901C1
:10F778005901590159015901920159010F015901C2
:10F788008601590159015901590159015901590174
:10F79800B50059015901590159015901B50046F0FF
:10F7A800020614F8015B46F00406002D00F0828082
:10F7B800A5F12003102B32D801A252F823F000BF84
:10F7C800ABF7000827F8000827F8000837F9000801
:10F7D80027F8000827F8000827F80008B3F80008F9
:10F7E80027F8000827F8000827F80008A7F70008F6
:10F7F80027F8000847F9000827F8000827F8000844
:10F8080057F900087306A5F1300540F16B8109EB43
:10F81800890905EB490914F8015B002D4AD0A5F1C7
:10F828002403152B85D801A252F823F08DF800087F
:10F838003BF700083BF700083BF700083BF70008D8
:10F848003BF7000815FA00083BF700083BF70008EB
:10F858003BF7000841FA00083BF700080DF80008DC
:10F868000DF800080DF800080DF800080DF800085C
:10F878000DF800080DF800080DF800080DF800084C
:10F888000DF80008B8F1000F00F02181049B720602
:10F898000B9300F13581029A0BA90598FFF7A4FD97
:10F8A8000B9B1A1D1B680B92029314F8015B002D29
:10F8B8007FF43BAF202303950693B8F1000F06D0E1
:10F8C800049B42460BA905980B93FFF78DFDB9F1F0
:10F8D800000F04DA26F040064FF00009B6B2039B89
:10F8E800002B00F0DA80ED4306F0400205F020031B
:10F8F80007930B9B073323F0070303F108010B91D0
:10F90800D3E90001069B612B00F04B81002A40F0EF
:10F918000E81652B00F07C84662B4FF0060900F001
:10F928005D834B4600226525039208950EE114F885
:10F93800015B46F01006002D7FF43AAFBAE714F8E1
:10F94800015B46F00806002D7FF432AFB2E714F8E9
:10F95800015B46F00106002D7FF42AAFAAE714F8F0
:10F96800015B46F42076002D7FF4E3AEA2E72D2557
:10F97800029B042B00F37C820023029328465946FD
:10F98800B84700280AF1010A27DB9DF834301D0723
:10F9980040F14D83AE4E3546DDF81C8003E0C0B221
:10F9A800B847002819DBA94615F8013B5946A3EBCF
:10F9B8000800002BF3D1AAEB0606B144029DCA4603
:10F9C8004D44A5EB0A0359462020002B7FF79BAE38
:10F9D800B84700280AF1010AF3DA9BF802304FF021
:10F9E800FF3A43F004038BF80230504613B0BDE8E9
:10F9F800F08F45F02002A2F165030692612A18BF34
:10FA0800022B94BF01230023039356E7B8F1000F9C
:10FA18007FF44BAF0B9B750653F8042B0B937FD4E5
:10FA2800002AC0F2548314F8015B46F02006002D2A
:10FA380000F056830292F2E67006D6D414F8015B01
:10FA480046F04006002D7FF4EAAE33E7330614F89B
:10FA5800015B48BF46F4007646F08006002D7FF42F
:10FA680068AE27E7F50514F8015B48BF46F4007651
:10FA780046F48076002D7FF45CAE1BE7002B00F087
:10FA880074811A46049B0BA905980B93C146FFF78E
:10FA9800ABFC2023CDF808800693A5F16303122B55
:10FAA80000F25F81DFE813F08D0270015D015D01F6
:10FAB8005D015D0170015D015D015D015D015D013B
:10FAC800970245025D015D011A025D01880214F882
:10FAD800015B4646029B002DD0D0C146CDF8088078
:10FAE800984665E6029B46F0200603EB830305EB88
:10FAF8004303029314F8015B002D7FF490AED9E61E
:10FB08004A460BA90598FFF76FFC0B9B14F8015B9D
:10FB18001A1DD3F800900B92002D7FF408AEC9E6A9
:10FB280014F8015B002D00F0DB82914677E6652B27
:10FB380000F06483662B00F0518219F0FF0340F057
:10FB480004851A46652503930123089501920DF152
:10FB58003008039A0092424600F01EFE0C9AC3B287
:10FB68000221069302F109030391122B35D89DF85F
:10FB7800343013F0010503F00C0C3CD1B00760D40D
:10FB880016F0040040F08A81BCF1000F39D0029AC7
:10FB9800032A40F31283033A029232073FF5F7AE85
:10FBA8006BE1079B46F4C0560DF130080093002A1C
:10FBB80000F0CC804B46424601F00AFC431CDBB205
:10FBC8004B45069380F2CA8070230C9A0121089352
:10FBD80002F109030391122BC9D902F16303C62B61
:10FBE8002CD902F2E73140F2CE73994240F25D819E
:10FBF80004210391BBE7BCF1000F7FF4B8AE4FF0CE
:10FC08002D0C16F4405F00F06D82B50440F197802A
:10FC180022EAE2730133BCF1000F1BD1B9F1000FE6
:10FC280000F0518109F101010B440299994200F356
:10FC3800CB823005CDF808C026D43CE002210391E0
:10FC480095E7BCF1000F00F026812B2590E600BF58
:10FC5800BC300108591CB9F1000F00F0298109F1E5
:10FC680001030B440299994200F355830023029340
:10FC7800604659460992B84700280AF1010A099ACC
:10FC8800FFF6ABAE350513D5594630200992B84773
:10FC98000028FFF6A2AE079B59460AF1020AC3F1F3
:10FCA800780000F0F800B8470028099AFFF695AEEA
:10FCB800300740F1F882B10400F1C68259469DF838
:10FCC80035000992B8470028FFF687AEB9F1000F52
:10FCD800099A00F32F83F50600F152830AF101090E
:10FCE80006925946DDE90723981AC0B2B84700289A
:10FCF800FFF673AE069A002AC0F23F832B205946BE
:10FD08000692B8470028FFF668AE039B069A042BB4
:10FD180000F01782032B09F1020900F02682012B5B
:10FD280040F0368202F13000594609F10109C0B2AB
:10FD3800B8470028BFF642AE4FE60EF1FF3916F479
:10FD4800006F14BF052303230B4464E74FF0FF3310
:10FD5800424601F03DFB431CDBB2069303F1FF3939
:10FD680032E7069B782B00F0798359462520B8475F
:10FD78000028FFF632AE28465946B8470028FFF655
:10FD88002CAE0AF1020ABEE432060B9B40F1148342
:10FD9800B00540F1A483073323F0070303F10802F9
:10FDA800D3E900030B9226F01008002B1FFA88F203
:10FDB8000392C0F2418350EA030140F0458406F003
:10FDC80040037006069303D5B9F1000F00F0E482F2
:10FDD800002001460DF130080A234246FFF7DCFAFD
:10FDE800069AA0EB0803002A00F0DC82039A4B4530
:10FDF8001E4622F00108B8BF4E461FFA88F2039249
:10FE0800039A40F206410A4202F0080000F0AC846E
:10FE180006F10108002800F02683029AA2EB0802E6
:10FE2800029206935946039B0AF1010513F0020F4B
:10FE380014BF2B20202013F4806F18BF2D20B84743
:10FE48000028069BFFF6C9AD994540F3128409EBDB
:10FE5800050A1E46AAEB030A02E0554500F0C580D4
:10FE680059463020B847002805F10105F5DAB4E510
:10FE7800043B360702933FF581AD029E564402E0EB
:10FE8800B24500F0468359462020B84700280AF1B9
:10FE9800010AF5DAA1E54FF02B0CB2E6BCF1000F30
:10FEA80040F0AD824FF0200CABE6032103915EE6F3
:10FEB800F00640F1E68202330299994200F32B8260
:10FEC800CDF80890D4E6F10640F1E68201330299B4
:10FED800994200F37981CDF80890D3E60B9B1A1D5F
:10FEE8000B921A68002A00F0F88216F0400F1046AC
:10FEF800039214BF49464FF0FF3101F057FA039AB5
:10FF08008046029B3007194600F19A80984580F098
:10FF180097801D461646994603E0984580F08980EB
:10FF28001D4659462020B847002805F1FF33F4DA6A
:10FF380053E546F010061023782516F0800C0B9A2E
:10FF480068D016F4007100F03B81073222F00702F6
:10FF580002F108010B91D2E9000106F04002039278
:10FF680050EA010240F0868006F040021AB1B9F169
:10FF7800000F00F019820DF13008002000214246E0
:10FF8800FFF70AFA06F04002A0EB0803002A00F087
:10FF9800438126F017024B4592B2039280F24582C4
:10FFA800002D40F0A882350740F1AE83029A5546ED
:10FFB800A2EB090202924AE726F010060A23B6B21B
:10FFC800BBE70B9B4FF001080CAA191D1B680B918E
:10FFD8008DF8303095E708230025AEE7662546F40E
:10FFE80000564A4611230895B0E533460DF130080E
:08FFF80008EB0306354605E0A5
:020000040801F1
:1000000015F8010DB8470028FFF6EBACA845594696
:10001000F6D106EB0A03A3EB0809D3E4111D10681F
:100020000B9116F480719CD016F4007100F0F281EF
:10003000C0B2614695E7BD4EB1E40AF1010A32460D
:100040001946CA44AAEB050A029402EB08051646B3
:100050001446894605E014F8010BB8470028FFF65E
:10006000C0ACAC425946F6D14946AAEB0603A146BC
:10007000029CA1EB080299440292A3E40DF130081E
:100080004246FFF78DF906F04002A0EB0803002A74
:1000900040F0C58126F00602F10692B2039240F1CB
:1000A000C380039A02F00802002D40F0188103F18A
:1000B0000108002A00F03982029AA2EB080202929B
:1000C000594630200393B84700280AF10105039BE5
:1000D000BFF6BEAE85E4534214F8015B46F0280635
:1000E0000293002D7FF49FAB002542E6B9F1000F8B
:1000F000069B14BFCE464FF0010E002B00F0B682D7
:10010000581D404403E013F0FF0500F07F8110F814
:10011000019D1D46013BB9F1300FF4D09946EBB279
:1001200006937245B4BF01230023101DB8BF0023FE
:1001300016F0100000F04D81002B3FF402AE46F4A3
:100140000056531CAEEB030966E5794D5946039200
:1001500009F10309A5FB0235AD0905F13000C0B274
:10016000B8470028FFF63DAC4FF47A73039A03FBBF
:100170001522704D5946039209F10109A5FB02357C
:100180006D0905F13000C0B2B8470028FFF629AC70
:100190006423039A03FB1522674D5946039209F124
:1001A0000109A5FB0235ED0805F13000C0B2B847E2
:1001B0000028FFF616AC05EB8505039AA2EB450275
:1001C000B4E50290FFF7E7BB101D0B901068C8E67E
:1001D000CB1A16F0090F02937FF458AD1D46554413
:1001E000099402925446C246E04602E0AC4200F056
:1001F000598259462020B847002804F10104F5DA55
:10020000FFF7EFBB09F10103DBB2112B28BF11236C
:1002100046F48056FFF78ABB07234FF00609F7E73D
:1002200026F0160292B2039212F0080200F09681B4
:10023000029A5546D21A02920AE63105E14600F1C9
:10024000258216F0080FCDF808C01E463FF437ADE2
:10025000C9F1000322EAE275914607960393531D04
:10026000069E5B1B06949844A9EB0502039B013D87
:100270003020964259460AF1010488BF98F80000E0
:10028000AB4200F31781B847002808F10108FFF6D8
:10029000A8AB6B1C01D0A246E6E759462E20B84712
:1002A00000280AF10204FFF69CABA246DCE7029BA1
:1002B000002B3FF404AD029D43460292A0465544F4
:1002C00054469A4602E0AC4200F0C48059463020C1
:1002D000B847002804F10104F5DAFFF782BB03F107
:1002E0000208002A00F07281029AA2EB0802029230
:1002F000594630200393B8470028FFF672AB039BA2
:10030000002D00F01F81284659460393B847002866
:100310000AF10205039BBFF69BADFFF762BBCB1A48
:1003200016F0090F02937FF4A7AC57E7B830010825
:10033000D34D62101F85EB51CDCCCCCC59462E202D
:10034000B8470028FFF64DAB099A0126069D09948F
:100350000692AE4208EB06024FF030005946B8BF95
:1003600050793446B847002806F10106FFF639AB4C
:100370004E45EEDD25460AF10209069A099CA9447C
:10038000B2E452422D20BEE459462E200692B847D0
:1003900000280AF10209069ABFF6A6ACFFF721BBB6
:1003A00026F011081FFA88F3039300231E462BE55D
:1003B00016F0080300F0168100230DF130081BE64B
:1003C0001A1DF1051B680B9200F192801846DB178D
:1003D000EDE4002B3FF4B7ACAA4246F40053C0F260
:1003E0004981BCF1000F00F01981911C029D8D42E2
:1003F00040F33781691A029116F009011E4600F098
:100400006F81814638E42025FFF7B6BA4FF0FF39F7
:10041000069586E680B2A4E58246FFF7EABA26F0A2
:1004200007024B4592B20392C0F26981F1063FF593
:1004300038AE320740F15781029AD21A0292DBE5B8
:1004400042F480624042039206F0400263EB4301B3
:100450000692C3E45346A2464446029A98460023B5
:1004600002932CE4C5F1780343F0100369E512F020
:10047000010F029A7DD09045A2EB080180F2E68040
:1004800001EB030901460291CFE4029B8B427FF707
:100490001BAD5B1A16F0090F02937FF4EDAB9DE6DE
:1004A000029999423FF794AE3505CDF808903FF593
:1004B000EFAB04E4A146DDE90646B8470028FFF6A5
:1004C00090AAF6067FF57EAA01357FF47BAA5946ED
:1004D0002E20B84700280AF10209BFF673AAFFF7D9
:1004E00080BAAE4A05E5186804330B93C3175EE47F
:1004F000B20540F1A68058B243F3C01357E4494611
:1005000002F0080082B2002800F02681029A5546C7
:10051000A2EB0902894602929AE4002D7FF430AAE8
:100520009DF834300295FFF736BA039AD6076ED598
:1005300002998845A1EB080280F2908003EB020942
:100540000295D5E60AF1010582E44FF0FF3AFFF784
:1005500050BA112B28BF1123FFF7E8B90399C90737
:1005600040F18F8002988342A0EB030148DB0291A7
:1005700042E5904580F2A38026460695029C4546BA
:10058000079302E0A24209DA154659462020B847EF
:10059000002805F10102F5DAFFF723BA02990AF102
:1005A000010A34462E468A1AAAEB080A0292B2447D
:1005B000039AD606DDE906533FF59AAE40F20642AD
:1005C000039911427FF431AC554641E4039A12F08D
:1005D000010F029A5FD09045A2EB08010FDB99460C
:1005E000029185E6029A002A40F3B38026F01708AC
:1005F00099461FFA88F3C84603934B46BCE710227E
:1006000003EB0109002A67D00022029270E6029AE9
:100610009045B1DBA2EB0802029251E5511C029811
:1006200088427FF70AAE411A16F0090F02914FD0A7
:10063000300549D416F0080FE1461E467FF408AE97
:1006400039E618B243F3C033FFF7B1BB99461AE756
:10065000194606F040030693FFF7C0BB9946029285
:1006600046E681461E460290FFF706BB1D464FF048
:10067000FF3956E51E46AE4663E5AA460DF1300841
:10068000BAE4029A93427CDA984675E71E46CDF8A2
:100690000890FFF7FDBA9045FFF66EAFA2EB080297
:1006A000029225E6C446029AD046A246099CBCF1B5
:1006B000000F7FF4DFAACDF808C0FFF7E7BAA2EB7E
:1006C00008020292FFF7B1BB1E46E146FFF7E0BA0F
:1006D0001E46E1460D4682E555460292FFF7B8BB3D
:1006E0008946029D7BE59846029A9045FFF644AF05
:1006F000029A5546A2EB08020292FFF7A9BB55B930
:1007000026F0170836071FFA88F203923FF552AC1D
:10071000C8460025E8E7F00604D4039A494602F0EB
:100720000800EFE6320709F102083FF5DDAD029A55
:100730009045FFF621AF03935946029B3020A3EB6F
:1007400008030293B8470028039BBFF6DCADFFF710
:1007500048B90DF130084FE40398C0070BD5029853
:100760008145A0EB0901FFF64BAF0DF13008FEE625
:100770004946B146C6E6029A914507DAC846894617
:10078000FAE6D21A55460292FFF762BBA2EB0902C3
:10079000554689460292FFF75BBB00BFC030010897
:1007A0002DE9F04F9BB0C1F3130504460B92CA0F1D
:1007B0000E939DF890300C9240EA05020D93C1F320
:1007C0000A53002B08BF002A0CBF012200220A9204
:1007D00000F00181080D40F2FF718B4200F0ED80C6
:1007E00004F001021192002B40F00281AB000127BE
:1007F00040F23446DFF89C8543EA947306970593EC
:10080000A300049330460DF1580B00F059FCC71BB0
:10081000F61B07EB0803079730460F9300F058FCD0
:100820000346594630467D3BA7EB030A00F07AFCAD
:10083000241912ABAAF141086D41204600932946C4
:10084000DDE9162300F076FD14AB06460F46204680
:1008500029460093DDE9182300F06CFD0022CDF855
:100860000080DDE91243041951EB0305149B16992E
:1008700028BF0122D218159B43F100037018179965
:10088000149247EB0101B0421593B941DDE918011B
:1008900034BF4FF0010C4FF0000C201845EB010164
:1008A0001CEB000041F10001A04271EB050C34BFCC
:1008B0004FF0010C4FF0000C1CEB020243F100035F
:1008C00000F050FD039116998146DDF864C008914F
:1008D000DDE917E1DDE91423099106990293002966
:1008E00040F01F82B019AAF14001009147EB0701C7
:1008F000231945EB050AB04271EB070634BF012608
:1009000000269E19089B4AF100079842099B71EB4B
:100910000E0134BF01200020301A67F10001C01A17
:10092000029B61EB0C0192185B41A64277EB050C30
:1009300034BF4FF0010C4FF0000C12EB0C0243F1EE
:100940000003864277EB010634BF01260026921B86
:1009500063F1000300F006FD82460291204629461D
:10096000CDF80080DDE9142300F0FCFC079B044671
:100970000D46012B40F254833E2B1E4600F20881A7
:100980004FF0FF33A6F12002C6F1200003FA02F275
:1009900003FA06F123FA00F00B461143049A0143CF
:1009A00022EA0302059B23EA01031A434FF00003E6
:1009B000069308BF01230593EDE00C9B25434FF000
:1009C00000000B9A14BF43F0080343F004031371B3
:1009D0001BB0BDE8F08F0C9B30210B9C012043F035
:1009E000020200236171227123601BB0BDE8F08F09
:1009F00054EA050240F2FE7245F48015A3F2354830
:100A000000EA020014BF01220022002808BF42F0C1
:100A10000102271906924FEA850245EB0506B8F157
:100A2000000F42EA947205924FEA84020492C0F2E7
:100A30001F8340460DF1580B00F03AFBB8F1030F4D
:100A4000C8BF0138044607900F9000F041FBA4EBAB
:100A5000080800F17C035946204603EB080A00F021
:100A6000E1FB12AB384631460093DDE9162300F076
:100A700061FC14AB04460D46384631460093DDE96F
:100A8000182300F057FC0A9ADDE912638719AAF1CE
:100A9000410651EB0308149B169928BF01220896C2
:100AA0000096D218159B43F1000360181799149211
:100AB00045EB0101A0421593A941DDE9180134BFBE
:100AC00001260026381848EB0101301841F10001D9
:100AD000B84271EB080634BF01260026B21843F174
:100AE000000300F03FFCDDF864E003918146DDE99E
:100AF0001432DDE917610292169A0992069A002AC9
:100B000040F0F18014EB040CAAF1400245EB050023
:100B10000092FA1948EB080AA44570EB0505099DF7
:100B200034BF0124002412194AF10004AC45B0413D
:100B3000029E34BF01200020101A64F10005401A03
:100B400065EB0E01DB187641BA4274EB080534BF41
:100B5000012500255D1946F10003824274EB010274
:100B600034BF01220022AA1A63F1000300F0FAFB4D
:100B700082460291089B384641460093DDE91423E2
:100B800000F0F0FB079B04460D46152B40F2208237
:100B90000023CDE905330D9B002B00F0D8810A2CF2
:100BA00075F10003C0F06E820A230022012091003B
:100BB00001309E0041EA9371F31842EB0102DB1809
:100BC00052419C4275EB0201F1D20F9B259AC3184A
:100BD0001344D20F9342B8BF13460E9A9342A8BF54
:100BE00013460993B3FA83F04FF0000E03994009BE
:100BF000CDF810E010904846CDE9079E644A4FF0CA
:100C0000CC33CDF800B000F095FB169F179B5046F3
:100C1000FF0802994FEAD3085D4A47EA4377CDF8C7
:100C200000B04FF0CC3300F085FB169E179BF60802
:100C30004FEAD30946EA4376BE4279EB08031ED356
:100C40000A2C75F10003C0F08B800A2300220120DA
:100C50004FEA820C013099004CEA937CCB1842EBAE
:100C60000C0CDB184CEB0C0C9C4275EB0C01624637
:100C7000EED2099B984240F3558101230A932946FD
:100C80002046434A4FF0CC33CDF800B000F052FB81
:100C9000049B06EB860208990133179DBAEB420FBD
:100CA000069A0493B24602F00102169B18BF002276
:100CB0003846DB08CDF808900692059A43EA45735A
:100CC0000797ED08002914BF002202F00102CDF8B9
:100CD0000C804146059203EB8302A4EB42021C46C2
:100CE000D3B208938AE70998791A089A009268EBB8
:100CF0000E02844275EB060634BF01200020081A5C
:100D000062F10001874278EB010234BF0122002228
:100D10009A1A029B63F1000300F024FB82460291C1
:100D200028E7099BCDF80080E11A089B65EB0C0CC5
:100D30009E42029B77EB0E0034BF01200020081A70
:100D40006CF10001844275EB010634BF01260026D8
:100D5000921B63F1000300F005FB82460291FDE562
:100D6000099B002B00F3DE8054EA050385D1109B1C
:100D7000002B82D00024DDE9079E2546069B002B30
:100D800051D05B46F046A34602991C4635E000BFB1
:100D9000CDCCCCCCCCFBFFFFBB4A4FF0CC33009486
:100DA000B24600F0C7FA169B294658464FEAD309C7
:100DB000179BB54A49EA43790094DB0803934FF047
:100DC000CC3300F0B7FA059B179D3946B8F1000FF8
:100DD00014BF002303F0010302970593049B013322
:100DE0000493169BDB0843EA4573ED0803EB83028B
:100DF000ABEB42029B465FFA82F84FF0CC33A24A3B
:100E00005046009400F096FA169E179F4846F60842
:100E1000039946EA4776FF0806EB8603BAEB430FD1
:100E2000BAD0C6465C46049A0F9B1344059A9B466B
:100E3000029BBEF1050F14BF002202F001029D4289
:100E400008BF54450A9B83F0010303F0010318BF58
:100E50000023002A69D014F001017BD1002B40F05F
:100E600022810A2C75F10002C0F020811A460A2363
:100E70000021012688009F0040EA9370FB1841EB97
:100E80000001DB18304606F1010649419C4275EB32
:100E90000107EFD2099B9E4201DD002A66D1099825
:100EA0000FFA8BFEB042A8BF304600B2864400283D
:100EB0000EF1FF3E2EDD0B9B411D734A4FF0CC37E8
:100EC000194403F1050C052614EB050848F1000848
:100ED000A2FB083929F0030303EB9903A8EB0308ED
:100EE000B4EB080465F1000307FB04F502FB0355AE
:100EF000A4FB02431D4404F001036408A3FB06396C
:100F000044EAC57413EB08036D08303301F8013D62
:100F10006145D9D10B9B0C9AC3F800E01A711BB044
:100F2000BDE8F08FDDE9079E28E7BBB9BEF1040FED
:100F300094BF002201221146611845F100050A29DB
:100F40000C4675F1000392D200200126A2E70E9B09
:100F5000099347E6002BEFD04FF0050E069B119A40
:100F600083F001031A43E1D00121E5E70D9B6BB14A
:100F7000259A06EB0B0313440E9A012BB8BF0123ED
:100F80009A42A8BF1A469642099288DD05343E4926
:100F900006464FF0CC3345F100050BF1010B621909
:100FA00042F10002A1FB020727F0030000EB9700CB
:100FB000121AA41A65F1000504FB03F301FB0533C3
:100FC000A4FB01410B4464085D0844EAC37466E76E
:100FD000049E14AB2C4A009330464FF0CC33059955
:100FE00000F0A8F9149B159A9B0843EA827303EB5F
:100FF0008303B3424AD0119E049B1EBB013B059A5A
:1010000042F1FF31069A981A61F1000100F068F888
:10101000079B83428CBF00230123CDE90563BAE51A
:10102000119B13B901230593B5E519F1FF334FF077
:1010300000029946039B63F1000303930123CDE96A
:101040000532A8E5981C059B43F1000100F048F823
:10105000079B83428CBF00230123B9EB030399460E
:10106000039B63F1000303930023CDE9053392E56D
:1010700040F2354618F10107A6EB030618BF012719
:10108000FFF7C0BB0120A0E5CDCCCCCCDDE904014D
:1010900000F026F8079B83428CBF002301230593B1
:1010A0000023069377E54FF0040E57E70126F6E696
:1010B000024B03FB00F0800C704700BF413401007D
:1010C000024B03FB00F0000D704700BFFB2E0B002E
:1010D000024B03FB00F0C00C013070474F9312002D
:1010E00030B54FF0CC350E4C4FF0333C05FB00F3E0
:1010F00004FB0131A0FB043200200A449C457CEB38
:1011000002010CD3A64605FB03F1013004FB0211DA
:10111000A3FB0E320A449C457CEB0201F3D230BDA6
:10112000CDCCCCCC2DE9F04F3A4D1A233A4F87B0B5
:10113000A5FB00250E46ED0803FB150307EB05177D
:1011400053B9D7E90023C1E90023D7E90201C6E971
:10115000020107B0BDE8F08F304A02A9044602EB55
:10116000C303D3E90089D7E90223404600914946E9
:1011700000F0E0F802460B46404649469146984644
:10118000D7E9002304AF009700F0D4F8002282468C
:101190008B46DDE9047317EB090753EB080928BFF9
:1011A000012232B1029B01330293039B43F10003FE
:1011B00003932046FFF78CFF80461A2005FB00F0C2
:1011C000FFF786FFA8EB00053A464B4600955046D0
:1011D000594600F0C7F80095114B25096400844674
:1011E00053F825300A4604F01E0438464946E340C9
:1011F00003F0030313EB0C0342F10002C6E90032D3
:10120000DDE9022300F0AEF8C6E9020107B0BDE84F
:10121000F08F00BF4FECC44EF0310108C830010818
:10122000983101083F4A00F11903A2FB03232DE97D
:10123000F04FDB081A263C4F87B003FB06F60D463D
:1012400007EB031B321A0AD1DBE90023C1E90023B3
:10125000DBE90201C5E9020107B0BDE8F08F4FEA02
:10126000031A324B02A9044603EBC203D3E90089F7
:10127000DBE9022340460091494600F05BF857F84D
:101280000A200F46DBF80430013A84464046B8464F
:1012900004AF63F100034946E246009700F04AF8C4
:1012A000002281468B46DDE9047317EB0A0753EBF6
:1012B000080828BF012232B1029B01330293039B2D
:1012C00043F1000303933046FFF702FF0646204632
:1012D000FFF7FEFE361A3A46434600964846594600
:1012E00000F040F80096124B26096400844653F83B
:1012F00026300A4604F01E0438464146E34003F017
:101300000303013313EB0C0342F10002C5E9003281
:10131000DDE9022300F026F8C5E9020107B0BDE8C7
:10132000F08F00BF4FECC44E18330108C8300108DD
:10133000C03201084FF0000C70B58E4605461646C7
:10134000A0FB02016246049CEEFB06126646EEFB21
:10135000032CE3FB051692194CF10003C4E90023AA
:1013600070BD00BF10B5029CC4F1400CC4F1200E4A
:10137000E04002FA0EFE03FA0CF302FA0CFC43EA18
:101380000E03C4F1200E01FA0EFE40EA0E00A4F195
:10139000200E22FA0EFEA4F1200221FA04F421FA12
:1013A00002F243EA0E03104343EA04014CEA000050
:1013B00010BD00BF71B1034601EB000C01E06345B5
:1013C00006D01A46013311780029F8D1101A704757
:1013D000181A7047084670472DE9F0430446C1F3D8
:1013E0001305CE0F184654EA05039DF81CE0C1F31F
:1013F0000A51167156D10B1E18BF0123002951D175
:1014000000281360C0F25E810C2800F3DA811F46C9
:101410001D46C0F10D060124B600711EA6F121087B
:10142000C6F1210304FA01F104FA08F824FA03F3DF
:101430004C1848EA030848EB0809634269EB490C79
:10144000013C49F1FF393C4009EA0509A14278EB2A
:1014500009090EDBC6F1200927FA06F4203E05FA39
:1014600009F944EA090402D445FA06F63443E407CC
:1014700003D5C91945EB08050F463B4005EA0C0C9E
:101480001B0943EA0C734FEA2C1C19090C2803F0C2
:101490000F0441EA0C714FEA2C1C2CD0002C00F0F8
:1014A000148128E040F2FF73994200F08D810029F9
:1014B00000F0F780A1F2FF31002845F4801527469F
:1014C0001160C0F2F5800C28A3DD230904F00F00A1
:1014D0004FEA251C43EA0573092802DDCEF12701F6
:1014E00008443030190903F00F0441EA0C7190747C
:1014F0004FEA2C1C0D20092C02DDCEF127031C44E1
:1015000030340C284FEA11155474B8BF0C2001F088
:101510000F0445EA0C754FEA2C13092C02DDCEF1BD
:1015200027010C4430340B2814744FEA1514B8BF4B
:101530000B2005F00F0544EA03741B11092D02DD91
:10154000CEF127010D444FEA14180A2805F13005A1
:1015500004F00F0448EA0378B8BF0A201B11D573C2
:10156000092C02DDCEF127010C4430340928947394
:101570004FEA1814B8BF092008F00F0844EA0374B2
:101580001B11B8F1090F02DDCEF12701884408F1E3
:101590003008082882F80D804FEA1418B8BF0820D8
:1015A00004F00F0448EA03781B11092C02DDCEF188
:1015B00027010C443034072814734FEA1814B8BFBD
:1015C000072008F00F0844EA03741B11B8F1090F53
:1015D00002DDCEF1270188442109062808F13008F0
:1015E00004F00F0441EA0371B8BF06201B1182F812
:1015F0000B80092C02DDCEF127052C444FEA11188F
:10160000052804F1300401F00F0148EA0378B8BF5F
:1016100005201B119472092902DDCEF12704214413
:101620004FEA1814042801F1300108F00F08B8BF80
:10163000042044EA03744FEA23195172B8F1090FE8
:1016400002DDCEF1270398442109032808F1300870
:1016500004F00F04B8BF032041EA09714FEA2913CF
:1016600082F80880092C02DDCEF127052C440D09F3
:10167000022804F1300401F00F01B8BF022045EA4E
:101680000375D471092902DDCEF1270E71440128BA
:1016900001F13001B8BF0120917130355571BDE8BD
:1016A000F083A1F2FE31002827461160BFF60BAF90
:1016B000230914F00F004FEA251C43EA05737FF459
:1016C0000BAFE2E6184619469C460D0911F00F04CF
:1016D0004FEA2C1745EA0C753B467FF41EAF0B28EA
:1016E0003FF41BAF0C0A15F00F054FEA2C2644EA15
:1016F0000C6433467FF422AF0A283FF41FAF4FEA51
:10170000113814F00F044FEA2C3548EA0C582B46D8
:101710007FF426AF09283FF423AF0C0C18F00F0814
:101720004FEA2C4344EA0C447FF42BAF08283FF4E3
:1017300028AF4FEA115814F00F044FEA2C5348EA2F
:101740000C387FF432AF07283FF42FAF0C0E18F09F
:101750000F084FEA2C6344EA0C247FF437AF0628C5
:101760003FF434AF090F14F00F044FEA2C7341EA31
:101770000C117FF43EAF05283FF43BAF11F00F0191
:10178000E0464FEAEC737FF446AF04283FF443AFE2
:101790001CF00F083C4699467FF450AF03283FF4F5
:1017A0004DAF17F00F0431467FF45CAF02283FF4D1
:1017B00059AF16F00F017FF465AFC3077FF56DAF2A
:1017C00060E79C4618468CE625434FF0000014BFA6
:1017D00046F0080646F004061671BDE8F08300BF27
:1017E000D1E90432934202D05A1C0A611870704742
:1017F000000000005265636F726465722073746F3D
:101800007070656420696E207854726163654572FA
:10181000726F72282E2E2E29210000002357465267
:1018200000000000556E6B6E6F776E206572726FF0
:101830007220636F64653A20307825303858000094
:101840004578636565646564205452435F43464749
:101850005F454E5452595F534C4F545300000000A3
:101860004578636565646564205452435F43464729
:101870005F454E5452595F53594D424F4C5F4D4155
:10188000585F4C454E475448000000004576656E51
:10189000742073697A6520657863656564656400A2
:1018A0005452435F53545245414D5F504F52545F21
:1018B000524541445F444154412072657475726ED3
:1018C0006564206572726F72000000005452435FBD
:1018D00053545245414D5F504F52545F57524954F3
:1018E000455F444154412072657475726E65642091
:1018F0006572726F72000000426C6F636B696E6795
:1019000020696E20785472616365456E61626C6512
:10191000000000004E6F20736C6F7473206C65665E
:101920007420696E20537461636B204D6F6E69740F
:101930006F720000496E76616C6964206576656E31
:101940007420636F64650000457863656564656451
:1019500020495352206E657374696E670000000061
:10196000445754206E6F7420737570706F72746575
:10197000640000004457545F435943434E54206E63
:101980006F7420737570706F72746564000000006E
:10199000436F756C64206E6F74206372656174654B
:1019A00020547A4374726C004153534552543A2088
:1019B000257320282564290053797374656D2048A8
:1019C00065617000547A4374726C0000000000007E
:1019D00000000000446562756720436F6E736F6C92
:1019E0006500000044656661756C7400467265654B
:1019F00052544F53000000002444554D4D595F444C
:101A000045564943455F4944000000002444554D74
:101A10004D595F53455353494F4E5F4944000000B1
:101A20007844666D496E697469616C697A652045B0
:101A300072726F72202D20707844666D44617461FB
:101A4000206973204E554C4C0A000000257300009D
:101A50007844666D496E697469616C697A65204580
:101A600072726F72202D2078476574556E6971759A
:101A70006553657373696F6E494420697320300A3A
:101A8000000000007844666D496E697469616C6994
:101A90007A65204572726F72202D207847657444F4
:101AA00065766963654E616D6520697320300A0053
:101AB0007844666D496E697469616C697A65204520
:101AC00072726F72202D207844666D53657373694E
:101AD0006F6E496E697469616C697A6520666169C7
:101AE0006C65642E0A0000007844666D496E697466
:101AF00069616C697A65204572726F72202D207859
:101B000044666D4B65726E656C506F7274496E6998
:101B10007469616C697A65206661696C65642E0A16
:101B2000000000007844666D496E697469616C69F3
:101B30007A65204572726F72202D207844666D415F
:101B40006C657274496E697469616C697A65206646
:101B500061696C65642E0A007844666D496E69742B
:101B600069616C697A65204572726F72202D2078E8
:101B700044666D456E747279496E697469616C6909
:101B80007A65206661696C65642E0A007844666D2A
:101B9000496E697469616C697A65204572726F7209
:101BA000202D207844666D436C6F7564496E6974AE
:101BB00069616C697A65206661696C65642E0A00EA
:101BC0007844666D496E697469616C697A6520450F
:101BD00072726F72202D207844666D53746F72613B
:101BE0006765496E697469616C697A6520666169C7
:101BF0006C65642E0A0000007844666D416C657265
:101C000074496E697469616C697A65204572726F96
:101C100072202D2070784275666665722069732087
:101C20004E554C4C0A000000257300004275696C4B
:101C3000642D4D332D537461636B313238000000D5
:101C400070727644666D416C657274496E69746930
:101C5000616C697A65204572726F72202D207078F0
:101C600044666D416C6572744461746120697320CF
:101C70004E554C4C0A00000070727644666D416C03
:101C8000657274496E697469616C697A6520457220
:101C9000726F72202D207078416C657274206973A8
:101CA000204E554C4C0A000070727644666D416CB3
:101CB000657274496E697469616C697A65204572F0
:101CC000726F72202D20737A4669726D776172652A
:101CD00056657273696F6E206973204E554C4C0ABD
:101CE000000000007844666D546573745365745247
:101CF00065766973696F6E204572726F72202D2050
:101D0000707844666D416C657274446174612069D9
:101D100073204E554C4C0A007844666D54657374BC
:101D20005365745265766973696F6E204572726F80
:101D300072202D207078416C657274206973204E7A
:101D4000554C4C0A000000007844666D546573746D
:101D50005365745265766973696F6E204572726F50
:101D600072202D20737A4669726D776172655665AF
:101D70007273696F6E206973204E554C4C0A0000D7
:101D800025732061742025733A2575000A44464D59
:101D900020416C6572743A20000000002573000039
:101DA0000A000000414C45525400000044464D3AA0
:101DB0002052657374617274696E672E2E2E0A0A42
:101DC0000A000000636F726564756D705F656E6414
:101DD000000000004661756C74206578636570745E
:101DE000696F6E2C20434653523A203078253038A4
:101DF00058000000202044464D3A2053746F726909
:101E00006E672074686520616C6572742E0A00002C
:101E1000202044464D3A204E6F7420796574206925
:101E20006E697469616C697A65642E20416C6572B3
:101E3000742069676E6F7265642E0A0064666D5F58
:101E400074726163652E7073667300000A44464DB8
:101E50003A204572726F722C20756344617461423E
:101E60007566666572206E6F74206C61726765209E
:101E7000656E6F756768210A0A00000044464D3A96
:101E8000204552524F522C20737461636B206F7641
:101E90006572666C6F7720696E2043726173684368
:101EA0006174636865722C2073656520636F6D6D66
:101EB000656E7420696E2064666D43726173684359
:101EC0006174636865722E630A0A000044464D3AE5
:101ED000205761726E696E672C206D656D6F727927
:101EE00020726567696F6E2073697A652069732057
:101EF0007A65726F210A0A000A44464D3A204572FB
:101F0000726F722C20756E68616E646C65642063FC
:101F1000617365210A0A0000747261702E646D702D
:101F2000000000006661756C742E646D7000000026
:101F300044464D3A204572726F722C207844666D8B
:101F4000416C6572744164645061796C6F616420A6
:101F50006661696C65642E0A0000000044464D3AD3
:101F6000207844666D416C657274456E64206661CC
:101F7000696C65642E0A0000537461636B20636FA3
:101F80007272757074696F6E00000000433A2F73AF
:101F900072632F44656D6F735265706F2F5A657051
:101FA00068797244656D6F2F6D6F64756C65732D04
:101FB00073746167696E672F6D6F64756C65732FDD
:101FC00064656275672F706572636570696F2F4411
:101FD000464D2F64666D4372617368436174636834
:101FE00065722E63000000004275696C642D4D33EC
:101FF0002D537461636B3132380000005461736B90
:10200000202573206578656375746564206D6F7233
:1020100065207468616E20657870656374656420FE
:10202000282575202525292E0A0000005461736B90
:10203000202573206578656375746564206C65730D
:1020400073207468616E20657870656374656420C0
:10205000282575202525292E0A0000005461736B60
:102060004D6F6E69746F7220616C6572742C2054B0
:1020700061736B2025732C20435055206C6F616475
:102080002025752025252C20756E6B6E6F776E20B0
:10209000726561736F6E2E0A00000000414C45525C
:1020A0005400000064666D5F74726163652E707326
:1020B0006673000044464D3A207844666D416C6575
:1020C0007274456E64206661696C65642E0A000056
:1020D0002573000020253032580000005B5B20444F
:1020E0004154413A0000000025730000205D5D0A64
:1020F000000000000A5B5B20446576416C657274E9
:10210000204461746120426567696E73205D5D0AD9
:10211000000000005B5B20446576416C65727420B2
:102120004461746120456E6465642E204368656374
:102130006B73756D3A202564205D5D0A0000000018
:1021400050415353000000004641494C000000003C
:1021500044464D543A434845434B3A25733A257318
:102160003A25730A000000003130323400000000CC
:1021700054524143455F494E495449414C495A459F
:10218000440000004841524E4553530054524143CD
:10219000455F5354415254454400000044464D208D
:1021A000546573747300000054524143455F4348C3
:1021B000414E4E454C5F5245474953544552454464
:1021C00000000000554E4B4E4F574E0044464D54B4
:1021D0003A4841524E4553535F4641494C3A257364
:1021E0003A494E5445525255505445443A706861EC
:1021F00073653D25753A726561736F6E3D25750A8D
:1022000000000000454E440044464D543A524553A8
:10221000554D45443A25753A25730A0044464D54B8
:102220003A52455455524E45443A25733A737461B7
:10223000727475703A697073723D25753A636F6E8A
:1022400074726F6C3D307825780A0000544852450E
:1022500041445F4D4F4445004D53505F53454C45FD
:10226000435445440000000044464D543A52454210
:102270004F4F545F45585045435445443A25733AAF
:10228000737461727475700A000000006D335F73BF
:102290007461636B3132380044464D543A535549AA
:1022A00054455F424547494E3A25733A25303878C0
:1022B0000A00000044464D543A4841524E4553539B
:1022C0005F4641494C3A53544154453A494E44457E
:1022D000585F4F55545F4F465F52414E47453A2530
:1022E000750A000044464D543A424F4F543A257304
:1022F0003A253038783A70686173653D25753A69DA
:102300006E6465783D25753A7265626F6F74733DD2
:1023100025750A0044464D543A53554954455F4388
:102320004F4D504C4554453A25733A253038780A7C
:102330000000000044464D543A424547494E3A2574
:10234000733A25750A000000542575204245474917
:102350004E00000064666D006661756C74000000DC
:1023600044464D543A5245424F4F545F45585045AC
:10237000435445443A25733A25730A0044464D5464
:102380003A4841524E4553535F4641494C3A2573B2
:102390003A45585045435445445F52455354415281
:1023A000545F52455455524E45443A25640A000044
:1023B00044464D543A52455455524E45443A25737D
:1023C0003A25640A00000000636F726564756D70E1
:1023D0005F656E6400000000426F6F74696E672075
:1023E000506572636570696F204672656552544F1F
:1023F000532044464D2074657374206861726E6585
:102400007373206F6E2051454D55206D7073322DC2
:10241000616E3338350A000044464D543A48415203
:102420004E4553535F4641494C3A424F4F543A54FC
:10243000524143455F494E495449414C495A450A26
:102440000000000044464D543A4841524E45535313
:102450005F4641494C3A424F4F543A44464D5F49DA
:102460004E495449414C495A450A000044464D548E
:102470003A4841524E4553535F4641494C3A424FC8
:102480004F543A54524143455F53544152540A0009
:1024900044464D54657374730000000044464D5427
:1024A0003A4841524E4553535F4641494C3A424F98
:1024B0004F543A5441534B5F4352454154450A00EF
:1024C00044464D543A4841524E4553535F46414964
:1024D0004C3A424F4F543A5343484544554C455269
:1024E0005F52455455524E45440A000050415353E3
:1024F000000000004641494C0000000044464D5495
:102500003A434845434B3A25733A25733A25730AB3
:102510000000000054657374203130323400000034
:10252000433A2F7372632F44656D6F735265706FFA
:102530002F44656D6F2D4672656552544F532D5172
:10254000454D552F64666D5F74657374732F737298
:10255000632F746573745F63616C6C5F636861693A
:102560006E732E630000000054313032342050412D
:1025700054482073657276696365202D3E2074721D
:1025800061705F736974650054313032342050419A
:102590005448207075626C69635F617069202D3EDC
:1025A0002073657276696365000000005431303233
:1025B0003420415247532061303D25750000000012
:1025C000543130323420415247532061353D257516
:1025D0000000000054657374203130303200000078
:1025E00054313030322050415448207075626C694B
:1025F000635F617069202D3E20696E6C696E655F56
:102600007772617070657200543130303220504101
:10261000544820696E6C696E655F77726170706591
:1026200072202D3E20747261705F6C6561660000DF
:1026300054313030322041524753206D6F64653D34
:1026400025750000543130303220415247532073F9
:1026500063616C61723D25750000000054313030BB
:10266000322044415441206E616D653D7430322DFD
:102670006E616D65000000005431303032204441FD
:102680005441207461673D313000000054313030D6
:1026900032204441544120636F756E743D323000E6
:1026A0005431303032204441544120656E61626CB7
:1026B00065643D31000000007430322D6E616D653F
:1026C0000000000054657374203130303300000086
:1026D000543130303320415247532072303D313035
:1026E00000000000543130303320415247532072F3
:1026F000313D32300000000054313030332041523F
:1027000047532072323D33300000000054313030E6
:102710003320415247532072333D343000000000D3
:102720005431303033205041544820746573745F05
:10273000746872656164202D3E20747261705F61FF
:10274000745F656E74727900546573742031303033
:102750003400000054313030342044415441206969
:102760006E7075743D3430303000000054313030BC
:102770003420444154412065787065637465645F1A
:1027800072657475726E3D343430340054313030BB
:102790003420504154482063616C6C6572202D3E9A
:1027A00020747261705F6265666F72655F726574D6
:1027B00075726E0043414C4C45525F434F4E544935
:1027C0004E5545445F4F4E43450000003130303494
:1027D000000000005431303037412050415448202F
:1027E0006C6566745F70617468202D3E207368614B
:1027F0007265645F6572726F725F68616E646C654A
:10280000720000005465737420313030374100008D
:102810005431303037422050415448207269676843
:10282000745F696E6E6572202D3E207368617265FB
:10283000645F6572726F725F68616E646C6572006E
:102840005465737420313030374200005452414394
:10285000455F524553554D454400000031303037F7
:102860004100000054313030374120726574757278
:102870006E65642074726163655F656E61626C652C
:10288000643D257500000000313030374200000003
:1028900054657374203130313100000054313031CF
:1028A0003120504154482063616C6C6261636B5FFE
:1028B00068616E646C6572202D3E20747261705F79
:1028C0007369746500000000543130313120444197
:1028D00054412063616C6C6261636B2076616C753E
:1028E000653D25750000000054657374203130315A
:1028F00032000000543130313220415247532073AE
:1029000063616C61723D2575000000005431303107
:1029100032204152475320736D616C6C3D25750028
:102920005431303132204441544120776964653D4F
:1029300035303030303030303030000054313031CC
:10294000322050415448206C617267655F66726145
:102950006D65202D3E207369785F6172677300009A
:102960007431322D746578740000000054313031B8
:1029700032205041544820736D616C6C5F66726107
:102980006D65202D3E206C617267655F6672616DBA
:102990006500000050415353000000004641494C7F
:1029A0000000000044464D543A434845434B3A2505
:1029B000733A25733A25730A000000005465737456
:1029C0002031303130000000433A2F7372632F44BE
:1029D000656D6F735265706F2F44656D6F2D467214
:1029E000656552544F532D51454D552F64666D5FAB
:1029F00074657374732F7372632F746573745F637C
:102A00006F6E74657874732E6300000044464D54F5
:102A10003A535441525455505F454E5445523A3101
:102A20003030353A697073723D25753A636F6E7454
:102A3000726F6C3D307825780A000000546573741D
:102A400020313030350000005431303036412043E1
:102A500054582048616E646C657220495053523D51
:102A60002575000054657374203130303641000004
:102A70005431303036422052455455524E2066690A
:102A800072737420747261703B20495053523D251B
:102A90007500000048414E444C45525F4D4F44453F
:102AA0000000000031303036000000004953525F12
:102AB00052455455524E454400000000546573740D
:102AC000203130303642000054657374203130308C
:102AD0003800000054657374203130303900000034
:102AE000543130303920444154412076616C756551
:102AF0003D25750054313030392050415448207400
:102B0000696D65722D6461656D6F6E202D3E207359
:102B10006572766963650000574F524B5F535542AB
:102B20004D49545445440000313030390000000014
:102B3000574F524B5F434F4D504C45544544000056
:102B4000545241505F52455455524E454400000086
:102B50005465737420313031350000005431303108
:102B600036412043545820495053523D25750000AA
:102B70005431303136412043545820434F4E545243
:102B80004F4C3D2530385800546573742031303136
:102B90003641000054313031364120414354494FD1
:102BA0004E2073776974636820505350202D3E2067
:102BB0004D53500054313031364220524554555215
:102BC0004E20747261705F43544C3D25303858007C
:102BD0005431303136422052455455524E206E6F9A
:102BE000775F43544C3D25303858000054485245D7
:102BF00041445F4D4F444500313031360000000004
:102C00004D53505F53454C4543544544000000002C
:102C10005053505F524553544F52454400000000FA
:102C200054657374203130313642000054313032F3
:102C30003120444154412063757272656E745F7037
:102C400072696F3D256400005431303231204441B7
:102C5000544120686967685F7072696F3D25640040
:102C600054313032314869676800000054313032E5
:102C70003141205354415445206869676820746885
:102C8000726561642072656164793B207363686575
:102C900064756C6572206C6F636B65640000000086
:102CA0005465737420313032314100005431303278
:102CB00031412052455455524E20686967685F7211
:102CC000616E3D2575000000543130323142205094
:102CD0004F535420686967685F72616E3D257500C7
:102CE00054313032314220504F535420776169744F
:102CF0003D256400484947485F5448524541445F78
:102D00004352454154454400313032310000000007
:102D10004F555445525F4C4F434B5F5052455345BE
:102D20005256454400000000484947485F54485205
:102D30004541445F52414E5F41465445525F554EB6
:102D40004C4F434B00000000546573742031303207
:102D5000314200005431303235204641554C542028
:102D600064656C6962657261746520756E64656620
:102D7000696E656420696E737472756374696F6ED1
:102D800000000000464154414C3A204672656552AD
:102D9000544F5320616C6C6F636174696F6E206671
:102DA00061696C65640A0000464154414C3A2073E5
:102DB0007461636B206F766572666C6F7720696EE5
:102DC0002025730A00000000464154414C3A20611E
:102DD0007373657274696F6E2061742025733A2570
:102DE0006C750A00433A2F7372632F44656D6F73DD
:102DF0005265706F2F44656D6F2D46726565525434
:102E00004F532D51454D552F74686972645F706141
:102E10007274792F4672656552544F532D4B65720B
:102E20006E656C2F71756575652E6300000000007E
:102E3000433A2F7372632F44656D6F735265706FE1
:102E40002F44656D6F2D4672656552544F532D5159
:102E5000454D552F74686972645F70617274792F83
:102E60004672656552544F532D4B65726E656C2FDB
:102E70007461736B732E630049444C45000000007D
:102E8000546D722053766300433A2F7372632F445C
:102E9000656D6F735265706F2F44656D6F2D46724F
:102EA000656552544F532D51454D552F74686972C5
:102EB000645F70617274792F4672656552544F5326
:102EC0002D4B65726E656C2F74696D6572732E6320
:102ED00000000000546D725100000000433A2F734F
:102EE00072632F44656D6F735265706F2F44656D0B
:102EF0006F2D4672656552544F532D51454D552FD8
:102F000074686972645F70617274792F4672656566
:102F100052544F532D4B65726E656C2F706F7274E7
:102F200061626C652F4743432F41524D5F434D33E0
:102F3000335F4E545A2F6E6F6E5F736563757265A3
:102F40002F706F72742E6300433A2F7372632F4495
:102F5000656D6F735265706F2F44656D6F2D46728E
:102F6000656552544F532D51454D552F7468697204
:102F7000645F70617274792F4672656552544F5365
:102F80002D4B65726E656C2F706F727461626C652B
:102F90002F4D656D4D616E672F686561705F342ED2
:102FA00063000000000050006343030000000C00B9
:102FB00068210108000400000000000009720008F8
:102FC000580000200000000000000000010203047F
:102FD000060708090000000001020304006CDC027F
:102FE00000366E010024F400001BB70000093D000C
:102FF00080841E0060E3160040420F0000E02E00B7
:103000000070170000A00F0000B80B00801A060027
:10301000400D0300F0490200A086010000000242BA
:103020000100000000000242030000000000024214
:1030300006000000000402420100000000040242F9
:103040000A0000000008024202000000000C0242D8
:103050000D000000000C02420200000000080242C5
:103060000A000000000402420000000000080242C2
:103070000C000000000402420300000000040242B1
:103080000400000000100242000000000010024294
:1030900002000000001002420300000001000200D4
:1030A0000400060008000A000C0010002000400088
:1030B0008000000108000000696E66006E616E000D
:1030C000286E756C6C2900000100000000000000F3
:1030D00005000000000000001900000000000000D2
:1030E0007D000000000000007102000000000000F0
:1030F000350C000000000000093D00000000000049
:103100002D31010000000000E1F505000000000085
:1031100065CD1D0000000000F902950000000000D0
:10312000DD0EE90200000000514A8D0E0000000093
:103130009573C24800000000E941CC6B010000001B
:103140008D49FD1A07000000C16FF28623000000C0
:10315000C52EBCA2B1000000D9E9AC2D7803000057
:103160003D9160E45811000031D6E275BC56000074
:10317000F52E6E4DAEB10100C9EA268367780800CE
:10318000ED95C28F055A2A00A1EDCCCE1BC2D3000B
:1031900025A4000A8BCA22040000000000000000E1
:1031A000000000000000000000000040955969592F
:1031B000555554551555555604051541105455404F
:1031C00045515544404550445055554500400040F8
:1031D0004004449665555655454045545141154067
:1031E000559155555555405105010000000000000E
:1031F00000000000000000000000000000000010BF
:103200000000000000000000B9340332B7F4AD1430
:1032100010DB1AB30892540E0D307D951447BA1A7C
:1032200066088F4D26ADC66DF598BF85E2B745118E
:10323000CA96853D92BD1DEBFCA11860DCEF5216CD
:103240003C92AE220BB8C1B4839D2D5B0562DA1CA3
:10325000304C7E8F4E8BB25B16F4529F8B56A5126C
:10326000FBD4827643ED8AF08FE7F93115651918A2
:1032700050F19BD94A13EEB4284CF0A686C1251F05
:10328000035FC270CB9E4916E642889C44EB201433
:10329000B0650836AD6EA58585F0CA14E2FD031A47
:1032A0000B899979D5B13D09D8DA973A35EBCF102A
:1032B000AC363F5E73BB38CF3E6752FA44AFBA15A7
:1032C000544554544555050400100410140440009E
:1032D0000000014055551541540400004400010010
:1032E00000000040410000445044455054005555F2
:1032F00054556551004000400100000100050100E7
:1033000011545151545555050015415000000440C9
:103310001001040500000000010000000000000092
:103320000000000000000020345065C05FC9A652B4
:10333000BB13CBAEC440C21806C8DF7100D5A87C51
:10334000F56F0FDA58FC27136E4756357D2420653C
:1033500002C7E768E48CA41DE9E60268D7CD3961AD
:103360007977FCC2405BEF16798CDE43FFA751F9F9
:1033700091F3B278F5BDBE11E857E9D6E8BEE87B17
:10338000B054AC8F848D751BEA23A499E9F9D38BD3
:10339000B7A3714061DA3E15CEE33ECB73F948081E
:1033A0008C97B427D51B7010A2BFEFB9EB853215EF
:1033B0004DB44DB49BBB6F1996B6076CF8E7EEADF4
:1033C00036D9B4F59135AE13222218AF4E6A684D46
:1033D00091DAAA3D4F40741E9FBD9EE006A1C098A1
:1033E00057C2A7FDA40E90170E7D497173E3208F7D
:1033F000B220D87605143B12853D7434811343B056
:08340000AD297A5F27F4351CA9
:083408003CCFFE7F0100000033
:10341000C43B0020FFFFFFFF000000000000000091
:10342000FFFFFFFF00000000EFBEADDEFFFFFFFF6C
:10343000FFFFFFFF01000000FFFFFFFFFFFFFFFF97
:1034400001000000FFFFFFFFFFFFFFFF0100000082
:10345000FFFFFFFFFFFFFFFF0100000000ED00E0A6
:1034600028ED00E088ED00E000000200C5780008CB
:10347000000000000000000000093D0010000000F6
:04000005080078F582
:00000001FF
