:020000040800F2
:1000000000000C20D5470008C1020008C10200080A
:10001000C1020008C1020008C1020008C14700086F
:10002000000000000000000000000000C18F000878
:100030002548000800000000658F0008058D0008B5
:1000400025480008254800082548000825480008DC
:1000500025480008254800082548000825480008CC
:10006000254800082548000825480008C54700081D
:1000700025480008254800082548000825480008AC
:10008000254800082548000825480008254800089C
:10009000254800082548000825480008254800088C
:1000A000254800082548000825480008254800087C
:1000B000254800082548000825480008254800086C
:1000C000254800082548000825480008254800085C
:1000D000254800082548000825480008254800084C
:1000E000254800082548000825480008254800083C
:1000F000254800082548000825480008254800082C
:10010000254800082548000825480008254800081B
:10011000254800082548000825480008254800080B
:1001200025480008254800082548000825480008FB
:1001300025480008254800082548000825480008EB
:1001400025480008254800082548000825480008DB
:1001500025480008254800082548000825480008CB
:1001600025480008254800082548000825480008BB
:1001700025480008254800082548000825480008AB
:10018000254800082548000825480008254800089B
:10019000254800082548000825480008254800088B
:1001A000254800082548000825480008254800087B
:1001B000254800082548000825480008254800086B
:1001C000254800082548000825480008254800085B
:1001D000254800082548000825480008254800084B
:1001E000254800082548000825480008254800083B
:1001F000254800082548000825480008254800082B
:10020000254800082548000825480008254800081A
:10021000254800082548000825480008254800080A
:1002200025480008254800082548000825480008FA
:080230002548000825480008DC
:1002380088B01E4801680091416801918168029167
:10024800C168039101690491CDF814E07146A1F1E8
:10025800040121F001010691EFF3038141F080715F
:1002680007911349C1F800D0EFF3038343F080737B
:10027800EFF30982EFF30881DFF8380085462DE9AE
:10028800FE4FEFF31481C1F340014FF6B872CFF679
:10029800FF7242EA81020B92684603F0FDFB0CB044
:1002A8000349096848698D4608B000470C49002091
:1002B80020490020F04D00202DE9005002F044FEB6
:1002C800BDE80050EFF30383EFF30982EFF30881F1
:1002D800DFF820D02DE9FE4F684603F0DDFBBDE8CE
:1002E800FE4F8D462DE9005002F04CFEBDE800504F
:1002F80070470000F04D0020F1EE101AA0EC200A23
:1003080001607047A0EC108A704700BF53B94AB922
:10031800002908BF00281CBF4FF0FF314FF0FF3005
:1003280000F06AB9ADF1080C6DE904CE00F006F8EA
:10033800DDF804E0DDE9022304B070472DE9F04759
:100348008C468E46089E154604461946002B40F0FA
:10035800D080724547D9B2FA82F74FB1C7F120036E
:100368000EFA07FCBD40BC4020FA03F343EA0C0C2C
:100378004FEA154EA8B2230CBCFBFEF80EFB18CCB6
:1003880008FB00F943EA0C43994528D9EB1808F112
:10039800FF3204D2994502D9A8F102022B44A3EBFB
:1003A8000903A4B2B3FBFEFC0EFB1C330CFB00F0EC
:1003B80044EA0344A04214D92C190CF1FF3304D2A7
:1003C800A04202D9ACF102032C44241A43EA0240A9
:1003D8001EB1FC40002334607360BDE8F0874246DC
:1003E800DDE76346F1E7002A79D0B2FA82F3002B01
:1003F8003FD01946C1F1200302FA01F500FA01F4D1
:100408002EFA03F20EFA01FE20FA03F3AFB243EA22
:100418000E034FEA154EB2FBFEFC0EFB1C201A0C15
:100428000CFB07F842EA004290455AD9AA180CF189
:10043800FF3004D2904502D9ACF102002A44A2EB65
:1004480008029BB2B2FBFEFC0EFB1C220CFB07F75A
:1004580043EA02439F4246D9EB180CF1FF3204D21B
:100468009F4202D9ACF102022B44DB1B42EA004254
:1004780002E0AEEB020301224FEA154EAFB2200CA8
:10048800B3FBFEFC0EFB1C330CFB07F840EA0343EE
:1004980098452AD9EB180CF1FF3004D2984502D9B7
:1004A800ACF102002B44A3EB0803A4B2B3FBFEFC9F
:1004B8000EFB1C330CFB07F744EA0344A74216D98A
:1004C8002C190CF1FF3304D2A74202D9ACF1020374
:1004D8002C44E41B43EA00400F46114678E71F21ED
:1004E80088E76046ABE76246BFE76046DBE76346FE
:1004F800EFE7734506D916B9002108466DE7C6E946
:10050800000EF9E7B3FA83F787B9734501D382423E
:1005180007D8841A6EEB030301209C461EB90021FC
:100528005BE73846FAE7C6E9004CF8E7C7F1200C64
:10053800BB4000FA07F422FA0CF520FA0CF1BA4095
:100548001D432EFA0CF30EFA07FE4FEA154941EA4D
:100558000E011FFA85FEB3FBF9F809FB18300B0CE6
:1005680008FB0EFA43EA00439A4540D9EB1808F114
:10057800FF3004D29A4502D9A8F102002B44A3EB1C
:100588000A0389B2B3FBF9F809FB183308FB0EFE1E
:1005980041EA03418E452CD9691808F1FF3304D28A
:1005A8008E4502D9A8F10203294443EA0040A1EB91
:1005B8000E01A0FB02984145CE46434602D306D120
:1005C8004C4504D20138B9EB020E68EB0503002E46
:1005D800A5D0B4EB0E0261EB030101FA0CFC22FA80
:1005E80007F3F9404CEA0303C6E9003197E74046B0
:1005F800C5E74346D9E70000704700BF844641EA93
:10060800000313F0030349D1403A23D30B68036076
:100618004B6843608B688360CB68C3600B69036178
:100628004B6943618B698361CB69C3610B6A036260
:100638004B6A43628B6A8362CB6AC3620B6B036348
:100648004B6B43638B6B8363CB6BC363403040312D
:10065800403ADBD230320BD30B6803604B684360FF
:100668008B688360CB68C36010301031103AF3D2C6
:100678000C3205D351F8043B40F8043B043AF9D254
:10068800043208D0D2071CBF11F8013B00F8013B27
:1006980001D30B8803806046704700BF082A13D334
:1006A8008B07B1D010F00303AED0C3F10403D21A04
:1006B800DB071CBF11F8013B00F8013BA4D331F85C
:1006C800023B20F8023B9FE7043AD9D3013A11F8DC
:1006D800013B00F8013BF9D20B7803704B7843706B
:1006E8008B7883706046704770B4840746D0541E78
:1006F800002A41D0CDB2034602E0621EE4B314469C
:1007080003F8015B9A07F8D1032C2ED9CDB245EA3C
:1007180005250F2C45EA054519D9264603F110028F
:10072800103E0F2E42F8105C42F80C5C42F8085C50
:1007380042F8045C02F11002F2D8A4F1100222F08F
:100748000F0204F00F041032032C13440DD91E4677
:100758002246043A032A46F8045BFAD8221F22F0FC
:1007680003020432134404F003042CB1C9B21C443C
:1007780003F8011BA342FBD170BC70471446034623
:10078800C2E70000064A80B5034610600020054A0B
:100798001860136800AF43F48003136080BD00BF86
:1007A80060000020EC040020084A80B50346106071
:1007B8000020074AC3E90000C3E902001861136872
:1007C80000AF43F00803136080BD00BF6400002041
:1007D800EC040020054B80B51A6800AF52F82030B1
:1007E8000B4442F82030002080BD00BF6400002088
:1007F80080B5012100AFFFF7EDFF002080BD0000AC
:10080800054B80B51B6800AF53F820208A42B8BF5B
:1008180043F82010002080BD6400002098B5184BD4
:1008280000AF1B681B0728D5164C23685A68002A96
:1008380005DD082000F084F9002223685A601A6850
:100848001C2A05DD092000F07BF9002223681A60C4
:100858009A68002A05DD0A2000F072F90022236850
:100868009A60DB68002B01DC002098BD0E2000F0A8
:1008780067F900222368DA60F6E70120F5E700BF90
:10088800EC04002064000020054B80B518600023AC
:1008980000AFC3540133382BFBD18363002080BDE4
:1008A800680000200E4B80B5382218601C23C0E970
:1008B800002303238360002300AF00F5286280F83B
:1008C8002030C0E90333C0E9053330309042F6D117
:1008D800044A0020136843F01003136080BD00BF72
:1008E8006C000020EC040020B0B5184B05461B68CE
:1008F80000AFDB060CD5EFF31084012080F31088DD
:10090800134B1A68936B2BB9FFF772FF84F31088A7
:100918000120B0BD013B9363D05C11781070FF20BB
:10092800D0543022002051430A4B01F10C021B68BD
:100938001A440B44C3E90400C3E90600DA6083F8EB
:1009480020002A6084F31088E3E700BFEC0400204D
:10095800680000206C00002030210E4B90B51B6809
:1009680002460C33C31AB3FBF1F300AFDBB2EFF36B
:100978001084012080F31088116811B984F310885D
:1009880090BD00201060044A11688A6B8B540132B4
:100998008A63F3E76C000020680000200B4BF0B579
:1009A8001A683025002300AF02F10C0C05FB03F494
:1009B8005CF80460864204D100200C3422440A60AA
:1009C800F0BD0133382BF1D10120F9E76C0000208C
:1009D800F8B5064614460D4600AF09B90C46084D51
:1009E80021460020FFF70CFF1B2C28BF1B2429469B
:1009F800621C06F11400FFF701FE0020F8BD00BFDD
:100A080042BB000880B500AF0E2825D8DFE800F00B
:100A18002622181A1C1E2012080C0E10121416007A
:100A28000F4B00200B6080BD0E4BFAE70E4BF8E72A
:100A38000E4BF6E70E4BF4E70E4BF2E70E4BF0E7E2
:100A48000E4BEEE70E4BECE70E4BEAE70E4BE8E7F2
:100A58000E4BE6E70E4BE4E70E4BE2E70120E2E738
:100A680048B7000865B700088EB70008A2B70008A5
:100A7800CBB70008F5B700080EB800082DB8000875
:100A880040B8000855B8000867B8000880B80008E2
:100A980098B80008A8B80008B0B582B01A4D1B4B2A
:100AA800296800AF1B687B604FF000038B68044621
:100AB800CBB139462046FFF7A5FF012C09D101200B
:100AC800124B1A687B685A404FF0000318D002F0A6
:100AD80073FAA31E0C2B2B680CD83968986801F0A0
:100AE80083F90020ECE70A48083101F041FB0128AE
:100AF800DFD1E4E722460749986801F0BFF9DEE74D
:100B08000837BD46B0BD00BF70000020300000208F
:100B1800C3B80008A8B80008074A80B503461060A3
:100B28000020064AC3E900009860136800AF43F04C
:100B38002003136080BD00BF70000020EC0400207B
:100B480098B50C4A00AF1268910611D50A4A431E9F
:100B580011680C6824FA03F2D20701D5002098BD69
:100B6800012202FA03F323430B60FFF795FFF5E731
:100B78000120F4E7EC04002070000020B0B5114B10
:100B880000AF1B689B0612D50F4D2B68596809B139
:100B98000020B0BD0124411E8C4019682143C3E9DF
:100BA8000010FFF779FF012803D101F0A9FA01200D
:100BB800EFE72B680549986801F016F901F0A0FAEB
:100BC800E6E700BFEC04002070000020C8B8000869
:100BD800064A80B5034610600020054A186013686D
:100BE80000AF43F04003136080BD00BF74000020D5
:100BF800EC0400202DE9F04784B0314B00AF1B68AE
:100C0800FB604FF000030023C7E901332D4B044676
:100C18001B680D46DB071CD52B4B1B685B68C3B1F3
:100C2800EFF31086012383F31088DFF8A4A0DFF820
:100C3800A480DAF800200C21136801331360D8F877
:100C480000303A1D186800F09FFD01280BD186F38B
:100C5800108801201A4B1A68FB685A404FF00003AD
:100C680029D002F0A9F9DAF80030D7F804901B6807
:100C780044F48054A9F80230A9F8004003F0B6FC07
:100C8800124B79681B68C9F804005A694868904291
:100C980038BFDA685861D8F800003CBF0132DA6022
:100CA80000680C228D6007F1080300F0DBFD86F375
:100CB80010880020CEE71037BD46BDE8F08700BF9A
:100CC80030000020EC040020F0040020A43B0020A9
:100CD80074000020A83B00202DE9F04F85B0324B6E
:100CE80000AF1B68FB604FF000030023C7E9013326
:100CF8002E4B04461B680E46DB0715461CD52C4BAD
:100D08001B685B68C3B1EFF31088012383F3108875
:100D1800DFF8A4B0DFF8A490DBF8002010211368F6
:100D280001331360D9F800303A1D186800F02CFD23
:100D380001280BD188F3108801201B4B1A68FB6827
:100D48005A404FF000032AD002F036F9DBF80030A1
:100D5800D7F804A01B6844F40054AAF80230AAF893
:100D6800004003F043FC134B79681B68CAF8040081
:100D78005A694868904238BFDA685861D9F8000063
:100D88003CBF0132DA6000681022C1E9026507F150
:100D9800080300F067FD88F310880020CDE71437BA
:100DA800BD46BDE8F08F00BF30000020EC040020F5
:100DB800F0040020A43B002074000020A83B002081
:100DC8002DE9F04F87B01D46324B00AF1B687B61A1
:100DD8004FF000030023C7E903332F4B04461B6879
:100DE8008846DB0716461DD52C4B1B685B68CBB1C4
:100DF800EFF31089012383F31088DFF8A8B0DFF838
:100E0800A8A0DBF800201421136801331360DAF876
:100E1800003007F10C02186800F0B6FC01280BD16D
:100E280089F3108801201B4B1A687B695A404FF0E0
:100E380000032AD002F0C0F8DBF80020FB68126833
:100E480044F440541C805A807B6003F0CFFB7B68DD
:100E5800F9685860124B4A681868436942619A42B7
:100E680038BFC3684FF014023CBF0133C360DAF8DF
:100E78000000C1E902860D6107F11003006800F067
:100E8800F1FC89F310880020CDE71C37BD46BDE88A
:100E9800F08F00BF30000020EC040020F004002098
:100EA800A43B002074000020A83B00202DE9F04F4F
:100EB80087B01D46334B00AF1B687B614FF00003C2
:100EC8000023C7E90333304B04461B688846DB0719
:100ED80016461DD52D4B1B685B68CBB1EFF3108907
:100EE800012383F31088DFF8ACB0DFF8ACA0DBF89F
:100EF80000201821136801331360DAF8003007F175
:100F08000C02186800F040FC01280BD189F3108806
:100F180001201C4B1A687B695A404FF000032CD003
:100F280002F04AF8DBF80020FB68126844F48044B9
:100F38001C805A807B6003F059FB7B68F968586015
:100F4800134B4A681868436942619A4238BFC368BC
:100F58004FF018023CBF0133C3603B6CDAF8000065
:100F68004B61C1E902860D6107F11003006800F0CA
:100F780079FC89F310880020CBE71C37BD46BDE813
:100F8800F08F00BF30000020EC040020F0040020A7
:100F9800A43B002074000020A83B00202DE9F04F5E
:100FA80087B0334B00AF1B687B614FF00003002311
:100FB800D41C24F0030404F10806402E0546884694
:100FC80084BF40263824C7E90333EFF3108901238F
:100FD80083F31088DFF8A0B0DFF8A0A0DBF80020CA
:100FE8003146136801331360DAF8003007F10C0258
:100FF800186800F0C9FB01280AD189F310881C4B36
:101008001A687B695A404FF000032CD001F0D4FFD6
:10101800DBF80020FB68126845EA84251D805A80A9
:101028007B6003F0E3FA7B685860124BF8681B6832
:1010380041685A690830914238BFDA6859613CBF43
:101048000132DA6041462246FFF7D8FADAF80000A2
:101058003246F96807F11003006800F003FC89F3D1
:1010680010880020CBE71C37BD46BDE8F08F00BFD5
:1010780030000020A43B002074000020A83B002082
:101088002DE9F04F87B000AF7A60374ADC1C126850
:101098007A614FF00002002224F0030404F10C03EB
:1010A800412B324B28BF34241B680546DB07884692
:1010B800C7E903221ED52E4B1B685B68D3B1EFF33B
:1010C8001089012383F310882A4BDFF8B0B0196820
:1010D800DBF800000A6804F10C0A01320A600068B3
:1010E800514607F10C0200F04FFB0128214B0BD1B0
:1010F80089F3108801201C4B1A687B695A404FF00D
:1011080000032DD001F058FF1B68211DFE681B68E5
:10111800890845EA01357380358003F067FA164B74
:1011280070601B68F8685A6941680C30914238BF92
:10113800DA6859613CBF0132DA607968224640F8C2
:10114800048CFFF75BFADBF800005246F96807F1F8
:101158001003006800F086FB89F310880020CAE7B6
:101168001C37BD46BDE8F08F30000020EC0400209D
:10117800F004002074000020A43B0020A83B0020BD
:101188002DE9F04F87B000AF7B603A4B3C6C1B6891
:101198007B614FF000030023033424F00304C7E904
:1011A800033304F11003412B334B28BF30241B6851
:1011B8000546DB07884616461ED5304B1B685B681C
:1011C800D3B1EFF31089012383F310882C4BDFF898
:1011D800B8B01968DBF800000A6804F1100A013297
:1011E8000A600068514607F10C0200F0CDFA0128A8
:1011F800234B0BD189F3108801201E4B1A687B6999
:101208005A404FF0000330D001F0D6FE1B6804F1BD
:101218000801FA681B68890845EA0135158053807A
:101228003A6003F0E3F93A68164B50601B68F868B7
:101238005A694168914238BFDA6859613CBF013246
:10124800DA6079682246C0E902861030FFF7D6F9DD
:10125800DBF800005246F96807F11003006800F057
:1012680001FB89F310880020C7E71C37BD46BDE89D
:10127800F08F00BF30000020EC040020F0040020B4
:1012880074000020A43B0020A83B00202DE9F04F6B
:1012980089B000AF9B46BB6CFA60BB603A4BFC6CF4
:1012A8001B68FB614FF000030023033424F00304A0
:1012B800C7E9053304F11403412B344B28BF2C2410
:1012C8001B680546DB070E461ED5314B1B685B685D
:1012D800D3B1EFF31088012383F310882D4BDFF887
:1012E800BCA01968DAF800000A6804F11409013290
:1012F8000A600068494607F1140200F045FA01281F
:10130800244B0BD188F3108801201F4B1A68FB6906
:101318005A404FF0000332D001F04EFE1B6804F132
:101328000C017A691B68890845EA013515805380E4
:101338007A6003F05BF97A68174B50601B6878692C
:101348005A694168914238BFDA6859613CBF013235
:10135800DA60FB682246C0E9033BB968866014304E
:10136800FFF74CF9DAF800004A46796907F11803E3
:10137800006800F077FA88F310880020C5E7243762
:10138800BD46BDE8F08F00BF30000020EC0400200F
:10139800F004002074000020A43B0020A83B00209B
:1013A8002DE9F04F89B000AF9B46FB6CFA60BB603B
:1013B8003B4B3C6D1B68FB614FF00003002303347B
:1013C80024F00304C7E9053304F11803412B354B16
:1013D80028BF28241B680546DB070E461ED5324B5E
:1013E8001B685B68D3B1EFF31088012383F310887F
:1013F8002E4BDFF8C0A01968DAF800000A6804F17B
:10140800180901320A600068494607F1140200F021
:10141800BBF90128254B0BD188F310880120204BFC
:101428001A68FB695A404FF0000334D001F0C4FD3C
:101438001B6804F110017A691B68890845EA0135BF
:10144800158053807A6003F0D1F87A68184B5060A1
:101458001B6878695A694168914238BFDA685961EE
:101468003CBF0132DA60FB682246C0E9033BBB6C33
:10147800B968866043611830FFF7C0F8DAF80000F1
:101488004A46796907F11803006800F0EBF988F318
:1014980010880020C3E72437BD46BDE8F08F00BFA1
:1014A80030000020EC040020F0040020740000202C
:1014B800A43B0020A83B00202DE9F04F87B000AFE7
:1014C8009B46BB6CFC6C7B603B4B03341B687B61AD
:1014D8004FF00003002324F00304C7E9033304F1A9
:1014E8001C03412B354B28BF24241B680546DB070A
:1014F800884616461CD5324B1B685B68C3B1EFF3B0
:101508001089012383F310882E4B04F11C0A1968F3
:101518000A6801320A602C4A5146106807F10C0229
:10152800006800F031F90128264B0BD189F31088A7
:101538000120214B1A687B695A404FF0000336D0CE
:1015480001F03AFD1B6804F11401FA681B68890868
:1015580045EA0135158053803A6003F047F83A6848
:101568001A4B50601B68F8685A694168914238BF45
:10157800DA6859613CBF0132DA603B6C224643614C
:101588007B6CC0E902867968C0F810B083611C30B2
:10159800FFF734F80C4B52461868F96807F1100346
:1015A800006800F05FF989F310880020C1E71C3754
:1015B800BD46BDE8F08F00BF30000020EC040020DD
:1015C800F004002074000020A83B0020A43B002069
:1015D8002DE9F04F87B000AF9B46FB6C3C6D7B60FC
:1015E8003C4B03341B687B614FF00003002324F05D
:1015F8000304C7E9033304F12003412B364B28BF0A
:1016080020241B680546DB07884616461CD5334B45
:101618001B685B68C3B1EFF31089012383F310885B
:101628002F4B04F1200A19680A6801320A602D4A12
:101638005146106807F10C02006800F0A5F801286F
:10164800274B0BD189F310880120224B1A687B693C
:101658005A404FF0000338D001F0AEFC1B6804F18B
:101668001801FA681B68890845EA01351580538016
:101678003A6002F0BBFF3A681B4B50601B68F86881
:101688005A694168914238BFDA6859613CBF0132F2
:10169800DA603B6C224643617B6CC0E90286836159
:1016A800BB6C7968C0F810B0C3612030FEF7A6FFA4
:1016B8000C4B52461868F96807F11003006800F0EF
:1016C800D1F889F310880020BFE71C37BD46BDE874
:1016D800F08F00BF30000020EC040020F004002050
:1016E80074000020A83B0020A43B0020038880B59C
:1016F8001B0B02339B00002000AF0B6080BD000075
:1017080090B583B00446D0E90102134B00AF1B68C3
:101718007B604FF000030023A1693B60521A90429E
:101728000CD2A36A39461844FFF7E0FF3A686368A9
:101738001344A268B3FBF2F102FB11336360064B5A
:101748001A687B685A404FF0000301D001F034FC5E
:101758000C37BD4690BD00BF3000002090B5044650
:10176800C1600020A262074AA36063611368C4E9EC
:10177800000043F08003C4E9060000AF2062136054
:1017880090BD00BFEC0400202DE9F0410D46C16872
:101798009046D0E9003201290446866800AF47D157
:1017A800934220D3F21AAA420BD9A16A19442B44B6
:1017B800B3FBF6F206FB1233C8F800100020E36111
:1017C80042E02046FFF79CFF6368043B9D42F8D83F
:1017D8002368A16AF31AA36100232360B5FBF6F31B
:1017E80006FB1353E8E7043AD21A95421CD9F31AB8
:1017F800AB420BD22046FFF783FF6368002BF9D07A
:101808002268A3689B1AA361002323602046FFF780
:1018180077FFD4E900310A1FD21A9542F6D819B9D0
:10182800A26A1A44C8F80020A16A19442B44C3E7E5
:101838009342A2F1040111D3F01A01448D4205D953
:1018480000230120C8F80030BDE8F081A842ACD8D8
:101858009542F5D8A16AA0613544BFE7C91AA942E3
:10186800E2D2EDE7054980B5096800AFC9680162B1
:10187800C169016000201A6080BD00BFA43B002040
:101888000346002080B59A68C3E90000C3E9052033
:1018980000AFD86180BD0000064B80B51860FD23FD
:1018A800054A03601368002043F4807300AF136097
:1018B80080BD00BF78000020EC040020B0B588B0DF
:1018C800104C04AF2468FC604FF00004BB603B6A16
:1018D800C7E9001202934FF000430246019300212A
:1018E8000323F220009700F0F3F8064B1A68FB6810
:1018F8005A404FF0000301D001F05EFB1037BD469F
:10190800B0BD00BF3000002080B500AF50B139B184
:1019180043689B1A43603920FFF7DEF9002080BD39
:10192800EA20F9E70120FAE70B4A80B50346106080
:1019380000204FF0FF32C3E90820084AC3E900003D
:10194800C3E90200C3E90400C3E90600136800AF55
:1019580043F48053136080BD7C000020EC04002019
:1019680080B500AF00F0F2FB4FF4FA7006F0EAFD24
:10197800F8E7000080B500AF30B1044B18600023D1
:10198800C0E90033184680BD0120FCE78000002034
:10199800B0B584B0134C04AF23681A6832B9009309
:1019A80011464FF400331048FFF788FF25686B682D
:1019B80013B10020BD46B0BD0C4A0D4902920D4A34
:1019C8000D48CDE900324FF4807206F0DFFA236843
:1019D80068605B68002BECD10620FFF7CFF8012088
:1019E800E8E700BF80000020EEB80008840000206F
:1019F80091B80008E40000206919000898B50C4661
:101A080000AF48B141B10021216006F02DFF2060F0
:101A1800B0FA80F0400998BD0120FCE780B5024B80
:101A280000AF1B68186880BD8000002098B5044688
:101A380023F003032260104600AF2C3B2C32FFF743
:101A48008DFE431E5842584198BD80B5006800AFCE
:101A5800FFF716FF002080BD2DE9F041164602462B
:101A680004460D4600F11301002052F8148B00AF14
:101A780011F801CF431CBCF1000F01D080280ED112
:101A880041460320FFF7FCFA324641462846FFF755
:101A980023F92046BD46BDE8F041FEF75DBF184674
:101AA800E6E70000094B0022002918BF0B4680B466
:101AB80000AF995C09B1802A05D11946BD465DF889
:101AC800047BFEF785BF0132F3E700BF42BB000885
:101AD8002DE9F04F85B09846384B02AF06460C46C4
:101AE80091461B687B604FF000033D6BD7F838A028
:101AF800EFF3108B012383F31088384661B3FEF7A8
:101B0800F3FE68BB3B681C6039682A1F0B4601EB73
:101B18008800834233D10B697A6B13430B61CAF88F
:101B280000108BF31088B9F1000F06D099F8003037
:101B38001BB149463868FFF7B5FFB8F1020F29D045
:101B4800B8F1030F2DD0B8F1010F1DD02146304652
:101B5800FFF750F8002006E0FEF7C6FE01280BD17B
:101B68008BF310880120154B1A687B685A404FF098
:101B780000031FD001F020FA3B681C68C4E752F844
:101B880004CF43F804CFC4E7214630462A68FFF75C
:101B9800A3F8DFE72146D5E900233046FFF710F91F
:101BA800D8E7AB68214600933046D5E90023FFF714
:101BB8007DF9CFE70C37BD46BDE8F08F3000002037
:101BC80090B589B004AF7B600D4B1B68FB604FF08C
:101BD800000307F108030293002301933B1D0093C0
:101BE8000123FFF775FF064B1A68FB685A404FF050
:101BF800000301D001F0E0F91437BD4690BD00BFE5
:101C080030000020F0B583B0134B00AF04461546F2
:101C180008461B687B604FF00003EFF31086012332
:101C280083F310883946FEF7B9FE01280AD186F3F6
:101C38001088094B1A687B685A404FF0000307D098
:101C480001F0BAF92A4621463868FFF705FFEEE7A2
:101C58000C37BD46F0BD00BF300000202DE9F04133
:101C680082B0174B00AF06460D461B687B604FF0ED
:101C78000003EFF31088012383F310883946FEF739
:101C88008DFE0128044605D13846FEF72DFE30B9F1
:101C98003B681E6029463868FFF704FF044688F34E
:101CA8001088074B1A687B685A404FF0000301D030
:101CB80001F082F920460837BD46BDE8F08100BF33
:101CC800300000202DE9F04387B006AF0D461646D8
:101CD800984601463C6A40B9DFF8E490D9F800100C
:101CE8000B6853B1D9F800301968B8F1050F09D855
:101CF800DFE808F00D16232F3E50304800F038FA80
:101D08000128EFD101200437BD46BDE8F0833346F2
:101D18002A4691200437BD46BDE8F043FFF7B0B925
:101D280022689220131D23602B463E6212680437F6
:101D3800BD46BDE8F043FFF723BA2068034653F8D1
:101D4800082B2360CDE9005643689320FFF79EFADD
:101D5800D9E7206800F10C0CD0E90023C4F800C0D2
:101D6800CDE90156806800909420FFF719FBCAE777
:101D7800206800F1100ED0F808C0D0E90023C4F89C
:101D880000E0CDE90256C068CDE900C09520FFF714
:101D980093FBB8E7206800F11408D0E90023D0E9E4
:101DA80002CEC4F80080CDE903560069CDF800C022
:101DB800CDE901E09620FFF70BFCA4E7FAB800088C
:101DC800E4040020064A80B5034610600020054A56
:101DD800C3E90000136800AF43F40043136080BDFB
:101DE800E4040020EC04002090B583B00C4B02AF53
:101DF8001B681B0412D50B4B002908BF194600238A
:101E0800CC5C5A1C0CB1802B06D100230093FFF741
:101E180059FF0437BD4690BD1346F1E70120F8E7A6
:101E2800EC04002042BB0008F0B583B0114B154606
:101E38001B6802AF1B041AD50F4B002908BF1946AF
:101E480000231C460E5D621C0EB17F2C05D900953F
:101E5800FFF738FF0437BD46F0BD252E05D18E5C4F
:101E68001EB11446252E18BF01330134EAE70120BC
:101E7800F0E700BFEC04002042BB00080EB480B5B8
:101E880083B0114B00AF1B687B604FF000030F4B12
:101E980079691B681B040ED507F118033A463B60A5
:101EA800FFF7C2FF084B1A687B685A404FF00003DF
:101EB80003D001F081F80120F4E70C37BD46BDE8F6
:101EC800804003B0704700BF30000020EC040020C1
:101ED80080B5054A054B00AF18601368002043F42D
:101EE8008023136080BD00BFEC040020E8040020BC
:101EF800F8B53E4E00AF3568002D74D102F05CFB9A
:101F08003B4C3C48C0E90055206085601430FEF722
:101F1800BBFC012801D10120F8BD206800F557500D
:101F28003030FEF72FFC0128F5D0206800F5575017
:101F3800343000F087F90128EDD02068543000F0E3
:101F48000FFA0128E7D0206800F557501830FEF73F
:101F58002BFC0128DFD0206800F557502C30FFF704
:101F68009BFC0128D7D0206800F54D500430FFF7BE
:101F7800AFFF0128CFD0206800F556500430FEF797
:101F880027FE0128C7D0206800F556500C30FFF70F
:101F980019FF0128BFD0206800F556501430FEF70D
:101FA800BBFD0128B7D0206800F556502030FFF758
:101FB800BBFC0128AFD0206800F55750103000F066
:101FC80007F90128A7D0206800F557500830FFF717
:101FD800D1FC01289FD04FF0FF322368DA603368C4
:101FE80043F001033360002096E700BFEC040020B3
:101FF800F0040020F404002090B500AFD0B10E4AE0
:102008000E4B00F11F04C0E900230D4A00F117032D
:1020180012F8011B03F8011F09B1A342F8D10023EC
:1020280040F20132C0E902324FF08172036142612D
:10203800184690BD0120FCE7004653500E00A11A37
:1020480002B900082DE9F04182B0284B00AF0546DF
:102058001B687B604FF00003FFF74AFF0128044626
:1020680009D10124214B1A687B685A404FF00003BC
:1020780036D000F0A1FFFFF78BFC0128F1D0022D2C
:1020880005D11B4B1B685B68002BEBD1FEE7012DCC
:1020980022D1174E33685B68012BE3D0154B1B68C0
:1020A8009A680AB9144A9A60EFF31088012585F3F3
:1020B800108800F0C1F9114B04221B6839461B68CF
:1020C80028463B60FEF76AFF33681A682A44C3E96A
:1020D800002588F31088C5E72C1E18BF0124C1E726
:1020E80020460837BD46BDE8F08100BF300000201B
:1020F800F0040020A43B0020000E27079C3B002092
:10210800084B80B51A6800AF52684AB1EFF31082E5
:10211800012181F3108800211B68596082F310881F
:10212800002080BDF004002080B5074B00AF1B687D
:1021380043B138B131B15433036043F2F023002086
:102148000B6080BD0120FCE7F004002080B5064B41
:1021580000AF1B68DB0705D5044B1B685B680BB138
:10216800FEF75CFB002080BDEC040020F00400209A
:10217800F0B583B0154B00AF044638460D461B68D2
:102188007B604FF00003FEF7AFFB012810D0002260
:10219800A35C561C0BB11C2A13D121463868FEF7E4
:1021A80017FC39683346224603202960FEF768FF8A
:1021B800064B1A687B685A404FF0000303D000F0C2
:1021C800FBFE3246E4E70C37BD46F0BD3000002088
:1021D800064B80B518600223054A03601368002087
:1021E80043F4801300AF136080BD00BF9C3B002008
:1021F800EC040020B0B5104B0A461B6800AFDB07A3
:1022080006D50E4C0E4B2568696819B91B6818600D
:102218000120B0BD0121A960EFF3108581F310887A
:102228001B68014618603720FEF756FD0222236816
:102238009A6085F31088ECE7EC040020F004002095
:102248009C3B0020114B90B5186000230246642483
:10225800C0E9003300AF836000F17801C2E90333BD
:10226800C2E90533C2E9074318328A42F6D1084A5F
:10227800C0E92933C0E92B33C0F8843080F88830AE
:102288001368002043F40003136090BDA03B0020B6
:10229800EC04002080B500AF20B1034B1B689860A8
:1022A800002080BD0120FCE7A03B0020F0B583B0F2
:1022B8001B4B00AF1B687B604FF0000300230546F3
:1022C8003B6002F093F9174B04461B685A69586142
:1022D80090423EBFDA680132DA60134B1B685E68D1
:1022E80058604DB901200E4B1A687B685A404FF070
:1022F800000311D000F060FE39462846FFF77EFB48
:102308000128EFD03A681368002BEBD053680020FF
:102318009B1B23445360E6E70C37BD46F0BD00BF66
:1023280030000020A43B0020A03B00200A4A80B5D2
:10233800034610604FF47A721A61012200201A6075
:10234800064AC3E901009861D8605861136800AF74
:1023580043F40013136080BDA43B0020EC0400206C
:1023680098B5044600AF08B9012098BD304B314AF2
:102378001860031D13604FF420530121C0F8DC3AA4
:1023880000F52E62FFF752FB0128EDD004F114008E
:10239800FFF732FE0128E7D004F15000FEF782FA79
:1023A8000128E1D004F13400FFF7C0FF0128DBD099
:1023B8000A2204F5405383F8E0220B2283F8E12235
:1023C8000C2283F8E2220D2283F8E322712283F89B
:1023D800E422722283F8E522732283F8E62274222B
:1023E80083F8E722F12283F8E822F22283F8E9222F
:1023F800F32283F8EA22F42283F8EB2205232372DE
:10240800062363720723A3720823E37275232373D9
:10241800762363737723A3737823E373F5232374F5
:10242800F6236374F723A374F8230020E3749CE76E
:10243800A83B0020AC3B002080B4044B00AF1868D8
:10244800BD465DF8047BFFF700BB00BFA83B00203A
:1024580098B5144600AF044A06F014FF10B1206086
:10246800002098BD0120FCE70BB9000898B5144678
:1024780000AF044A06F006FF10B12060002098BDA6
:102488000120FCE71CB90008B0B50C46054600AFB2
:1024980028B92949294806F0E3FE0120B0BD09B949
:1024A8002749F7E740F6344200212648FEF71CF991
:1024B800254B1D60254B1C60224B181D00F020FF8A
:1024C800012801D12249E5E71E4B03F1A40001F0E0
:1024D800F4F9012801D11F49DCE71A4B03F5037011
:1024E80000F028F9012801D11B49D3E7154B03F562
:1024F800787000F025FE012801D11849CAE7114B70
:1025080003F1B00000F038FA012801D11449C1E7FD
:102518000C4B03F1A80001F075F8012801D111490D
:10252800B8E701F0A1F90123064A0020136000F082
:1025380011FF0020B2E700BF2EB900085FB90008FC
:1025480062B90008383C0020343C0020303C0020B0
:102558008EB90008C4B90008FDB9000831BA0008EE
:1025680065BA000899BA000880B40449044800AF65
:10257800BD465DF8047BFFF787BF00BF59240008FC
:102588007524000880B5024B00AF186880BD00BFF5
:10259800383C00200023024690B500F1400100AF0E
:1025A80083710361C2E9053308328A42FAD1437262
:1025B80080F89C30084B002219680B4601F1C004D2
:1025C80083F81821C3E944221833A342F8D1C1F88B
:1025D800D021C0F8082190BD6C48002080B500AF1C
:1025E80001F092F8002080BD80B400AFBD465DF8D0
:1025F800047B01F04FB880B500AF00F005FA002069
:1026080080BD80B400AFBD465DF8047B00F0C8B95A
:102618002DE9F04F8BB00024DFF8149104AFD9F8FE
:102628000060424B04367960054607F110013046D8
:102638001B687B614FF000033C6100F08DFD0128B1
:1026480009D10120394B1A687B695A404FF00003C1
:1026580067D000F0B1FC3869A8470128F1D0D9F853
:102668000030D3F8D021A24201D80020EAE718228E
:1026780002FB04FA03EB0A02D2F81451621C92B26C
:10268800FA600AF58C723A6007F1100200920AF5B6
:102698008C72134430462A46F96800F099FD0128E7
:1026A80001D10134DBE738697B6898470128C8D035
:1026B8004FF4FA634FF00008013DB5FBF3F5C3464C
:1026C8000135ABB2BB60BA68D9F800309345E8D29F
:1026D80003EB0A01D1F8145107F11000A5EB080526
:1026E800B5F5FA6F28BF4FF4FA6503900BF10102B4
:1026F8001FFA82FB3A6830461344CDE90153D1F8FA
:1027080010315A4643440093BB68F96800F0C2FD93
:102718000128D8D038697B689847012891D0A84407
:10272800D1E71C37BD46BDE8F08F00BF3000002060
:102738006C480020B0B582B0044600AF38B91949DA
:10274800194806F08DFD01200837BD46B0BD174B6E
:10275800482218600023C0F8D03101237A60144A57
:1027680040F8043B62604FF47F6222810322A27228
:10277800082222737A682361E2726822A2730D4AE2
:1027880004F1570304F19F0512F8011B03F8011F18
:1027980009B1AB42F8D1FFF7FDFE074B0020C4F8A2
:1027A8000831D1E7CFBA00085FB900086C480020AB
:1027B8005044666DFDBA00086D6644502DE9F84333
:1027C80000AF80460D46164600F01AFE10B90120EB
:1027D800BDE8F883144B1C68002CF8D02368002B44
:1027E800F5D0002EF3D0002DF1D02B78002BEED0B1
:1027F80004F104094846FFF7CDFE0323C4F814800A
:10280800A37200F0A9FE0128E1D06B1E9F34673542
:1028180013F8012F04F8012F0AB1AB42F8D10020B8
:10282800C6F80090D4E700BF6C480020F8B500AFA8
:1028380004460E46154600F0E3FD58B10C4B1B68E4
:1028480043B11A6832B12CB1587B072804D9042047
:1028580000F0A6FE0120F8BD04EBC00046615A7BDB
:10286800002004EBC204A5615A7B01325A73F2E7D7
:102878006C4800202DE9F04100AF05468846164611
:102888001C4600F0BDFD38B3144B1B6823B31A680F
:1028980012B30DB3B8F1000F1ED0EEB1E4B1227837
:1028A800D2B1D3F8D051072D16D8182068431A187A
:1028B800C2E9448600F21712611E1A440F3411F857
:1028C800010F02F8010F08B1A142F8D1002001352B
:1028D800C3F8D051BDE8F0810120FBE76C48002027
:1028E800B0B500AF04460D4600F08AFD50B1064B66
:1028F8001B683BB11B682BB124B11DB100209C346F
:102908002C60B0BD0120FCE76C480020B0B500AFDA
:1029180004460D4600F074FD10B1124B1B680BB94C
:102928000120B0BD1B68002BFAD0002CF8D0002382
:10293800EA05C4F8083109D50B490C48FFF768FEC9
:1029480020B92046FFF726FE0020EAE7AB0505D5AB
:1029580007490848FFF75CFE0028F2D02046FFF739
:1029680019FEDDE76C480020FF2500080B2600084B
:10297800E5250008F125000898B5044600AF08B918
:10298800012098BD043001F043F80128F8D0034B2A
:1029980000201C6001232360F3E700BF704800207B
:1029A80090B583B0164B00AF1B687B604FF00003F7
:1029B8000023FB70134B04461B684BB90120104BD6
:1029C8001A687B685A404FF0000316D000F0F4FAFA
:1029D8001B68002BF2D000F013FD0028EED0002C6D
:1029E800ECD0F81C00F0EEFD0128E7D0FB78002BB6
:1029F800E4D0204601F014F8E1E70C37BD4690BD5D
:102A0800300000207048002090B583B0164B00AF0E
:102A18001B687B604FF000030023FB70134B0446D8
:102A28001B684BB90120104B1A687B685A404FF05D
:102A3800000316D000F0C0FA1B68002BF2D000F09B
:102A4800DFFC0028EED0002CECD0F81C00F0BAFD1A
:102A58000128E7D0FB78002BE4D0204600F0E7FF00
:102A6800E1E70C37BD4690BD3000002070480020DB
:102A780080B500AFBFF34F8F0549064BCA6802F413
:102A8800E0621343CB60BFF34F8F00BFFDE700BF89
:102A980000ED00E00400FA050FB406480099016053
:102AA80001994160029981600399C16061460161A1
:102AB8000FBC70470C49002000224FF0FF3180B551
:102AC800034B00AFC3E90012C3E902221A6180BDBB
:102AD80034000020144B2DE9F0411B68134A144EB2
:102AE8001A44B2F5967F34BF124A03F5967212481B
:102AF80000AFC6E9003206F047FB04463568D6F851
:102B0800048025F00305454508D2224628460A498F
:102B180006F078FB28B901342C4474600448BDE8F9
:102B2800F0810435EFE700BF7C4800202C01F4DF7A
:102B380000000020FCFF0B2043BB00082DE9F04FEC
:102B480087B000245C4B02AF1B68FB604FF00003AA
:102B580002685A4B5A4D1A605A4B5B4A5B4E1A60D0
:102B68005B4B80461C602B683C60A3423460C0F21B
:102B78008980A86800F082FEEB680446CDE900036E
:102B880080216B68534A544806F07CFBD5F800B0A6
:102B98000023DFF87091C9F80030504B1B68DB0741
:102BA80014D54F4B1B685B6883B10123DFF858A12C
:102BB800C9F80030DAF800301BB951464948FFF728
:102BC800D7FA4549DAF80000FFF70EF946494748B1
:102BD80006F046FB4049454806F042FB4449434855
:102BE80006F03EFB5846394A3B49FFF7E7FD002807
:102BF8005BD1384600F06AFE20213868D6F800A07C
:102C080000F04DFE012102465046FFF70FFED8F8AE
:102C1800002007213068FFF709FE2B68D6F80080EE
:102C2800002B3BDB2021204600F039FE0221024622
:102C38004046FFF7FBFD0421EA683068FFF7F6FD20
:102C4800D9F800306BB1002307F10801381DC7E936
:102C58000133FFF769FAD7E90112264B3068FFF70D
:102C680009FE2549214806F0FBFA21491F4806F0CC
:102C7800F7FA114B1A68FB685A404FF0000316D058
:102C880000F09AF94FF0E0238021D3F8283D1B4A41
:102C9800114806F0F7FA40F2014B79E74FF0E023CC
:102CA80006214046D3F8282DC8E71549DAE7143736
:102CB800BD46BDE8F08F00BF300000207C480020F2
:102CC80034000020004900208048002028490020C6
:102CD800244900200EBB0008B03B0020EC04002073
:102CE800F004002027BB00081ABB00085FB90008E1
:102CF80041BB00086EBB00087DBB000850BB000844
:102D080098BB000804490020084900202DE9F0413B
:102D180082B03D4B3D4D00AF06461B687B604FF0CF
:102D2800000328683A4B1446C31A02FB01337F2B71
:102D380013D90122374B1A60334B1A687B685A4003
:102D48004FF0000301D000F037F933493348083712
:102D5800BD46BDE8F04106F083BA314BD3F800C058
:102D6800304B9C4504D030492C4806F079FAFEE7F0
:102D780042B9254B1A687B685A404FF00003E2D1EC
:102D88002A49E3E7022914D0042923D0012932D1A2
:102D98003146FDF733FC2B6823442B601A4B1A6825
:102DA8007B685A404FF00003CDD10837BD46BDE8D7
:102DB800F0814FF0000836F81830022239463B807F
:102DC800FDF71CFC286808F101080230444528601A
:102DD800F1D1E3E74FF0000856F8283004223946CD
:102DE8003B60FDF70BFC286808F1010804304445F6
:102DF8002860F1D1D2E7044B1A687B685A404FF03B
:102E08000003A0D10A49A1E73000002000490020B2
:102E18008048002024490020C4BB00085FB900088E
:102E280040490020ED55CEACF2BB000841BC00087B
:102E38006DBC0008F0B583B0344D354E286800AF3E
:102E4800002840D0334A3168334B13EA210338BF96
:102E58001346324A126852B9314A32491268521A34
:102E6800FFF708FD18B13049304806F0F9F9304B42
:102E78001C6854B12F4B1C6814F0010405D02E4B6C
:102E88001A685368EBB1002353604FF4E061286877
:102E9800FFF73CFD18B12949244806F0E1F93368E9
:102EA800013325D03369012B13D125491F4806F07A
:102EB800D7F90023234A3B603B68934205DDFFF7BF
:102EC800D7FD1C46E1E70446E9E73B6801333B6070
:102ED800F2E71CB10122184B1B685A60FFF7ECFDA2
:102EE80001200023124A0C372B601360BD46F0BD49
:102EF80013490E4806F0B4F90023124A7B607B6838
:102F08009342DCDC7B6801337B60F8E728490020CA
:102F1800340000208CBC000895BC0008244900201F
:102F280000490020804800209FBC00085FB90008C5
:102F380004490020EC040020F0040020C8BC00086C
:102F48002DBB00083F420F0080B500AFEFF30583AB
:102F580063B9EFF31482920708D5EFF30B81074AA0
:102F6800116083F30B88BFF36F8F80BDEFF30A8284
:102F7800034B1A60002383F30A88F4E7784800209B
:102F88007448002080B500AFEFF3058353B9EFF321
:102F980014839B0706D5064B1B6883F30B88BFF386
:102FA8006F8F80BD034B1B6883F30A88F7E700BF68
:102FB800784800207448002080B500AFFFF76CFD0A
:102FC80005220C4B40F2ED111A600B4A5A600B4A6D
:102FD8009A600122C3E90312FFF7D4FA30B1FFF770
:102FE800B3FFFDF725F9FFF7CDFFFEE7FFF764FD17
:102FF800FBE700BF34000020E3BC0008F4BC000875
:103008002DE9F04F89B01646002200AFC7E901103C
:10301800D7E9155A9846D7E91393454CFB60454BB9
:10302800D4F800B01B68FB614FF00003C7E9042225
:10303800BA61B9F1000F09D101203E4B1A68FB694A
:103048005A404FF000036ED0FFF7B6FF99F8002002
:10305800002AF1D0FB68002BEED0002DECD0BAF19D
:10306800000FE9D0002EE7D04645E5D807F110005B
:1030780000F0E0F90128DFD007F1140000F07EFA33
:103088000128D9D007F1180000F01EFA0128D3D082
:10309800294B2A4A2068CBE901327A69BB68CBF808
:1030A80014204FF02012ABF80C307B683969ABF86C
:1030B8000E30BB6CABF81060ABF81C30CBF81820A6
:1030C800ABF812802022CBF820502430FDF796FA76
:1030D80020682022B9694430FDF790FA20684946F3
:1030E800BA6C6430FDF78AFABB6C206803F160069D
:1030F80004302A46F9683044FDF780FA5B462268B6
:103108009BF8070004323244505551199BF80620A9
:1031180000204A709BF805208A7013F8042FCA70A3
:10312800CAF8003089E72437BD46BDE8F08F00BFF4
:103138002C49002030000020D1D2D3D4F00F010058
:10314800034680B5012000AF1BB118600020014A7A
:10315800136080BD2C490020F0B589B000261A4BB9
:1031680006AF1B687B604FF00003184B04461B68D2
:103178000D463E604BB90120134B1A687B685A40D4
:103188004FF000031CD0FFF717FF1B68002BF2D08D
:103198000028F0D03946FFF7A3FB0128EBD04FF405
:1031A8008673CDE9024304953B6831460193682351
:1031B8000093012341F212501A46FFF721FFDBE783
:1031C8000C37BD46F0BD00BF300000202C49002060
:1031D8002DE9F04790B01C4606AF294B80460E46B5
:1031E80015460021242238461B687B624FF00003F5
:1031F800D7F848A0FDF778FA224BB9461B68002B90
:1032080037D01B68002B34D0B8F1000F31D085B30C
:103218007CB323786BB3BAF1000F2AD01A4A1B4B40
:10322800BD60C7E9002304F10F00631E07F10B021C
:1032380013F8011F02F8011F09B18342F8D1144B9A
:103248003146FB612423CDE9029310230093012327
:1032580044F218601A46CDF810A00194FFF7D0FE8A
:10326800074B1A687B6A5A404FF0000303D0FFF7F8
:10327800A3FE0120F4E72837BD46BDE8F08700BF6C
:10328800300000202C49002050446150F00F0310FA
:103298005061445090B587B00C4C06AF24689CB17F
:1032A80024688CB180B1F869049078690390386912
:1032B8000290B86901901020009048F27130FFF731
:1032C8009FFE0437BD4690BD0120FAE72C49002037
:1032D80080B50A4B00AF1B6873B11B6863B158B166
:1032E80051B1C369828A24331344C28A1344028BBE
:1032F800002013440B6080BD0120FCE72C4900200E
:1033080080B500AFF0B11049104B41604FF48071A7
:1033180001221860002301810D49C0E9032282724D
:10332800C0F89C3080F87C3080F85C3000F11302E3
:1033380011F8013B02F8013F002BF9D1012202608C
:10334800184680BD0120FCE703922871304900200F
:10335800FDBA0008F0B585B0254B00AF1B68FB60CF
:103368004FF000030023234DC7E901332B680646BD
:103378004BB901201E4B1A68FB685A404FF00003F6
:1033880032D0FFF719FE1B68002BF2D0FFF7FAF8CE
:103398000028EED02B68184C5B68A34201D10020AE
:1033A800E8E70821381D00F05BF980B97B68012B3C
:1033B8000DD1BB68114A934209D0A2F10752A2F578
:1033C8001F12012EA2F16E020BD1934206D10123E6
:1033D8000821381DC7E9013400F028F92B685C6022
:1033E800DDE79342FAD1C4E71437BD46F0BD00BF0C
:1033F8003000002030490020252715157152109300
:1034080098B50A4C00AF23680BB9002098BD1B681B
:10341800002BFAD0FFF7B6F80028F6D023685868D2
:10342800034BC31A58425841F0E700BF3049002007
:10343800252715152DE9F04182B0204B00AF1B68F8
:103448007B604FF0000300231D4E3B603368044649
:103458004BB90120194B1A687B685A404FF000039A
:1034680028D0FFF7A9FD1A68002AF2D00028F0D06A
:1034780093F87C50D5B99A7A012AEAD1114AD2F840
:103488000080B8F1000FE4D03A461F2103F17C0018
:10349800C0470128DDD0336893F87C20002AD8D0B3
:1034A8003A681F2AD5D81A4482F87C507C33002009
:1034B8002360CFE70837BD46BDE8F0813000002023
:1034C80030490020343C00202DE9F04182B01F4BE8
:1034D80000AF1B687B604FF0000300231C4E3B606D
:1034E800336804464BB90120184B1A687B685A4068
:1034F8004FF0000325D0FFF75FFD1A68002AF2D0CD
:103508000028F0D093F85C50BDB9124AD2F8008078
:10351800B8F1000FE7D03A461F2103F15C00C0471D
:103528000128E0D0336893F85C20002ADBD03A68A1
:103538001F2AD8D81A4482F85C505C3300202360D4
:10354800D2E70837BD46BDE8F08100BF3000002053
:1035580030490020303C002080B5074B00AF1B6885
:1035680043B11A6832B10020D3F89C200132C3F865
:103578009C2080BD0120FCE73049002080B5074B26
:1035880000AF1B683BB11A682AB120B1D3F89C3050
:103598000360002080BD0120FCE700BF3049002007
:1035A80080B5074B00AF1B683BB11A682AB11A698E
:1035B800012A02D11861002080BD0120FCE700BF6C
:1035C8003049002080B5064B00AF1B6833B11A683C
:1035D80022B118B15B7A0370002080BD0120FCE79E
:1035E8003049002080B5064B00AF1B6833B11A681C
:1035F80022B118B11B7A0370002080BD0120FCE7BE
:103608003049002098B500AF08B9012098BD064C94
:103618002060043000F012FA0128F6D00122236855
:1036280000201A60F2E700BF34490020B0B50B4B08
:1036380004461B680D4600AF6BB11B685BB1FFF712
:10364800DFFE40B13CB135B129462046BD46BDE854
:10365800B04000F0F7B90120B0BD00BF34490020E8
:10366800B0B50B4B04461B680D4600AF6BB11B6829
:103678005BB1FFF7C5FE40B13CB135B129462046E4
:10368800BD46BDE8B04000F0E1B90120B0BD00BFC3
:103698003449002090B583B0194B00AF1B687B609C
:1036A8004FF000030223FB70164B04461B684BB90E
:1036B8000120134B1A687B685A404FF000031CD056
:1036C800FFF77AFC1B68002BF2D0FFF799FE002861
:1036D800EED0002CECD0F81CFFF784FF0128E7D0CF
:1036E800F9780029E4D04B1E59425941204600F090
:1036F800B1F9421E50425041DBE70C37BD4690BD40
:10370800300000203449002090B583B0194B00AF39
:103718001B687B604FF000030223FB70164B0446C6
:103728001B684BB90120134B1A687B685A404FF04D
:1037380000031CD0FFF740FC1B68002BF2D0FFF7FA
:103748005FFE0028EED0002CECD0F81CFFF74AFFF3
:103758000128E7D0F9780029E4D04B1E5942594195
:10376800204600F07BF9421E50425041DBE70C37FF
:10377800BD4690BD3000002034490020B0B586B069
:103788002F4B02AF1B68FB604FF000030023826AD7
:10379800C7E90133036A041D934244D900932346C1
:1037A800284A8021284805F06DFD3A46062026491A
:1037B800FFF704F870BB254D2B681BB92946244830
:1037C800FEF7D6FC20492868FEF70EFBFEF798FCAA
:1037D80007F10801381DFEF7A7FCD7E901121D4BB8
:1037E8003868FFF747F81C2120463D6800F057F875
:1037F800012102462846FFF719F84FF4E0613868BE
:10380800FFF784F818B11449144805F029FD012080
:10381800FEF718FC0A4B1A68FB685A404FF0000381
:103828000AD0FFF7C9FB426A0093934238BF0C4A9B
:10383800234628BF0B4AB4E71037BD46B0BD00BFCA
:10384800300000204DBD0008B03B00203849002062
:1038580027BB00086EBB0008C8BC00085FB9000899
:103868007BBD0008A9BD000880B4034800AFBD4671
:103878005DF8047BFEF70EBD8537000898B500AFEC
:10388800044605F081FC28B102460138235C2F2B41
:1038980002D11444204698BD5C2BF4D1F9E780B5D9
:1038A80000AF30B10346014400201A780AB18B42B8
:1038B80000D180BD10440133F7E780B5034600AF5F
:1038C80010B10020186080BD0120FCE798B50446BF
:1038D80000AF08B9012098BD04F0DEFF0028F9D038
:1038E80004F0A8FC20600020F5E700002DE9F0476F
:1038F80086B03D4B3D4E00AF1B687B614FF0000327
:10390800336804464BB90120374B1A687B695A4023
:103918004FF0000364D0FFF74FFB0028F3D0391DA8
:10392800FFF7D6FC0128EED07B68B3F5803FEAD2DA
:103938002F49304805F094FC00252146D7F804802B
:1039480008EB040081421BD14FF000091423B9FB96
:10395800F3FAC84503FB1A9A20DCBAF1000F03D02A
:103968002549244805F07CFC2B465021234A306821
:1039780005F088FC31681F4805F072FC0020C3E799
:1039880011F8012B6A4082EA0212D2B2D30083EA0C
:10399800022383EA152383EA1215D3E70A2114F8D0
:1039A8000930174A07F1080005F06CFCBAF1000F5E
:1039B80003D114490F4805F053FC0E4807F10801DC
:1039C80005F04EFC104B09F1010903FB09F30F4AFE
:1039D800B2EBB30FBAD30849064805F041FCB5E786
:1039E8001837BD46BDE8F087300000203C4900206C
:1039F800E6BD00085FB9000836BE000812BE000820
:103A080003BE000809BE0008CDCCCCCCCCCCCC0C75
:103A180080B5024B00AF1860002080BD3C490020F3
:103A280080B400AFBD465DF8047BFFF75FBF80B48C
:103A380000AFBD465DF8047BFFF758BF80B5002096
:103A480000AF80BD80B5012000AF80BD80B50120EA
:103A580000AF80BD80B5012000AF80BD80B50120DA
:103A680000AF80BD98B5044600AF20461CB154F89D
:103A78000C3B013300D198BD08220121FFF746F91C
:103A880054F80C0C54F8082C14F8041C121AB2FB45
:103A9800F1F2FFF73BF9E8E72DE9F041A8B0C26A77
:103AA800604B00AF12F0040F1B68C7F89C304FF052
:103AB8000003D0E9003118BF0B46C7E90003D00660
:103AC8004CBF03F1200203F16802DB690021DB0926
:103AD80003F004031343FB604FF0E023B960D3F80D
:103AE800883D042603F4A003A3F5A0014B424B41F3
:103AF800BB6000234FF001084B4C3B614B4D07F175
:103B08000C002C60FFF71AF8042201214848FFF73F
:103B1800FDF80422012107F10800FFF7F7F8102249
:103B280001217868FFF7F2F83868202201210C306B
:103B3800FFF7ECF87868042201211030FFF7E6F867
:103B48000422012107F10C00FFF7E0F878680C2245
:103B580001211430FFF7DAF80C2201213868FFF749
:103B6800D5F8BB68DA0718D53B68DB6ADB0650D4A2
:103B780007F15400FCF7C6FB79684022203107F1B1
:103B88001400FCF73BFD7B681B6EC7F89430842259
:103B9800012107F11400FFF7B9F8FEF79BFFFFF7C3
:103BA80061FF4FF0E023D3F8003D03F47023B3F531
:103BB800402F0ED01F4B07F114007B611433BB61FB
:103BC8004FF0FF333E77C7E9083387F82880FFF7BF
:103BD80049FF2B68A34208D0174B0422012107F1A3
:103BE8009800C7F89830FFF791F8FFF723F90028F5
:103BF80084D03B691BB17A68936902339361094B9E
:103C08001A68D7F89C305A404FF0000306D0FFF7E7
:103C1800D3F907F11400FCF76FFBB8E7A037BD46EE
:103C2800BDE8F08130000020ED55CEAC40490020C1
:103C380070C4000828ED00E0ACCE55ED90B41346F2
:103C4800054C064A00AF002908BF22460146044831
:103C5800BD4690BC05F004BB40BE00083BBE000852
:103C680045BE0008F8B5044685690F4940680F4EFF
:103C78002A46002808BF314663690D4800AF05F0A1
:103C8800EFFA062D03D063680BB9012363600023A4
:103C980001222046C4E90232C4E90533BD46BDE825
:103CA800F84000F00BBA00BF5ABE000862BE000818
:103CB80067BE0008B0B58EB0894B02AF1B68FB62C7
:103CC8004FF00003874B07F11C0203F10805144667
:103CD80018685968083303C4AB422246F7D11868FC
:103CE8001B7920603846237100F0A4F920BB7E4878
:103CF80000F026FA384600F09DF93A687B497C487E
:103D080005F0AEFAFB68082B07D13A68774979487D
:103D180005F0A6FA002004F091F9774B7968774A04
:103D2800002918BF1A46FB68023B052B20D8DFE89C
:103D380003F08A1F815014867968012903D97048D5
:103D480005F08EFAD3E73B696E48CDE90013674961
:103D5800FB683A6805F084FAD4E7B9686A4805F060
:103D68007FFA00210123C7E90213384600F0A6F9BB
:103D7800664C2368DA076BD5654B1B685B68002BBC
:103D880072D064496448FEF7F3F9B0FA80F1634AE7
:103D980063484909FFF752FF5E4D7C68002C6ED0DE
:103DA800082300243846C7E9024300F087F93A6837
:103DB8004E49504805F054FA204604F03FF9484B64
:103DC8001A68FB6A5A404FF0000300F08580FFF73D
:103DD800F3F841BBBC68B4F57F7F24D1D7E905234C
:103DE8004649504805F03CFA79694F4AB1FA81F1E1
:103DF80042484909FFF722FF397E4C4AC1F3400186
:103E080081F001013D4801F00101FFF717FF7B68D0
:103E18003A49394A0133002B08BF0A463A48214635
:103E28007B6005F01DFA00230122C7E90533C7E9C5
:103E380002329AE74FF0FF337B610423BB613846B7
:103E4800FFF710FF94E74FF0FF337B610223F5E79C
:103E5800FEF74EF8B0FA80F1354A31484909FFF7C4
:103E6800EDFE2368DB0787D40120FEF7EBF8B0FAF4
:103E780080F1304A2A484909FFF7E0FE81E72246E7
:103E88001E492D4805F0ECF94FF47F722B4928683C
:103E9800FDF7F4FF4FF47F73BB6002233846FB60E5
:103EA800C7E9054400F00AF9144800F097FA1349E5
:103EB8000246234805F0D4F97B6838460133C7E940
:103EC80001340123C7E90544FB6000F0F7F84FF41B
:103ED800967004F037FB60E73037BD46B0BD00BFD1
:103EE8003000002043BB00089FFBB392A0BE00082F
:103EF800B2BE00082BBF00089CBE000862BE0008C6
:103F0800CCBE0008FBBE000848BF0008EC04002037
:103F1800F0040020508E0020CCBF0008D6BF000857
:103F2800B6BF00085CBF00088BBF000897BF000839
:103F3800A4BF0008BEBF0008EFBF000801C000080A
:103F48000BC0000880B5024B00AF186880BD00BFE9
:103F5800508E002090B585B0194804AF05F080F95F
:103F680000F064F9FDF7C4FF38B1164805F078F998
:103F78004FF0FF300437BD4690BDFEF7F5FA08B1A3
:103F88001148F3E70120FEF75DF8044608B10F4831
:103F9800ECE700F099F90E4B4FF4805202930D4B69
:103FA8000D49019303230D480093234603F0EEFFC8
:103FB80008B90B48DAE704F0BBF80A48D6E700BFAF
:103FC80020C000085FC0000888C00008AFC0000813
:103FD800F08D0020F04D0020D3C00008BD3C000843
:103FE800DCC0000800C1000890B589B0104B00AFD4
:103FF800044638461B68FB614FF0000300F01AF8CE
:1040080048B1FB68082B06D0C7E9054307233846A3
:10401800FB6000F053F8064B1A68FB695A404FF0F2
:10402800000301D0FEF7C8FF2437BD4690BD00BF8E
:10403800300000201D4B2DE9F04FD3F800B0D3F825
:1040480004A0D3F80890D3F80CE0D3F810C05E6948
:104058009A69DD691C6A596AD3F82880144B00AF45
:104068009B4520D1BAF1020F1DD1124B99451AD1A7
:10407800531E072B17D88EEA010383EA0C037340FB
:104088005340DFF834906B40634083EA0909C84520
:1040980009D1C0E900ECC0E90262C0E904548161B9
:1040A8000120BDE8F08F0020FBE700BFA89E02209A
:1040B8004D465444D0BDE2D67A8A8A3B0346D0E9BD
:1040C80000C09A692DE9F043D3E90265D3E90441B8
:1040D8008CEA0203434073406B406340DFF854E0CE
:1040E8004B4000AF83EA0E0EEFF3108872B64FF024
:1040F80000090F4BC3F82890DFF83C90C3F80090F4
:104108004FF00209C3F80490DFF83090C3F8089024
:10411800C3F80CC018615E619D61DC6119625A6266
:10412800C3F828E0B8F1000F00D162B6BDE8F0830B
:10413800A89E02207A8A8A3B4D465444D0BDE2D6D6
:1041480090B589B00E4B00AF182204460021381DE7
:104158001B68FB614FF00003FCF7C6FA01233846E1
:10416800FB603C60FFF7AAFF054B1A68FB695A40E1
:104178004FF0000301D0FEF71FFF2437BD4690BD66
:104188003000002090B589B0114B00AF1B68FB616F
:104198004FF00003002304463846FB60FFF74AFF50
:1041A80050B1FB68032B07D1BB68A34204D1042399
:1041B8003846FB60FFF782FF054B1A68FB695A40D7
:1041C8004FF0000301D0FEF7F7FE2437BD4690BD3F
:1041D80030000020F0B589B0134B00AF1B68FB61BD
:1041E8004FF000030023064638460D461446FB6090
:1041F800FFF720FF60B1FB68042B09D1BB68B3420D
:1042080006D105233846C7E90554FB60FFF756FF7A
:10421800054B1A68FB695A404FF0000301D0FEF7BE
:10422800CBFE2437BD46F0BD30000020F0B589B084
:10423800214B00AF38461B68FB614FF00003FFF7C6
:10424800F9FE48B3FB68032B26D140F2F233BC6871
:104258009C4221D12046FFF795FFEFF30585EFF348
:104268001486FEF719FC154B154A15215A60154A94
:104278001C609A600122C3E90312FEF783F9A0B11A
:10428800FEF762FEFBF7D4FFFEF77CFE32462946B6
:1042980040F2F230FFF79EFF074B1A68FB695A405D
:1042A8004FF0000304D0FEF787FEFEF705FCEDE7AC
:1042B8002437BD46F0BD00BF300000203400002088
:1042C8002BC1000835C10008F0B589B0234B00AFF9
:1042D80038461B68FB614FF00003FFF7ABFE70B375
:1042E800FB68032B2BD140F2ED33BC689C4226D1EE
:1042F8002046FFF747FFEFF30585EFF314861848CC
:104308003246294604F0ACFFFEF7C6FB154B164AA9
:104318002A215A60154A1C609A600022C3E90312D8
:10432800FEF730F9A0B1FEF70FFEFBF781FFFEF7AD
:1043380029FE3246294640F2ED30FFF74BFF074B86
:104348001A68FB695A404FF0000304D0FEF734FEA8
:10435800FEF7B2FBEDE72437BD46F0BD3000002084
:1043680077C1000834000020A5C1000835C1000845
:1043780098B500AFEFF30583124C2360FFF7E2FD19
:1043880022681149FDF77AFDFEF786FB40F2EE320E
:104398000E4B37211A600E4A5A600E4A9A60002264
:1043A800C3E90312FEF7EEF848B1FEF7CDFDFBF7BF
:1043B8003FFFFEF7E7FD0122074B1A7098BDFEF795
:1043C8007BFBF8E7588E0020AFC1000834000020BE
:1043D800CAC1000835C10008548E0020B0B500AF2E
:1043E800FEF75AFB4FF47F731A4C712123601A4B66
:1043F8001A4D63600023A560C4E90313FEF7C2F8F1
:1044080008B3FEF7A1FDFBF713FFFEF7BBFDFFF7AF
:1044180099FD1349FDF7E8FCFEF73EFB4FF47F7367
:104428002360104B7422C4E901350023C4E9032337
:10443800FEF7A8F850B1FEF787FDFBF7F9FEFEF787
:10444800A1FD0020B0BDFEF737FBE0E7FEF734FB27
:10445800F7E700BF340000204DC2000809C2000879
:1044680058C200087BC2000880B500AF00F044F8CD
:1044780000F080F9BD46BDE88040FFF76BBD000045
:1044880080B500AFBFF34F8F0549064BCA6802F4E9
:10449800E0621343CB60BFF34F8F00BFFDE700BF5F
:1044A80000ED00E00400FA0580B5002000AF80BDF3
:1044B80080B483B00F4B00AFD3F8942042F00402CD
:1044C800C3F89420D3F8942002F004023A603A68C2
:1044D800D3F8A82042F00202C3F8A820D3F8A830E5
:1044E80003F002037B607B680C37BD465DF8047BF4
:1044F80000F0B8BB000C024690B5A1B02C4B00AF41
:104508001B68FB674FF0000300F0AEF9182200218A
:10451800381DFCF7E9F86022002107F11C00FCF7C0
:10452800E3F84FF4403000F051FB00B1FEE71023F0
:104538000122FB61C7E90E2302230324C7E91532D0
:104548004FF40052C7E917420F22C7E91B33C7E9E6
:1045580019230C233864C7E91D3007F11C0000F04B
:10456800DFFD0028E2D11F23C7E90300C7E90500E2
:104578002146381DC7E9013400F060FC0028D5D178
:1045880000F006FB00F016FB4FF00062094B9A6042
:10459800BFF34F8FBFF36F8F054B1A68FB6F5A40FD
:1045A8004FF0000301D0FEF707FD8437BD4690BDEC
:1045B8003000002000ED00E00A4A80B5D2F8FC3057
:1045C80000AF43F08073C2F8FC300022064B5A60FB
:1045D8001A6842F001021A60BFF34F8FBFF36F8F62
:1045E80080BD00BF00ED00E0001000E080B5024B88
:1045F80000AF586880BD00BF001000E0044B80B5D4
:104608000360044B00AF0B604FF48073136080BDF0
:10461800BC9A0020BC960020044B80B50360044B74
:1046280000AF0B604FF40073136080BD5C960020F0
:104638005C8E002080B5054800AF04F011FE05200F
:10464800FFF7D2FC04F078FCFFF71AFF86C20008D7
:1046580080B50A4600AF0146044804F001FE012077
:10466800FFF7C2FC04F068FCFFF70AFFA3C20008CA
:1046780090B583B00D4B00AF1B687B604FF0000313
:1046880001224FF0FF33F8700446F91C084802F085
:1046980081FF064B1A687B685A404FF0000301D02F
:1046A800FEF78AFC20460C37BD4690BD300000203E
:1046B8001C9B002090B5BDB0044600AF294B1422C6
:1046C800002107F10C001B68C7F8EC304FF000031D
:1046D800FCF70AF8C822002107F12000FCF704F8CB
:1046E8002268214B9A422FD10122002307F1200092
:1046F800C7E9082301F08EFA1C4B1D48D3F8A42003
:1047080007F10C0142F48042C3F8A420D3F8A42096
:1047180002F480427A607A68D3F88C2042F0010271
:10472800C3F88C20D3F88C304FF4C06203F0010337
:10473800BB60BB680223C7E903230022C7E905233E
:104748000723FB6100F00CF9064B1A68D7F8EC3028
:104758005A404FF0000301D0FEF72EFCF437BD4657
:1047680090BD00BF3000002000380140000C024618
:10477800000002420E490F4B80B54FF4E1220B6056
:104788000023C1E901230C2200AF0846C1E9033325
:10479800C1E90523C1E90733C1E9093302F0B1FFD3
:1047A80018B9034802F0DDFF00B1FEE780BD00BF85
:1047B8001C9B002000380140FBF77EBD80B400AF91
:1047C800BD465DF8047BFFF7D3BD0000DFF834D0A9
:1047D80000F026F8002103E00B4B5B5843500431EE
:1047E8000A480B4B42189A42F6D30A4A02E00023C1
:1047F80042F8043B084B9A42F9D304F0F3FCFFF764
:1048080033FEFEE700000C20C8C8000800000020A6
:104818006000002060000020A89E0220FEE7000043
:1048280001220F4880B5D0F8883000AF43F47003F8
:10483800C0F888300B4B1A600022DA611A625A629B
:10484800196821F0A85121F4102119609A62196899
:1048580021F4802119601A654FF00063836080BDE0
:1048680000ED00E0000C024698B5032000AF00F010
:1048780027F800F05FFA0B4B0B4A1B6A03F00F0393
:10488800D35CD840094B1860042000F02DF80020B4
:10489800FFF70AFE044618B9FFF70AFE204698BD3E
:1048A8000124FBE7000C0246C0C4000858000020A1
:1048B80080B5024B00AF186880BD00BFA49B0020E4
:1048C800084980B5CA68030222F4E062120403F4BE
:1048D800E063120C134343F0BF6343F4003300AFAB
:1048E800CB6080BD00ED00E080B500AF04280AD899
:1048F800DFE800F00A18260903004FF0E0221369E8
:1049080043F00403136180BD4FF0E022136923F0E4
:1049180004031361114AD2F8E03023F44003C2F8CB
:10492800E030F0E74FF0E022136923F0040313614D
:104938000A4AD2F8E03023F4400343F48003EEE758
:104948004FF0E022136923F004031361034AD2F8FD
:10495800E03023F4400343F40003E0E7000C024690
:104968002DE9F04F864B85B000AF7B6000220346EF
:10497800844C854E04EA9024B9603C60B9680C68A0
:1049880034FA02F503D11437BD46BDE8F08F012192
:1049980001FA02FE1EEA0404FC6000F09680B96881
:1049A8004C687A4924F01005884240F093800368E7
:1049B800796823EA0E0C04F00103934043EA0C03E0
:1049C8000360D1F804C00F217B684FEADC081B683C
:1049D8000CF0070903EB8808D8F820E04FEA8909AA
:1049E80001FA09FA2EEA0A0A4FF00B0E03210EFA11
:1049F80009FE4EEA0A0EC8F820E0D3F800804FEA14
:104A08004C0901FA09FE28EA0E084FF0020E0EFAC8
:104A180009FE4EEA080EC3F800E0013D012D40F200
:104A28008580032C51D003214FEA4C0CDD6801FA34
:104A38000CFEB96825EA0E0E8D6805FA0CF545EAF4
:104A48000E05DD60E50040D50F2122F0030C0CF1C6
:104A58008C4C02F003050CF5083CED00DCF8608096
:104A680001FA05FE396828EA0E0E01FA05F5F9681B
:104A780045EA0E05CCF860506FEA010CE10248BF28
:104A8800F96835684CBF0D430CEA05053560A1028D
:104A980048BFF96875684CBF0D430CEA0505756099
:104AA800A103D6F884504ABFF9680CEA05050D43FE
:104AB800C6F88450E103D6F8805049BFFC680CEA78
:104AC80005052C432546C6F880507C680132083419
:104AD8007C6053E703214FEA420901FA09FC022DE1
:104AE8006FEA0C0C3ED122FA01FE0F2102F00708F2
:104AF8004FEA880801FA08FBB96800EB8E0EDEF869
:104B080020A009692AEA0B0A01F00F0B0BFA08FB2F
:104B18004BEA0A0BCEF820B0D3F800E005FA09F505
:104B28000EEA0C0E944645EA0E051D6003214FEA75
:104B38004C089D6801FA08FEB96825EA0E0ECD6892
:104B4800012105FA08F545EA0E059D605D6801FA40
:104B58000CFE25EA0E0E250905FA0CF545EA0E05A8
:104B68005D6060E7D3F800E00EEA0C0E04F0030C79
:104B78000CFA09FC4CEA0E0CC3F800C094464CE74A
:104B8800D0C400087F7F2F000020024600000246A4
:104B98000146074A80B5106800AF10F0010009BF50
:104BA8001368012023F004030B4308BF136080BD82
:104BB8000004034080B5044A0020136800AF43F0A6
:104BC8000103136080BD00BF000403401E4B80B585
:104BD800DA6B00AF02F44032824208D1B2F5803F6E
:104BE80082BFDA6842F48022DA60002080BDDA6889
:104BF800B0F5803F22F4E02242EA000288BF42F486
:104C08008022DA604FF47A72104B32211B68B3FBB2
:104C1800F2F34B43B3FBF2F301331A460A49C8686F
:104C2800000404D40AB90320E0E7013AF7E7002AB0
:104C3800F9D0054AD16B090403D4002BF3D0013B0A
:104C4800F8E7002BD1D1EEE7000802465800002013
:104C580080B5034B00AFD86B00F4403080BD00BF77
:104C68000008024680B5034A00AFD36A43F0010347
:104C7800D36280BD00080246B0B582B02B4D044611
:104C8800D5F8943000AF5B0718D5FFF7E1FF20F4A3
:104C98008033B3F5003F26D1B4F1805F2CBF0020EC
:104CA8000120234A136823F00F030343136013689A
:104CB80003F00F03181A18BF01201BE0D5F8943031
:104CC80043F00403C5F89430D5F8943003F0040396
:104CD8007B607B68FFF7BCFFD5F8943023F00403B2
:104CE800C5F89430D3E7B4F1805F06D2B0F5803FC1
:104CF80016D001200837BD46B0BDB4F1005F06D913
:104D080080B9B4F1405F8CBF00200120C9E7B4F13D
:104D1800805F09D1B0F5803F0CBF01200220C0E7B9
:104D28000320BEE70020BCE70120BAE7000C0246DA
:104D3800002002403D4AB0B5D36900AF13F00C0320
:104D4800916A05D00C2B3FD101F0030101293BD119
:104D58009168090254BFD2F8F4209268344954BFCC
:104D6800C2F30332120F51F82200002B5AD02F49F8
:104D7800B7EE006A8C6A8B6A8D6AC3F303238A6B69
:104D8800013307EE903AC2F3CC03C5F30012534344
:104D980006EE903A04F00304022CB8EEE77AFAEE35
:104DA800E96A1FD0032C1DD04B6BC3F3080307EE31
:104DB800903AF8EEE77A77EEA67A06EE900A77EE62
:104DC800867AB8EE666A1AE0D26902F00C02042A02
:104DD80006D0082B27D000200C2B23D10020C6E7B3
:104DE8001448F9E74B6BC3F3080307EE903AF8EE63
:104DF800E77A77EEA67A77EE867A9FED0F6A0B4B05
:104E0800C6EE076A5B6B67EEA67AC3F306630133E7
:104E180007EE103AB8EEC77AC7EE876AFCEEE67A74
:104E280017EE900AB0BD0348FCE700BF000C02462D
:104E380078C400080024F4000024744B2DE9F043E2
:104E480083B00D46044600AF20B901200C37BD469B
:104E5800BDE8F0839A4A136803F00F038B426FD3BF
:104E68002368DE0678D418070DD5964920690A6AA2
:104E7800120902F07002904281BF0A6A22F4E062CD
:104E880042EA00120A6259070BD58E49E0680A6A9D
:104E980002F07002904281BF0A6A22F07002024357
:104EA8000A629A070BD58749A0680A6A02F00F02BE
:104EB800904281BF0A6A22F00F0202430A62DE07AB
:104EC80057D42268900700F1E1807D490B6803F010
:104ED8000F03AB4200F2E780500700F1FD80110795
:104EE8000DD5784920690B6A1B0903F070039842B5
:104EF8003FBF0B6A23F4E06343EA00130B62D30657
:104F08000BD5704A6169536A03F0700399423FBF39
:104F1800536A23F070030B435362FFF70BFF694B8F
:104F2800694A1B6A0C3703F00F03D35CD840674B00
:104F38001860674B1868BD46BDE8F043FFF7B4BA80
:104F4800136823F00F030B431360136803F00F0378
:104F58008B427FF47AAF83E75A4960694A6A02F064
:104F68007002904281BF4A6A22F0700202434A628C
:104F780079E76268534B032A53D1D3F89420510739
:104F880041D44FF00108D3F8942042F00402C3F84A
:104F98009420D3F8943003F004037B607B68FFF718
:104FA80087FCDFF830910646D9F80C305A032DD427
:104FB800444BB8F1000F05D0D3F8942022F0040236
:104FC800C3F894201B6813F0007F3FF43EAF3D4EBA
:104FD8006268F36941F2883923F003031343F361EC
:104FE800FFF766FC63688046032B27D1F36903F05B
:104FF8000C030C2B3FF465AFFFF75AFCA0EB08003D
:105008004845F3D90BE04FF00008C8E7D9F80C3051
:105018005B04CDD4FFF74CFC801B0228F6D9032093
:1050280014E7022A1B6802D113F4003FCDE712B936
:1050380013F0040FC9E713F4806FC6E7022B0CD1F5
:10504800F36903F00C03082B3FF43BAFFFF730FC88
:10505800A0EB08004845F3D9E1E78BB9F36913F0F1
:105068000C0F3FF42EAFFFF723FCA0EB08004845D8
:10507800F4D9D4E7FFF71CFCA0EB08004845CED8CC
:10508800F36903F00C03042BF4D11AE70D49A06867
:105098000B6A03F00F0398423FBF0B6A23F00F031C
:1050A80003430B6211E70B6823F00F032B430B60DC
:1050B8000B6803F00F03AB427FF4C7AE0CE700BFE9
:1050C80000200240000C0246C0C40008580000201E
:1050D8005C000020000802460649E0680B6A03F0FD
:1050E800700398423FBF0B6A23F0700303430B62BF
:1050F800F5E600BF000C024680B500AFFFF71AFEC8
:10510800044B054A1B6A03F00F03D35CD840034BDA
:10511800186080BD000C0246C0C40008580000207A
:105128002DE9F04385B0044600AF00283AD0A54BDE
:10513800DE699B6A06F00C0603F003080368DA06CA
:1051480040F19C80C36926B10C2E77D1B8F1010FCC
:1051580074D13BB39B4D606AAB681B0256BFD5F850
:10516800F430AB681B0403F07043984239D9AEB1F0
:10517800AB6843F40003AB60AB68616A23F070432B
:105188000B43AB60B1F1404F226A0DD20029EB68A6
:105198001BDA23F4787343EA421309E0FFF76CFD46
:1051A8000028E5D001200CE0EB6823F01F0313432F
:1051B800EB60FFF7A1FF844B1868FFF775F900282B
:1051C8005CD01437BD46BDE8F083B1F1804F2BBFEA
:1051D80023F4F84323F4782343EA822343EAC233CF
:1051E800E6E7AB68B0F1404F43F40003AB60AB684F
:1051F80023F0704343EA0003AB60226AEB680AD3EA
:1052080023F01F031343EB60002ED2D1FFF734FDC8
:105218000028CED0C6E7002804DA23F4787343EADE
:105228004213F0E7B0F1804F2BBF23F4F84323F487
:10523800782343EA822343EAC233E4E7614D002B33
:1052480075D02B6843F001032B60FFF731FB8146D3
:105258002B6859074FD5AB6843F40003AB60AB68C4
:10526800616A23F070430B43AB60B1F1404F226A8F
:10527800EB6848D323F01F031343EB602368DB0775
:1052880066D423689D0700F1BF802368180740F1A2
:105298003C814C4BD3F89420510700F1F48001264F
:1052A800D3F8942042F00402C3F89420D3F8943041
:1052B80003F004037B607B68444DAB6ADA0740F176
:1052C800E48063693F4D002B40F0F180D5F8F03061
:1052D80023F0A053C5F8F030FFF7EAFA8046D5F876
:1052E800F0301B0140F10981FFF7E2FAA0EB08005A
:1052F8000528F4D905E0FFF7DBFAA0EB090002283E
:10530800A6D903205DE7002904DA23F4787343EA79
:105318004213B2E7B1F1804F04D323F4F84343EAD0
:105328008223AAE723F4782343EAC233A5E72B684C
:1053380023F001032B60FFF7BBFA81462B685A075D
:105348009CD5FFF7B5FAA0EB09000228F6D9D8E7F3
:10535800082E636804D00C2E05D1B8F1030F02D1D2
:10536800002B8ED11EE7B3F5803F164D13D12B6865
:1053780043F480332B60FFF79BFA0546DFF844902F
:10538800D9F8003098033FF57CAFFFF791FA401B3E
:105398006428F5D9B5E7B3F5A02F08D12B6843F4F5
:1053A80080232B602B6823F480132B60DFE7B3F591
:1053B800A81F0DD12B6843F480232B602B6843F47E
:1053C8008013F2E7000C02465C0000200008024649
:1053D8002A6822F480322A602A6822F480222A600D
:1053E8002A6822F480122A60002BC4D1FFF760FAE1
:1053F80081462B6899037FF544AFFFF759FAA0EB74
:1054080009006428F5D97CE7042EE36804D00C2E43
:105418000ED1B8F1020F0BD1002B3FF4C3AEAD4A49
:105428002169136923F4F81343EA014313612CE754
:10543800A84DBBB12B6843F480732B60FFF738FA93
:1054480006462B685A0507D52B69226923F4F813F9
:1054580043EA02432B6118E7FFF72AFA801B022868
:10546800EFD94EE72B6823F480732B60FFF720FAFF
:1054780006462B685B057FF508AFFFF719FA801B16
:105488000228F6D93DE7002616E7AB6A43F0010388
:10549800AB62FFF70DFA8046AB6ADB073FF511AF49
:1054A800FFF706FAA0EB08000228F5D929E7D5F896
:1054B800F030A16903F08052914210D003F04062AD
:1054C800B2F1006F3FF46EAE58016DD4814AA16904
:1054D800D2F8F03023F080530B43C2F8F0307D4D02
:1054E800D5F8F03043F08063C5F8F030FFF7E0F905
:1054F8008046D5F8F0301A016AD536B1754AD2F827
:10550800943023F00403C2F8943023685E0740F116
:10551800AD80704BD3F89420550760D44FF0010844
:10552800D3F8942042F00402C3F89420D3F89430BE
:1055380003F00403BB60BB68674DAB6AD80751D55D
:10554800A368644D13F0010F5CD1D5F8F02022F068
:105558000102C5F8F020D5F8F02022F00402C5F8C1
:10556800F020002B5DD1FFF7A3F941F288390646F8
:10557800D5F8F030990700F1A580D5F8F0301A0673
:105588006AD541F28839D5F8F03023F08003C5F8A0
:10559800F030504DD5F8F0301B055DD5FFF788F990
:1055A800801B4845F6D9ACE6D5F8F03023F0A05377
:1055B800C5F8F030FFF77CF98046D5F8F0301901CE
:1055C80084D5FFF775F9A0EB08000528F5D998E60A
:1055D800FFF76EF9A0EB080005288AD991E64FF08D
:1055E8000008A9E7AB6A43F00103AB62FFF760F973
:1055F8000646AB6AD907A3D4FFF75AF9801B0228DD
:10560800F7D97EE613F0040FD5F8F0301EBF43F04B
:105618000403C5F8F030D5F8F03043F00103C5F8BD
:10562800F030FFF745F941F288390546294ED6F89A
:10563800F0309A0729D5A36813F0800FD6F8F03018
:105648002FD041F2883943F08003C6F8F030214E5C
:10565800D6F8F0301B051ED5B8F1000F06D01D4A4C
:10566800D2F8943023F00403C2F8943023689806E3
:1056780034D42368190654D423685D0674D4A16B06
:10568800002940F0C18000209BE5FFF711F9401B7D
:105698004845CCD935E6FFF70BF9401B4845D7D923
:1056A8002FE641F2883923F08003C6F8F030094E1E
:1056B800D6F8F0301805CFD5FFF7FAF8401B484563
:1056C800F6D91EE6FFF7F4F8801B48457FF650AF81
:1056D80017E600BF000C024600080246E36A9D4D2B
:1056E8007BB12B6843F480532B60FFF7E1F8064643
:1056F8002B689A04BDD4FFF7DBF8801B0228F7D982
:10570800FFE52B6823F480532B60FFF7D1F806469A
:105718002B689B04ADD5FFF7CBF8801B0228F7D97F
:10572800EFE5236B8B4D7BB12B6843F480432B60F3
:10573800FFF7BEF806462B6818049DD4FFF7B8F8A3
:10574800801B0228F7D9DCE52B6823F480432B6003
:10575800FFF7AEF806462B6819048DD5FFF7A8F8B1
:10576800801B0228F7D9CCE5636B7A4D002B3AD021
:10577800AB6843F40003AB60AB68A26A23F07063C4
:105788001343AB60D4E90823B3F1404F16D3EB6859
:1057980023F01F031343EB606E4D2B6843F0100397
:1057A8002B60FFF785F806462B689A063FF567AF2A
:1057B800FFF77EF8801B0228F6D9A2E5002B05DA50
:1057C800EB6823F4787343EA4213E4E7B3F1804FBC
:1057D800EB682BBF23F4F84323F4782343EA8223AE
:1057E80043EAC233D7E72B6823F010032B60FFF797
:1057F8005FF806462B689B067FF541AFFFF758F820
:10580800801B0228F6D97CE5524DEB6903F00C03A6
:105818000C2B00F0A5802B68022923F080732B60E5
:1058280040F08480FFF744F80646296811F00071BB
:1058380070D1D5F894305E070CD40121D5F8943096
:1058480043F00403C5F89430D5F8943003F004030A
:10585800FB60FB68404DEE68EB6823F48023EB6047
:105868003C4B606CD3F828C0E26B02432CF47F40B9
:1058780020F003000243206C013842EA00229A62B9
:10588800A26CD3F834C03548013A0CEA0000C2F3E0
:1058980008020243E06C0138400280B20243206DE6
:1058A8000138000400F4FE000243606D0138000670
:1058B80000F0FE4002435A639A6A22F010029A628C
:1058C800E26DD2009A639A6A42F010029A629A6A6A
:1058D800A06D22F00C0202439A62700342BFEA688C
:1058E80042F48022EA6029B1D3F8942022F004021D
:1058F800C3F894201A68174C42F080721A60FEF7B9
:10590800D7FF054623689A010AD5A36A43F4802382
:10591800A362B8E6FEF7CCFF801B022885D9F0E425
:10592800FEF7C6FF401B0228ECD9EAE4FEF7C0FFE9
:1059380004462B689B0106D4AB6A23F4E02323F0CA
:105948000303AB629FE6FEF7B3FF001B0228F0D902
:10595800D7E400BF000C0246000802460000808021
:105968000129AA6A6B6B3FF41DACE06B02F00301DE
:1059780081427FF417AC216CC2F3032001398842BD
:105988007FF410AC616C02F470428A427FF40AAC76
:10599800A26CC3F30801013A91427FF403ACE26CB4
:1059A800C3F34621013A91427FF4FCAB226DC3F365
:1059B8000641013A91427FF4F5AB626DC3F3066389
:1059C800013A93427FF4EEAB0D4BE16D9A6BC2F353
:1059D800CC028A423FF457AE9A6A22F010029A62C9
:1059E800FEF766FF0546FEF763FFA842FBD0E26DAF
:1059F800034BD2009A639A6A42F010029A6242E616
:105A0800000C024680B500AFFFF776FB034B044A53
:105A18001B6AC3F30213D35CD84080BD000C024656
:105A2800B8C4000880B500AFFFF766FB034B044A13
:105A38001B6AC3F30223D35CD84080BD000C024626
:105A4800B8C4000880B500AFFFF756FB034B044A03
:105A58005B6AC3F30213D35CD84080BD000C0246D6
:105A6800B8C40008F8B5334C00AF2368054623F0E6
:105A780080532360FEF71CFF064623689A004BD428
:105A8800236B29686A6823F4706323F00303013ADF
:105A98000B4343EA02232363AB68616C264A013B4C
:105AA8000A40C3F308031343EA68013A520292B268
:105AB80013432A69013A120402F4FE0213436A6985
:105AC800013A120602F0FE4213436364236BAA698B
:105AD80023F00C0313432363236B2A6A13432363C2
:105AE800236B23F010032363A36CEA696FF3CF03DE
:105AF80043EAC203A364236B0E4D43F010032363F0
:105B0800236843F080532360FEF7D2FE04462B68D7
:105B18009B0008D5002005E0FEF7CAFE801B02287E
:105B2800ABD90320F8BDFEF7C3FE001B0228EED94F
:105B3800F7E700BF000C024600008080F8B5334C40
:105B480000AF2368054623F080632360FEF7B0FEAC
:105B5800064623681A014BD4E36A29686A6823F465
:105B6800706323F00303013A0B4343EA0223E36221
:105B7800AB68E16B264A013B0A40C3F308031343B1
:105B8800EA68013A520292B213432A69013A1204AE
:105B980002F4FE0213436A69013A120602F0FE4259
:105BA8001343E363E36AAA6923F00C031343E36234
:105BB800E36A2A6A1343E362E36A23F01003E362A9
:105BC800236CEA696FF3CF0343EAC2032364E36AF1
:105BD8000E4D43F01003E362236843F080632360B3
:105BE800FEF766FE04462B681B0108D5002005E079
:105BF800FEF75EFE801B0228ABD90320F8BDFEF736
:105C080057FE001B0228EED9F7E700BF000C02463A
:105C1800000080802DE9F04F83B003680446D80760
:105C280000AF08D5A649206DD1F8E02022F0030284
:105C38000243C1F8E020990708D5A149606DD1F861
:105C4800E02022F00C020243C1F8E0205A0708D5F0
:105C58009B49A06DD1F8E02022F030020243C1F840
:105C6800E0201E0708D59649E06DD1F8E02022F023
:105C7800C0020243C1F8E020DD0608D59049206E35
:105C8800D1F8E02022F440720243C1F8E0209806DF
:105C980008D58B49606ED1F8E82022F0070202434C
:105CA800C1F8E820590608D58549A06ED1F8E0204A
:105CB80022F440620243C1F8E0201A0608D5804960
:105CC800E06ED1F8E02022F440520243C1F8E0200F
:105CD800DE0508D57A49206FD1F8E82022F0C00205
:105CE8000243C1F8E8205D0208D57549606FD1F814
:105CF800E02022F440420243C1F8E020980508D58C
:105D08006F49A06FD1F8E82022F440620243C1F83D
:105D1800E820590508D56A49E06FD1F8E02022F457
:105D280040220243C1F8E0201A0509D56449D4F895
:105D38008000D1F8E82022F440720243C1F8E8203C
:105D48009E0427D5D4F89030402B25D014D84BB3D7
:105D5800202B2FD0012623685D040BD5D4F894306E
:105D6800B3F5007F58D02AD8002B5BD0B3F5807FDD
:105D78005ED00126354635E0602B01D0802BE9D175
:105D88004F4AD4F89010D2F8E43023F0E0030B43E4
:105D9800C2F8E4300026DEE7494A936A43F48033C8
:105DA8009362EDE704F10800FFF7C8FE0028E7D08A
:105DB8000326D0E704F12C00FFF754FEF6E7B3F50D
:105DC800407F02D0B3F5806FD3D13546002D34D152
:105DD8003B4AD4F89410D2F8E43023F4E0630B4340
:105DE800C2F8E430236818040AD5D4F8A830B3F50B
:105DF800005F36D023F4805221D832B301263546CD
:105E08002368D90345D5D4F88830042B5AD8DFE85D
:105E180003F0353051353500294A936A43F480330D
:105E28009362D2E704F10800FFF788FE0546CDE744
:105E380004F12C00FFF716FEF8E72E46D2E7B2F57C
:105E4800804F02D0B3F5405FD8D185B91C4AD4F849
:105E5800A810D2F8E83023F4E0430B43C2F8E83046
:105E6800CEE704F10800FFF769FE0546EDE72E4688
:105E7800C6E7134A936A43F4803393622DBB104AF2
:105E8800D4F88810D2F8E43023F007030B43C2F8A3
:105E9800E43023689A032CD5D4F88C30B3F5003F4E
:105EA80000F0828013D8C3B1B3F5803F76D00126C5
:105EB80035461EE004F12C00FFF7D4FD0546DDE76A
:105EC800000C024601263546E3E72E46E1E7B3F526
:105ED800403F02D0B3F5802FE9D1002D6AD1B14AF5
:105EE800D4F88C10D2F8E83023F4E0230B43C2F83E
:105EF800E83023685B033ED5AA4BD3F894205007BB
:105F08005AD44FF00109D3F8942042F00402C3F8A0
:105F18009420D3F8943003F004037B607B68DFF8A7
:105F28008882D8F8283043F00103C8F82830FEF7F3
:105F3800BFFC8246D8F82830D90740D5002D6FD14C
:105F4800DFF86082D8F8F03013F4407340D1954AF6
:105F5800D4F8C010D2F8F03023F440730B43C2F8E1
:105F6800F030B9F1000F06D08E4AD2F8943023F001
:105F78000403C2F894302368D80263D5D4F8A0305B
:105F8800B3F1006F00F0F6804CD8002B4DD0B3F180
:105F9800806F00F0E9800126354653E0814A936A14
:105FA80043F48033936298E704F12C00FFF75AFD1D
:105FB800054692E72E469CE74FF00009AFE7FEF74B
:105FC80077FCA0EB0A000228B4D903263546C8E7B7
:105FD800D4F8C0209342BAD0D8F8F020D8F8F030DE
:105FE80022F4407143F48033C8F8F030D8F8F03028
:105FF800D20723F48033C8F8F030C8F8F010A6D5DB
:10600800FEF756FC41F2883B8246D8F8F0309B07F1
:106018009DD4FEF74DFCA0EB0A005845F5D9D4E70E
:106028002E469EE7B3F1406FB5D1002D40F0A88011
:106038005C4AD4F8A010D2F8E03023F040630B4358
:10604800C2F8E0302368190313D5D4F8981031F456
:10605800805203D0B1F5005F40F09480002D40F0ED
:1060680094805048D0F8E42022F440520A43C0F803
:10607800E420DA0409D54B49D4F89C00D1F8E4208F
:1060880022F400620243C1F8E420980210D5D4F843
:10609800A4004449B0F5804F02BF8A6A42F48032B6
:1060A8008A62D1F8E42022F480420243C1F8E42055
:1060B800190209D53B49D4F8B400D1F8E02022F4FC
:1060C80040120243C1F8E020DA0109D53549D4F875
:1060D800B800D1F8E02022F440320243C1F8E020B1
:1060E800980109D52F49D4F8BC00D1F8E82022F04E
:1060F80018020243C1F8E820590115D5D4F8B03088
:10610800B3F5001F43D1274A936A43F400339362DF
:10611800002D45D1234AD4F8B010D2F8E43023F446
:1061280040130B43C2F8E43023681A014FD5D4F862
:106138008430B3F1807F39D0B3F1007F49D0002B90
:1061480039D001252368DB0009D5164AD4F8AC10EC
:10615800D2F8E83023F400430B43C2F8E83028466D
:106168000C37BD46BDE8F08F04F10800FFF7E6FCE8
:1061780005465AE70B4A936A43F40033936254E79F
:106188002E465FE70126354673E72E4671E7B3F5DD
:10619800401FBDD104F10800FFF7D0FC0546B7E762
:1061A8002E46C1E7000C0246000802460C4A936AD4
:1061B80043F400339362002DC4D1094AD4F8841003
:1061C800D2F8E03023F040730B43C2F8E030354694
:1061D800B8E704F10800FFF7B1FC0546EBE700BF9C
:1061E800000C0246464AF0B5536B956A946A966A63
:1061F800C4F30324916B013407EE904AC1F3CC0138
:10620800C6F30014614306EE901A05F00305022D4B
:10621800B8EEE76AFAEEE96AF7EE005A00AF5FD027
:10622800032D5DD0C3F3080307EE903A9368354910
:106238001B024BBF9368D2F8F4301B0FC3F3033330
:1062480001EB8303B8EEE77A93ED005A37EE267A2E
:10625800B8EE455A37EE257AC5EE067A284A67EE33
:10626800877A936A13F480330ED0536BC3F34623B3
:1062780006EE903AF8EEE66A76EEA56A87EEA67A1A
:10628800BCEEC77A17EE103A1D4A0360936A13F4FE
:1062980000330ED0536BC3F3064306EE903AF8EE84
:1062A800E66A76EEA56A87EEA67ABCEEC77A17EE9E
:1062B800103A134A4360936A13F480230ED0536B49
:1062C800C3F3066306EE903AF8EEE66A76EEA56A40
:1062D80087EEA67AFCEEC77A17EE903A8360F0BD97
:1062E800536BC3F3080307EE903AF8EEE77A77EEBC
:1062F800A67ADFED056A77EEA57A86EE867AADE7AF
:10630800000C024678C400080024744B464AF0B5D5
:10631800D36BD56AD46AD66AC4F30324116C0134EA
:1063280007EE904AC1F3CC01C6F30014614306EEB0
:10633800901A05F00305022DB8EEE76AFAEEE96A4D
:10634800F7EE005A00AF5FD0032D5DD0C3F308030A
:1063580007EE903A936835491B024BBF9368D2F811
:10636800F4301B0FC3F3033301EB8303B8EEE77A72
:1063780093ED005A37EE267AB8EE455A37EE257A6D
:10638800C5EE067A284A67EE877AD36A13F4803313
:106398000ED0D36BC3F3462306EE903AF8EEE66AC6
:1063A80076EEA56A87EEA67ABCEEC77A17EE103AA3
:1063B8001D4A0360D36A13F400330ED0D36BC3F3C2
:1063C800064306EE903AF8EEE66A76EEA56A87EEA0
:1063D800A67ABCEEC77A17EE103A134A4360D36A1E
:1063E80013F480230ED0D36BC3F3066306EE903A02
:1063F800F8EEE66A76EEA56A87EEA67AFCEEC77A2C
:1064080017EE903A8360F0BDD36BC3F3080307EE31
:10641800903AF8EEE77A77EEA67ADFED056A77EE3E
:10642800A57A86EE867AADE7000C024678C40008A5
:106438000024744B464AF0B5536C156B146B166BFD
:10644800C4F30324916C013407EE904AC1F3CC01E4
:10645800C6F30014614306EE901A05F00305022DF9
:10646800B8EEE76AFAEEE96AF7EE005A00AF5FD0D5
:10647800032D5DD0C3F3080307EE903A93683549BE
:106488001B024BBF9368D2F8F4301B0FC3F30333DE
:1064980001EB8303B8EEE77A93ED005A37EE267ADC
:1064A800B8EE455A37EE257AC5EE067A284A67EEE1
:1064B800877A136B13F480330ED0536CC3F34623DF
:1064C80006EE903AF8EEE66A76EEA56A87EEA67AC8
:1064D800BCEEC77A17EE103A1D4A0360136B13F42B
:1064E80000330ED0536CC3F3064306EE903AF8EE31
:1064F800E66A76EEA56A87EEA67ABCEEC77A17EE4C
:10650800103A134A4360136B13F480230ED0536C74
:10651800C3F3066306EE903AF8EEE66A76EEA56AED
:1065280087EEA67AFCEEC77A17EE903A8360F0BD44
:10653800536CC3F3080307EE903AF8EEE77A77EE68
:10654800A67ADFED056A77EEA57A86EE867AADE75C
:10655800000C024678C400080024744B80B584B04F
:10656800B04B00AF1B68FB604FF00003A0F5804301
:106578000B4300F0198144F20103984271F10003C2
:1065880067D2A0F180030B4300F0AA83812871F140
:10659800000336D2092871F1000318D250EA01032A
:1065A80000F0F685013841F1FF31082871F100014A
:1065B80080F0F185072800F2EE85DFE810F0B601DB
:1065C800EF01EC051802EC05EC05EC053502A0F12D
:1065D80020030B4300F06382A0F140030B4300F05B
:1065E80054831038084300F03A8200208D4B1A6813
:1065F800FB685A404FF0000340F0AD821037BD46AB
:1066080080BDA0F500630B4300F0F48340F601035E
:10661800984271F1000310D2A0F500730B4300F00B
:106628002C84A0F580630B4300F06884A0F580708B
:10663800084300F080830020D8E7A0F580530B437F
:1066480000F0DB80A0F50050084300F087800020B0
:10665800CCE7A0F580030B4300F0A083724B98426F
:1066680071F100032AD2A0F580230B434DD06F4B64
:10667800984271F1000310D2A0F580330B4300F06B
:106688009682A0F500330B4300F0CD82A0F50040C0
:10669800084300F047820020A8E7A0F580130B43C9
:1066A80000F0D080A0F500130B4300F0FF80A0F5A8
:1066B8000020084300F04F85002097E700F17C4355
:1066C8000B4300F0F8845A4B984271F1000310D242
:1066D80000F17F430B4300F08C8400F17E430B43B1
:1066E80000F0B784A0F50000084300F052840020B1
:1066F8007CE700F178430B4300F02D8400F17040F3
:10670800084300F00985002070E74A4AD2F8F030C3
:10671800D2F8F01003F44073890703D5B3F5807FEE
:1067280000F03C85D2F8F01009010BD5B3F5007FD5
:1067380008D1D2F8F03013F0805F14BFFA204FF47C
:10674800FA4053E73B4A106810F400303FF44EAF6C
:10675800B3F5407F384818BF002047E7354AD2F8DC
:10676800E43003F0E003402B0DD005D883B9384658
:10677800FFF7CCFD386839E7602B00F01385802BD4
:106788000BD0002032E73846FFF72CFD38682DE79C
:106798003846FFF74FFE386828E71368274813F490
:1067A800806F08BF002021E7224AD2F8E43003F4C2
:1067B800E063B3F5007F0FD005D893B93846FFF7EB
:1067C800A5FD386812E7B3F5407F00F0EF84B3F514
:1067D800806F0BD0002009E73846FFF703FD3868C3
:1067E80004E73846FFF726FE3868FFE613681348C3
:1067F80013F4806F08BF0020F8E60E4AD2F8E430A0
:10680800116803F40063490502D5002B00F0D28417
:10681800106810F480603FF4E9AE002B084808BF08
:106828000020E3E6300000200100400001000400E1
:1068380001000004000C024620A107000024F40017
:1068480000127A009F4BD3F8E02002F04062B2F1C8
:10685800006F0DD007D882B91B689B4813F4005FFE
:1068680008BF0020C2E6B2F1406F0BD00020BDE6A1
:106878003846FFF7B7FC7868B8E63846FFF746FDB4
:106888007868B3E6186810F020003FF4AFAE9A6855
:1068980012024CBF9B68D3F8F4308C4A4CBFC3F348
:1068A8000363C3F3032352F823009FE6854BD3F811
:1068B800E420500434D4D3F8E03003F04063B3F15B
:1068C800006F0ED008D88BB97E4B7F481B6813F435
:1068D800005F08BF002089E6B3F1406F0BD00020AD
:1068E80084E63846FFF77EFC78687FE63846FFF78F
:1068F8000DFD78687AE6734B186810F020003FF4B5
:1069080075AE9A6811024CBF9B68D3F8F4306F4A91
:106918004CBFC3F30363C3F3032352F8230065E6B4
:106928003846FFF75FFC386860E6664AD2F8E03020
:1069380013F003030DD1664B1A68FB685A404FF0F9
:10694800000340F008811037BD46BDE88040FFF7DE
:1069580069B8012B0DD15E4B1A68FB685A404FF09D
:10696800000340F0F8801037BD46BDE88040FEF7D0
:10697800E1B91268520502D5022B00F01E84514A73
:10698800D2F8F00010F002003FF430AEA3F1030C8F
:10699800DCF1000343EB0C03D80327E6494AD2F89D
:1069A800E03013F00C030DD1494B1A68FB685A40CC
:1069B8004FF0000340F0CF801037BD46BDE880405F
:1069C800FFF720B8042BC6D01268500502D5082B53
:1069D80000F0F6833B4AD2F8F00010F002003FF4D2
:1069E80005AEA3F10C014B424B41D803FEE5354AF5
:1069F800D2F8E03013F03003D6D0102BABD01268A9
:106A0800520502D5202B00F0DE832E4AD2F8F00082
:106A180010F002003FF4EAADA3F1300CDCF1000302
:106A280043EB0C03D803E1E5264AD2F8E03013F033
:106A3800C003B9D0402B8ED01268500502D5802BE8
:106A480000F0C4831F4AD2F8F00010F002003FF4AF
:106A5800CDADA3F1C0014B424B41D803C6E5194A5D
:106A6800D2F8E03013F440739ED0B3F5807F3FF442
:106A780072AF1268520503D5B3F5007F00F0A98301
:106A8800104AD2F8F00010F002003FF4AFADA3F5C1
:106A9800407CDCF1000343EB0C03D803A6E5094A6C
:106AA800D2F8E83013F0070314D1094B1A68FB68D1
:106AB8005A404FF000034ED11037BD46BDE8804024
:106AC800FEF7C0BF000C0246006CDC0278C4000868
:106AD80030000020012B3FF43EAF1268500502D56C
:106AE800022B00F07983A94AD2F8F010890702D561
:106AF800032B00F07483106810F020003FF476AD8B
:106B0800042B40F0708393681B024CBF9368D2F843
:106B1800F4309F4A4CBFC3F30363C3F3032352F813
:106B2800230063E5994AD2F8E83003F4E043B3F56B
:106B3800805F3FF410AFB3F5005F04D13846FFF72C
:106B4800E5FBB86852E543B9924B1A68FB685A40AE
:106B58004FF000034DD0FCF72FFAB3F5A04F13D137
:106B6800106810F020003FF441AD936818024CBF44
:106B78009368D2F8F430864A4CBFC3F30363C3F377
:106B8800032352F8230031E51268910303D5B3F5C6
:106B9800405F00F02B837D4A106810F480603FF45A
:106BA80025ADB3F5804F7C4818BF00201EE5774B14
:106BB800D3F8E42002F00702042A00F21A8301A1A4
:106BC80051F822F0516B0008E76B0008F16B0008E0
:106BD800E16B0008076C00084BF6803006E5384684
:106BE800FFF700FB386801E53846FFF723FC7868B3
:106BF800FCE41037BD46BDE88040FEF77DBA186852
:106C080010F020003FF4F2AC9A6812024CBF9B6867
:106C1800D3F8F4305E4A4CBFC3F30363C3F30323D2
:106C280052F82300E2E4594AD2F8E83003F4E023AA
:106C3800B3F5003F10D006D8002B85D03846FFF7B3
:106C4800D1FA3868D2E4B3F5403F00F0D582B3F505
:106C5800802F06D00020C9E43846FFF7EBFB7868A0
:106C6800C4E4106810F020003FF4C0AC93681B0225
:106C78004CBF9368D2F8F430454A4CBFC3F3036362
:106C8800C3F3032352F82300B0E4404AD2F8E030BB
:106C980013F440633FF488AEB3F5806F3FF45BAE06
:106CA8001268500503D5B3F5006F00F0A982374A82
:106CB800106810F020003FF499ACB3F5406F40F035
:106CC800A282936819024CBF9368D2F8F430304A14
:106CD8004CBFC3F30363C3F3032352F8230085E4D3
:106CE8002A4AD2F8E03013F440533FF45DAEB3F5CE
:106CF800805F3FF430AE1268520503D5B3F5005FEC
:106D080000F08482214A106810F020003FF46EAC35
:106D1800B3F5405F40F07D82936818024CBF9368DA
:106D2800D2F8F4301A4A4CBFC3F30363C3F3032306
:106D380052F823005AE4154BD3F8E82002F0C002B9
:106D4800802A08D003D8002A7FF405AEADE6C02A11
:106D580008D000204AE41B680F4813F4806F08BF6E
:106D6800002043E4186810F020003FF43FAC9A6814
:106D780011024CBF9B68D3F8F430054A4CBFC3F3EB
:106D88000363C3F3032352F823002FE4000C0246E5
:106D980078C40008300000200024F400B44AD2F877
:106DA800E03013F440433FF4FFADB3F5804F3FF4B8
:106DB800D2AD1268520503D5B3F5004F00F02C820E
:106DC800AB4A106810F020003FF410ACB3F5404F08
:106DD80040F0258293681B024CBF9368D2F8F430C8
:106DE800A44A4CBFC3F30363C3F3032352F823003D
:106DF800FFF7FCBB9E4AD2F8E83013F4407314D175
:106E0800106810F020003FF4F1AB936818024CBFF3
:106E18009368D2F8F430974A4CBFC3F30363C3F3C3
:106E2800032352F82300FFF7E1BBD2F8F010090161
:106E38000CD5B3F5807F09D1D2F8F03013F0805F1C
:106E480014BFFA204FF4FA40FFF7D0BB126852057E
:106E580003D5B3F5007F00F0E581854AD2F8F0004C
:106E680010F002003FF4C2ABA3F5407CDCF1000354
:106E780043EB0C03D803FFF7B9BB7D4AD2F8E830DF
:106E880013F4406314D1106810F020003FF4AEAB47
:106E9800936818024CBF9368D2F8F430754A4CBF17
:106EA800C3F30363C3F3032352F82300FFF79EBB26
:106EB800D2F8F01009010CD5B3F5806F09D1D2F8DA
:106EC800F03013F0805F14BFFA204FF4FA40FFF758
:106ED8008DBB1268520503D5B3F5006F00F0A5818C
:106EE800634AD2F8F00010F002003FF47FABA3F53C
:106EF800406043424341D803FFF778BB5C4AD2F86D
:106F0800E03013F440233FF44FADD2F8F0100901FC
:106F18000CD5B3F5802F09D1D2F8F03013F0805F8B
:106F280014BFFA204FF4FA40FFF760BB126852050D
:106F380003D5B3F5002F00F07B814D4AD2F8F0005D
:106F480010F002003FF452ABA3F540204342434106
:106F5800D803FFF74BBB464AD2F8E030126803F07B
:106F68004073910302D5002B00F06581B3F1807F57
:106F780005D13846FFF736F97868FFF737BBB3F124
:106F8800007F40F05B813846FFF7C0F93868FFF7AB
:106F98002DBB374BD3F8E02002F44012B2F5001FA6
:106FA8000AD003D8002A7FF4D6ACC4E4B2F5401F57
:106FB8000AD00020FFF71ABB1B682F4813F4806F14
:106FC80008BF0020FFF712BB186810F020003FF43C
:106FD8000DAB9A6812024CBF9B68D3F8F430254A6F
:106FE8004CBFC3F30363C3F3032352F82300FFF733
:106FF800FDBA1F4BD3F8E02002F44032B2F5003F4F
:107008000AD003D8002A7FF4A6ACCDE4B2F5403FFD
:107018000AD00020FFF7EABA1B68174813F4806FFC
:1070280008BF0020FFF7E2BA186810F020003FF40C
:10703800DDAA9A6810024CBF9B68D3F8F4300D4A59
:107048004CBFC3F30363C3F3032352F82300FFF7D2
:10705800CDBA074BD3F8E82002F01802102A0DD059
:107068007FF671AE182A11D00020FFF7BFBA00BF13
:10707800000C024678C400080024F4001B68794814
:1070880013F4806F08BF0020FFF7B0BA186810F03B
:1070980020003FF4ABAA9A6811024CBF9B68D3F852
:1070A800F430714A4CBFC3F30363C3F3032352F8AC
:1070B8002300FFF79BBA6D4BD3F8E42002F440128B
:1070C800B2F5001F22D017D8002A3FF444AC186844
:1070D80010F020003FF48AAA9A6812024CBF9B68FD
:1070E800D3F8F430604A4CBFC3F30363C3F30323FC
:1070F80052F82300FFF77ABAB2F5401F40F0A1809A
:107108003846FFF703F97868FFF770BA3846FFF793
:1071180069F87868FFF76ABA544AD2F8E800D2F8F2
:10712800F03000F400409B0702D5002800F08C8066
:10713800D2F8F03013F0006300F08A8000283FF4A2
:1071480055AAD2F8F03013F0805F14BFFA204FF43C
:10715800FA40FFF74BBA454AD2F8E430116803F415
:107168004053890401D5002B75D01268920402D5CA
:10717800B3F5805F72D03D4A106810F480603FF428
:1071880035AAB3F5005F374818BF0020FFF72EBABD
:107198000020FFF72BBA0020FFF728BA4FF4004071
:1071A800FFF724BA4BF68030FFF720BA4BF6803051
:1071B800FFF71CBA2B48FFF719BA2A48FFF716BA87
:1071C8002848FFF713BA2748FFF710BA2548FFF7F2
:1071D8000DBA2448FFF70ABA2248FFF707BA4FF456
:1071E8000040FFF703BA0020FFF700BA1D48FFF779
:1071F800FDB90020FFF7FAB94BF68030FFF7F6B972
:107208001848FFF7F3B90020FFF7F0B91548FFF762
:10721800EDB90020FFF7EAB91248FFF7E7B90020F7
:10722800FFF7E4B90F48FFF7E1B90E48FFF7DEB9F9
:107238000C48FFF7DBB90B48FFF7D8B90020FFF778
:10724800D5B90020FFF7D2B94FF40040FFF7CEB907
:107258001846FFF7CBB90648FFF7C8B90548FFF746
:10726800C5B900BF0024F40078C40008000C024629
:10727800006CDC0200366E0190B500AF026852E87F
:10728800003F23F4907342E8003102680029F5D1E9
:107298000E4C02F1080353E8003F234002F1080CAA
:1072A8004CE800310029F4D1836E012B07D152E854
:1072B800003F23F0100342E800310029F7D12023D2
:1072C800C0F8803000238366036790BDFEFFFFEFA0
:1072D800F8B504460368C169826800691D680243FD
:1072E800606900AF02435B480A43284002431A60C2
:1072F8005A68E06822F4405202435A60564AA0692C
:10730800934205D002F1805293421CBF226A104377
:107318009A6822F06E4222F4306202439A60DA6A76
:10732800606A22F00F020243DA624C4A93424CD060
:10733800A2F5744293426DD002F5806293426BD0FD
:1073480002F58062934269D002F58062934267D069
:10735800414A93421CD002F1805293424FF0000000
:1073680034D10021FFF7FAF868B3616A3C4A6568CE
:1073780032F8112005EB4501B0FBF2F3994209D927
:1073880001204FF0011363660023C4E91C33F8BDE4
:107398002020E6E7B3EB053FF2D800231946F8F7BB
:1073A800B5FF0023064619464FF4807C68082A4634
:1073B800E6FB0C01F8F7AAFF2A4BA0F540729A42A7
:1073C800DED82368D8600020DBE70120B1F5004F44
:1073D8004FF0000126D1FFF7C1F80028F3D0616A09
:1073E8001F4B626833F81130B0FBF3F0530803EB1E
:1073F8004003B3FBF2F34FF6EF72A3F11001914291
:10740800BED823F00F02216892B2C3F3420313439C
:10741800CB60D8E70220D9E70420D7E70820D5E7D2
:107428001020D3E7FFF79AF80028CCD0616A0C4BFC
:10743800626833F81130B0FBF3F303EB5203B3FB8C
:10744800F2F34FF6EF72A3F11001914298D8226837
:10745800D360B8E7F369FFCF002400460038014045
:1074680050C50008FFFC0F0090B5836A00AF1C07E9
:1074780006D50168846B4A6822F4004222434A60B8
:10748800D90706D50168C46A4A6822F40032224343
:107498004A609A0706D50168046B4A6822F480326C
:1074A80022434A605C0706D50168446B4A6822F4A7
:1074B800802222434A60D90606D50168C46B8A68CF
:1074C80022F4805222438A605A0610D50168046C5F
:1074D8004A68B4F5801F22F4801242EA04024A6026
:1074E80005D14A68446C22F4C00222434A601B0654
:1074F80006D50268816C536823F400230B4353605C
:1075080090BD2DE9F04704460D469046994600AFD8
:10751800D7F820A02268D36935EA03030CBF0123FA
:107528000023434501D0002022E0BAF1FF3FF2D00A
:10753800FDF7BEF9A0EB0900504529D8BAF1000FB4
:1075480026D021680B685A07E4D5802DE2D0402D5B
:10755800E0D0CE6916F008060CD0082520460D624A
:10756800FFF78AFE00230120C4F8845084F878309D
:10757800BDE8F087CB691B05CCD54FF400632046E6
:107588000B62FFF779FE202384F87860C4F8843012
:107598000320EDE72DE9F04782B09846C36F044613
:1075A800202B0E46924602AF4BD100294BD0002A21
:1075B80049D0036800259A68120642BF9A6822F0EB
:1075C80080029A602123C0F88450C367FDF770F9E0
:1075D800A3688146B3F5805FA4F850A0A4F852A030
:1075E80003D123690BB935461E46B4F852204B46E1
:1075F80092B2CDF800803AB940212046FFF781FFCA
:10760800202340B9E36708E0002280212046FFF7E5
:1076180078FF28B120230320E367BD46BDE8F08743
:1076280022685EB935F8023BC3F308039362B4F8E5
:107638005220013A92B2A4F85220D6E716F8013B3C
:10764800F4E70220E9E70120E7E7F0B50026044661
:1076580083B002AFC0F88460FDF72AF923680546B5
:107668001B681A071CD56FF07E43324600934FF40F
:10767800001103462046FFF744FF88B1226852E80C
:10768800003F23F0800342E800310029F6D120238F
:10769800E36703200023043784F87830BD46F0BD43
:1076A80023681B685B0724D56FF07E430022009394
:1076B8004FF480012B462046FFF723FFC8B122680C
:1076C80052E8003F23F4907342E800312268002911
:1076D800F5D102F1080353E8003F23F0010302F15A
:1076E800080040E800310029F3D12023C4F8803095
:1076F800CFE720230020E367C4F88030A066E06667
:10770800C8E798B5044600AF48B3C36F1BB980F803
:107718007830FCF7CFFF24232268E367136823F04F
:1077280001031360A36A13B12046FFF79DFE2046AC
:10773800FFF7CEFD012812D0204623685A6822F4AC
:1077480090425A609A6822F02A029A601A6842F0B7
:1077580001021A60BD46BDE89840FFF776BF0120D8
:1077680098BD80B590F8783000AF012B12D0242353
:107778000268C3671168136821F0005123F0010300
:107788001360002303661160202280F87830C267F6
:10779800184680BD0220FCE798B5044600AF01F00A
:1077A80083FAA46B01F090FAB4FA84F0400998BD0A
:1077B800034690B41A6C084600AF5AB1DC68A118A9
:1077C8009C68D960A14224BF1968D960BD4690BCA5
:1077D800F8F714BFBD4690BC7047F8B5044600AF33
:1077E80001F062FA94F8455004F124066DB2002DB8
:1077F80001DD636ABBB9FF2384F8453001F064FA00
:1078080001F052FA94F8445004F110066DB2002DBC
:1078180001DD236983B9FF2384F84430BD46BDE800
:10782800F84001F051BA304600F05EFF08B101F0AF
:1078380013F8013D6DB2DAE7304600F055FF08B1A4
:1078480001F00AF8013D6DB2E1E70000F8B50E4617
:10785800044600AF40B1C56B65B91D484FF4B67119
:10786800FCF7F6FE002029E040F237111848FCF733
:10787800EFFEF2E7036CA3FB0535002DEDD101F017
:1078880013FAD4E90F314B432268A563D0185B1A69
:1078980062601A44FF23A06084F84430E26084F8F0
:1078A800453066B9236933B104F1100000F01CFFBC
:1078B80008B101F0EBF901F007FA0120F8BD04F175
:1078C800100001F019FC04F1240001F015FCF2E7A6
:1078D800BFC200082DE9F04100AFBC69002908BF0C
:1078E80022461D46C4E90F010646012120462260B2
:1078F800FFF7ACFF84F84C50042D1CD8DFE805F0E6
:1079080003111B0C16003346214611200B4ABD46B5
:10791800BDE8F041FAF754B9002321461220074A7E
:10792800F5E7002321461320044AF0E70023214607
:107938001720024AEBE7BDE8F08100BF42BB000810
:107948002DE9F04184B006460D4690461C4602AF2C
:107958006BB94FF4C2711748FCF77AFE4FF4D8712F
:107968001448FCF775FE00241EE03DB1F6E7002838
:10797800F4D0B8F1000FF8D0002DEFD050237B6081
:107988007B68502B04D04FF4CB710A48FCF760FE9B
:107998007B68012384F846300094424629463046E5
:1079A80097F82030FFF796FF20460837BD46BDE818
:1079B800F08100BFBFC200082DE9F04387B0774BC4
:1079C80000AF7A600D461B687B614FF000030446E8
:1079D80020B94FF4BE617248FCF73AFE35B9236C02
:1079E80023B140F2F4516E48FCF732FE00F05CFF20
:1079F80030B97B6823B140F2F9516948FCF728FE99
:107A08004FF00008C14601F04FF9A66B002E3BD09D
:107A180029462046FFF7CCFE94F84C30042B0BD8AF
:107A2800DFE803F0032822222E0021466020A36B02
:107A38007A68013BF9F7C4F92369013EA66333B1BB
:107A480004F1100000F050FE08B101F01FF901F038
:107A58003BF90120514B1A687B695A404FF00003EB
:107A680000F09780FBF7A8FAA36B214661207A689B
:107A7800013BDFE7214662207A68F9F72DF9DBE759
:107A88002146C7207A68F8E77B6853B901F01CF9EA
:107A980094F84C30042B6BD8DFE803F064716C6CFD
:107AA8007700B8F1000F03D107F10C0000F08EFE4B
:107AB80001F00AF900F0ACFB01F0F6F894F8443054
:107AC800FF2B08BF84F8449094F84530FF2B08BF7B
:107AD80084F8459001F0F8F8391D07F10C0000F022
:107AE80083FEA0BB2046FFF757FE50B394F84C30F6
:107AF8007A68042B09D8DFE803F0031C1818210062
:107B080021466620A36BF9F75BF9796804F1240034
:107B180000F09AFD2046FFF760FE00F071FC08B9FE
:107B280001F0B4F84FF001086DE721466720A36B18
:107B3800E9E721466820F9F7CFF8E6E72146F6207D
:107B4800F9E72046FFF749FE00F05AFCEAE720462D
:107B5800FFF743FE00F054FC2046FFF71DFE002807
:107B6800E0D095E721466320A36B7A68F9F728F9F6
:107B780000206FE721466420A36B7A68F6E7214668
:107B880065207A68F9F7A8F8F2E72146C8207A68EC
:107B9800F8E71C37BD46BDE8F08300BF3000002081
:107BA800BFC20008F8B50D46044600AF20B940F63C
:107BB800CE311148FCF74CFDEDB100230F4A1946B0
:107BC80010465668A6420AD100EBC1032946204652
:107BD800C3E90054BD46BDE8F840FAF73FB81BB901
:107BE8001668002E08BF13460131102902F1080259
:107BF800E7D1002BEAD1F8BDBFC20008A89B00203E
:107C0800F8B5044600AF0D46164601F04DF894F855
:107C18004430FF2B04BF002384F8443094F84530E7
:107C2800FF2B04BF002384F8453001F04DF8A36B07
:107C38002BB93246294604F1240000F021FD2046E4
:107C4800BD46BDE8F840FFF7C8BD00002DE9F84380
:107C580000AF044601F028F8384B394E1A68DFF8AF
:107C6800088101321A603568002D5AD134601B68CA
:107C7800012B1FD1C1464846013501F03DFA092DB7
:107C880009F11409F7D1DFF8E4902E4D484601F0C8
:107C980033FA284601F030FA2B4801F02DFA2B4828
:107CA80001F02AFA2A4801F027FA2A4BC3F8009073
:107CB800294B1D60294A214613681020013313609F
:107CC800636404F13402E36AF9F77AFF214630204D
:107CD800F8F790FF01222249E36A08689A400243B4
:107CE8000A601422534308EB03014A68201DA2606E
:107CF8009568E5606860906058F80320616101321A
:107D080048F8032000F0E0FF164B1B68A3B1336866
:107D1800DA6AE36A9A420FD2BD46BDE8F84300F03A
:107D2800B5BF104B1B68002BC4D13368DA6AE36A0D
:107D38009A4298BF3460BDE7BDE8F883509C0020A4
:107D4800789D00209C9C0020809C00206C9C00203A
:107D5800549C0020989C0020949C0020349C002077
:107D6800489C0020449C0020C49C0020B09C00201B
:107D7800254B2DE9F0471D68244B254CD3F800907E
:107D8800244B0646D3F800A0206800AF043088468C
:107D980001F0E9F940B922681F49D06A01220B684D
:107DA800824023EA02030B60731C16D1B8F1000F5E
:107DB80013D01A4B21685A688A6090682168C86095
:107DC800216804314160216804319160226853615F
:107DD8001A6801321A60BDE8F08723682168AD1976
:107DE8005D6001F1040105D35046BD46BDE8F0478A
:107DF80001F0A1B9484601F09EF9094B1A68AA4258
:107E080088BF1D60E7E700BF4C9C0020989C0020BD
:107E1800789D0020949C0020489C0020549C0020C1
:107E2800309C0020074A80B5136800AF1968064BDC
:107E380019B94FF0FF321A6080BD1268D268126813
:107E4800F9E700BF989C0020309C002098B590F876
:107E58005D30044600AF43B9006B01F0B9F8204625
:107E6800BD46BDE8984001F0B3B8012BF8D0022B0D
:107E780007D041F6D3110348BD46BDE89840FCF74A
:107E8800E7BB98BD07C300082DE9F0410E4C0F4E23
:107E98000F4D00AF23680BB9BDE8F08100F004FF77
:107EA800F368D3F80C8008F1040001F05CF92B6842
:107EB800013B2B602368013B236000F005FF40462F
:107EC800FFF7C4FFE6E700BF689C00206C9C002019
:107ED800509C002080B500AFFFF7D6FFFCE70000FC
:107EE8002DE9F84F0E4600AF3C6B95008146904651
:107EF800A5212A46206B9A46D7F828B0F8F7F4FB54
:107F0800226B043D154425F007056EB1721E04F17D
:107F180033010F3612F8010F01F8010F08B1B24210
:107F2800F8D1002284F84320BBF1080F06D940F2AB
:107F38006F711548FCF78CFB4FF0080B201DC4F837
:107F48002CB0C4F84CB001F0E4F804F1180001F0CA
:107F5800E0F8CBF109032846A3614A465346216B52
:107F68002461646200F002FF2D1AB8EBA50F2060AF
:107F780004D840F2D2710448FCF76AFBFB6A03B1EB
:107F88001C60BDE8F88F00BF07C300082DE9F04763
:107F980088B09946274B04AF1B68FB604FF000037D
:107FA800D7E90DA4002305460E4690467B60BAF13A
:107FB800000F04D140F2FC411F48FCF749FB24B9EB
:107FC80040F2FD411C48FCF743FB6023BB60BB68E3
:107FD800602B04D040F205511748FCF739FBBB6809
:107FE800D4B1BAF1000F17D0602200212046F8F76B
:107FF8007BFB022384F85D303B1DC4F830A002945B
:1080080001933B6B2846009342464B463146FFF7A7
:1080180067FF2046FFF71AFE064B78681A68FB6868
:108028005A404FF0000301D0FAF7C6FF1037BD469B
:10803800BDE8F0873000002007C300082DE9F041B3
:10804800044600AF00F030FE2F4D34B92C6824B937
:1080580040F6B1012D48FCF7FBFA04F1040840464C
:1080680001F081F860B91423E06A294A4343D358E0
:1080780033B90122274982400B6823EA02030B60C7
:10808800A36A1BB104F1180001F06DF8224A234ECF
:108098001368013313602B68326812B3A34220D1EE
:1080A80041461F4801F03AF81E4A2146136820202D
:1080B80001331360E26AF9F7A5FD00F005FE3368A5
:1080C80003B32B68A3421DD1174B1B6823B140F69D
:1080D8002A110E48FCF7BCFABD46BDE8F04100F095
:1080E800D5BD124A214613682020013B1360E26A7D
:1080F800F9F788FDFFF796FE00F0E6FD2046FFF74A
:10810800A5FEDCE7BDE8F081789D002007C30008E4
:10811800C49C0020489C0020349C0020449C0020E3
:108128006C9C0020689C0020289C0020509C00200B
:10813800B0B58CB02C4B04AF1022002107F10C0015
:108148001B68FB614FF00003F8F7CEFA274A07F1E6
:108158000C0312F8014B03F8014B002CF9D13846F7
:1081680007F10802391DC7E90044FCF747FA3B68E4
:108178001F4802937B6807F10C01CDE900432346B1
:10818800BA68FFF703FF1B4B1860B0B100F00EFD93
:10819800012805461CD100F0CFFE4FF0FF32164BE8
:1081A8001A60164B1D60164B1C60164B18681B682E
:1081B800D96AFAF71FF800F067FE134B1B680A4BE1
:1081C8001A68FB695A404FF0000309D0FAF7F4FE29
:1081D8000135F2D140F6F8610C48FCF739FAECE7C2
:1081E8002037BD46B0BD00BF300000204FC3000897
:1081F800DD7E00082C9C0020309C0020449C002040
:108208004C9C0020789D002068C5000807C3000822
:1082180080B5034A00AF13680133136080BD00BF07
:10822800289C002080B5024B00AF186880BD00BFB5
:108238004C9C002098B5044600AF38B9054B1C6823
:1082480024B94FF486510448FCF702FA04F13400CB
:1082580098BD00BF789D002007C300082DE9F04FA6
:1082680083B05A4A00AF1368012B02D0584B1B68E1
:108278002BB9584B58491B68096801338B6113683F
:10828800002B40F09D80534B1D6801351D609DB942
:10829800524C23681B6823B141F2FC215048FCF77B
:1082A800D7F9504B2268196821601A604E4A136842
:1082B80001331360FFF7B6FDDFF838910026D9F8CF
:1082C8000030DFF834819D420CD3B646DFF80CB19C
:1082D800DFF828A1DBF800301B68BBB94FF0FF338B
:1082E800C9F800301421414B414A1B681268DB6A07
:1082F8004B4358F80300012898BF002A14BF0120F7
:10830800002030430C37BD46BDE8F08FDBF8003065
:10831800DB68DC6863689D42E2D3D4E902316069B6
:108328009960A3684B604168231D994204BFE168C6
:1083380041600168C4F814E001390160A06A80B1A5
:10834800D4E907219160E26904F1180C4A60416898
:10835800614504BF216A41600168C4F828E0013919
:108368000160214630207B60F8F744FC0120E16A77
:10837800DAF800C0884040EA0C00CAF8000014206F
:10838800414308EB010CDCF804007B68A060D0F8DE
:1083980008E0C4F80CE0CEF80430836058F80130E7
:1083A800C4F814C0013348F80130104BE16A1B6867
:1083B8004FF0000EDB6A994288BF46F0010689E754
:1083C800034A00201368013313609BE7289C0020B0
:1083D800409C00204C9C0020A43B0020989C00203E
:1083E80007C30008949C0020389C0020789D00203A
:1083F8003C9C0020309C0020C49C0020489C00200D
:108408002DE9F843464C00AF00F04EFC236823B931
:1084180040F6F6714348FCF71BF92368013B2360DB
:1084280024682CB1002400F04FFC2046BDE8F883F6
:108438003D4B1B68002BF5D02646A0463B4D51E02E
:10844800EB68DC68A36AD4E907128A60E1695160C5
:10845800596804F11802914204BF226A5A601A68E6
:10846800A662013A1A606369D4E902128A60A168B7
:1084780004F1040951605A6821464A4508BFE26878
:108488004FF0300008BF5A601A68C4F81480013AE7
:108498001A60F8F7AFFB01202549E36AD1F800C05C
:1084A80000FA03F242EA0C020A6014214B43214A03
:1084B80002EB030CDCF80410A160D1F808E0C4F862
:1084C8000CE0CEF80490C1F80890D158C4F814C054
:1084D8000144D150184BE26A1B68DB6A9A4201D901
:1084E800164B18602B68002BAAD10CB1FFF79AFC29
:1084F800134D2C6854B14FF00108104EFFF7AEFE33
:1085080008B1C6F80080013CF8D12C600B4B1B6801
:10851800002B87D0084B01241B6800F0B7FB82E7CB
:10852800289C002007C30008509C0020809C002045
:10853800489C0020C49C0020789D00203C9C002082
:10854800409C002098B5044600AF20B9BD46BDE860
:10855800984000F09BBBFFF75BFE0B4B1B68012BA1
:1085680004D040F6D5110948FCF772F821467A2064
:10857800F8F740FB00212046FFF7FAFBFFF740FF22
:108588000028E3D098BD00BF289C002007C300083E
:10859800F8B5274B00AF1A68264B12B101221A60B2
:1085A800F8BD254D1A602868F9F780FE2B68296800
:1085B8002A680968126B914210D91B6B1A68B2F1CC
:1085C800A53F0BD15A68B2F1A53F07D19A68B2F11D
:1085D800A53F03D1DB68B3F1A53F04D0296828681B
:1085E8003431FCF727F8154B1C68B4FA84F41423CB
:1085F800C4F11F046343124EF35823B941F2994161
:108608001048FCF725F814235C43321953680834E2
:108618005B682644B342536004BFD3685360DB6889
:108628002B6028682B68D96AF9F7E4FD2B68B7E74F
:10863800289C00203C9C0020789D0020489C00201D
:10864800C49C002007C30008B0B50D46044600AF1F
:1086580020B941F21F510848FBF7FAFF074B2046A3
:108668001968183100F067FD01212846BD46BDE8AC
:10867800B040FFF77DBB00BF07C30008789D00200E
:10868800F8B50D461646044600AF20B941F25D51D3
:108698001248FBF7DDFF002E18BF4FF0FF35104BD7
:1086A80062681968CA61906819680862196818319F
:1086B800416019681B68183191609C6223687920B1
:1086C80001332360074B19682944F8F793FA3146B8
:1086D8002846BD46BDE8F840FFF74ABB07C3000877
:1086E800789D00204C9C0020F8B5C36800AFDC687A
:1086F80024B941F294512E48FBF7AAFFD4E9071296
:10870800A36A8A60E16951605A6804F118018A42D3
:1087180004BF226A5A600022A2621A68013A1A60EB
:10872800244B1B68002B36D1D4E9021263698A6096
:10873800A168251D51605A682146AA4208BFE2680F
:108748004FF0300008BF5A60002262611A68013A8F
:108758001A60F8F74FFA01221749E36A08689A4045
:1087680002430A6014214B43144AD0184168A1609F
:108778008E68E66075608D60D15860610131D150B6
:108788000F4BE26A1B68DB6A9A4285BF01200D4BDA
:1087980000201860F8BD0C4B5A68E26190682062AE
:1087A800416091601A68A36201321A60E8E700BF6D
:1087B80007C30008289C0020489C0020C49C002077
:1087C800789D00203C9C0020809C0020044B80B5B4
:1087D8001B6800AF0360034B1B68436080BD00BF8C
:1087E800389C00204C9C0020F8B50D46044600AF8C
:1087F80020B941F244611548FBF72AFF25B941F237
:1088080045611248FBF724FF00F04EFA104B196837
:108818002B685A1C17D00F48266800686268864281
:1088280008D08A4206D8002301242B6000F04CFAB5
:108838002046F8BD881A8342F5D95B1A13442046AE
:108848002B60FFF7C3FF0024F0E700BF07C3000851
:108858004C9C0020389C0020012280B5014B00AFC1
:108868001A6080BD3C9C002098B5044600AF61B9F1
:1088780048B9074B1C6834B941F2F8710548FBF751
:10888800E7FE636DFFDE606D98BD0020FCE700BF6A
:10889800789D002007C3000880B5024B00AF186818
:1088A80080BD00BF789D002080B5064B00AF1B68D7
:1088B80033B1054B1868B0FA80F04009400080BD1C
:1088C8000120FCE7449C0020289C002080B59142B0
:1088D80000AF416000610AD8D21A83699A420DD26A
:1088E800074B011D186800F026FC002080BD9A4245
:1088F80001D2994202D2034B011DF3E70120F5E7AB
:10890800589E00205C9E0020F8B504460D46164689
:1089180000AFA1692B46324620462944FFF7D6FF0F
:1089280000B9F8BDA36920461D44236A9847F0E7BB
:108938000F4B2DE9F0411B680546DB6800AFDC688A
:108948000E46201D00F00FFC94F828305A070AD56F
:10895800324629462046FFF7D7FF2046236ABD4600
:10896800BDE8F041184723F0010384F82830F4E704
:108978005C9E002098B5084C00AF23681A6822B99D
:10898800064A11681360216098BDDB684FF0FF311B
:108998001868FFF7CDFFF0E75C9E0020589E002086
:1089A8002DE9F041124C82B002AF00F07DF9256844
:1089B800CDB9DFF858800F4E404600F09DFB304699
:1089C80000F09AFB0C4B1021C3F800800B4B0820D9
:1089D8001E600B4A0B4B0095FEF7B2FF206010B1EA
:1089E8000949FFF7DFF8BD46BDE8F04100F06CB972
:1089F800549E0020609E00205C9E0020589E00200F
:108A0800CC9D00207C9D002054C30008749E00204B
:108A18002DE9F04387B05F4B00AF1B687B614FF0D7
:108A280000035D4E5D4B1B68D3F80090B9F1000F51
:108A380023D00025DB68D3F80090FFF7E9FBFFF7A8
:108A4800F1FB336804469842DFF85C8117D3306045
:108A5800002D45D0524B1B681D68B5FA85F56D0988
:108A68002A46D8F80000A9EB0401FFF7C9F8FFF778
:108A7800C7FC48B900F00AF906E00125DDE7FFF771
:108A880079FF3460FFF7BCFC10220021381DF7F78E
:108A98002BFE0022D8F80000391DFEF78DFF0028B4
:108AA800C0D07B68002B24DBFC68002CF1D0636904
:108AB80013B1201D00F057FBFFF7B4FB33680546E0
:108AC800984201D2FFF756FF7B683560013B082BBF
:108AD800DFD8DFE803F0161639405616163940007D
:108AE8008145BDD8FFF78CFC21464846FFF720FF9B
:108AF800CAE7BB68D7E9030198477B68002BC8DB46
:108B0800D2E794F82830A16943F0010384F82830AB
:108B1800BB682A4620461944FFF7D8FE0028B8D07B
:108B280094F8283059070AD5A369B9682A46204617
:108B38001944FFF7E9FE2046236A9847A9E723F07E
:108B4800010384F82830F6E794F8283023F001036D
:108B580084F828309DE794F8283043F0010384F81E
:108B68002830BB68A36123B94FF482610D48FBF735
:108B78006FFDA1692B462A4620462944FFF7A6FE29
:108B880087E794F828309A07E0D4204600F020FAC6
:108B98007FE700BF300000204C9E00205C9E002034
:108BA800589E002059C30008549E0020B0B588B0D4
:108BB8001B4B04AF1B68FB604FF00003FFF7F0FE90
:108BC800184B1B680BB300250124384607F108022F
:108BD800391DC7E90055FBF71FFD3B681249029391
:108BE8007B6800940193BA682B461048FFF7CEF9CA
:108BF8000F4B186048B12046094B1A68FB685A4069
:108C08004FF0000308D0FAF7D7F90A484FF4A371D8
:108C1800FBF71EFD0020EFE71037BD46B0BD00BFD3
:108C280030000020549E0020A2C30008198A0008C2
:108C3800509E002059C3000880B5002382B000AFC1
:108C48007B60084B1B68013304D040F2753106483D
:108C5800FBF7FEFC00F070F97B68002BFCD00837AE
:108C6800BD4680BD909E0020AAC300084FF0E023B7
:108C7800042280B51A6100229A61034A00AF5A6142
:108C880007221A6180BD00BFBFD401004FF0E02366
:108C98004FF0805280B5C3F8042D00AFBFF34F8F5B
:108CA800BFF36F8F80BD000080B500AF00F044F9BE
:108CB800044A136801331360BFF34F8FBFF36F8FFC
:108CC80080BD00BF909E002098B50A4C00AF236875
:108CD80023B940F22A410848FBF7BAFC2368013B54
:108CE8002360206820B9BD46BDE8984000F02FB940
:108CF80098BD00BF909E0020AAC3000898B500AF99
:108D080000F01AF90446FFF7A9FA28B14FF0E0235A
:108D18004FF08052C3F8042D2046BD46BDE8984068
:108D280000F015B980B4836900AF13F8023C662BD4
:108D380012D14FF0E023D3F8882D42F47002C3F823
:108D4800882DD3F8342F42F04042C3F8342FBD4663
:108D58005DF8047B00F0C8B84FF49D610248BD4639
:108D68005DF8047BFBF774BCAAC3000890B54FF00C
:108D7800807440E90224184A4FF0123440F80C2C51
:108D88004FF003324FF0023C40E905244FF0013226
:108D980040F8203C40E9072C4FF010334FF01132D7
:108DA8004FF0093440E90A324FF008334FF0073CDE
:108DB80040E90C344FF006334FF0053240E90E3CE1
:108DC8004FF0043340E910326FF0020300AF40F86F
:108DD800443C40F8481D90BD418C0008002380B5F4
:108DE80082B000AF7B604FF07F424FF0E023C3F8C2
:108DF8001C2DD3F81C3D214A1B0EFB70FB7803F099
:108E08005003137023B940F6AD011D48FBF720FC51
:108E1800FB78DB4313F0500F04D040F6B10118483B
:108E2800FBF716FCFB7813F0800F7B681FD1082B2B
:108E38000CBF00237B68134A18BFC3F107031B024A
:108E480003F4E06313604FF0E023D3F8202D0837D4
:108E580042F47F02C3F8202DD3F8202D42F07F4240
:108E6800C3F8202D0022C3F81C2DBD4680BD013358
:108E78007B60FB785B00DBB2FB70D3E78C9E002045
:108E8800AAC30008889E002098B54FF0E023D3F8C5
:108E9800084D114BE26A00AF9A4204D040F20F71BC
:108EA8000E48FBF7D5FBA26B0D4B9A4204D04FF44A
:108EB800E2610A48FBF7CCFB0024FFF78FFFFFF7BE
:108EC800D5FE084B1C6000F027F8FFF761FBFFF7A1
:108ED800B3FE204698BD00BFC18F0008AAC3000892
:108EE800658F0008909E00200A4A1168086806C825
:108EF80081F30B88EFF3148151F0020181F3148898
:108F0800203080F30988BFF36F8F4FF0000080F3A3
:108F180011881047789D002006480068006880F393
:108F2800088862B661B6BFF34F8FBFF36F8F66DFF5
:108F380000BF000008ED00E0EFF311804FF0500192
:108F480081F31188BFF34F8FBFF36F8F704780F3A2
:108F58001188BFF34F8FBFF36F8F7047EFF309800E
:108F68001EF0100F08BF20ED108AEFF30B82734636
:108F780020E9FC0F0F4A116808604FF0500080F399
:108F88001188BFF34F8FBFF36F8FFFF701FB4FF0CF
:108F9800000080F31188074A11680868B0E8FC0FE0
:108FA80013F0100F08BFB0EC108A82F30B8880F31F
:108FB80009881847789D00201EF0040F0CBFEFF3B6
:108FC8000880EFF309800149084700002D8D00084B
:108FD8002DE9F041044600AF002878D0DFF814816D
:108FE800A0F10805454502D33A4B9D4204D94FF4F8
:108FF800B8713948FBF72CFB54F8043C002B04DB10
:1090080040F271113448FBF723FB54F8083C23B1B4
:109018004FF4B9713048FBF71BFB54F8043C002BA4
:1090280055DA54F8082C002A51D123F0004344F8AB
:10903800043CFFF7EDF8294A54F8043C11680B4446
:109048001360274B1B68DB070AD5264B1B685B6838
:1090580033B1F8F7E3FC214654F8042CF8F754FC34
:10906800214B1A461E461B689D42FBD8964209D0E2
:10907800464502D3174B9E4204D940F206211648B2
:10908800FBF7E6FA7268B3189D4201BF354654F8FB
:10909800043C9B187360696833686A18934214D15A
:1090A800124A1268934203D05A680A446A601A68DE
:1090B8002A600F4AAE42136818BF35600133136047
:1090C800BD46BDE8F041FFF79BB91A46F0E7BDE899
:1090D800F08100BFA79E022016C40008989E0020B9
:1090E800EC040020F0040020A09E00209C9E00209C
:1090F800949E0020A89E00204FF0FF3200F1080344
:1091080080B5C0E9022343600361002300AF036018
:1091180080BD002380B5036100AF80BD436880B582
:109128009A684B608A6051609960036808610133EE
:1091380000AF036080BDB0B50C6800AF631C0AD1F6
:1091480003695A684A6091608B60596003680861D6
:1091580001330360B0BD00F1080213465268156878
:10916800A542FAD9EDE70369D0E9011280B58A6012
:109178005160596800AF814208BF5A6000220261FD
:1091880018680138186080BD20F0030110F0030052
:10919800C0F1000051F8043B00F1040C4FEACC0C7C
:1091A8006FF000021CBF22FA0CF213434FF0010CBF
:1091B8004CEA0C2C4CEA0C4CA3EB0C0222EA0302FE
:1091C80012EACC1204BF51F8043B0430F4D0C2F1C7
:1091D800000102EA0102B2FA82F2C2F11F0200EBB8
:1091E800D200704738B5054C054DAC4204D054F850
:1091F800043B9847AC42FAD138BD00BF00000000DC
:1092080000000000032A30B412D941EA0004844661
:109218000B46A40721D11946604653F8044B5CF865
:10922800045BA54219D1043A032AF4D860461946CA
:10923800541E7AB1431E0139021901E09A4209D03D
:1092480013F8010F11F801CF6045F7D0A0EB0C001F
:1092580030BC7047002030BC7047541EEAE700BF9E
:109268000FB400B583B0064B04AA186852F8041B63
:10927800019200F0D3F903B05DF804EB04B0704735
:1092880074C400080CB430B58BB00D4620220446D7
:10929800002102A8F7F728FA0222134B002D0694A2
:1092A8008DF80A2003931DDB10D0013D2C440FAA32
:1092B8000E9902A80794019200F0B0F9069B0022CB
:1092C8001A700BB0BDE8304002B070470FAA0E9973
:1092D80002A80794019200F0A1F90BB0BDE8304054
:1092E80002B070470024E2E735B700082DE9F041E5
:1092F800C3F1370805460C46174603F01F065FFA08
:1093080088F82846214632460023F6F7FFFF234611
:10931800D2B20C46AC460546092A08EB020188BFC2
:10932800CAB2B44502F1300207F8012B4FF000022F
:109338009341E6D23846BDE8F08100BF2DE9F043FD
:109348004FF0010E724508DD034601E0252C06D0DA
:109358009C4613F8014B002CF8D1BDE8F0831C782B
:109368000CF1020C252C01D16346F1E70026AA4F27
:10937800B04609E027FA03F3DB0740F1F4801CF854
:10938800014B002C00F09280A4F12003102BF1D99E
:1093980063464FF0000CA4F12405152D20D8DFE812
:1093A80005F0B21F1F1F1F1FAA1F1F1FAA1F0C0C8B
:1093B8000C0C0C0C0C0C0C0C6346303C06EB8606B3
:1093C8004FF0200C04EB460613F8014B002C70D02C
:1093D800BCF11F0F40F2BA80BCF17F0F40F2AE80A3
:1093E800A4F14C052E2D64D80FF2040959F825F084
:1093F80003950008BB940008BB940008BB940008C0
:10940800BB940008BB940008BB940008BB940008F8
:10941800BB940008BB940008BB940008BB940008E8
:10942800BB940008BB940008BB940008BB940008D8
:10943800BB940008BB940008BB940008BB940008C8
:10944800BB940008BB940008BB940008BB940008B8
:10945800BB940008BB940008BB940008BB940008A8
:1094680035950008BB94000803950008BB940008D4
:1094780025950008BB940008BB940008BB9400081D
:10948800BB940008BB940008BB940008BB94000878
:10949800D1930008BB940008BB940008BB94000853
:1094A800BB940008BB940008D193000863464FF0B2
:1094B800000CB8F1000F3FF450AFF0457FF448AF0F
:1094C80044F020050B68A5F16506022E40F29F8046
:1094D800612D00F09C80633C102C00F29280DFE844
:1094E80004F0189090909090909090909090909018
:1094F80090901800B046002666E74CF4207C63E79D
:1095080063464FF0000CB8F1000FF3D07645F2D166
:109518000B6804330EF1010E0B6013E71CF0800F8B
:1095280018BF4CF4007C4CF0800C4DE71CF4807F95
:1095380018BF4CF4007C4CF4807C45E74FF0200CBD
:1095480029E713F8014B0026002CB0D0A4F1200C19
:10955800314DBCF1100F25FA0CF54FD815F0010567
:1095680026D09C460BE7A4F124030C2B9ED801A51A
:1095780055F823F009950008B5940008B59400083B
:10958800B5940008B5940008B5940008B195000892
:10959800B5940008B5940008B5940008B195000882
:1095A800B5940008C193000800266346B4460BE74B
:1095B800A4F12409AC464D460C2D3FF678AF0FF2C6
:1095C800080959F825F000BF0F950008B79400085E
:1095D800B7940008B7940008B7940008B794000837
:1095E8004B950008B7940008B7940008B794000892
:1095F8004B950008B7940008C39300084FF0000C7F
:10960800C9E61CF0800F84D01CF4007F81D007339A
:1096180023F0070308337DE7892801002DE9F04F7F
:10962800837893B047689C07049240F134870B46CF
:1096380083468E460B9213F8010B002800F09286A1
:109648000C464FF0000A05910DE01C4659460AF1F8
:10965800010AB8470028C0F26A81234613F8010BB3
:10966800002800F06C812528EFD165780234252D7B
:10967800ECD04FF00008C1464646CDF808801F2EB2
:1096880040D97F2E75D9A5F14C032E2B00F25B81B2
:10969800DFE813F00F015901590159015901590126
:1096A80059015901590159015901590159015901E2
:1096B80059015901590159015901590159015901D2
:1096C8005901590159015901590159019201590189
:1096D8000F015901860159015901590159015901CF
:1096E80059015901B5005901590159015901590147
:1096F800B50046F0020614F8015B46F00406002D9A
:1097080000F08280A5F12003102B32D801A252F874
:1097180023F000BFFF9600087B9700087B9700089E
:109728008B9800087B9700087B9700087B970008B8
:10973800079800087B9700087B9700087B9700082C
:10974800FB9600087B9700089B9800087B97000809
:109758007B970008AB9800087306A5F1300540F127
:109768006B8109EB890905EB490914F8015B002DA8
:109778004AD0A5F12403152B85D801A252F823F06D
:10978800E19700088F9600088F9600088F960008CA
:109798008F9600088F960008699900088F96000830
:1097A8008F9600088F960008959900088F960008F4
:1097B80061970008619700086197000861970008A1
:1097C8006197000861970008619700086197000891
:1097D8006197000861970008B8F1000F00F0218137
:1097E800049B72060B9300F13581029A0BA9059828
:1097F800FFF7A4FD0B9B1A1D1B680B92029314F82C
:10980800015B002D7FF43BAF202303950693B8F14D
:10981800000F06D0049B42460BA905980B93FFF74F
:109828008DFDB9F1000F04DA26F040064FF000096B
:10983800B6B2039B002B00F0DA80ED4306F040023D
:1098480005F0200307930B9B073323F0070303F16D
:1098580008010B91D3E90001069B612B00F04B81B5
:10986800002A40F00E81652B00F07C84662B4FF0B7
:10987800060900F05D834B46002265250392089592
:109888000EE114F8015B46F01006002D7FF43AAFA4
:10989800BAE714F8015B46F00806002D7FF432AFF2
:1098A800B2E714F8015B46F00106002D7FF42AAFF9
:1098B800AAE714F8015B46F42076002D7FF4E3AEA6
:1098C800A2E72D25029B042B00F37C820023029340
:1098D80028465946B84700280AF1010A27DB9DF8AF
:1098E80034301D0740F14D83AE4E3546DDF81C80FF
:1098F80003E0C0B2B847002819DBA94615F8013BB8
:109908005946A3EB0800002BF3D1AAEB0606B14495
:10991800029DCA464D44A5EB0A0359462020002B58
:109928007FF79BAEB84700280AF1010AF3DA9BF8E3
:1099380002304FF0FF3A43F004038BF802305046F0
:1099480013B0BDE8F08F45F02002A2F1650306923E
:10995800612A18BF022B94BF01230023039356E703
:10996800B8F1000F7FF44BAF0B9B750653F8042B2F
:109978000B937FD4002AC0F2548314F8015B46F09D
:109988002006002D00F056830292F2E67006D6D427
:1099980014F8015B46F04006002D7FF4EAAE33E789
:1099A800330614F8015B48BF46F4007646F080069B
:1099B800002D7FF468AE27E7F50514F8015B48BF72
:1099C80046F4007646F48076002D7FF45CAE1BE703
:1099D800002B00F074811A46049B0BA905980B9381
:1099E800C146FFF7ABFC2023CDF808800693A5F10C
:1099F8006303122B00F25F81DFE813F08D02700120
:109A08005D015D015D015D0170015D015D015D014B
:109A18005D015D01970245025D015D011A025D016C
:109A2800880214F8015B4646029B002DD0D0C1463F
:109A3800CDF80880984665E6029B46F0200603EBC1
:109A4800830305EB4303029314F8015B002D7FF4B5
:109A580090AED9E64A460BA90598FFF76FFC0B9B19
:109A680014F8015B1A1DD3F800900B92002D7FF4B7
:109A780008AEC9E614F8015B002D00F0DB829146C0
:109A880077E6652B00F06483662B00F0518219F0AD
:109A9800FF0340F004851A466525039301230895C2
:109AA80001920DF13008039A0092424600F01EFE22
:109AB8000C9AC3B20221069302F109030391122BF7
:109AC80035D89DF8343013F0010503F00C0C3CD167
:109AD800B00760D416F0040040F08A81BCF1000F92
:109AE80039D0029A032A40F31283033A02923207CA
:109AF8003FF5F7AE6BE1079B46F4C0560DF1300811
:109B08000093002A00F0CC804B46424601F00AFC44
:109B1800431CDBB24B45069380F2CA8070230C9A33
:109B28000121089302F109030391122BC9D902F10B
:109B38006303C62B2CD902F2E73140F2CE73994267
:109B480040F25D8104210391BBE7BCF1000F7FF473
:109B5800B8AE4FF02D0C16F4405F00F06D82B504DE
:109B680040F1978022EAE2730133BCF1000F1BD168
:109B7800B9F1000F00F0518109F101010B4402997C
:109B8800994200F3CB823005CDF808C026D43CE0DA
:109B98000221039195E7BCF1000F00F026812B25E7
:109BA80090E600BF70C50008591CB9F1000F00F01D
:109BB800298109F101030B440299994200F3558365
:109BC80000230293604659460992B84700280AF1D3
:109BD800010A099AFFF6ABAE350513D55946302070
:109BE8000992B8470028FFF6A2AE079B59460AF12A
:109BF800020AC3F1780000F0F800B8470028099A73
:109C0800FFF695AE300740F1F882B10400F1C68244
:109C180059469DF835000992B8470028FFF687AEE7
:109C2800B9F1000F099A00F32F83F50600F152836A
:109C38000AF1010906925946DDE90723981AC0B2CC
:109C4800B8470028FFF673AE069A002AC0F23F8391
:109C58002B2059460692B8470028FFF668AE039BAA
:109C6800069A042B00F01782032B09F1020900F071
:109C78002682012B40F0368202F13000594609F164
:109C88000109C0B2B8470028BFF642AE4FE60EF150
:109C9800FF3916F4006F14BF052303230B4464E750
:109CA8004FF0FF33424601F03DFB431CDBB2069305
:109CB80003F1FF3932E7069B782B00F07983594688
:109CC8002520B8470028FFF632AE28465946B8473F
:109CD8000028FFF62CAE0AF1020ABEE432060B9BFE
:109CE80040F11483B00540F1A483073323F0070340
:109CF80003F10802D3E900030B9226F01008002BA9
:109D08001FFA88F20392C0F2418350EA030140F03F
:109D1800458406F040037006069303D5B9F1000F99
:109D280000F0E482002001460DF130080A23424683
:109D3800FFF7DCFA069AA0EB0803002A00F0DC82A1
:109D4800039A4B451E4622F00108B8BF4E461FFA3B
:109D580088F20392039A40F206410A4202F0080090
:109D680000F0AC8406F10108002800F02683029A6E
:109D7800A2EB0802029206935946039B0AF10105D9
:109D880013F0020F14BF2B20202013F4806F18BF8C
:109D98002D20B8470028069BFFF6C9AD994540F32A
:109DA800128409EB050A1E46AAEB030A02E0554590
:109DB80000F0C58059463020B847002805F1010554
:109DC800F5DAB4E5043B360702933FF581AD029E10
:109DD800564402E0B24500F0468359462020B84771
:109DE80000280AF1010AF5DAA1E54FF02B0CB2E6DA
:109DF800BCF1000F40F0AD824FF0200CABE6032120
:109E080003915EE6F00640F1E68202330299994238
:109E180000F32B82CDF80890D4E6F10640F1E682F3
:109E280001330299994200F37981CDF80890D3E67D
:109E38000B9B1A1D0B921A68002A00F0F88216F084
:109E4800400F1046039214BF49464FF0FF3101F00E
:109E580057FA039A8046029B3007194600F19A8008
:109E6800984580F097801D461646994603E0984528
:109E780080F089801D4659462020B847002805F102
:109E8800FF33F4DA53E546F010061023782516F070
:109E9800800C0B9A68D016F4007100F03B810732F1
:109EA80022F0070202F108010B91D2E9000106F045
:109EB8004002039250EA010240F0868006F0400218
:109EC8001AB1B9F1000F00F019820DF13008002025
:109ED80000214246FFF70AFA06F04002A0EB080309
:109EE800002A00F0438126F017024B4592B20392F4
:109EF80080F24582002D40F0A882350740F1AE83FC
:109F0800029A5546A2EB090202924AE726F0100689
:109F18000A23B6B2BBE70B9B4FF001080CAA191D28
:109F28001B680B918DF8303095E708230025AEE7C4
:109F3800662546F400564A4611230895B0E533468F
:109F48000DF1300808EB0306354605E015F8010D5C
:109F5800B8470028FFF6EBACA8455946F6D106EB02
:109F68000A03A3EB0809D3E4111D10680B9116F43A
:109F780080719CD016F4007100F0F281C0B2614685
:109F880095E7BD4EB1E40AF1010A32461946CA44C2
:109F9800AAEB050A029402EB080516461446894600
:109FA80005E014F8010BB8470028FFF6C0ACAC4236
:109FB8005946F6D14946AAEB0603A146029CA1EBF5
:109FC800080299440292A3E40DF130084246FFF7D3
:109FD8008DF906F04002A0EB0803002A40F0C58185
:109FE80026F00602F10692B2039240F1C380039A6A
:109FF80002F00802002D40F0188103F10108002A40
:10A0080000F03982029AA2EB0802029259463020E7
:10A018000393B84700280AF10105039BBFF6BEAEBB
:10A0280085E4534214F8015B46F028060293002D9C
:10A038007FF49FAB002542E6B9F1000F069B14BFE1
:10A04800CE464FF0010E002B00F0B682581D40445A
:10A0580003E013F0FF0500F07F8110F8019D1D4615
:10A06800013BB9F1300FF4D09946EBB20693724533
:10A07800B4BF01230023101DB8BF002316F0100041
:10A0880000F04D81002B3FF402AE46F40056531CFD
:10A09800AEEB030966E5794D5946039209F10309C8
:10A0A800A5FB0235AD0905F13000C0B2B84700285C
:10A0B800FFF63DAC4FF47A73039A03FB1522704DFB
:10A0C8005946039209F10109A5FB02356D0905F10D
:10A0D8003000C0B2B8470028FFF629AC6423039AC1
:10A0E80003FB1522674D5946039209F10109A5FBA7
:10A0F8000235ED0805F13000C0B2B8470028FFF678
:10A1080016AC05EB8505039AA2EB4502B4E502906F
:10A11800FFF7E7BB101D0B901068C8E6CB1A16F0C6
:10A12800090F02937FF458AD1D46554409940292D5
:10A138005446C246E04602E0AC4200F05982594615
:10A148002020B847002804F10104F5DAFFF7EFBB37
:10A1580009F10103DBB2112B28BF112346F4805605
:10A16800FFF78ABB07234FF00609F7E726F0160228
:10A1780092B2039212F0080200F09681029A5546B4
:10A18800D21A02920AE63105E14600F1258216F05C
:10A19800080FCDF808C01E463FF437ADC9F10003DB
:10A1A80022EAE275914607960393531D069E5B1BB0
:10A1B80006949844A9EB0502039B013D3020964282
:10A1C80059460AF1010488BF98F80000AB4200F331
:10A1D8001781B847002808F10108FFF6A8AB6B1CE7
:10A1E80001D0A246E6E759462E20B84700280AF1D2
:10A1F8000204FFF69CABA246DCE7029B002B3FF46F
:10A2080004AD029D43460292A046554454469A46E0
:10A2180002E0AC4200F0C48059463020B84700281C
:10A2280004F10104F5DAFFF782BB03F10208002A02
:10A2380000F07281029AA2EB08020292594630207D
:10A248000393B8470028FFF672AB039B002D00F07C
:10A258001F81284659460393B84700280AF102058A
:10A26800039BBFF69BADFFF762BBCB1A16F0090F35
:10A2780002937FF4A7AC57E76CC50008D34D621072
:10A288001F85EB51CDCCCCCC59462E20B8470028A1
:10A29800FFF64DAB099A0126069D09940692AE4237
:10A2A80008EB06024FF030005946B8BF50793446E3
:10A2B800B847002806F10106FFF639AB4E45EEDD3A
:10A2C80025460AF10209069A099CA944B2E45242B9
:10A2D8002D20BEE459462E200692B84700280AF1E0
:10A2E8000209069ABFF6A6ACFFF721BB26F01108B3
:10A2F8001FFA88F3039300231E462BE516F0080384
:10A3080000F0168100230DF130081BE61A1DF10537
:10A318001B680B9200F192801846DB17EDE4002BC6
:10A328003FF4B7ACAA4246F40053C0F24981BCF1ED
:10A33800000F00F01981911C029D8D4240F3378176
:10A34800691A029116F009011E4600F06F818146D4
:10A3580038E42025FFF7B6BA4FF0FF39069586E6B0
:10A3680080B2A4E58246FFF7EABA26F007024B4519
:10A3780092B20392C0F26981F1063FF538AE320716
:10A3880040F15781029AD21A0292DBE542F48062C8
:10A398004042039206F0400263EB43010692C3E495
:10A3A8005346A2464446029A9846002302932CE458
:10A3B800C5F1780343F0100369E512F0010F029A22
:10A3C8007DD09045A2EB080180F2E68001EB0309FD
:10A3D80001460291CFE4029B8B427FF71BAD5B1ACB
:10A3E80016F0090F02937FF4EDAB9DE602999942AE
:10A3F8003FF794AE3505CDF808903FF5EFAB04E490
:10A40800A146DDE90646B8470028FFF690AAF606F9
:10A418007FF57EAA01357FF47BAA59462E20B847DE
:10A4280000280AF10209BFF673AAFFF780BAAE4AFC
:10A4380005E5186804330B93C3175EE4B20540F1D1
:10A44800A68058B243F3C01357E4494602F0080007
:10A4580082B2002800F02681029A5546A2EB090232
:10A46800894602929AE4002D7FF430AA9DF8343090
:10A478000295FFF736BA039AD6076ED50299884532
:10A48800A1EB080280F2908003EB02090295D5E661
:10A498000AF1010582E44FF0FF3AFFF750BA112B99
:10A4A80028BF1123FFF7E8B90399C90740F18F8046
:10A4B80002988342A0EB030148DB029142E59045F4
:10A4C80080F2A38026460695029C4546079302E043
:10A4D800A24209DA154659462020B847002805F156
:10A4E8000102F5DAFFF723BA02990AF1010A3446A4
:10A4F8002E468A1AAAEB080A0292B244039AD60692
:10A50800DDE906533FF59AAE40F20642039911423F
:10A518007FF431AC554641E4039A12F0010F029AD8
:10A528005FD09045A2EB08010FDB9946029185E6C2
:10A53800029A002A40F3B38026F0170899461FFABA
:10A5480088F3C84603934B46BCE7102203EB010986
:10A55800002A67D00022029270E6029A9045B1DB89
:10A56800A2EB0802029251E5511C029888427FF73B
:10A578000AAE411A16F0090F02914FD0300549D49E
:10A5880016F0080FE1461E467FF408AE39E618B209
:10A5980043F3C033FFF7B1BB99461AE7194606F0F3
:10A5A80040030693FFF7C0BB9946029246E68146F0
:10A5B8001E460290FFF706BB1D464FF0FF3956E5D1
:10A5C8001E46AE4663E5AA460DF13008BAE4029A83
:10A5D80093427CDA984675E71E46CDF80890FFF757
:10A5E800FDBA9045FFF66EAFA2EB0802029225E68F
:10A5F800C446029AD046A246099CBCF1000F7FF4DB
:10A60800DFAACDF808C0FFF7E7BAA2EB080202926A
:10A61800FFF7B1BB1E46E146FFF7E0BA1E46E1462A
:10A628000D4682E555460292FFF7B8BB8946029D62
:10A638007BE59846029A9045FFF644AF029A554644
:10A64800A2EB08020292FFF7A9BB55B926F017083A
:10A6580036071FFA88F203923FF552ACC846002528
:10A66800E8E7F00604D4039A494602F00800EFE64A
:10A67800320709F102083FF5DDAD029A9045FFF671
:10A6880021AF03935946029B3020A3EB08030293A2
:10A69800B8470028039BBFF6DCADFFF748B90DF1BA
:10A6A80030084FE40398C0070BD502988145A0EB0A
:10A6B8000901FFF64BAF0DF13008FEE64946B146F9
:10A6C800C6E6029A914507DAC8468946FAE6D21ADA
:10A6D80055460292FFF762BBA2EB0902554689462E
:10A6E8000292FFF75BBB00BF74C500082DE9F04F6D
:10A6F8009BB0C1F3130504460B92CA0F0E939DF845
:10A7080090300C9240EA05020D93C1F30A53002BD6
:10A7180008BF002A0CBF012200220A9200F0018122
:10A72800080D40F2FF718B4200F0ED8004F0010249
:10A738001192002B40F00281AB00012740F2344611
:10A74800DFF89C8543EA947306970593A300049366
:10A7580030460DF1580B00F059FCC71BF61B07EBF0
:10A768000803079730460F9300F058FC03465946F4
:10A7780030467D3BA7EB030A00F07AFC241912ABA4
:10A78800AAF141086D41204600932946DDE91623C8
:10A7980000F076FD14AB06460F4620462946009386
:10A7A800DDE9182300F06CFD0022CDF80080DDE91A
:10A7B8001243041951EB0305149B169928BF012273
:10A7C800D218159B43F1000370181799149247EBA0
:10A7D8000101B0421593B941DDE9180134BF4FF0CA
:10A7E800010C4FF0000C201845EB01011CEB000098
:10A7F80041F10001A04271EB050C34BF4FF0010C90
:10A808004FF0000C1CEB020243F1000300F050FD76
:10A81800039116998146DDF864C00891DDE917E1D6
:10A82800DDE91423099106990293002940F01F825B
:10A83800B019AAF14001009147EB0701231945EB34
:10A84800050AB04271EB070634BF012600269E199F
:10A85800089B4AF100079842099B71EB0E0134BF2F
:10A8680001200020301A67F10001C01A029B61EB39
:10A878000C0192185B41A64277EB050C34BF4FF0F0
:10A88800010C4FF0000C12EB0C0243F1000386425E
:10A8980077EB010634BF01260026921B63F1000303
:10A8A80000F006FD8246029120462946CDF8008038
:10A8B800DDE9142300F0FCFC079B04460D46012B40
:10A8C80040F254833E2B1E4600F208814FF0FF33BE
:10A8D800A6F12002C6F1200003FA02F203FA06F1FB
:10A8E80023FA00F00B461143049A014322EA0302BB
:10A8F800059B23EA01031A434FF00003069308BFA0
:10A9080001230593EDE00C9B25434FF000000B9AC3
:10A9180014BF43F0080343F0040313711BB0BDE8F0
:10A92800F08F0C9B30210B9C012043F00202002386
:10A938006171227123601BB0BDE8F08F54EA0502F3
:10A9480040F2FE7245F48015A3F2354800EA020091
:10A9580014BF01220022002808BF42F00102271973
:10A9680006924FEA850245EB0506B8F1000F42EA68
:10A97800947205924FEA84020492C0F21F83404603
:10A988000DF1580B00F03AFBB8F1030FC8BF0138BE
:10A99800044607900F9000F041FBA4EB080800F173
:10A9A8007C035946204603EB080A00F0E1FB12AB92
:10A9B800384631460093DDE9162300F061FC14ABFC
:10A9C80004460D46384631460093DDE9182300F069
:10A9D80057FC0A9ADDE912638719AAF1410651EB7F
:10A9E8000308149B169928BF012208960096D218CE
:10A9F800159B43F1000360181799149245EB010168
:10AA0800A0421593A941DDE9180134BF01260026AB
:10AA1800381848EB0101301841F10001B84271EBD8
:10AA2800080634BF01260026B21843F1000300F0DF
:10AA38003FFCDDF864E003918146DDE91432DDE98D
:10AA480017610292169A0992069A002A40F0F1803C
:10AA580014EB040CAAF1400245EB05000092FA1928
:10AA680048EB080AA44570EB0505099D34BF01248D
:10AA7800002412194AF10004AC45B041029E34BFCB
:10AA880001200020101A64F10005401A65EB0E0140
:10AA9800DB187641BA4274EB080534BF012500255E
:10AAA8005D1946F10003824274EB010234BF0122B2
:10AAB8000022AA1A63F1000300F0FAFB8246029111
:10AAC800089B384641460093DDE9142300F0F0FB6B
:10AAD800079B04460D46152B40F220820023CDE942
:10AAE80005330D9B002B00F0D8810A2C75F100036B
:10AAF800C0F06E820A2300220120910001309E00DE
:10AB080041EA9371F31842EB0102DB1852419C426F
:10AB180075EB0201F1D20F9B259AC3181344D20F8B
:10AB28009342B8BF13460E9A9342A8BF134609939F
:10AB3800B3FA83F04FF0000E03994009CDF810E006
:10AB480010904846CDE9079E644A4FF0CC33CDF8C3
:10AB580000B000F095FB169F179B5046FF0802991E
:10AB68004FEAD3085D4A47EA4377CDF800B04FF083
:10AB7800CC3300F085FB169E179BF6084FEAD309E5
:10AB880046EA4376BE4279EB08031ED30A2C75F1D8
:10AB98000003C0F08B800A23002201204FEA820CB8
:10ABA800013099004CEA937CCB1842EB0C0CDB1873
:10ABB8004CEB0C0C9C4275EB0C016246EED2099BE7
:10ABC800984240F3558101230A9329462046434A77
:10ABD8004FF0CC33CDF800B000F052FB049B06EBED
:10ABE800860208990133179DBAEB420F069A04931F
:10ABF800B24602F00102169B18BF00223846DB0855
:10AC0800CDF808900692059A43EA45730797ED0830
:10AC1800002914BF002202F00102CDF80C80414641
:10AC2800059203EB8302A4EB42021C46D3B20893BD
:10AC38008AE70998791A089A009268EB0E0284420A
:10AC480075EB060634BF01200020081A62F10001E6
:10AC5800874278EB010234BF012200229A1A029B34
:10AC680063F1000300F024FB8246029128E7099B68
:10AC7800CDF80080E11A089B65EB0C0C9E42029B04
:10AC880077EB0E0034BF01200020081A6CF1000198
:10AC9800844275EB010634BF01260026921B63F13E
:10ACA800000300F005FB82460291FDE5099B002B9D
:10ACB80000F3DE8054EA050385D1109B002B82D077
:10ACC8000024DDE9079E2546069B002B51D05B46F4
:10ACD800F046A34602991C4635E000BFCDCCCCCC4B
:10ACE800CCFBFFFFBB4A4FF0CC330094B24600F0D8
:10ACF800C7FA169B294658464FEAD309179BB54A07
:10AD080049EA43790094DB0803934FF0CC3300F011
:10AD1800B7FA059B179D3946B8F1000F14BF0023F9
:10AD280003F0010302970593049B01330493169BD8
:10AD3800DB0843EA4573ED0803EB8302ABEB420201
:10AD48009B465FFA82F84FF0CC33A24A50460094F3
:10AD580000F096FA169E179F4846F608039946EAA9
:10AD68004776FF0806EB8603BAEB430FBAD0C64610
:10AD78005C46049A0F9B1344059A9B46029BBEF1BE
:10AD8800050F14BF002202F001029D4208BF54457E
:10AD98000A9B83F0010303F0010318BF0023002A74
:10ADA80069D014F001017BD1002B40F022810A2CDC
:10ADB80075F10002C0F020811A460A2300210126FD
:10ADC80088009F0040EA9370FB1841EB0001DB18F4
:10ADD800304606F1010649419C4275EB0107EFD266
:10ADE800099B9E4201DD002A66D109980FFA8BFE65
:10ADF800B042A8BF304600B2864400280EF1FF3E9C
:10AE08002EDD0B9B411D734A4FF0CC37194403F1DB
:10AE1800050C052614EB050848F10008A2FB0839C3
:10AE280029F0030303EB9903A8EB0308B4EB080428
:10AE380065F1000307FB04F502FB0355A4FB02437D
:10AE48001D4404F001036408A3FB063944EAC574F1
:10AE580013EB08036D08303301F8013D6145D9D182
:10AE68000B9B0C9AC3F800E01A711BB0BDE8F08F79
:10AE7800DDE9079E28E7BBB9BEF1040F94BF0022A5
:10AE880001221146611845F100050A290C4675F1A1
:10AE9800000392D200200126A2E70E9B099347E601
:10AEA800002BEFD04FF0050E069B119A83F001039B
:10AEB8001A43E1D00121E5E70D9B6BB1259A06EB1A
:10AEC8000B0313440E9A012BB8BF01239A42A8BF63
:10AED8001A469642099288DD05343E4906464FF0E7
:10AEE800CC3345F100050BF1010B621942F1000268
:10AEF800A1FB020727F0030000EB9700121AA41A1F
:10AF080065F1000504FB03F301FB0533A4FB0141D4
:10AF18000B4464085D0844EAC37466E7049E14ABF6
:10AF28002C4A009330464FF0CC33059900F0A8F92D
:10AF3800149B159A9B0843EA827303EB8303B3427D
:10AF48004AD0119E049B1EBB013B059A42F1FF317A
:10AF5800069A981A61F1000100F068F8079B83428D
:10AF68008CBF00230123CDE90563BAE5119B13B912
:10AF780001230593B5E519F1FF334FF00002994617
:10AF8800039B63F1000303930123CDE90532A8E590
:10AF9800981C059B43F1000100F048F8079B834289
:10AFA8008CBF00230123B9EB03039946039B63F18C
:10AFB800000303930023CDE9053392E540F23546BB
:10AFC80018F10107A6EB030618BF0127FFF7C0BB5E
:10AFD8000120A0E5CDCCCCCCDDE9040100F026F8B9
:10AFE800079B83428CBF002301230593002306930C
:10AFF80077E54FF0040E57E70126F6E6024B03FB10
:10B0080000F0800C704700BF41340100024B03FB85
:10B0180000F0000D704700BFFB2E0B00024B03FB36
:10B0280000F0C00C013070474F93120030B54FF05C
:10B03800CC350E4C4FF0333C05FB00F304FB0131DB
:10B04800A0FB043200200A449C457CEB02010CD38F
:10B05800A64605FB03F1013004FB0211A3FB0E32E7
:10B068000A449C457CEB0201F3D230BDCDCCCCCC5C
:10B078002DE9F04F3A4D1A233A4F87B0A5FB00252A
:10B088000E46ED0803FB150307EB051753B9D7E97F
:10B098000023C1E90023D7E90201C6E9020107B08C
:10B0A800BDE8F08F304A02A9044602EBC303D3E996
:10B0B8000089D7E9022340460091494600F0E0F8AC
:10B0C80002460B464046494691469846D7E9002332
:10B0D80004AF009700F0D4F8002282468B46DDE9E1
:10B0E800047317EB090753EB080928BF012232B193
:10B0F800029B01330293039B43F100030393204611
:10B10800FFF78CFF80461A2005FB00F0FFF786FF4B
:10B11800A8EB00053A464B4600955046594600F0C4
:10B12800C7F80095114B25096400844653F825306B
:10B138000A4604F01E0438464946E34003F0030378
:10B1480013EB0C0342F10002C6E90032DDE90223E9
:10B1580000F0AEF8C6E9020107B0BDE8F08F00BF05
:10B168004FECC44EA8C6000880C5000850C60008A9
:10B178003F4A00F11903A2FB03232DE9F04FDB0836
:10B188001A263C4F87B003FB06F60D4607EB031B58
:10B19800321A0AD1DBE90023C1E90023DBE9020105
:10B1A800C5E9020107B0BDE8F08F4FEA031A324B38
:10B1B80002A9044603EBC203D3E90089DBE90223B1
:10B1C80040460091494600F05BF857F80A200F46C0
:10B1D800DBF80430013A84464046B84604AF63F1D0
:10B1E80000034946E246009700F04AF800228146EB
:10B1F8008B46DDE9047317EB0A0753EB080828BFF1
:10B20800012232B1029B01330293039B43F10003F5
:10B2180003933046FFF702FF06462046FFF7FEFE7F
:10B22800361A3A46434600964846594600F040F8D2
:10B238000096124B26096400844653F826300A46C5
:10B2480004F01E0438464146E34003F0030301338B
:10B2580013EB0C0342F10002C5E90032DDE90223D9
:10B2680000F026F8C5E9020107B0BDE8F08F00BF7D
:10B278004FECC44ED0C7000880C5000878C7000846
:10B288004FF0000C70B58E4605461646A0FB02012D
:10B298006246049CEEFB06126646EEFB032CE3FBBB
:10B2A800051692194CF10003C4E9002370BD00BFD4
:10B2B80010B5029CC4F1400CC4F1200EE04002FA23
:10B2C8000EFE03FA0CF302FA0CFC43EA0E03C4F177
:10B2D800200E01FA0EFE40EA0E00A4F1200E22FA1A
:10B2E8000EFEA4F1200221FA04F421FA02F243EA44
:10B2F8000E03104343EA04014CEA000010BD00BFEE
:10B3080071B1034601EB000C01E0634506D01A4613
:10B31800013311780029F8D1101A7047181A7047AC
:10B32800084670472DE9F0430446C1F31305CE0FD4
:10B33800184654EA05039DF81CE0C1F30A5116713A
:10B3480056D10B1E18BF0123002951D100281360C4
:10B35800C0F25E810C2800F3DA811F461D46C0F159
:10B368000D060124B600711EA6F12108C6F12103BD
:10B3780004FA01F104FA08F824FA03F34C1848EA2D
:10B38800030848EB0809634269EB490C013C49F1A1
:10B39800FF393C4009EA0509A14278EB09090EDBAF
:10B3A800C6F1200927FA06F4203E05FA09F944EA0D
:10B3B800090402D445FA06F63443E40703D5C9194B
:10B3C80045EB08050F463B4005EA0C0C1B0943EA10
:10B3D8000C734FEA2C1C19090C2803F00F0441EADE
:10B3E8000C714FEA2C1C2CD0002C00F0148128E0A2
:10B3F80040F2FF73994200F08D81002900F0F78038
:10B40800A1F2FF31002845F4801527461160C0F2EB
:10B41800F5800C28A3DD230904F00F004FEA251C52
:10B4280043EA0573092802DDCEF1270108443030CC
:10B43800190903F00F0441EA0C7190744FEA2C1CAF
:10B448000D20092C02DDCEF127031C4430340C28D2
:10B458004FEA11155474B8BF0C2001F00F0445EAE7
:10B468000C754FEA2C13092C02DDCEF127010C4490
:10B4780030340B2814744FEA1514B8BF0B2005F0AC
:10B488000F0544EA03741B11092D02DDCEF12701D3
:10B498000D444FEA14180A2805F1300504F00F048A
:10B4A80048EA0378B8BF0A201B11D573092C02DDBE
:10B4B800CEF127010C443034092894734FEA18144C
:10B4C800B8BF092008F00F0844EA03741B11B8F14B
:10B4D800090F02DDCEF12701884408F13008082859
:10B4E80082F80D804FEA1418B8BF082004F00F0442
:10B4F80048EA03781B11092C02DDCEF127010C4420
:10B508003034072814734FEA1814B8BF072008F01E
:10B518000F0844EA03741B11B8F1090F02DDCEF1DC
:10B52800270188442109062808F1300804F00F048F
:10B5380041EA0371B8BF06201B1182F80B80092C61
:10B5480002DDCEF127052C444FEA1118052804F135
:10B55800300401F00F0148EA0378B8BF05201B1139
:10B568009472092902DDCEF1270421444FEA181408
:10B57800042801F1300108F00F08B8BF042044EA9C
:10B5880003744FEA23195172B8F1090F02DDCEF1A5
:10B59800270398442109032808F1300804F00F0410
:10B5A800B8BF032041EA09714FEA291382F80880DD
:10B5B800092C02DDCEF127052C440D09022804F1DF
:10B5C800300401F00F01B8BF022045EA0375D471B9
:10B5D800092902DDCEF1270E7144012801F130015D
:10B5E800B8BF0120917130355571BDE8F083A1F2E3
:10B5F800FE31002827461160BFF60BAF230914F06F
:10B608000F004FEA251C43EA05737FF40BAFE2E60F
:10B61800184619469C460D0911F00F044FEA2C17DD
:10B6280045EA0C753B467FF41EAF0B283FF41BAF71
:10B638000C0A15F00F054FEA2C2644EA0C64334631
:10B648007FF422AF0A283FF41FAF4FEA113814F0F5
:10B658000F044FEA2C3548EA0C582B467FF426AFE6
:10B6680009283FF423AF0C0C18F00F084FEA2C43BD
:10B6780044EA0C447FF42BAF08283FF428AF4FEA84
:10B68800115814F00F044FEA2C5348EA0C387FF491
:10B6980032AF07283FF42FAF0C0E18F00F084FEA0F
:10B6A8002C6344EA0C247FF437AF06283FF434AF08
:10B6B800090F14F00F044FEA2C7341EA0C117FF4C0
:10B6C8003EAF05283FF43BAF11F00F01E0464FEACB
:10B6D800EC737FF446AF04283FF443AF1CF00F0827
:10B6E8003C4699467FF450AF03283FF44DAF17F01E
:10B6F8000F0431467FF45CAF02283FF459AF16F0CF
:10B708000F017FF465AFC3077FF56DAF60E79C4617
:10B7180018468CE625434FF0000014BF46F0080693
:10B7280046F004061671BDE8F08300BFD1E9043283
:10B73800934202D05A1C0A6118707047000000003A
:10B748004578636565646564205452435F434647A2
:10B758005F454E5452595F534C4F545300457863DC
:10B768006565646564205452435F4346475F454EB0
:10B778005452595F53594D424F4C5F4D41585F4C9D
:10B78800454E475448004576656E742073697A655E
:10B79800206578636565646564005452435F53545B
:10B7A8005245414D5F504F52545F524541445F44AA
:10B7B8004154412072657475726E656420657272B9
:10B7C8006F72005452435F53545245414D5F504F7E
:10B7D80052545F57524954455F4441544120726561
:10B7E8007475726E6564206572726F7200426C6F58
:10B7F800636B696E6720696E207854726163654572
:10B808006E61626C65004E6F20736C6F7473206C90
:10B8180065667420696E20537461636B204D6F6E8A
:10B8280069746F7200496E76616C6964206576652B
:10B838006E7420636F64650045786365656465644C
:10B8480020495352206E657374696E6700445754DB
:10B85800206E6F7420737570706F72746564004425
:10B8680057545F435943434E54206E6F7420737589
:10B8780070706F7274656400436F756C64206E6FCE
:10B88800742063726561746520547A4374726C0025
:10B898004153534552543A202573202825642900E2
:10B8A800556E6B6E6F776E206572726F7220636F64
:10B8B80064653A20307825303858002357465200BE
:10B8C8005265636F726465722073746F707065641B
:10B8D80020696E207854726163654572726F7228B0
:10B8E8002E2E2E29210053797374656D20486561C9
:10B8F800700044656661756C7400467265655254E3
:10B908004F53002444554D4D595F444556494345CE
:10B918005F4944002444554D4D595F53455353499D
:10B928004F4E5F4944007844666D496E6974696199
:10B938006C697A65204572726F72202D2078476590
:10B9480074556E6971756553657373696F6E494493
:10B9580020697320300A002573007844666D496EAB
:10B96800697469616C697A65204572726F72202DFD
:10B9780020784765744465766963654E616D652016
:10B98800697320300A007844666D496E697469618C
:10B998006C697A65204572726F72202D2078446632
:10B9A8006D53657373696F6E496E697469616C690B
:10B9B8007A65206661696C65642E0A007844666D54
:10B9C800496E697469616C697A65204572726F7233
:10B9D800202D207844666D4B65726E656C506F72D1
:10B9E80074496E697469616C697A65206661696C0D
:10B9F80065642E0A007844666D496E697469616CE5
:10BA0800697A65204572726F72202D207844666DC0
:10BA1800416C657274496E697469616C697A6520F4
:10BA28006661696C65642E0A007844666D496E69C2
:10BA38007469616C697A65204572726F72202D2075
:10BA48007844666D456E747279496E697469616C83
:10BA5800697A65206661696C65642E0A00784466B7
:10BA68006D496E697469616C697A65204572726F97
:10BA780072202D207844666D436C6F7564496E6939
:10BA88007469616C697A65206661696C65642E0AFF
:10BA9800007844666D496E697469616C697A6520DD
:10BAA8004572726F72202D207844666D53746F72E0
:10BAB800616765496E697469616C697A6520666158
:10BAC800696C65642E0A007844666D416C65727411
:10BAD800496E697469616C697A65204572726F7222
:10BAE800202D207078427566666572206973204E35
:10BAF800554C4C0A004275696C642D4D332D536DBD
:10BB0800616C6C43440025732061742025733A25C9
:10BB180075000A44464D20416C6572743A20004114
:10BB28004C4552540044464D3A2052657374617234
:10BB380074696E672E2E2E0A0A0A00636F72656496
:10BB4800756D705F656E64004661756C742065780C
:10BB580063657074696F6E2C20434653523A2030E7
:10BB680078253038580064666D5F74726163652E9D
:10BB78007073667300202044464D3A2053746F72E8
:10BB8800696E672074686520616C6572742E0A009E
:10BB9800202044464D3A204E6F7420796574206900
:10BBA8006E697469616C697A65642E20416C65728E
:10BBB800742069676E6F7265642E0A000A44464DE8
:10BBC8003A204572726F722C207563446174614229
:10BBD8007566666572206E6F74206C617267652089
:10BBE800656E6F756768210A0A0044464D3A20451C
:10BBF80052524F522C20737461636B206F766572BA
:10BC0800666C6F7720696E20437261736843617454
:10BC1800636865722C2073656520636F6D6D656E52
:10BC28007420696E2064666D437261736843617441
:10BC3800636865722E630A0A0044464D3A205761CC
:10BC4800726E696E672C206D656D6F7279207265F2
:10BC580067696F6E2073697A65206973207A6572E7
:10BC68006F210A0A000A44464D3A204572726F72E3
:10BC78002C20756E68616E646C6564206361736501
:10BC8800210A0A00747261702E646D700066617515
:10BC98006C742E646D700044464D3A204572726F84
:10BCA800722C207844666D416C65727441646450EE
:10BCB80061796C6F6164206661696C65642E0A0045
:10BCC80044464D3A207844666D416C657274456E01
:10BCD80064206661696C65642E0A00537461636B45
:10BCE80020636F7272757074696F6E00433A2F73B8
:10BCF80072632F44656D6F735265706F2F5A65704C
:10BD080068797244656D6F2F6D6F64756C65732DFE
:10BD180073746167696E672F6D6F64756C65732FD7
:10BD280064656275672F706572636570696F2F440B
:10BD3800464D2F64666D437261736843617463682E
:10BD480065722E63005461736B20257320657865D6
:10BD58006375746564206D6F7265207468616E2008
:10BD68006578706563746564202825752025252904
:10BD78002E0A005461736B202573206578656375FE
:10BD8800746564206C657373207468616E206578CF
:10BD980070656374656420282575202525292E0A79
:10BDA800005461736B4D6F6E69746F7220616C65BE
:10BDB80072742C205461736B2025732C20435055CA
:10BDC800206C6F61642025752025252C20756E6BED
:10BDD8006E6F776E20726561736F6E2E0A000A5B54
:10BDE8005B20446576416C657274204461746120FF
:10BDF800426567696E73205D5D0A00202530325800
:10BE0800005B5B20444154413A005B5B204465760B
:10BE1800416C657274204461746120456E64656488
:10BE28002E20436865636B73756D3A202564205D29
:10BE38005D0A0050415353004641494C0044464D69
:10BE4800543A434845434B3A25733A25733A257388
:10BE58000A00554E4B4E4F574E0031303230004499
:10BE6800464D543A4841524E4553535F4641494C1A
:10BE78003A25733A494E5445525255505445443A1E
:10BE880070686173653D25753A726561736F6E3DC3
:10BE980025750A00454E44006D335F736D616C6C07
:10BEA8005F636F726564756D700044464D543A5314
:10BEB800554954455F424547494E3A25733A25301E
:10BEC80038780A0044464D543A4841524E45535337
:10BED8005F4641494C3A53544154453A494E4445CA
:10BEE800585F4F55545F4F465F52414E47453A257C
:10BEF800750A0044464D543A424F4F543A25733A16
:10BF0800253038783A70686173653D25753A696EF1
:10BF18006465783D25753A7265626F6F74733D2567
:10BF2800750A0044464D543A53554954455F434FAA
:10BF38004D504C4554453A25733A253038780A0017
:10BF480044464D543A524553554D45443A25753A61
:10BF580025730A0044464D543A52455455524E45AD
:10BF6800443A25733A737461727475703A697073E0
:10BF7800723D25753A636F6E74726F6C3D3078252B
:10BF8800780A005448524541445F4D4F4445004D9E
:10BF980053505F53454C4543544544005452414324
:10BFA800455F494E495449414C495A454400484126
:10BFB800524E4553530054524143455F53544152E6
:10BFC8005445440044464D205465737473005452DC
:10BFD8004143455F4348414E4E454C5F52454749B2
:10BFE8005354455245440044464D543A4245474906
:10BFF8004E3A25733A25750A00542575204245475F
:10C00800494E0044464D543A52455455524E4544C3
:10C018003A25733A25640A00426F6F74696E672087
:10C02800506572636570696F204672656552544F3A
:10C03800532044464D2074657374206861726E65A0
:10C048007373206F6E2051454D55206D7073322DDE
:10C05800616E3338350A0044464D543A4841524ED1
:10C068004553535F4641494C3A424F4F543A545214
:10C078004143455F494E495449414C495A450A0094
:10C0880044464D543A4841524E4553535F46414900
:10C098004C3A424F4F543A44464D5F494E495449F1
:10C0A800414C495A450A0044464D543A4841524E7B
:10C0B8004553535F4641494C3A424F4F543A5452C4
:10C0C8004143455F53544152540A0044464D546518
:10C0D8007374730044464D543A4841524E45535385
:10C0E8005F4641494C3A424F4F543A5441534B5F93
:10C0F8004352454154450A0044464D543A4841523A
:10C108004E4553535F4641494C3A424F4F543A5378
:10C1180043484544554C45525F52455455524E4547
:10C12800440A0054657374203130313000433A2F8B
:10C138007372632F44656D6F735265706F2F44651A
:10C148006D6F2D4672656552544F532D51454D55AF
:10C158002F64666D5F74657374732F7372632F74C5
:10C168006573745F636F6E74657874732E630044CF
:10C17800464D543A535441525455505F454E5445D8
:10C18800523A313030353A697073723D25753A63E9
:10C198006F6E74726F6C3D307825780A0054657341
:10C1A800742031303035005431303036412043541A
:10C1B800582048616E646C657220495053523D2581
:10C1C8007500546573742031303036410054313075
:10C1D800313820535441434B2073697A653D2575A6
:10C1E80000543130313820535441434B20756E751B
:10C1F8007365643D2575005465737420313031389A
:10C2080000433A2F7372632F44656D6F73526570E4
:10C218006F2F44656D6F2D4672656552544F532DCF
:10C2280051454D552F64666D5F74657374732F7334
:10C2380072632F746573745F626F756E646172697F
:10C2480065732E63005465737420313032304100B9
:10C258005431303230422052455455524E2066698E
:10C26800727374207472617020636F6D706C657482
:10C2780065640054657374203130323042004641A1
:10C2880054414C3A20737461636B206F7665726613
:10C298006C6F7720696E2025730A00464154414C23
:10C2A8003A20617373657274696F6E20617420251A
:10C2B800733A256C750A00433A2F7372632F4465ED
:10C2C8006D6F735265706F2F44656D6F2D46726583
:10C2D8006552544F532D51454D552F7468697264FA
:10C2E8005F70617274792F4672656552544F532D91
:10C2F8004B65726E656C2F71756575652E630043AD
:10C308003A2F7372632F44656D6F735265706F2F88
:10C3180044656D6F2D4672656552544F532D5145D6
:10C328004D552F74686972645F70617274792F4615
:10C3380072656552544F532D4B65726E656C2F7440
:10C3480061736B732E630049444C4500546D725100
:10C3580000433A2F7372632F44656D6F7352657093
:10C368006F2F44656D6F2D4672656552544F532D7E
:10C3780051454D552F74686972645F7061727479A4
:10C388002F4672656552544F532D4B65726E656C1E
:10C398002F74696D6572732E6300546D7220537625
:10C3A8006300433A2F7372632F44656D6F73526550
:10C3B800706F2F44656D6F2D4672656552544F53EB
:10C3C8002D51454D552F74686972645F70617274A0
:10C3D800792F4672656552544F532D4B65726E65C1
:10C3E8006C2F706F727461626C652F4743432F41E5
:10C3F800524D5F434D33335F4E545A2F6E6F6E5F0D
:10C408007365637572652F706F72742E6300433A9B
:10C418002F7372632F44656D6F735265706F2F446D
:10C42800656D6F2D4672656552544F532D51454DBC
:10C43800552F74686972645F70617274792F4672DF
:10C44800656552544F532D4B65726E656C2F706F36
:10C45800727461626C652F4D656D4D616E672F68F2
:10C468006561705F342E6300634303004800002059
:10C47800006CDC0200366E010024F400001BB700DB
:10C4880000093D0080841E0060E3160040420F0052
:10C4980000E02E000070170000A00F0000B80B008D
:10C4A800801A0600400D0300F0490200A086010032
:10C4B800000000000102030400000000000000006A
:10C4C80001020304060708090000024201000000F7
:10C4D80000000242030000000000024206000000C3
:10C4E8000004024201000000000402420A000000A9
:10C4F8000008024202000000000C02420D00000089
:10C50800000C024202000000000802420A0000007B
:10C518000004024200000000000802420C00000073
:10C52800000402420300000000040242040000006C
:10C538000010024200000000001002420200000049
:10C54800001002420300000001000200040006007F
:10C5580008000A000C0010002000400080000001C4
:10C5680008000000696E66006E616E00286E756CCA
:10C578006C2900000000000001000000000000001D
:10C588000500000000000000190000000000000085
:10C598007D000000000000007102000000000000A3
:10C5A800350C000000000000093D000000000000FC
:10C5B8002D31010000000000E1F505000000000039
:10C5C80065CD1D0000000000F90295000000000084
:10C5D800DD0EE90200000000514A8D0E0000000047
:10C5E8009573C24800000000E941CC6B01000000CF
:10C5F8008D49FD1A07000000C16FF2862300000074
:10C60800C52EBCA2B1000000D9E9AC2D780300000A
:10C618003D9160E45811000031D6E275BC56000027
:10C62800F52E6E4DAEB10100C9EA26836778080081
:10C63800ED95C28F055A2A00A1EDCCCE1BC2D300BE
:10C6480025A4000A8BCA2204000000000000000094
:10C6580000000000000000000000004095596959E2
:10C668005555545515555556040515411054554002
:10C6780045515544404550445055554500400040AB
:10C68800400444966555565545404554514115401A
:10C6980055915555555540510501000000000000C1
:10C6A8000000000000000000000000000000001072
:10C6B8000000000000000000B9340332B7F4AD14E4
:10C6C80010DB1AB30892540E0D307D951447BA1A30
:10C6D80066088F4D26ADC66DF598BF85E2B7451142
:10C6E800CA96853D92BD1DEBFCA11860DCEF521681
:10C6F8003C92AE220BB8C1B4839D2D5B0562DA1C57
:10C70800304C7E8F4E8BB25B16F4529F8B56A5121F
:10C71800FBD4827643ED8AF08FE7F9311565191855
:10C7280050F19BD94A13EEB4284CF0A686C1251FB8
:10C73800035FC270CB9E4916E642889C44EB2014E6
:10C74800B0650836AD6EA58585F0CA14E2FD031AFA
:10C758000B899979D5B13D09D8DA973A35EBCF10DD
:10C76800AC363F5E73BB38CF3E6752FA44AFBA155A
:10C778005445545445550504001004101404400051
:10C7880000000140555515415404000044000100C3
:10C7980000000040410000445044455054005555A5
:10C7A800545565510040004001000001000501009A
:10C7B800115451515455550500154150000004407D
:10C7C8001001040500000000010000000000000046
:10C7D8000000000000000020345065C05FC9A65268
:10C7E800BB13CBAEC440C21806C8DF7100D5A87C05
:10C7F800F56F0FDA58FC27136E4756357D242065F0
:10C8080002C7E768E48CA41DE9E60268D7CD396160
:10C818007977FCC2405BEF16798CDE43FFA751F9AC
:10C8280091F3B278F5BDBE11E857E9D6E8BEE87BCA
:10C83800B054AC8F848D751BEA23A499E9F9D38B86
:10C84800B7A3714061DA3E15CEE33ECB73F94808D1
:10C858008C97B427D51B7010A2BFEFB9EB853215A2
:10C868004DB44DB49BBB6F1996B6076CF8E7EEADA7
:10C8780036D9B4F59135AE13222218AF4E6A684DF9
:10C8880091DAAA3D4F40741E9FBD9EE006A1C09854
:10C8980057C2A7FDA40E90170E7D497173E3208F30
:10C8A800B220D87605143B12853D7434811343B009
:08C8B800AD297A5F27F4351C5D
:08C8C000843AFF7F0100000033
:10C8C800FFFFFFFFFFFFFFFF01000000FFFFFFFF6B
:10C8D800FFFFFFFF01000000FFFFFFFFFFFFFFFF5B
:10C8E80001000000FFFFFFFFFFFFFFFF0100000046
:10C8F800EFBEADDEFFFFFFFF0000000000000000FC
:10C90800FFFFFFFF0000000000000200794600085A
:10C91800000000000000000000093D0010000000B9
:04000005080047D5D3
:00000001FF
