Booting Percepio FreeRTOS DFM test harness on QEMU mps2-an385
DFMT:SUITE_BEGIN:m3_small_coredump:92b3fb9f
DFMT:CHECK:HARNESS:PASS:TRACE_CHANNEL_REGISTERED
DFMT:BEGIN:1020:0

DFM Alert: Test 1020A at test_boundaries.c:113
  DFM: Storing the alert.


DFM: Error, ucDataBuffer not large enough!


DFM: Error, ucDataBuffer not large enough!


[[ DevAlert Data Begins ]]
[[ DATA: D1 D2 D3 D4 F0 0F 01 00 12 15 00 00 01 00 01 00 01 00 00 00 ]]
[[ DATA: 20 00 20 00 68 00 00 00 0C 01 00 00 24 44 55 4D 4D 59 5F 53 ]]
[[ DATA: 45 53 53 49 4F 4E 5F 49 44 00 00 00 00 00 00 00 00 00 00 00 ]]
[[ DATA: 00 00 00 00 24 44 55 4D 4D 59 5F 44 45 56 49 43 45 5F 49 44 ]]
[[ DATA: 00 00 00 00 00 00 00 00 00 00 00 00 00 00 00 00 54 65 73 74 ]]
[[ DATA: 20 31 30 32 30 41 20 61 74 20 74 65 73 74 5F 62 6F 75 6E 64 ]]
[[ DATA: 61 72 69 65 73 2E 63 3A 31 31 33 00 00 00 00 00 00 00 00 00 ]]
[[ DATA: 00 00 00 00 00 00 00 00 00 00 00 00 00 00 00 00 00 00 00 00 ]]
[[ DATA: 00 00 00 00 00 00 00 00 00 00 00 00 00 00 00 00 00 00 00 00 ]]
[[ DATA: 00 00 00 00 00 00 00 00 00 00 00 00 00 00 00 00 00 00 00 00 ]]
[[ DATA: 50 44 66 6D F0 0F 03 48 08 04 68 00 01 00 00 00 FC 03 00 00 ]]
[[ DATA: 01 00 00 00 EA 02 00 00 07 00 00 00 90 8D 00 20 02 00 00 00 ]]
[[ DATA: DC 06 00 00 04 00 00 00 71 00 00 00 00 00 00 00 00 00 00 00 ]]
[[ DATA: 00 00 00 00 00 00 00 00 00 00 00 00 00 00 00 00 00 00 00 00 ]]
[[ DATA: 00 00 00 00 42 75 69 6C 64 2D 4D 33 2D 53 6D 61 6C 6C 43 44 ]]
[[ DATA: 00 00 00 00 00 00 00 00 00 00 00 00 00 00 00 00 00 00 00 00 ]]
[[ DATA: 00 00 00 00 00 00 00 00 00 00 00 00 00 00 00 00 00 00 00 00 ]]
[[ DATA: 00 00 00 00 00 00 00 00 00 00 00 00 00 00 00 00 54 65 73 74 ]]
[[ DATA: 20 31 30 32 30 41 20 61 74 20 74 65 73 74 5F 62 6F 75 6E 64 ]]
[[ DATA: 61 72 69 65 73 2E 63 3A 31 31 33 00 00 00 00 00 00 00 00 00 ]]
[[ DATA: 00 00 00 00 00 00 00 00 00 00 00 00 00 00 00 00 00 00 00 00 ]]
[[ DATA: 00 00 00 00 00 00 00 00 00 00 00 00 00 00 00 00 00 00 00 00 ]]
[[ DATA: 00 00 00 00 00 00 00 00 00 00 00 00 00 00 00 00 00 00 00 00 ]]
[[ DATA: 6D 66 44 50 00 00 00 00 D4 D3 D2 D1 ]]
[[ DevAlert Data Ended. Checksum: 1741 ]]

[[ DevAlert Data Begins ]]
[[ DATA: D1 D2 D3 D4 F0 0F 01 00 18 46 01 00 01 00 01 00 01 00 00 00 ]]
[[ DATA: 20 00 20 00 10 00 00 00 24 00 00 00 24 44 55 4D 4D 59 5F 53 ]]
[[ DATA: 45 53 53 49 4F 4E 5F 49 44 00 00 00 00 00 00 00 00 00 00 00 ]]
[[ DATA: 00 00 00 00 24 44 55 4D 4D 59 5F 44 45 56 49 43 45 5F 49 44 ]]
[[ DATA: 00 00 00 00 00 00 00 00 00 00 00 00 00 00 00 00 64 66 6D 5F ]]
[[ DATA: 74 72 61 63 65 2E 70 73 66 73 00 00 50 44 61 50 F0 0F 03 10 ]]
[[ DATA: F0 32 00 00 64 66 6D 5F 74 72 61 63 65 2E 70 73 66 73 00 00 ]]
[[ DATA: 50 61 44 50 00 00 00 00 D4 D3 D2 D1 ]]
[[ DevAlert Data Ended. Checksum: 12498 ]]

[[ DevAlert Data Begins ]]
[[ DATA: D1 D2 D3 D4 F0 0F 01 00 71 83 01 00 01 00 07 00 01 00 00 00 ]]
[[ DATA: 20 00 20 00 10 00 00 00 D0 07 00 00 24 44 55 4D 4D 59 5F 53 ]]
[[ DATA: 45 53 53 49 4F 4E 5F 49 44 00 00 00 00 00 00 00 00 00 00 00 ]]
[[ DATA: 00 00 00 00 24 44 55 4D 4D 59 5F 44 45 56 49 43 45 5F 49 44 ]]
[[ DATA: 00 00 00 00 00 00 00 00 00 00 00 00 00 00 00 00 64 66 6D 5F ]]
[[ DATA: 74 72 61 63 65 2E 70 73 66 73 00 00 28 10 00 20 00 00 00 00 ]]
[[ DATA: 05 06 07 08 75 76 77 78 F5 F6 F7 F8 00 46 53 50 0E 00 A1 1A ]]
[[ DATA: 00 00 00 00 01 03 00 00 00 00 00 00 00 00 02 01 46 72 65 65 ]]
[[ DATA: 52 54 4F 53 01 00 00 00 00 00 00 00 00 0E 27 07 00 00 00 00 ]]
[[ DATA: E8 03 00 00 DB 4D 05 00 43 00 00 00 38 00 00 00 1C 00 00 00 ]]
[[ DATA: 03 00 00 00 A4 05 00 20 00 00 00 00 00 00 00 00 00 00 02 00 ]]
[[ DATA: 00 00 00 80 53 79 73 74 65 6D 20 48 65 61 70 00 00 00 00 00 ]]
[[ DATA: 00 00 00 00 00 00 00 00 00 00 00 00 00 00 00 00 00 00 00 00 ]]
[[ DATA: 00 00 00 00 00 00 00 00 00 00 00 00 00 00 00 00 00 00 00 00 ]]
[[ DATA: 00 00 00 00 00 00 00 00 00 00 00 00 00 00 00 00 00 00 00 00 ]]
[[ DATA: 00 00 00 00 00 00 00 00 00 00 00 00 00 00 00 00 00 00 00 00 ]]
[[ DATA: 00 00 00 00 00 00 00 00 00 00 00 00 00 00 00 00 00 00 00 00 ]]
[[ DATA: 00 00 00 00 00 00 00 00 00 00 00 00 00 00 00 00 00 00 00 00 ]]
[[ DATA: 00 00 00 00 00 00 00 00 00 00 00 00 00 00 00 00 00 00 00 00 ]]
[[ DATA: 00 00 00 00 00 00 00 00 00 00 00 00 00 00 00 00 00 00 00 00 ]]
[[ DATA: 00 00 00 00 00 00 00 00 00 00 00 00 00 00 00 00 00 00 00 00 ]]
[[ DATA: 00 00 00 00 00 00 00 00 00 00 00 00 00 00 00 00 00 00 00 00 ]]
[[ DATA: 00 00 00 00 00 00 00 00 00 00 00 00 00 00 00 00 00 00 00 00 ]]
[[ DATA: 00 00 00 00 00 00 00 00 00 00 00 00 00 00 00 00 00 00 00 00 ]]
[[ DATA: 00 00 00 00 00 00 00 00 00 00 00 00 00 00 00 00 00 00 00 00 ]]
[[ DATA: 00 00 00 00 00 00 00 00 00 00 00 00 00 00 00 00 00 00 00 00 ]]
[[ DATA: 00 00 00 00 00 00 00 00 00 00 00 00 00 00 00 00 00 00 00 00 ]]
[[ DATA: 00 00 00 00 00 00 00 00 00 00 00 00 00 00 00 00 00 00 00 00 ]]
[[ DATA: 00 00 00 00 00 00 00 00 00 00 00 00 00 00 00 00 00 00 00 00 ]]
[[ DATA: 00 00 00 00 00 00 00 00 00 00 00 00 00 00 00 00 00 00 00 00 ]]
[[ DATA: 00 00 00 00 00 00 00 00 00 00 00 00 00 00 00 00 00 00 00 00 ]]
[[ DATA: 00 00 00 00 00 00 00 00 00 00 00 00 00 00 00 00 00 00 00 00 ]]
[[ DATA: 00 00 00 00 00 00 00 00 00 00 00 00 00 00 00 00 00 00 00 00 ]]
[[ DATA: 00 00 00 00 00 00 00 00 00 00 00 00 00 00 00 00 00 00 00 00 ]]
[[ DATA: 00 00 00 00 00 00 00 00 00 00 00 00 00 00 00 00 00 00 00 00 ]]
[[ DATA: 00 00 00 00 00 00 00 00 00 00 00 00 00 00 00 00 00 00 00 00 ]]
[[ DATA: 00 00 00 00 00 00 00 00 00 00 00 00 00 00 00 00 00 00 00 00 ]]
[[ DATA: 00 00 00 00 00 00 00 00 00 00 00 00 00 00 00 00 00 00 00 00 ]]
[[ DATA: 00 00 00 00 00 00 00 00 00 00 00 00 00 00 00 00 00 00 00 00 ]]
[[ DATA: 00 00 00 00 00 00 00 00 00 00 00 00 00 00 00 00 00 00 00 00 ]]
[[ DATA: 00 00 00 00 00 00 00 00 00 00 00 00 00 00 00 00 00 00 00 00 ]]
[[ DATA: 00 00 00 00 00 00 00 00 00 00 00 00 00 00 00 00 00 00 00 00 ]]
[[ DATA: 00 00 00 00 00 00 00 00 00 00 00 00 00 00 00 00 00 00 00 00 ]]
[[ DATA: 00 00 00 00 00 00 00 00 00 00 00 00 00 00 00 00 00 00 00 00 ]]
[[ DATA: 00 00 00 00 00 00 00 00 00 00 00 00 00 00 00 00 00 00 00 00 ]]
[[ DATA: 00 00 00 00 00 00 00 00 00 00 00 00 00 00 00 00 00 00 00 00 ]]
[[ DATA: 00 00 00 00 00 00 00 00 00 00 00 00 00 00 00 00 00 00 00 00 ]]
[[ DATA: 00 00 00 00 00 00 00 00 00 00 00 00 00 00 00 00 00 00 00 00 ]]
[[ DATA: 00 00 00 00 00 00 00 00 00 00 00 00 00 00 00 00 00 00 00 00 ]]
[[ DATA: 00 00 00 00 00 00 00 00 00 00 00 00 00 00 00 00 00 00 00 00 ]]
[[ DATA: 00 00 00 00 00 00 00 00 00 00 00 00 00 00 00 00 00 00 00 00 ]]
[[ DATA: 00 00 00 00 00 00 00 00 00 00 00 00 00 00 00 00 00 00 00 00 ]]
[[ DATA: 00 00 00 00 00 00 00 00 00 00 00 00 00 00 00 00 00 00 00 00 ]]
[[ DATA: 00 00 00 00 00 00 00 00 00 00 00 00 00 00 00 00 00 00 00 00 ]]
[[ DATA: 00 00 00 00 00 00 00 00 00 00 00 00 00 00 00 00 00 00 00 00 ]]
[[ DATA: 00 00 00 00 00 00 00 00 00 00 00 00 00 00 00 00 00 00 00 00 ]]
[[ DATA: 00 00 00 00 00 00 00 00 00 00 00 00 00 00 00 00 00 00 00 00 ]]
[[ DATA: 00 00 00 00 00 00 00 00 00 00 00 00 00 00 00 00 00 00 00 00 ]]
[[ DATA: 00 00 00 00 00 00 00 00 00 00 00 00 00 00 00 00 00 00 00 00 ]]
[[ DATA: 00 00 00 00 00 00 00 00 00 00 00 00 00 00 00 00 00 00 00 00 ]]
[[ DATA: 00 00 00 00 00 00 00 00 00 00 00 00 00 00 00 00 00 00 00 00 ]]
[[ DATA: 00 00 00 00 00 00 00 00 00 00 00 00 00 00 00 00 00 00 00 00 ]]
[[ DATA: 00 00 00 00 00 00 00 00 00 00 00 00 00 00 00 00 00 00 00 00 ]]
[[ DATA: 00 00 00 00 00 00 00 00 00 00 00 00 00 00 00 00 00 00 00 00 ]]
[[ DATA: 00 00 00 00 00 00 00 00 00 00 00 00 00 00 00 00 00 00 00 00 ]]
[[ DATA: 00 00 00 00 00 00 00 00 00 00 00 00 00 00 00 00 00 00 00 00 ]]
[[ DATA: 00 00 00 00 00 00 00 00 00 00 00 00 00 00 00 00 00 00 00 00 ]]
[[ DATA: 00 00 00 00 00 00 00 00 00 00 00 00 00 00 00 00 00 00 00 00 ]]
[[ DATA: 00 00 00 00 00 00 00 00 00 00 00 00 00 00 00 00 00 00 00 00 ]]
[[ DATA: 00 00 00 00 00 00 00 00 00 00 00 00 00 00 00 00 00 00 00 00 ]]
[[ DATA: 00 00 00 00 00 00 00 00 00 00 00 00 00 00 00 00 00 00 00 00 ]]
[[ DATA: 00 00 00 00 00 00 00 00 00 00 00 00 00 00 00 00 00 00 00 00 ]]
[[ DATA: 00 00 00 00 00 00 00 00 00 00 00 00 00 00 00 00 00 00 00 00 ]]
[[ DATA: 00 00 00 00 00 00 00 00 00 00 00 00 00 00 00 00 00 00 00 00 ]]
[[ DATA: 00 00 00 00 00 00 00 00 00 00 00 00 00 00 00 00 00 00 00 00 ]]
[[ DATA: 00 00 00 00 00 00 00 00 00 00 00 00 00 00 00 00 00 00 00 00 ]]
[[ DATA: 00 00 00 00 00 00 00 00 00 00 00 00 00 00 00 00 00 00 00 00 ]]
[[ DATA: 00 00 00 00 00 00 00 00 00 00 00 00 00 00 00 00 00 00 00 00 ]]
[[ DATA: 00 00 00 00 00 00 00 00 00 00 00 00 00 00 00 00 00 00 00 00 ]]
[[ DATA: 00 00 00 00 00 00 00 00 00 00 00 00 00 00 00 00 00 00 00 00 ]]
[[ DATA: 00 00 00 00 00 00 00 00 00 00 00 00 00 00 00 00 00 00 00 00 ]]
[[ DATA: 00 00 00 00 00 00 00 00 00 00 00 00 00 00 00 00 00 00 00 00 ]]
[[ DATA: 00 00 00 00 00 00 00 00 00 00 00 00 00 00 00 00 00 00 00 00 ]]
[[ DATA: 00 00 00 00 00 00 00 00 00 00 00 00 00 00 00 00 00 00 00 00 ]]
[[ DATA: 00 00 00 00 00 00 00 00 00 00 00 00 00 00 00 00 00 00 00 00 ]]
[[ DATA: 00 00 00 00 00 00 00 00 00 00 00 00 00 00 00 00 00 00 00 00 ]]
[[ DATA: 00 00 00 00 00 00 00 00 00 00 00 00 00 00 00 00 00 00 00 00 ]]
[[ DATA: 00 00 00 00 00 00 00 00 00 00 00 00 00 00 00 00 00 00 00 00 ]]
[[ DATA: 00 00 00 00 00 00 00 00 00 00 00 00 00 00 00 00 00 00 00 00 ]]
[[ DATA: 00 00 00 00 00 00 00 00 00 00 00 00 00 00 00 00 00 00 00 00 ]]
[[ DATA: 00 00 00 00 00 00 00 00 00 00 00 00 00 00 00 00 00 00 00 00 ]]
[[ DATA: 00 00 00 00 00 00 00 00 00 00 00 00 00 00 00 00 00 00 00 00 ]]
[[ DATA: 00 00 00 00 00 00 00 00 00 00 00 00 00 00 00 00 00 00 00 00 ]]
[[ DATA: 00 00 00 00 00 00 00 00 00 00 00 00 00 00 00 00 00 00 00 00 ]]
[[ DATA: 00 00 00 00 00 00 00 00 00 00 00 00 00 00 00 00 00 00 00 00 ]]
[[ DATA: 00 00 00 00 00 00 00 00 00 00 00 00 00 00 00 00 00 00 00 00 ]]
[[ DATA: 00 00 00 00 00 00 00 00 00 00 00 00 00 00 00 00 00 00 00 00 ]]
[[ DATA: 00 00 00 00 00 00 00 00 00 00 00 00 00 00 00 00 00 00 00 00 ]]
[[ DATA: 00 00 00 00 00 00 00 00 00 00 00 00 00 00 00 00 00 00 00 00 ]]
[[ DATA: 00 00 00 00 00 00 00 00 00 00 00 00 00 00 00 00 00 00 00 00 ]]
[[ DATA: 00 00 00 00 00 00 00 00 00 00 00 00 00 00 00 00 00 00 00 00 ]]
[[ DATA: 00 00 00 00 00 00 00 00 00 00 00 00 00 00 00 00 00 00 00 00 ]]
[[ DATA: 00 00 00 00 00 00 00 00 00 00 00 00 00 00 00 00 00 00 00 00 ]]
[[ DATA: 00 00 00 00 00 00 00 00 00 00 00 00 00 00 00 00 00 00 00 00 ]]
[[ DATA: 00 00 00 00 00 00 00 00 00 00 00 00 00 00 00 00 00 00 00 00 ]]
[[ DATA: 00 00 00 00 00 00 00 00 00 00 00 00 D4 D3 D2 D1 ]]
[[ DevAlert Data Ended. Checksum: 10130 ]]

[[ DevAlert Data Begins ]]
[[ DATA: D1 D2 D3 D4 F0 0F 01 00 71 83 01 00 02 00 07 00 01 00 00 00 ]]
[[ DATA: 20 00 20 00 10 00 00 00 D0 07 00 00 24 44 55 4D 4D 59 5F 53 ]]
[[ DATA: 45 53 53 49 4F 4E 5F 49 44 00 00 00 00 00 00 00 00 00 00 00 ]]
[[ DATA: 00 00 00 00 24 44 55 4D 4D 59 5F 44 45 56 49 43 45 5F 49 44 ]]
[[ DATA: 00 00 00 00 00 00 00 00 00 00 00 00 00 00 00 00 64 66 6D 5F ]]
[[ DATA: 74 72 61 63 65 2E 70 73 66 73 00 00 00 00 00 00 00 00 00 00 ]]
[[ DATA: 00 00 00 00 00 00 00 00 00 00 00 00 00 00 00 00 00 00 00 00 ]]
[[ DATA: 00 00 00 00 00 00 00 00 00 00 00 00 00 00 00 00 00 00 00 00 ]]
[[ DATA: 00 00 00 00 00 00 00 00 00 00 00 00 00 00 00 00 00 00 00 00 ]]
[[ DATA: 00 00 00 00 00 00 00 00 00 00 00 00 00 00 00 00 00 00 00 00 ]]
[[ DATA: 00 00 00 00 00 00 00 00 00 00 00 00 00 00 00 00 00 00 00 00 ]]
[[ DATA: 00 00 00 00 00 00 00 00 00 00 00 00 00 00 00 00 00 00 00 00 ]]
[[ DATA: 00 00 00 00 00 00 00 00 00 00 00 00 00 00 00 00 00 00 00 00 ]]
[[ DATA: 00 00 00 00 00 00 00 00 00 00 00 00 00 00 00 00 00 00 00 00 ]]
[[ DATA: 00 00 00 00 00 00 00 00 00 00 00 00 00 00 00 00 00 00 00 00 ]]
[[ DATA: 00 00 00 00 00 00 00 00 00 00 00 00 00 00 00 00 00 00 00 00 ]]
[[ DATA: 00 00 00 00 00 00 00 00 00 00 00 00 00 00 00 00 00 00 00 00 ]]
[[ DATA: 00 00 00 00 00 00 00 00 00 00 00 00 00 00 00 00 00 00 00 00 ]]
[[ DATA: 00 00 00 00 00 00 00 00 00 00 00 00 00 00 00 00 00 00 00 00 ]]
[[ DATA: 00 00 00 00 00 00 00 00 00 00 00 00 00 00 00 00 00 00 00 00 ]]
[[ DATA: 00 00 00 00 00 00 00 00 00 00 00 00 00 00 00 00 00 00 00 00 ]]
[[ DATA: 00 00 00 00 00 00 00 00 00 00 00 00 00 00 00 00 00 00 00 00 ]]
[[ DATA: 00 00 00 00 00 00 00 00 00 00 00 00 00 00 00 00 00 00 00 00 ]]
[[ DATA: 00 00 00 00 00 00 00 00 00 00 00 00 00 00 00 00 00 00 00 00 ]]
[[ DATA: 00 00 00 00 00 00 00 00 00 00 00 00 00 00 00 00 00 00 00 00 ]]
[[ DATA: 00 00 00 00 00 00 00 00 00 00 00 00 00 00 00 00 00 00 00 00 ]]
[[ DATA: 00 00 00 00 00 00 00 00 00 00 00 00 00 00 00 00 00 00 00 00 ]]
[[ DATA: 00 00 00 00 00 00 00 00 00 00 00 00 00 00 00 00 D4 0E 00 20 ]]
[[ DATA: 00 00 00 00 00 00 00 00 00 00 00 00 00 00 00 00 41 4C 45 52 ]]
[[ DATA: 54 00 00 00 00 00 00 00 00 00 00 00 00 00 00 00 00 00 00 00 ]]
[[ DATA: 00 00 00 00 04 0F 00 20 00 00 00 00 00 00 00 00 00 00 00 00 ]]
[[ DATA: 00 00 00 00 44 46 4D 20 54 65 73 74 73 00 00 00 00 00 00 00 ]]
[[ DATA: 00 00 00 00 00 00 00 00 00 00 00 00 5C 96 00 20 01 00 00 00 ]]
[[ DATA: 00 00 00 00 00 00 00 00 00 00 00 00 54 6D 72 20 53 76 63 00 ]]
[[ DATA: 00 00 00 00 00 00 00 00 00 00 00 00 00 00 00 00 00 00 00 00 ]]
[[ DATA: 7C 9D 00 20 08 00 00 00 00 00 00 00 00 00 00 00 00 00 00 00 ]]
[[ DATA: 54 6D 72 51 00 00 00 00 00 00 00 00 00 00 00 00 00 00 00 00 ]]
[[ DATA: 00 00 00 00 00 00 00 00 BC 9A 00 20 00 00 00 00 00 00 00 00 ]]
[[ DATA: 00 00 00 00 00 00 00 00 49 44 4C 45 00 00 00 00 00 00 00 00 ]]
[[ DATA: 00 00 00 00 00 00 00 00 00 00 00 00 00 00 00 00 F0 8D 00 20 ]]
[[ DATA: 03 00 00 00 00 00 00 00 00 00 00 00 00 00 00 00 44 46 4D 54 ]]
[[ DATA: 65 73 74 73 00 00 00 00 00 00 00 00 00 00 00 00 00 00 00 00 ]]
[[ DATA: 00 00 00 00 84 00 00 20 00 00 00 00 00 00 00 00 00 00 00 00 ]]
[[ DATA: 00 00 00 00 54 7A 43 74 72 6C 00 00 00 00 00 00 00 00 00 00 ]]
[[ DATA: 00 00 00 00 00 00 00 00 00 00 00 00 00 28 00 00 F8 00 00 00 ]]
[[ DATA: 00 00 00 00 D4 27 00 00 01 00 00 00 00 00 00 00 D4 27 00 00 ]]
[[ DATA: 00 00 00 00 F8 00 00 00 00 00 00 00 00 00 00 00 54 10 00 20 ]]
[[ DATA: 01 10 01 00 02 20 00 00 02 00 00 00 10 20 02 00 02 49 00 00 ]]
[[ DATA: F0 8D 00 20 03 00 00 00 30 10 03 00 05 4A 00 00 F0 8D 00 20 ]]
[[ DATA: 10 20 04 00 1C 51 00 00 BC 9A 00 20 00 00 00 00 30 10 05 00 ]]
[[ DATA: 0E 52 00 00 BC 9A 00 20 11 20 06 00 A1 55 00 00 7C 9D 00 20 ]]
[[ DATA: 08 00 00 00 10 20 07 00 14 63 00 00 5C 96 00 20 01 00 00 00 ]]
[[ DATA: 30 10 08 00 17 64 00 00 5C 96 00 20 37 20 09 00 CB 65 00 00 ]]
[[ DATA: F0 8D 00 20 03 00 00 00 03 40 0A 00 91 55 02 00 04 0F 00 20 ]]
[[ DATA: 44 46 4D 20 54 65 73 74 73 00 54 52 92 50 0B 00 32 3E 05 00 ]]
[[ DATA: 04 0F 00 20 FC 03 00 00 54 25 75 20 42 45 47 49 4E 00 44 46 ]]
[[ DATA: 03 30 0C 00 6B 4B 05 00 D4 0E 00 20 41 4C 45 52 54 00 44 46 ]]
[[ DATA: 91 A0 0D 00 DB 4D 05 00 D4 0E 00 20 54 65 73 74 20 31 30 32 ]]
[[ DATA: 30 41 20 61 74 20 74 65 73 74 5F 62 6F 75 6E 64 61 72 69 65 ]]
[[ DATA: 73 2E 63 3A 31 31 33 00 00 00 00 00 00 00 00 00 00 00 00 00 ]]
[[ DATA: 00 00 00 00 00 00 00 00 00 00 00 00 00 00 00 00 00 00 00 00 ]]
[[ DATA: 00 00 00 00 00 00 00 00 00 00 00 00 00 00 00 00 00 00 00 00 ]]
[[ DATA: 00 00 00 00 00 00 00 00 00 00 00 00 00 00 00 00 00 00 00 00 ]]
[[ DATA: 00 00 00 00 00 00 00 00 00 00 00 00 00 00 00 00 00 00 00 00 ]]
[[ DATA: 00 00 00 00 00 00 00 00 00 00 00 00 00 00 00 00 00 00 00 00 ]]
[[ DATA: 00 00 00 00 00 00 00 00 00 00 00 00 00 00 00 00 00 00 00 00 ]]
[[ DATA: 00 00 00 00 00 00 00 00 00 00 00 00 00 00 00 00 00 00 00 00 ]]
[[ DATA: 00 00 00 00 00 00 00 00 00 00 00 00 00 00 00 00 00 00 00 00 ]]
[[ DATA: 00 00 00 00 00 00 00 00 00 00 00 00 00 00 00 00 00 00 00 00 ]]
[[ DATA: 00 00 00 00 00 00 00 00 00 00 00 00 00 00 00 00 00 00 00 00 ]]
[[ DATA: 00 00 00 00 00 00 00 00 00 00 00 00 00 00 00 00 00 00 00 00 ]]
[[ DATA: 00 00 00 00 00 00 00 00 00 00 00 00 00 00 00 00 00 00 00 00 ]]
[[ DATA: 00 00 00 00 00 00 00 00 00 00 00 00 00 00 00 00 00 00 00 00 ]]
[[ DATA: 00 00 00 00 00 00 00 00 00 00 00 00 00 00 00 00 00 00 00 00 ]]
[[ DATA: 00 00 00 00 00 00 00 00 00 00 00 00 00 00 00 00 00 00 00 00 ]]
[[ DATA: 00 00 00 00 00 00 00 00 00 00 00 00 00 00 00 00 00 00 00 00 ]]
[[ DATA: 00 00 00 00 00 00 00 00 00 00 00 00 00 00 00 00 00 00 00 00 ]]
[[ DATA: 00 00 00 00 00 00 00 00 00 00 00 00 00 00 00 00 00 00 00 00 ]]
[[ DATA: 00 00 00 00 00 00 00 00 00 00 00 00 00 00 00 00 00 00 00 00 ]]
[[ DATA: 00 00 00 00 00 00 00 00 00 00 00 00 00 00 00 00 00 00 00 00 ]]
[[ DATA: 00 00 00 00 00 00 00 00 00 00 00 00 00 00 00 00 00 00 00 00 ]]
[[ DATA: 00 00 00 00 00 00 00 00 00 00 00 00 00 00 00 00 00 00 00 00 ]]
[[ DATA: 00 00 00 00 00 00 00 00 00 00 00 00 00 00 00 00 00 00 00 00 ]]
[[ DATA: 00 00 00 00 00 00 00 00 00 00 00 00 00 00 00 00 00 00 00 00 ]]
[[ DATA: 00 00 00 00 00 00 00 00 00 00 00 00 00 00 00 00 00 00 00 00 ]]
[[ DATA: 00 00 00 00 00 00 00 00 00 00 00 00 00 00 00 00 00 00 00 00 ]]
[[ DATA: 00 00 00 00 00 00 00 00 00 00 00 00 00 00 00 00 00 00 00 00 ]]
[[ DATA: 00 00 00 00 00 00 00 00 00 00 00 00 00 00 00 00 00 00 00 00 ]]
[[ DATA: 00 00 00 00 00 00 00 00 00 00 00 00 00 00 00 00 00 00 00 00 ]]
[[ DATA: 00 00 00 00 00 00 00 00 00 00 00 00 00 00 00 00 00 00 00 00 ]]
[[ DATA: 00 00 00 00 00 00 00 00 00 00 00 00 00 00 00 00 00 00 00 00 ]]
[[ DATA: 00 00 00 00 00 00 00 00 00 00 00 00 00 00 00 00 00 00 00 00 ]]
[[ DATA: 00 00 00 00 00 00 00 00 00 00 00 00 00 00 00 00 00 00 00 00 ]]
[[ DATA: 00 00 00 00 00 00 00 00 00 00 00 00 00 00 00 00 00 00 00 00 ]]
[[ DATA: 00 00 00 00 00 00 00 00 00 00 00 00 00 00 00 00 00 00 00 00 ]]
[[ DATA: 00 00 00 00 00 00 00 00 00 00 00 00 00 00 00 00 00 00 00 00 ]]
[[ DATA: 00 00 00 00 00 00 00 00 00 00 00 00 00 00 00 00 00 00 00 00 ]]
[[ DATA: 00 00 00 00 00 00 00 00 00 00 00 00 00 00 00 00 00 00 00 00 ]]
[[ DATA: 00 00 00 00 00 00 00 00 00 00 00 00 00 00 00 00 00 00 00 00 ]]
[[ DATA: 00 00 00 00 00 00 00 00 00 00 00 00 00 00 00 00 00 00 00 00 ]]
[[ DATA: 00 00 00 00 00 00 00 00 00 00 00 00 00 00 00 00 00 00 00 00 ]]
[[ DATA: 00 00 00 00 00 00 00 00 00 00 00 00 00 00 00 00 00 00 00 00 ]]
[[ DATA: 00 00 00 00 00 00 00 00 00 00 00 00 00 00 00 00 00 00 00 00 ]]
[[ DATA: 00 00 00 00 00 00 00 00 00 00 00 00 00 00 00 00 00 00 00 00 ]]
[[ DATA: 00 00 00 00 00 00 00 00 00 00 00 00 00 00 00 00 00 00 00 00 ]]
[[ DATA: 00 00 00 00 00 00 00 00 00 00 00 00 D4 D3 D2 D1 ]]
[[ DevAlert Data Ended. Checksum: 16889 ]]

[[ DevAlert Data Begins ]]
[[ DATA: D1 D2 D3 D4 F0 0F 01 00 71 83 01 00 03 00 07 00 01 00 00 00 ]]
[[ DATA: 20 00 20 00 10 00 00 00 D0 07 00 00 24 44 55 4D 4D 59 5F 53 ]]
[[ DATA: 45 53 53 49 4F 4E 5F 49 44 00 00 00 00 00 00 00 00 00 00 00 ]]
[[ DATA: 00 00 00 00 24 44 55 4D 4D 59 5F 44 45 56 49 43 45 5F 49 44 ]]
[[ DATA: 00 00 00 00 00 00 00 00 00 00 00 00 00 00 00 00 64 66 6D 5F ]]
[[ DATA: 74 72 61 63 65 2E 70 73 66 73 00 00 00 00 00 00 00 00 00 00 ]]
[[ DATA: 00 00 00 00 00 00 00 00 00 00 00 00 00 00 00 00 00 00 00 00 ]]
[[ DATA: 00 00 00 00 00 00 00 00 00 00 00 00 00 00 00 00 00 00 00 00 ]]
[[ DATA: 00 00 00 00 00 00 00 00 00 00 00 00 00 00 00 00 00 00 00 00 ]]
[[ DATA: 00 00 00 00 00 00 00 00 00 00 00 00 00 00 00 00 00 00 00 00 ]]
[[ DATA: 00 00 00 00 00 00 00 00 00 00 00 00 00 00 00 00 00 00 00 00 ]]
[[ DATA: 00 00 00 00 00 00 00 00 00 00 00 00 00 00 00 00 00 00 00 00 ]]
[[ DATA: 00 00 00 00 00 00 00 00 00 00 00 00 00 00 00 00 00 00 00 00 ]]
[[ DATA: 00 00 00 00 00 00 00 00 00 00 00 00 00 00 00 00 00 00 00 00 ]]
[[ DATA: 00 00 00 00 00 00 00 00 00 00 00 00 00 00 00 00 00 00 00 00 ]]
[[ DATA: 00 00 00 00 00 00 00 00 00 00 00 00 00 00 00 00 00 00 00 00 ]]
[[ DATA: 00 00 00 00 00 00 00 00 00 00 00 00 00 00 00 00 00 00 00 00 ]]
[[ DATA: 00 00 00 00 00 00 00 00 00 00 00 00 00 00 00 00 00 00 00 00 ]]
[[ DATA: 00 00 00 00 00 00 00 00 00 00 00 00 00 00 00 00 00 00 00 00 ]]
[[ DATA: 00 00 00 00 00 00 00 00 00 00 00 00 00 00 00 00 00 00 00 00 ]]
[[ DATA: 00 00 00 00 00 00 00 00 00 00 00 00 00 00 00 00 00 00 00 00 ]]
[[ DATA: 00 00 00 00 00 00 00 00 00 00 00 00 00 00 00 00 00 00 00 00 ]]
[[ DATA: 00 00 00 00 00 00 00 00 00 00 00 00 00 00 00 00 00 00 00 00 ]]
[[ DATA: 00 00 00 00 00 00 00 00 00 00 00 00 00 00 00 00 00 00 00 00 ]]
[[ DATA: 00 00 00 00 00 00 00 00 00 00 00 00 00 00 00 00 00 00 00 00 ]]
[[ DATA: 00 00 00 00 00 00 00 00 00 00 00 00 00 00 00 00 00 00 00 00 ]]
[[ DATA: 00 00 00 00 00 00 00 00 00 00 00 00 00 00 00 00 00 00 00 00 ]]
[[ DATA: 00 00 00 00 00 00 00 00 00 00 00 00 00 00 00 00 00 00 00 00 ]]
[[ DATA: 00 00 00 00 00 00 00 00 00 00 00 00 00 00 00 00 00 00 00 00 ]]
[[ DATA: 00 00 00 00 00 00 00 00 00 00 00 00 00 00 00 00 00 00 00 00 ]]
[[ DATA: 00 00 00 00 00 00 00 00 00 00 00 00 00 00 00 00 00 00 00 00 ]]
[[ DATA: 00 00 00 00 00 00 00 00 00 00 00 00 00 00 00 00 00 00 00 00 ]]
[[ DATA: 00 00 00 00 00 00 00 00 00 00 00 00 00 00 00 00 00 00 00 00 ]]
[[ DATA: 00 00 00 00 00 00 00 00 00 00 00 00 00 00 00 00 00 00 00 00 ]]
[[ DATA: 00 00 00 00 00 00 00 00 00 00 00 00 00 00 00 00 00 00 00 00 ]]
[[ DATA: 00 00 00 00 00 00 00 00 00 00 00 00 00 00 00 00 00 00 00 00 ]]
[[ DATA: 00 00 00 00 00 00 00 00 00 00 00 00 00 00 00 00 00 00 00 00 ]]
[[ DATA: 00 00 00 00 00 00 00 00 00 00 00 00 00 00 00 00 00 00 00 00 ]]
[[ DATA: 00 00 00 00 00 00 00 00 00 00 00 00 00 00 00 00 00 00 00 00 ]]
[[ DATA: 00 00 00 00 00 00 00 00 00 00 00 00 00 00 00 00 00 00 00 00 ]]
[[ DATA: 00 00 00 00 00 00 00 00 00 00 00 00 00 00 00 00 00 00 00 00 ]]
[[ DATA: 00 00 00 00 00 00 00 00 00 00 00 00 00 00 00 00 00 00 00 00 ]]
[[ DATA: 00 00 00 00 00 00 00 00 00 00 00 00 00 00 00 00 00 00 00 00 ]]
[[ DATA: 00 00 00 00 00 00 00 00 00 00 00 00 00 00 00 00 00 00 00 00 ]]
[[ DATA: 00 00 00 00 00 00 00 00 00 00 00 00 00 00 00 00 00 00 00 00 ]]
[[ DATA: 00 00 00 00 00 00 00 00 00 00 00 00 00 00 00 00 00 00 00 00 ]]
[[ DATA: 00 00 00 00 00 00 00 00 00 00 00 00 00 00 00 00 00 00 00 00 ]]
[[ DATA: 00 00 00 00 00 00 00 00 00 00 00 00 00 00 00 00 00 00 00 00 ]]
[[ DATA: 00 00 00 00 00 00 00 00 00 00 00 00 00 00 00 00 00 00 00 00 ]]
[[ DATA: 00 00 00 00 00 00 00 00 00 00 00 00 00 00 00 00 00 00 00 00 ]]
[[ DATA: 00 00 00 00 00 00 00 00 00 00 00 00 00 00 00 00 00 00 00 00 ]]
[[ DATA: 00 00 00 00 00 00 00 00 00 00 00 00 00 00 00 00 00 00 00 00 ]]
[[ DATA: 00 00 00 00 00 00 00 00 00 00 00 00 00 00 00 00 00 00 00 00 ]]
[[ DATA: 00 00 00 00 00 00 00 00 00 00 00 00 00 00 00 00 00 00 00 00 ]]
[[ DATA: 00 00 00 00 00 00 00 00 00 00 00 00 00 00 00 00 00 00 00 00 ]]
[[ DATA: 00 00 00 00 00 00 00 00 00 00 00 00 00 00 00 00 00 00 00 00 ]]
[[ DATA: 00 00 00 00 00 00 00 00 00 00 00 00 00 00 00 00 00 00 00 00 ]]
[[ DATA: 00 00 00 00 00 00 00 00 00 00 00 00 00 00 00 00 00 00 00 00 ]]
[[ DATA: 00 00 00 00 00 00 00 00 00 00 00 00 00 00 00 00 00 00 00 00 ]]
[[ DATA: 00 00 00 00 00 00 00 00 00 00 00 00 00 00 00 00 00 00 00 00 ]]
[[ DATA: 00 00 00 00 00 00 00 00 00 00 00 00 00 00 00 00 00 00 00 00 ]]
[[ DATA: 00 00 00 00 00 00 00 00 00 00 00 00 00 00 00 00 00 00 00 00 ]]
[[ DATA: 00 00 00 00 00 00 00 00 00 00 00 00 00 00 00 00 00 00 00 00 ]]
[[ DATA: 00 00 00 00 00 00 00 00 00 00 00 00 00 00 00 00 00 00 00 00 ]]
[[ DATA: 00 00 00 00 00 00 00 00 00 00 00 00 00 00 00 00 00 00 00 00 ]]
[[ DATA: 00 00 00 00 00 00 00 00 00 00 00 00 00 00 00 00 00 00 00 00 ]]
[[ DATA: 00 00 00 00 00 00 00 00 00 00 00 00 00 00 00 00 00 00 00 00 ]]
[[ DATA: 00 00 00 00 00 00 00 00 00 00 00 00 00 00 00 00 00 00 00 00 ]]
[[ DATA: 00 00 00 00 00 00 00 00 00 00 00 00 00 00 00 00 00 00 00 00 ]]
[[ DATA: 00 00 00 00 00 00 00 00 00 00 00 00 00 00 00 00 00 00 00 00 ]]
[[ DATA: 00 00 00 00 00 00 00 00 00 00 00 00 00 00 00 00 00 00 00 00 ]]
[[ DATA: 00 00 00 00 00 00 00 00 00 00 00 00 00 00 00 00 00 00 00 00 ]]
[[ DATA: 00 00 00 00 00 00 00 00 00 00 00 00 00 00 00 00 00 00 00 00 ]]
[[ DATA: 00 00 00 00 00 00 00 00 00 00 00 00 00 00 00 00 00 00 00 00 ]]
[[ DATA: 00 00 00 00 00 00 00 00 00 00 00 00 00 00 00 00 00 00 00 00 ]]
[[ DATA: 00 00 00 00 00 00 00 00 00 00 00 00 00 00 00 00 00 00 00 00 ]]
[[ DATA: 00 00 00 00 00 00 00 00 00 00 00 00 00 00 00 00 00 00 00 00 ]]
[[ DATA: 00 00 00 00 00 00 00 00 00 00 00 00 00 00 00 00 00 00 00 00 ]]
[[ DATA: 00 00 00 00 00 00 00 00 00 00 00 00 00 00 00 00 00 00 00 00 ]]
[[ DATA: 00 00 00 00 00 00 00 00 00 00 00 00 00 00 00 00 00 00 00 00 ]]
[[ DATA: 00 00 00 00 00 00 00 00 00 00 00 00 00 00 00 00 00 00 00 00 ]]
[[ DATA: 00 00 00 00 00 00 00 00 00 00 00 00 00 00 00 00 00 00 00 00 ]]
[[ DATA: 00 00 00 00 00 00 00 00 00 00 00 00 00 00 00 00 00 00 00 00 ]]
[[ DATA: 00 00 00 00 00 00 00 00 00 00 00 00 00 00 00 00 00 00 00 00 ]]
[[ DATA: 00 00 00 00 00 00 00 00 00 00 00 00 00 00 00 00 00 00 00 00 ]]
[[ DATA: 00 00 00 00 00 00 00 00 00 00 00 00 00 00 00 00 00 00 00 00 ]]
[[ DATA: 00 00 00 00 00 00 00 00 00 00 00 00 00 00 00 00 00 00 00 00 ]]
[[ DATA: 00 00 00 00 00 00 00 00 00 00 00 00 00 00 00 00 00 00 00 00 ]]
[[ DATA: 00 00 00 00 00 00 00 00 00 00 00 00 00 00 00 00 00 00 00 00 ]]
[[ DATA: 00 00 00 00 00 00 00 00 00 00 00 00 00 00 00 00 00 00 00 00 ]]
[[ DATA: 00 00 00 00 00 00 00 00 00 00 00 00 00 00 00 00 00 00 00 00 ]]
[[ DATA: 00 00 00 00 00 00 00 00 00 00 00 00 00 00 00 00 00 00 00 00 ]]
[[ DATA: 00 00 00 00 00 00 00 00 00 00 00 00 00 00 00 00 00 00 00 00 ]]
[[ DATA: 00 00 00 00 00 00 00 00 00 00 00 00 00 00 00 00 00 00 00 00 ]]
[[ DATA: 00 00 00 00 00 00 00 00 00 00 00 00 00 00 00 00 00 00 00 00 ]]
[[ DATA: 00 00 00 00 00 00 00 00 00 00 00 00 00 00 00 00 00 00 00 00 ]]
[[ DATA: 00 00 00 00 00 00 00 00 00 00 00 00 00 00 00 00 00 00 00 00 ]]
[[ DATA: 00 00 00 00 00 00 00 00 00 00 00 00 00 00 00 00 00 00 00 00 ]]
[[ DATA: 00 00 00 00 00 00 00 00 00 00 00 00 00 00 00 00 00 00 00 00 ]]
[[ DATA: 00 00 00 00 00 00 00 00 00 00 00 00 00 00 00 00 00 00 00 00 ]]
[[ DATA: 00 00 00 00 00 00 00 00 00 00 00 00 00 00 00 00 00 00 00 00 ]]
[[ DATA: 00 00 00 00 00 00 00 00 00 00 00 00 00 00 00 00 00 00 00 00 ]]
[[ DATA: 00 00 00 00 00 00 00 00 00 00 00 00 00 00 00 00 00 00 00 00 ]]
[[ DATA: 00 00 00 00 00 00 00 00 00 00 00 00 00 00 00 00 00 00 00 00 ]]
[[ DATA: 00 00 00 00 00 00 00 00 00 00 00 00 00 00 00 00 00 00 00 00 ]]
[[ DATA: 00 00 00 00 00 00 00 00 00 00 00 00 D4 D3 D2 D1 ]]
[[ DevAlert Data Ended. Checksum: 36112 ]]

[[ DevAlert Data Begins ]]
[[ DATA: D1 D2 D3 D4 F0 0F 01 00 71 83 01 00 04 00 07 00 01 00 00 00 ]]
[[ DATA: 20 00 20 00 10 00 00 00 D0 07 00 00 24 44 55 4D 4D 59 5F 53 ]]
[[ DATA: 45 53 53 49 4F 4E 5F 49 44 00 00 00 00 00 00 00 00 00 00 00 ]]
[[ DATA: 00 00 00 00 24 44 55 4D 4D 59 5F 44 45 56 49 43 45 5F 49 44 ]]
[[ DATA: 00 00 00 00 00 00 00 00 00 00 00 00 00 00 00 00 64 66 6D 5F ]]
[[ DATA: 74 72 61 63 65 2E 70 73 66 73 00 00 00 00 00 00 00 00 00 00 ]]
[[ DATA: 00 00 00 00 00 00 00 00 00 00 00 00 00 00 00 00 00 00 00 00 ]]
[[ DATA: 00 00 00 00 00 00 00 00 00 00 00 00 00 00 00 00 00 00 00 00 ]]
[[ DATA: 00 00 00 00 00 00 00 00 00 00 00 00 00 00 00 00 00 00 00 00 ]]
[[ DATA: 00 00 00 00 00 00 00 00 00 00 00 00 00 00 00 00 00 00 00 00 ]]
[[ DATA: 00 00 00 00 00 00 00 00 00 00 00 00 00 00 00 00 00 00 00 00 ]]
[[ DATA: 00 00 00 00 00 00 00 00 00 00 00 00 00 00 00 00 00 00 00 00 ]]
[[ DATA: 00 00 00 00 00 00 00 00 00 00 00 00 00 00 00 00 00 00 00 00 ]]
[[ DATA: 00 00 00 00 00 00 00 00 00 00 00 00 00 00 00 00 00 00 00 00 ]]
[[ DATA: 00 00 00 00 00 00 00 00 00 00 00 00 00 00 00 00 00 00 00 00 ]]
[[ DATA: 00 00 00 00 00 00 00 00 00 00 00 00 00 00 00 00 00 00 00 00 ]]
[[ DATA: 00 00 00 00 00 00 00 00 00 00 00 00 00 00 00 00 00 00 00 00 ]]
[[ DATA: 00 00 00 00 00 00 00 00 00 00 00 00 00 00 00 00 00 00 00 00 ]]
[[ DATA: 00 00 00 00 00 00 00 00 00 00 00 00 00 00 00 00 00 00 00 00 ]]
[[ DATA: 00 00 00 00 00 00 00 00 00 00 00 00 00 00 00 00 00 00 00 00 ]]
[[ DATA: 00 00 00 00 00 00 00 00 00 00 00 00 00 00 00 00 00 00 00 00 ]]
[[ DATA: 00 00 00 00 00 00 00 00 00 00 00 00 00 00 00 00 00 00 00 00 ]]
[[ DATA: 00 00 00 00 00 00 00 00 00 00 00 00 00 00 00 00 00 00 00 00 ]]
[[ DATA: 00 00 00 00 00 00 00 00 00 00 00 00 00 00 00 00 00 00 00 00 ]]
[[ DATA: 00 00 00 00 00 00 00 00 00 00 00 00 00 00 00 00 00 00 00 00 ]]
[[ DATA: 00 00 00 00 00 00 00 00 00 00 00 00 00 00 00 00 00 00 00 00 ]]
[[ DATA: 00 00 00 00 00 00 00 00 00 00 00 00 00 00 00 00 00 00 00 00 ]]
[[ DATA: 00 00 00 00 00 00 00 00 00 00 00 00 00 00 00 00 00 00 00 00 ]]
[[ DATA: 00 00 00 00 00 00 00 00 00 00 00 00 00 00 00 00 00 00 00 00 ]]
[[ DATA: 00 00 00 00 00 00 00 00 00 00 00 00 00 00 00 00 00 00 00 00 ]]
[[ DATA: 00 00 00 00 00 00 00 00 00 00 00 00 00 00 00 00 00 00 00 00 ]]
[[ DATA: 00 00 00 00 00 00 00 00 00 00 00 00 00 00 00 00 00 00 00 00 ]]
[[ DATA: 00 00 00 00 00 00 00 00 00 00 00 00 00 00 00 00 00 00 00 00 ]]
[[ DATA: 00 00 00 00 00 00 00 00 00 00 00 00 00 00 00 00 00 00 00 00 ]]
[[ DATA: 00 00 00 00 00 00 00 00 00 00 00 00 00 00 00 00 00 00 00 00 ]]
[[ DATA: 00 00 00 00 00 00 00 00 00 00 00 00 00 00 00 00 00 00 00 00 ]]
[[ DATA: 00 00 00 00 00 00 00 00 00 00 00 00 00 00 00 00 00 00 00 00 ]]
[[ DATA: 00 00 00 00 00 00 00 00 00 00 00 00 00 00 00 00 00 00 00 00 ]]
[[ DATA: 00 00 00 00 00 00 00 00 00 00 00 00 00 00 00 00 00 00 00 00 ]]
[[ DATA: 00 00 00 00 00 00 00 00 00 00 00 00 00 00 00 00 00 00 00 00 ]]
[[ DATA: 00 00 00 00 00 00 00 00 00 00 00 00 00 00 00 00 00 00 00 00 ]]
[[ DATA: 00 00 00 00 00 00 00 00 00 00 00 00 00 00 00 00 00 00 00 00 ]]
[[ DATA: 00 00 00 00 00 00 00 00 00 00 00 00 00 00 00 00 00 00 00 00 ]]
[[ DATA: 00 00 00 00 00 00 00 00 00 00 00 00 00 00 00 00 00 00 00 00 ]]
[[ DATA: 00 00 00 00 00 00 00 00 00 00 00 00 00 00 00 00 00 00 00 00 ]]
[[ DATA: 00 00 00 00 00 00 00 00 00 00 00 00 00 00 00 00 00 00 00 00 ]]
[[ DATA: 00 00 00 00 00 00 00 00 00 00 00 00 00 00 00 00 00 00 00 00 ]]
[[ DATA: 00 00 00 00 00 00 00 00 00 00 00 00 00 00 00 00 00 00 00 00 ]]
[[ DATA: 00 00 00 00 00 00 00 00 00 00 00 00 00 00 00 00 00 00 00 00 ]]
[[ DATA: 00 00 00 00 00 00 00 00 00 00 00 00 00 00 00 00 00 00 00 00 ]]
[[ DATA: 00 00 00 00 00 00 00 00 00 00 00 00 00 00 00 00 00 00 00 00 ]]
[[ DATA: 00 00 00 00 00 00 00 00 00 00 00 00 00 00 00 00 00 00 00 00 ]]
[[ DATA: 00 00 00 00 00 00 00 00 00 00 00 00 00 00 00 00 00 00 00 00 ]]
[[ DATA: 00 00 00 00 00 00 00 00 00 00 00 00 00 00 00 00 00 00 00 00 ]]
[[ DATA: 00 00 00 00 00 00 00 00 00 00 00 00 00 00 00 00 00 00 00 00 ]]
[[ DATA: 00 00 00 00 00 00 00 00 00 00 00 00 00 00 00 00 00 00 00 00 ]]
[[ DATA: 00 00 00 00 00 00 00 00 00 00 00 00 00 00 00 00 00 00 00 00 ]]
[[ DATA: 00 00 00 00 00 00 00 00 00 00 00 00 00 00 00 00 00 00 00 00 ]]
[[ DATA: 00 00 00 00 00 00 00 00 00 00 00 00 00 00 00 00 00 00 00 00 ]]
[[ DATA: 00 00 00 00 00 00 00 00 00 00 00 00 00 00 00 00 00 00 00 00 ]]
[[ DATA: 00 00 00 00 00 00 00 00 00 00 00 00 00 00 00 00 00 00 00 00 ]]
[[ DATA: 00 00 00 00 00 00 00 00 00 00 00 00 00 00 00 00 00 00 00 00 ]]
[[ DATA: 00 00 00 00 00 00 00 00 00 00 00 00 00 00 00 00 00 00 00 00 ]]
[[ DATA: 00 00 00 00 00 00 00 00 00 00 00 00 00 00 00 00 00 00 00 00 ]]
[[ DATA: 00 00 00 00 00 00 00 00 00 00 00 00 00 00 00 00 00 00 00 00 ]]
[[ DATA: 00 00 00 00 00 00 00 00 00 00 00 00 00 00 00 00 00 00 00 00 ]]
[[ DATA: 00 00 00 00 00 00 00 00 00 00 00 00 00 00 00 00 00 00 00 00 ]]
[[ DATA: 00 00 00 00 00 00 00 00 00 00 00 00 00 00 00 00 00 00 00 00 ]]
[[ DATA: 00 00 00 00 00 00 00 00 00 00 00 00 00 00 00 00 00 00 00 00 ]]
[[ DATA: 00 00 00 00 00 00 00 00 00 00 00 00 00 00 00 00 00 00 00 00 ]]
[[ DATA: 00 00 00 00 00 00 00 00 00 00 00 00 00 00 00 00 00 00 00 00 ]]
[[ DATA: 00 00 00 00 00 00 00 00 00 00 00 00 00 00 00 00 00 00 00 00 ]]
[[ DATA: 00 00 00 00 00 00 00 00 00 00 00 00 00 00 00 00 00 00 00 00 ]]
[[ DATA: 00 00 00 00 00 00 00 00 00 00 00 00 00 00 00 00 00 00 00 00 ]]
[[ DATA: 00 00 00 00 00 00 00 00 00 00 00 00 00 00 00 00 00 00 00 00 ]]
[[ DATA: 00 00 00 00 00 00 00 00 00 00 00 00 00 00 00 00 00 00 00 00 ]]
[[ DATA: 00 00 00 00 00 00 00 00 00 00 00 00 00 00 00 00 00 00 00 00 ]]
[[ DATA: 00 00 00 00 00 00 00 00 00 00 00 00 00 00 00 00 00 00 00 00 ]]
[[ DATA: 00 00 00 00 00 00 00 00 00 00 00 00 00 00 00 00 00 00 00 00 ]]
[[ DATA: 00 00 00 00 00 00 00 00 00 00 00 00 00 00 00 00 00 00 00 00 ]]
[[ DATA: 00 00 00 00 00 00 00 00 00 00 00 00 00 00 00 00 00 00 00 00 ]]
[[ DATA: 00 00 00 00 00 00 00 00 00 00 00 00 00 00 00 00 00 00 00 00 ]]
[[ DATA: 00 00 00 00 00 00 00 00 00 00 00 00 00 00 00 00 00 00 00 00 ]]
[[ DATA: 00 00 00 00 00 00 00 00 00 00 00 00 00 00 00 00 00 00 00 00 ]]
[[ DATA: 00 00 00 00 00 00 00 00 00 00 00 00 00 00 00 00 00 00 00 00 ]]
[[ DATA: 00 00 00 00 00 00 00 00 00 00 00 00 00 00 00 00 00 00 00 00 ]]
[[ DATA: 00 00 00 00 00 00 00 00 00 00 00 00 00 00 00 00 00 00 00 00 ]]
[[ DATA: 00 00 00 00 00 00 00 00 00 00 00 00 00 00 00 00 00 00 00 00 ]]
[[ DATA: 00 00 00 00 00 00 00 00 00 00 00 00 00 00 00 00 00 00 00 00 ]]
[[ DATA: 00 00 00 00 00 00 00 00 00 00 00 00 00 00 00 00 00 00 00 00 ]]
[[ DATA: 00 00 00 00 00 00 00 00 00 00 00 00 00 00 00 00 00 00 00 00 ]]
[[ DATA: 00 00 00 00 00 00 00 00 00 00 00 00 00 00 00 00 00 00 00 00 ]]
[[ DATA: 00 00 00 00 00 00 00 00 00 00 00 00 00 00 00 00 00 00 00 00 ]]
[[ DATA: 00 00 00 00 00 00 00 00 00 00 00 00 00 00 00 00 00 00 00 00 ]]
[[ DATA: 00 00 00 00 00 00 00 00 00 00 00 00 00 00 00 00 00 00 00 00 ]]
[[ DATA: 00 00 00 00 00 00 00 00 00 00 00 00 00 00 00 00 00 00 00 00 ]]
[[ DATA: 00 00 00 00 00 00 00 00 00 00 00 00 00 00 00 00 00 00 00 00 ]]
[[ DATA: 00 00 00 00 00 00 00 00 00 00 00 00 00 00 00 00 00 00 00 00 ]]
[[ DATA: 00 00 00 00 00 00 00 00 00 00 00 00 00 00 00 00 00 00 00 00 ]]
[[ DATA: 00 00 00 00 00 00 00 00 00 00 00 00 00 00 00 00 00 00 00 00 ]]
[[ DATA: 00 00 00 00 00 00 00 00 00 00 00 00 00 00 00 00 00 00 00 00 ]]
[[ DATA: 00 00 00 00 00 00 00 00 00 00 00 00 00 00 00 00 00 00 00 00 ]]
[[ DATA: 00 00 00 00 00 00 00 00 00 00 00 00 00 00 00 00 00 00 00 00 ]]
[[ DATA: 00 00 00 00 00 00 00 00 00 00 00 00 00 00 00 00 00 00 00 00 ]]
[[ DATA: 00 00 00 00 00 00 00 00 00 00 00 00 00 00 00 00 00 00 00 00 ]]
[[ DATA: 00 00 00 00 00 00 00 00 00 00 00 00 D4 D3 D2 D1 ]]
[[ DevAlert Data Ended. Checksum: 34368 ]]

[[ DevAlert Data Begins ]]
[[ DATA: D1 D2 D3 D4 F0 0F 01 00 71 83 01 00 05 00 07 00 01 00 00 00 ]]
[[ DATA: 20 00 20 00 10 00 00 00 D0 07 00 00 24 44 55 4D 4D 59 5F 53 ]]
[[ DATA: 45 53 53 49 4F 4E 5F 49 44 00 00 00 00 00 00 00 00 00 00 00 ]]
[[ DATA: 00 00 00 00 24 44 55 4D 4D 59 5F 44 45 56 49 43 45 5F 49 44 ]]
[[ DATA: 00 00 00 00 00 00 00 00 00 00 00 00 00 00 00 00 64 66 6D 5F ]]
[[ DATA: 74 72 61 63 65 2E 70 73 66 73 00 00 00 00 00 00 00 00 00 00 ]]
[[ DATA: 00 00 00 00 00 00 00 00 00 00 00 00 00 00 00 00 00 00 00 00 ]]
[[ DATA: 00 00 00 00 00 00 00 00 00 00 00 00 00 00 00 00 00 00 00 00 ]]
[[ DATA: 00 00 00 00 00 00 00 00 00 00 00 00 00 00 00 00 00 00 00 00 ]]
[[ DATA: 00 00 00 00 00 00 00 00 00 00 00 00 00 00 00 00 00 00 00 00 ]]
[[ DATA: 00 00 00 00 00 00 00 00 00 00 00 00 00 00 00 00 00 00 00 00 ]]
[[ DATA: 00 00 00 00 00 00 00 00 00 00 00 00 00 00 00 00 00 00 00 00 ]]
[[ DATA: 00 00 00 00 00 00 00 00 00 00 00 00 00 00 00 00 00 00 00 00 ]]
[[ DATA: 00 00 00 00 00 00 00 00 00 00 00 00 00 00 00 00 00 00 00 00 ]]
[[ DATA: 00 00 00 00 00 00 00 00 00 00 00 00 00 00 00 00 00 00 00 00 ]]
[[ DATA: 00 00 00 00 00 00 00 00 00 00 00 00 00 00 00 00 00 00 00 00 ]]
[[ DATA: 00 00 00 00 00 00 00 00 00 00 00 00 00 00 00 00 00 00 00 00 ]]
[[ DATA: 00 00 00 00 00 00 00 00 00 00 00 00 00 00 00 00 00 00 00 00 ]]
[[ DATA: 00 00 00 00 00 00 00 00 00 00 00 00 00 00 00 00 00 00 00 00 ]]
[[ DATA: 00 00 00 00 00 00 00 00 00 00 00 00 00 00 00 00 00 00 00 00 ]]
[[ DATA: 00 00 00 00 00 00 00 00 00 00 00 00 00 00 00 00 00 00 00 00 ]]
[[ DATA: 00 00 00 00 00 00 00 00 00 00 00 00 00 00 00 00 00 00 00 00 ]]
[[ DATA: 00 00 00 00 00 00 00 00 00 00 00 00 00 00 00 00 00 00 00 00 ]]
[[ DATA: 00 00 00 00 00 00 00 00 00 00 00 00 00 00 00 00 00 00 00 00 ]]
[[ DATA: 00 00 00 00 00 00 00 00 00 00 00 00 00 00 00 00 00 00 00 00 ]]
[[ DATA: 00 00 00 00 00 00 00 00 00 00 00 00 00 00 00 00 00 00 00 00 ]]
[[ DATA: 00 00 00 00 00 00 00 00 00 00 00 00 00 00 00 00 00 00 00 00 ]]
[[ DATA: 00 00 00 00 00 00 00 00 00 00 00 00 00 00 00 00 00 00 00 00 ]]
[[ DATA: 00 00 00 00 00 00 00 00 00 00 00 00 00 00 00 00 00 00 00 00 ]]
[[ DATA: 00 00 00 00 00 00 00 00 00 00 00 00 00 00 00 00 00 00 00 00 ]]
[[ DATA: 00 00 00 00 00 00 00 00 00 00 00 00 00 00 00 00 00 00 00 00 ]]
[[ DATA: 00 00 00 00 00 00 00 00 00 00 00 00 00 00 00 00 00 00 00 00 ]]
[[ DATA: 00 00 00 00 00 00 00 00 00 00 00 00 00 00 00 00 00 00 00 00 ]]
[[ DATA: 00 00 00 00 00 00 00 00 00 00 00 00 00 00 00 00 00 00 00 00 ]]
[[ DATA: 00 00 00 00 00 00 00 00 00 00 00 00 00 00 00 00 00 00 00 00 ]]
[[ DATA: 00 00 00 00 00 00 00 00 00 00 00 00 00 00 00 00 00 00 00 00 ]]
[[ DATA: 00 00 00 00 00 00 00 00 00 00 00 00 00 00 00 00 00 00 00 00 ]]
[[ DATA: 00 00 00 00 00 00 00 00 00 00 00 00 00 00 00 00 00 00 00 00 ]]
[[ DATA: 00 00 00 00 00 00 00 00 00 00 00 00 00 00 00 00 00 00 00 00 ]]
[[ DATA: 00 00 00 00 00 00 00 00 00 00 00 00 00 00 00 00 00 00 00 00 ]]
[[ DATA: 00 00 00 00 00 00 00 00 00 00 00 00 00 00 00 00 00 00 00 00 ]]
[[ DATA: 00 00 00 00 00 00 00 00 00 00 00 00 00 00 00 00 00 00 00 00 ]]
[[ DATA: 00 00 00 00 00 00 00 00 00 00 00 00 00 00 00 00 00 00 00 00 ]]
[[ DATA: 00 00 00 00 00 00 00 00 00 00 00 00 00 00 00 00 00 00 00 00 ]]
[[ DATA: 00 00 00 00 00 00 00 00 00 00 00 00 00 00 00 00 00 00 00 00 ]]
[[ DATA: 00 00 00 00 00 00 00 00 00 00 00 00 00 00 00 00 00 00 00 00 ]]
[[ DATA: 00 00 00 00 00 00 00 00 00 00 00 00 00 00 00 00 00 00 00 00 ]]
[[ DATA: 00 00 00 00 00 00 00 00 00 00 00 00 00 00 00 00 00 00 00 00 ]]
[[ DATA: 00 00 00 00 00 00 00 00 00 00 00 00 00 00 00 00 00 00 00 00 ]]
[[ DATA: 00 00 00 00 00 00 00 00 00 00 00 00 00 00 00 00 00 00 00 00 ]]
[[ DATA: 00 00 00 00 00 00 00 00 00 00 00 00 00 00 00 00 00 00 00 00 ]]
[[ DATA: 00 00 00 00 00 00 00 00 00 00 00 00 00 00 00 00 00 00 00 00 ]]
[[ DATA: 00 00 00 00 00 00 00 00 00 00 00 00 00 00 00 00 00 00 00 00 ]]
[[ DATA: 00 00 00 00 00 00 00 00 00 00 00 00 00 00 00 00 00 00 00 00 ]]
[[ DATA: 00 00 00 00 00 00 00 00 00 00 00 00 00 00 00 00 00 00 00 00 ]]
[[ DATA: 00 00 00 00 00 00 00 00 00 00 00 00 00 00 00 00 00 00 00 00 ]]
[[ DATA: 00 00 00 00 00 00 00 00 00 00 00 00 00 00 00 00 00 00 00 00 ]]
[[ DATA: 00 00 00 00 00 00 00 00 00 00 00 00 00 00 00 00 00 00 00 00 ]]
[[ DATA: 00 00 00 00 00 00 00 00 00 00 00 00 00 00 00 00 00 00 00 00 ]]
[[ DATA: 00 00 00 00 00 00 00 00 00 00 00 00 00 00 00 00 00 00 00 00 ]]
[[ DATA: 00 00 00 00 00 00 00 00 00 00 00 00 00 00 00 00 00 00 00 00 ]]
[[ DATA: 00 00 00 00 00 00 00 00 00 00 00 00 00 00 00 00 00 00 00 00 ]]
[[ DATA: 00 00 00 00 00 00 00 00 00 00 00 00 00 00 00 00 00 00 00 00 ]]
[[ DATA: 00 00 00 00 00 00 00 00 00 00 00 00 00 00 00 00 00 00 00 00 ]]
[[ DATA: 00 00 00 00 00 00 00 00 00 00 00 00 00 00 00 00 00 00 00 00 ]]
[[ DATA: 00 00 00 00 00 00 00 00 00 00 00 00 00 00 00 00 00 00 00 00 ]]
[[ DATA: 00 00 00 00 00 00 00 00 00 00 00 00 00 00 00 00 00 00 00 00 ]]
[[ DATA: 00 00 00 00 00 00 00 00 00 00 00 00 00 00 00 00 00 00 00 00 ]]
[[ DATA: 00 00 00 00 00 00 00 00 00 00 00 00 00 00 00 00 00 00 00 00 ]]
[[ DATA: 00 00 00 00 00 00 00 00 00 00 00 00 00 00 00 00 00 00 00 00 ]]
[[ DATA: 00 00 00 00 00 00 00 00 00 00 00 00 00 00 00 00 00 00 00 00 ]]
[[ DATA: 00 00 00 00 00 00 00 00 00 00 00 00 00 00 00 00 00 00 00 00 ]]
[[ DATA: 00 00 00 00 00 00 00 00 00 00 00 00 00 00 00 00 00 00 00 00 ]]
[[ DATA: 00 00 00 00 00 00 00 00 00 00 00 00 00 00 00 00 00 00 00 00 ]]
[[ DATA: 00 00 00 00 00 00 00 00 00 00 00 00 00 00 00 00 00 00 00 00 ]]
[[ DATA: 00 00 00 00 00 00 00 00 00 00 00 00 00 00 00 00 00 00 00 00 ]]
[[ DATA: 00 00 00 00 00 00 00 00 00 00 00 00 00 00 00 00 00 00 00 00 ]]
[[ DATA: 00 00 00 00 00 00 00 00 00 00 00 00 00 00 00 00 00 00 00 00 ]]
[[ DATA: 00 00 00 00 00 00 00 00 00 00 00 00 00 00 00 00 00 00 00 00 ]]
[[ DATA: 00 00 00 00 00 00 00 00 00 00 00 00 00 00 00 00 00 00 00 00 ]]
[[ DATA: 00 00 00 00 00 00 00 00 00 00 00 00 00 00 00 00 00 00 00 00 ]]
[[ DATA: 00 00 00 00 00 00 00 00 00 00 00 00 00 00 00 00 00 00 00 00 ]]
[[ DATA: 00 00 00 00 00 00 00 00 00 00 00 00 00 00 00 00 00 00 00 00 ]]
[[ DATA: 00 00 00 00 00 00 00 00 00 00 00 00 00 00 00 00 00 00 00 00 ]]
[[ DATA: 00 00 00 00 00 00 00 00 00 00 00 00 00 00 00 00 00 00 00 00 ]]
[[ DATA: 00 00 00 00 00 00 00 00 00 00 00 00 00 00 00 00 00 00 00 00 ]]
[[ DATA: 00 00 00 00 00 00 00 00 00 00 00 00 00 00 00 00 00 00 00 00 ]]
[[ DATA: 00 00 00 00 00 00 00 00 00 00 00 00 00 00 00 00 00 00 00 00 ]]
[[ DATA: 00 00 00 00 00 00 00 00 00 00 00 00 00 00 00 00 00 00 00 00 ]]
[[ DATA: 00 00 00 00 00 00 00 00 00 00 00 00 00 00 00 00 00 00 00 00 ]]
[[ DATA: 00 00 00 00 00 00 00 00 00 00 00 00 00 00 00 00 00 00 00 00 ]]
[[ DATA: 00 00 00 00 00 00 00 00 00 00 00 00 00 00 00 00 00 00 00 00 ]]
[[ DATA: 00 00 00 00 00 00 00 00 00 00 00 00 00 00 00 00 00 00 00 00 ]]
[[ DATA: 00 00 00 00 00 00 00 00 00 00 00 00 00 00 00 00 00 00 00 00 ]]
[[ DATA: 00 00 00 00 00 00 00 00 00 00 00 00 00 00 00 00 00 00 00 00 ]]
[[ DATA: 00 00 00 00 00 00 00 00 00 00 00 00 00 00 00 00 00 00 00 00 ]]
[[ DATA: 00 00 00 00 00 00 00 00 00 00 00 00 00 00 00 00 00 00 00 00 ]]
[[ DATA: 00 00 00 00 00 00 00 00 00 00 00 00 00 00 00 00 00 00 00 00 ]]
[[ DATA: 00 00 00 00 00 00 00 00 00 00 00 00 00 00 00 00 00 00 00 00 ]]
[[ DATA: 00 00 00 00 00 00 00 00 00 00 00 00 00 00 00 00 00 00 00 00 ]]
[[ DATA: 00 00 00 00 00 00 00 00 00 00 00 00 00 00 00 00 00 00 00 00 ]]
[[ DATA: 00 00 00 00 00 00 00 00 00 00 00 00 00 00 00 00 00 00 00 00 ]]
[[ DATA: 00 00 00 00 00 00 00 00 00 00 00 00 00 00 00 00 00 00 00 00 ]]
[[ DATA: 00 00 00 00 00 00 00 00 00 00 00 00 00 00 00 00 00 00 00 00 ]]
[[ DATA: 00 00 00 00 00 00 00 00 00 00 00 00 00 00 00 00 00 00 00 00 ]]
[[ DATA: 00 00 00 00 00 00 00 00 00 00 00 00 D4 D3 D2 D1 ]]
[[ DevAlert Data Ended. Checksum: 60251 ]]

[[ DevAlert Data Begins ]]
[[ DATA: D1 D2 D3 D4 F0 0F 01 00 71 83 01 00 06 00 07 00 01 00 00 00 ]]
[[ DATA: 20 00 20 00 10 00 00 00 D0 07 00 00 24 44 55 4D 4D 59 5F 53 ]]
[[ DATA: 45 53 53 49 4F 4E 5F 49 44 00 00 00 00 00 00 00 00 00 00 00 ]]
[[ DATA: 00 00 00 00 24 44 55 4D 4D 59 5F 44 45 56 49 43 45 5F 49 44 ]]
[[ DATA: 00 00 00 00 00 00 00 00 00 00 00 00 00 00 00 00 64 66 6D 5F ]]
[[ DATA: 74 72 61 63 65 2E 70 73 66 73 00 00 00 00 00 00 00 00 00 00 ]]
[[ DATA: 00 00 00 00 00 00 00 00 00 00 00 00 00 00 00 00 00 00 00 00 ]]
[[ DATA: 00 00 00 00 00 00 00 00 00 00 00 00 00 00 00 00 00 00 00 00 ]]
[[ DATA: 00 00 00 00 00 00 00 00 00 00 00 00 00 00 00 00 00 00 00 00 ]]
[[ DATA: 00 00 00 00 00 00 00 00 00 00 00 00 00 00 00 00 00 00 00 00 ]]
[[ DATA: 00 00 00 00 00 00 00 00 00 00 00 00 00 00 00 00 00 00 00 00 ]]
[[ DATA: 00 00 00 00 00 00 00 00 00 00 00 00 00 00 00 00 00 00 00 00 ]]
[[ DATA: 00 00 00 00 00 00 00 00 00 00 00 00 00 00 00 00 00 00 00 00 ]]
[[ DATA: 00 00 00 00 00 00 00 00 00 00 00 00 00 00 00 00 00 00 00 00 ]]
[[ DATA: 00 00 00 00 00 00 00 00 00 00 00 00 00 00 00 00 00 00 00 00 ]]
[[ DATA: 00 00 00 00 00 00 00 00 00 00 00 00 00 00 00 00 00 00 00 00 ]]
[[ DATA: 00 00 00 00 00 00 00 00 00 00 00 00 00 00 00 00 00 00 00 00 ]]
[[ DATA: 00 00 00 00 00 00 00 00 00 00 00 00 00 00 00 00 00 00 00 00 ]]
[[ DATA: 00 00 00 00 00 00 00 00 00 00 00 00 00 00 00 00 00 00 00 00 ]]
[[ DATA: 00 00 00 00 00 00 00 00 00 00 00 00 00 00 00 00 00 00 00 00 ]]
[[ DATA: 00 00 00 00 00 00 00 00 00 00 00 00 00 00 00 00 00 00 00 00 ]]
[[ DATA: 00 00 00 00 00 00 00 00 00 00 00 00 00 00 00 00 00 00 00 00 ]]
[[ DATA: 00 00 00 00 00 00 00 00 00 00 00 00 00 00 00 00 00 00 00 00 ]]
[[ DATA: 00 00 00 00 00 00 00 00 00 00 00 00 00 00 00 00 00 00 00 00 ]]
[[ DATA: 00 00 00 00 00 00 00 00 00 00 00 00 00 00 00 00 00 00 00 00 ]]
[[ DATA: 00 00 00 00 00 00 00 00 00 00 00 00 00 00 00 00 00 00 00 00 ]]
[[ DATA: 00 00 00 00 00 00 00 00 00 00 00 00 00 00 00 00 00 00 00 00 ]]
[[ DATA: 00 00 00 00 00 00 00 00 00 00 00 00 00 00 00 00 00 00 00 00 ]]
[[ DATA: 00 00 00 00 00 00 00 00 00 00 00 00 00 00 00 00 00 00 00 00 ]]
[[ DATA: 00 00 00 00 00 00 00 00 00 00 00 00 00 00 00 00 00 00 00 00 ]]
[[ DATA: 00 00 00 00 00 00 00 00 00 00 00 00 00 00 00 00 00 00 00 00 ]]
[[ DATA: 00 00 00 00 00 00 00 00 00 00 00 00 00 00 00 00 00 00 00 00 ]]
[[ DATA: 00 00 00 00 00 00 00 00 00 00 00 00 00 00 00 00 00 00 00 00 ]]
[[ DATA: 00 00 00 00 00 00 00 00 00 00 00 00 00 00 00 00 00 00 00 00 ]]
[[ DATA: 00 00 00 00 00 00 00 00 00 00 00 00 00 00 00 00 00 00 00 00 ]]
[[ DATA: 00 00 00 00 00 00 00 00 00 00 00 00 00 00 00 00 00 00 00 00 ]]
[[ DATA: 00 00 00 00 00 00 00 00 00 00 00 00 00 00 00 00 00 00 00 00 ]]
[[ DATA: 00 00 00 00 00 00 00 00 00 00 00 00 00 00 00 00 00 00 00 00 ]]
[[ DATA: 00 00 00 00 00 00 00 00 00 00 00 00 00 00 00 00 00 00 00 00 ]]
[[ DATA: 00 00 00 00 00 00 00 00 00 00 00 00 00 00 00 00 00 00 00 00 ]]
[[ DATA: 00 00 00 00 00 00 00 00 00 00 00 00 00 00 00 00 00 00 00 00 ]]
[[ DATA: 00 00 00 00 00 00 00 00 00 00 00 00 00 00 00 00 00 00 00 00 ]]
[[ DATA: 00 00 00 00 00 00 00 00 00 00 00 00 00 00 00 00 00 00 00 00 ]]
[[ DATA: 00 00 00 00 00 00 00 00 00 00 00 00 00 00 00 00 00 00 00 00 ]]
[[ DATA: 00 00 00 00 00 00 00 00 00 00 00 00 00 00 00 00 00 00 00 00 ]]
[[ DATA: 00 00 00 00 00 00 00 00 00 00 00 00 00 00 00 00 00 00 00 00 ]]
[[ DATA: 00 00 00 00 00 00 00 00 00 00 00 00 00 00 00 00 00 00 00 00 ]]
[[ DATA: 00 00 00 00 00 00 00 00 00 00 00 00 00 00 00 00 00 00 00 00 ]]
[[ DATA: 00 00 00 00 00 00 00 00 00 00 00 00 00 00 00 00 00 00 00 00 ]]
[[ DATA: 00 00 00 00 00 00 00 00 00 00 00 00 00 00 00 00 00 00 00 00 ]]
[[ DATA: 00 00 00 00 00 00 00 00 00 00 00 00 00 00 00 00 00 00 00 00 ]]
[[ DATA: 00 00 00 00 00 00 00 00 00 00 00 00 00 00 00 00 00 00 00 00 ]]
[[ DATA: 00 00 00 00 00 00 00 00 00 00 00 00 00 00 00 00 00 00 00 00 ]]
[[ DATA: 00 00 00 00 00 00 00 00 00 00 00 00 00 00 00 00 00 00 00 00 ]]
[[ DATA: 00 00 00 00 00 00 00 00 00 00 00 00 00 00 00 00 00 00 00 00 ]]
[[ DATA: 00 00 00 00 00 00 00 00 00 00 00 00 00 00 00 00 00 00 00 00 ]]
[[ DATA: 00 00 00 00 00 00 00 00 00 00 00 00 00 00 00 00 00 00 00 00 ]]
[[ DATA: 00 00 00 00 00 00 00 00 00 00 00 00 00 00 00 00 00 00 00 00 ]]
[[ DATA: 00 00 00 00 00 00 00 00 00 00 00 00 00 00 00 00 00 00 00 00 ]]
[[ DATA: 00 00 00 00 00 00 00 00 00 00 00 00 00 00 00 00 00 00 00 00 ]]
[[ DATA: 00 00 00 00 00 00 00 00 00 00 00 00 00 00 00 00 00 00 00 00 ]]
[[ DATA: 00 00 00 00 00 00 00 00 00 00 00 00 00 00 00 00 00 00 00 00 ]]
[[ DATA: 00 00 00 00 00 00 00 00 00 00 00 00 00 00 00 00 00 00 00 00 ]]
[[ DATA: 00 00 00 00 00 00 00 00 00 00 00 00 00 00 00 00 00 00 00 00 ]]
[[ DATA: 00 00 00 00 00 00 00 00 00 00 00 00 00 00 00 00 00 00 00 00 ]]
[[ DATA: 00 00 00 00 00 00 00 00 00 00 00 00 00 00 00 00 00 00 00 00 ]]
[[ DATA: 00 00 00 00 00 00 00 00 00 00 00 00 00 00 00 00 00 00 00 00 ]]
[[ DATA: 00 00 00 00 00 00 00 00 00 00 00 00 00 00 00 00 00 00 00 00 ]]
[[ DATA: 00 00 00 00 00 00 00 00 00 00 00 00 00 00 00 00 00 00 00 00 ]]
[[ DATA: 00 00 00 00 00 00 00 00 00 00 00 00 00 00 00 00 00 00 00 00 ]]
[[ DATA: 00 00 00 00 00 00 00 00 00 00 00 00 00 00 00 00 00 00 00 00 ]]
[[ DATA: 00 00 00 00 00 00 00 00 00 00 00 00 00 00 00 00 00 00 00 00 ]]
[[ DATA: 00 00 00 00 00 00 00 00 00 00 00 00 00 00 00 00 00 00 00 00 ]]
[[ DATA: 00 00 00 00 00 00 00 00 00 00 00 00 00 00 00 00 00 00 00 00 ]]
[[ DATA: 00 00 00 00 00 00 00 00 00 00 00 00 00 00 00 00 00 00 00 00 ]]
[[ DATA: 00 00 00 00 00 00 00 00 00 00 00 00 00 00 00 00 00 00 00 00 ]]
[[ DATA: 00 00 00 00 00 00 00 00 00 00 00 00 00 00 00 00 00 00 00 00 ]]
[[ DATA: 00 00 00 00 00 00 00 00 00 00 00 00 00 00 00 00 00 00 00 00 ]]
[[ DATA: 00 00 00 00 00 00 00 00 00 00 00 00 00 00 00 00 00 00 00 00 ]]
[[ DATA: 00 00 00 00 00 00 00 00 00 00 00 00 00 00 00 00 00 00 00 00 ]]
[[ DATA: 00 00 00 00 00 00 00 00 00 00 00 00 00 00 00 00 00 00 00 00 ]]
[[ DATA: 00 00 00 00 00 00 00 00 00 00 00 00 00 00 00 00 00 00 00 00 ]]
[[ DATA: 00 00 00 00 00 00 00 00 00 00 00 00 00 00 00 00 00 00 00 00 ]]
[[ DATA: 00 00 00 00 00 00 00 00 00 00 00 00 00 00 00 00 00 00 00 00 ]]
[[ DATA: 00 00 00 00 00 00 00 00 00 00 00 00 00 00 00 00 00 00 00 00 ]]
[[ DATA: 00 00 00 00 00 00 00 00 00 00 00 00 00 00 00 00 00 00 00 00 ]]
[[ DATA: 00 00 00 00 00 00 00 00 00 00 00 00 00 00 00 00 00 00 00 00 ]]
[[ DATA: 00 00 00 00 00 00 00 00 00 00 00 00 00 00 00 00 00 00 00 00 ]]
[[ DATA: 00 00 00 00 00 00 00 00 00 00 00 00 00 00 00 00 00 00 00 00 ]]
[[ DATA: 00 00 00 00 00 00 00 00 00 00 00 00 00 00 00 00 00 00 00 00 ]]
[[ DATA: 00 00 00 00 00 00 00 00 00 00 00 00 00 00 00 00 00 00 00 00 ]]
[[ DATA: 00 00 00 00 00 00 00 00 00 00 00 00 00 00 00 00 00 00 00 00 ]]
[[ DATA: 00 00 00 00 00 00 00 00 00 00 00 00 00 00 00 00 00 00 00 00 ]]
[[ DATA: 00 00 00 00 00 00 00 00 00 00 00 00 00 00 00 00 00 00 00 00 ]]
[[ DATA: 00 00 00 00 00 00 00 00 00 00 00 00 00 00 00 00 00 00 00 00 ]]
[[ DATA: 00 00 00 00 00 00 00 00 00 00 00 00 00 00 00 00 00 00 00 00 ]]
[[ DATA: 00 00 00 00 00 00 00 00 00 00 00 00 00 00 00 00 00 00 00 00 ]]
[[ DATA: 00 00 00 00 00 00 00 00 00 00 00 00 00 00 00 00 00 00 00 00 ]]
[[ DATA: 00 00 00 00 00 00 00 00 00 00 00 00 00 00 00 00 00 00 00 00 ]]
[[ DATA: 00 00 00 00 00 00 00 00 00 00 00 00 00 00 00 00 00 00 00 00 ]]
[[ DATA: 00 00 00 00 00 00 00 00 00 00 00 00 00 00 00 00 00 00 00 00 ]]
[[ DATA: 00 00 00 00 00 00 00 00 00 00 00 00 00 00 00 00 00 00 00 00 ]]
[[ DATA: 00 00 00 00 00 00 00 00 00 00 00 00 00 00 00 00 00 00 00 00 ]]
[[ DATA: 00 00 00 00 00 00 00 00 00 00 00 00 00 00 00 00 00 00 00 00 ]]
[[ DATA: 00 00 00 00 00 00 00 00 00 00 00 00 00 00 00 00 00 00 00 00 ]]
[[ DATA: 00 00 00 00 00 00 00 00 00 00 00 00 D4 D3 D2 D1 ]]
[[ DevAlert Data Ended. Checksum: 23670 ]]

[[ DevAlert Data Begins ]]
[[ DATA: D1 D2 D3 D4 F0 0F 01 00 71 83 01 00 07 00 07 00 01 00 00 00 ]]
[[ DATA: 20 00 20 00 10 00 00 00 10 04 00 00 24 44 55 4D 4D 59 5F 53 ]]
[[ DATA: 45 53 53 49 4F 4E 5F 49 44 00 00 00 00 00 00 00 00 00 00 00 ]]
[[ DATA: 00 00 00 00 24 44 55 4D 4D 59 5F 44 45 56 49 43 45 5F 49 44 ]]
[[ DATA: 00 00 00 00 00 00 00 00 00 00 00 00 00 00 00 00 64 66 6D 5F ]]
[[ DATA: 74 72 61 63 65 2E 70 73 66 73 00 00 00 00 00 00 00 00 00 00 ]]
[[ DATA: 00 00 00 00 00 00 00 00 00 00 00 00 00 00 00 00 00 00 00 00 ]]
[[ DATA: 00 00 00 00 00 00 00 00 00 00 00 00 00 00 00 00 00 00 00 00 ]]
[[ DATA: 00 00 00 00 00 00 00 00 00 00 00 00 00 00 00 00 00 00 00 00 ]]
[[ DATA: 00 00 00 00 00 00 00 00 00 00 00 00 00 00 00 00 00 00 00 00 ]]
[[ DATA: 00 00 00 00 00 00 00 00 00 00 00 00 00 00 00 00 00 00 00 00 ]]
[[ DATA: 00 00 00 00 00 00 00 00 00 00 00 00 00 00 00 00 00 00 00 00 ]]
[[ DATA: 00 00 00 00 00 00 00 00 00 00 00 00 00 00 00 00 00 00 00 00 ]]
[[ DATA: 00 00 00 00 00 00 00 00 00 00 00 00 00 00 00 00 00 00 00 00 ]]
[[ DATA: 00 00 00 00 00 00 00 00 00 00 00 00 00 00 00 00 00 00 00 00 ]]
[[ DATA: 00 00 00 00 00 00 00 00 00 00 00 00 00 00 00 00 00 00 00 00 ]]
[[ DATA: 00 00 00 00 00 00 00 00 00 00 00 00 00 00 00 00 00 00 00 00 ]]
[[ DATA: 00 00 00 00 00 00 00 00 00 00 00 00 00 00 00 00 00 00 00 00 ]]
[[ DATA: 00 00 00 00 00 00 00 00 00 00 00 00 00 00 00 00 00 00 00 00 ]]
[[ DATA: 00 00 00 00 00 00 00 00 00 00 00 00 00 00 00 00 00 00 00 00 ]]
[[ DATA: 00 00 00 00 00 00 00 00 00 00 00 00 00 00 00 00 00 00 00 00 ]]
[[ DATA: 00 00 00 00 00 00 00 00 00 00 00 00 00 00 00 00 00 00 00 00 ]]
[[ DATA: 00 00 00 00 00 00 00 00 00 00 00 00 00 00 00 00 00 00 00 00 ]]
[[ DATA: 00 00 00 00 00 00 00 00 00 00 00 00 00 00 00 00 00 00 00 00 ]]
[[ DATA: 00 00 00 00 00 00 00 00 00 00 00 00 00 00 00 00 00 00 00 00 ]]
[[ DATA: 00 00 00 00 00 00 00 00 00 00 00 00 00 00 00 00 00 00 00 00 ]]
[[ DATA: 00 00 00 00 00 00 00 00 00 00 00 00 00 00 00 00 00 00 00 00 ]]
[[ DATA: 00 00 00 00 00 00 00 00 00 00 00 00 00 00 00 00 00 00 00 00 ]]
[[ DATA: 00 00 00 00 00 00 00 00 00 00 00 00 00 00 00 00 00 00 00 00 ]]
[[ DATA: 00 00 00 00 00 00 00 00 00 00 00 00 00 00 00 00 00 00 00 00 ]]
[[ DATA: 00 00 00 00 00 00 00 00 00 00 00 00 00 00 00 00 00 00 00 00 ]]
[[ DATA: 00 00 00 00 00 00 00 00 00 00 00 00 00 00 00 00 00 00 00 00 ]]
[[ DATA: 00 00 00 00 00 00 00 00 00 00 00 00 00 00 00 00 00 00 00 00 ]]
[[ DATA: 00 00 00 00 00 00 00 00 00 00 00 00 00 00 00 00 00 00 00 00 ]]
[[ DATA: 00 00 00 00 00 00 00 00 00 00 00 00 00 00 00 00 00 00 00 00 ]]
[[ DATA: 00 00 00 00 00 00 00 00 00 00 00 00 00 00 00 00 00 00 00 00 ]]
[[ DATA: 00 00 00 00 00 00 00 00 00 00 00 00 00 00 00 00 00 00 00 00 ]]
[[ DATA: 00 00 00 00 00 00 00 00 00 00 00 00 00 00 00 00 00 00 00 00 ]]
[[ DATA: 00 00 00 00 00 00 00 00 00 00 00 00 00 00 00 00 00 00 00 00 ]]
[[ DATA: 00 00 00 00 00 00 00 00 00 00 00 00 00 00 00 00 00 00 00 00 ]]
[[ DATA: 00 00 00 00 00 00 00 00 00 00 00 00 00 00 00 00 00 00 00 00 ]]
[[ DATA: 00 00 00 00 00 00 00 00 00 00 00 00 00 00 00 00 00 00 00 00 ]]
[[ DATA: 00 00 00 00 00 00 00 00 00 00 00 00 00 00 00 00 00 00 00 00 ]]
[[ DATA: 00 00 00 00 00 00 00 00 00 00 00 00 00 00 00 00 00 00 00 00 ]]
[[ DATA: 00 00 00 00 00 00 00 00 00 00 00 00 00 00 00 00 00 00 00 00 ]]
[[ DATA: 00 00 00 00 00 00 00 00 00 00 00 00 00 00 00 00 00 00 00 00 ]]
[[ DATA: 00 00 00 00 00 00 00 00 00 00 00 00 00 00 00 00 00 00 00 00 ]]
[[ DATA: 00 00 00 00 00 00 00 00 00 00 00 00 00 00 00 00 00 00 00 00 ]]
[[ DATA: 00 00 00 00 00 00 00 00 00 00 00 00 00 00 00 00 00 00 00 00 ]]
[[ DATA: 00 00 00 00 00 00 00 00 00 00 00 00 00 00 00 00 00 00 00 00 ]]
[[ DATA: 00 00 00 00 00 00 00 00 00 00 00 00 00 00 00 00 00 00 00 00 ]]
[[ DATA: 00 00 00 00 00 00 00 00 00 00 00 00 00 00 00 00 00 00 00 00 ]]
[[ DATA: 00 00 00 00 00 00 00 00 00 00 00 00 00 00 00 00 00 00 00 00 ]]
[[ DATA: 00 00 00 00 00 00 00 00 00 00 00 00 00 00 00 00 00 00 00 00 ]]
[[ DATA: 00 00 00 00 00 00 00 00 00 00 00 00 00 00 00 00 00 00 00 00 ]]
[[ DATA: 00 00 00 00 00 00 00 00 00 00 00 00 00 00 00 00 00 00 00 00 ]]
[[ DATA: 00 00 00 00 00 00 00 00 00 00 00 00 00 00 00 00 0A 0B 0C 0D ]]
[[ DATA: 71 72 73 74 F1 F2 F3 F4 00 00 00 00 D4 D3 D2 D1 ]]
[[ DevAlert Data Ended. Checksum: 2872 ]]

DFM Alert: Test 1020B at test_boundaries.c:116
  DFM: Storing the alert.


DFM: Error, ucDataBuffer not large enough!


DFM: Error, ucDataBuffer not large enough!


[[ DevAlert Data Begins ]]
[[ DATA: D1 D2 D3 D4 F0 0F 01 00 12 15 00 00 01 00 01 00 02 00 00 00 ]]
[[ DATA: 20 00 20 00 68 00 00 00 0C 01 00 00 24 44 55 4D 4D 59 5F 53 ]]
[[ DATA: 45 53 53 49 4F 4E 5F 49 44 00 00 00 00 00 00 00 00 00 00 00 ]]
[[ DATA: 00 00 00 00 24 44 55 4D 4D 59 5F 44 45 56 49 43 45 5F 49 44 ]]
[[ DATA: 00 00 00 00 00 00 00 00 00 00 00 00 00 00 00 00 54 65 73 74 ]]
[[ DATA: 20 31 30 32 30 42 20 61 74 20 74 65 73 74 5F 62 6F 75 6E 64 ]]
[[ DATA: 61 72 69 65 73 2E 63 3A 31 31 36 00 00 00 00 00 00 00 00 00 ]]
[[ DATA: 00 00 00 00 00 00 00 00 00 00 00 00 00 00 00 00 00 00 00 00 ]]
[[ DATA: 00 00 00 00 00 00 00 00 00 00 00 00 00 00 00 00 00 00 00 00 ]]
[[ DATA: 00 00 00 00 00 00 00 00 00 00 00 00 00 00 00 00 00 00 00 00 ]]
[[ DATA: 50 44 66 6D F0 0F 03 48 08 04 68 00 01 00 00 00 FC 03 00 00 ]]
[[ DATA: 01 00 00 00 EA 02 00 00 07 00 00 00 90 8D 00 20 02 00 00 00 ]]
[[ DATA: DC 06 00 00 04 00 00 00 74 00 00 00 00 00 00 00 00 00 00 00 ]]
[[ DATA: 00 00 00 00 00 00 00 00 00 00 00 00 00 00 00 00 00 00 00 00 ]]
[[ DATA: 00 00 00 00 42 75 69 6C 64 2D 4D 33 2D 53 6D 61 6C 6C 43 44 ]]
[[ DATA: 00 00 00 00 00 00 00 00 00 00 00 00 00 00 00 00 00 00 00 00 ]]
[[ DATA: 00 00 00 00 00 00 00 00 00 00 00 00 00 00 00 00 00 00 00 00 ]]
[[ DATA: 00 00 00 00 00 00 00 00 00 00 00 00 00 00 00 00 54 65 73 74 ]]
[[ DATA: 20 31 30 32 30 42 20 61 74 20 74 65 73 74 5F 62 6F 75 6E 64 ]]
[[ DATA: 61 72 69 65 73 2E 63 3A 31 31 36 00 00 00 00 00 00 00 00 00 ]]
[[ DATA: 00 00 00 00 00 00 00 00 00 00 00 00 00 00 00 00 00 00 00 00 ]]
[[ DATA: 00 00 00 00 00 00 00 00 00 00 00 00 00 00 00 00 00 00 00 00 ]]
[[ DATA: 00 00 00 00 00 00 00 00 00 00 00 00 00 00 00 00 00 00 00 00 ]]
[[ DATA: 6D 66 44 50 00 00 00 00 D4 D3 D2 D1 ]]
[[ DevAlert Data Ended. Checksum: 38148 ]]

[[ DevAlert Data Begins ]]
[[ DATA: D1 D2 D3 D4 F0 0F 01 00 18 46 01 00 01 00 01 00 02 00 00 00 ]]
[[ DATA: 20 00 20 00 10 00 00 00 24 00 00 00 24 44 55 4D 4D 59 5F 53 ]]
[[ DATA: 45 53 53 49 4F 4E 5F 49 44 00 00 00 00 00 00 00 00 00 00 00 ]]
[[ DATA: 00 00 00 00 24 44 55 4D 4D 59 5F 44 45 56 49 43 45 5F 49 44 ]]
[[ DATA: 00 00 00 00 00 00 00 00 00 00 00 00 00 00 00 00 64 66 6D 5F ]]
[[ DATA: 74 72 61 63 65 2E 70 73 66 73 00 00 50 44 61 50 F0 0F 03 10 ]]
[[ DATA: F0 32 00 00 64 66 6D 5F 74 72 61 63 65 2E 70 73 66 73 00 00 ]]
[[ DATA: 50 61 44 50 00 00 00 00 D4 D3 D2 D1 ]]
[[ DevAlert Data Ended. Checksum: 12108 ]]

[[ DevAlert Data Begins ]]
[[ DATA: D1 D2 D3 D4 F0 0F 01 00 71 83 01 00 01 00 07 00 02 00 00 00 ]]
[[ DATA: 20 00 20 00 10 00 00 00 D0 07 00 00 24 44 55 4D 4D 59 5F 53 ]]
[[ DATA: 45 53 53 49 4F 4E 5F 49 44 00 00 00 00 00 00 00 00 00 00 00 ]]
[[ DATA: 00 00 00 00 24 44 55 4D 4D 59 5F 44 45 56 49 43 45 5F 49 44 ]]
[[ DATA: 00 00 00 00 00 00 00 00 00 00 00 00 00 00 00 00 64 66 6D 5F ]]
[[ DATA: 74 72 61 63 65 2E 70 73 66 73 00 00 28 10 00 20 00 00 00 00 ]]
[[ DATA: 05 06 07 08 75 76 77 78 F5 F6 F7 F8 00 46 53 50 0E 00 A1 1A ]]
[[ DATA: 00 00 00 00 01 03 00 00 00 00 00 00 00 00 02 01 46 72 65 65 ]]
[[ DATA: 52 54 4F 53 01 00 00 00 00 00 00 00 00 0E 27 07 00 00 00 00 ]]
[[ DATA: E8 03 00 00 7B A9 AE 09 8A 05 00 00 38 00 00 00 1C 00 00 00 ]]
[[ DATA: 03 00 00 00 A4 05 00 20 00 00 00 00 00 00 00 00 00 00 02 00 ]]
[[ DATA: 00 00 00 80 53 79 73 74 65 6D 20 48 65 61 70 00 00 00 00 00 ]]
[[ DATA: 00 00 00 00 00 00 00 00 00 00 00 00 00 00 00 00 00 00 00 00 ]]
[[ DATA: 00 00 00 00 00 00 00 00 00 00 00 00 00 00 00 00 00 00 00 00 ]]
[[ DATA: 00 00 00 00 00 00 00 00 00 00 00 00 00 00 00 00 00 00 00 00 ]]
[[ DATA: 00 00 00 00 00 00 00 00 00 00 00 00 00 00 00 00 00 00 00 00 ]]
[[ DATA: 00 00 00 00 00 00 00 00 00 00 00 00 00 00 00 00 00 00 00 00 ]]
[[ DATA: 00 00 00 00 00 00 00 00 00 00 00 00 00 00 00 00 00 00 00 00 ]]
[[ DATA: 00 00 00 00 00 00 00 00 00 00 00 00 00 00 00 00 00 00 00 00 ]]
[[ DATA: 00 00 00 00 00 00 00 00 00 00 00 00 00 00 00 00 00 00 00 00 ]]
[[ DATA: 00 00 00 00 00 00 00 00 00 00 00 00 00 00 00 00 00 00 00 00 ]]
[[ DATA: 00 00 00 00 00 00 00 00 00 00 00 00 00 00 00 00 00 00 00 00 ]]
[[ DATA: 00 00 00 00 00 00 00 00 00 00 00 00 00 00 00 00 00 00 00 00 ]]
[[ DATA: 00 00 00 00 00 00 00 00 00 00 00 00 00 00 00 00 00 00 00 00 ]]
[[ DATA: 00 00 00 00 00 00 00 00 00 00 00 00 00 00 00 00 00 00 00 00 ]]
[[ DATA: 00 00 00 00 00 00 00 00 00 00 00 00 00 00 00 00 00 00 00 00 ]]
[[ DATA: 00 00 00 00 00 00 00 00 00 00 00 00 00 00 00 00 00 00 00 00 ]]
[[ DATA: 00 00 00 00 00 00 00 00 00 00 00 00 00 00 00 00 00 00 00 00 ]]
[[ DATA: 00 00 00 00 00 00 00 00 00 00 00 00 00 00 00 00 00 00 00 00 ]]
[[ DATA: 00 00 00 00 00 00 00 00 00 00 00 00 00 00 00 00 00 00 00 00 ]]
[[ DATA: 00 00 00 00 00 00 00 00 00 00 00 00 00 00 00 00 00 00 00 00 ]]
[[ DATA: 00 00 00 00 00 00 00 00 00 00 00 00 00 00 00 00 00 00 00 00 ]]
[[ DATA: 00 00 00 00 00 00 00 00 00 00 00 00 00 00 00 00 00 00 00 00 ]]
[[ DATA: 00 00 00 00 00 00 00 00 00 00 00 00 00 00 00 00 00 00 00 00 ]]
[[ DATA: 00 00 00 00 00 00 00 00 00 00 00 00 00 00 00 00 00 00 00 00 ]]
[[ DATA: 00 00 00 00 00 00 00 00 00 00 00 00 00 00 00 00 00 00 00 00 ]]
[[ DATA: 00 00 00 00 00 00 00 00 00 00 00 00 00 00 00 00 00 00 00 00 ]]
[[ DATA: 00 00 00 00 00 00 00 00 00 00 00 00 00 00 00 00 00 00 00 00 ]]
[[ DATA: 00 00 00 00 00 00 00 00 00 00 00 00 00 00 00 00 00 00 00 00 ]]
[[ DATA: 00 00 00 00 00 00 00 00 00 00 00 00 00 00 00 00 00 00 00 00 ]]
[[ DATA: 00 00 00 00 00 00 00 00 00 00 00 00 00 00 00 00 00 00 00 00 ]]
[[ DATA: 00 00 00 00 00 00 00 00 00 00 00 00 00 00 00 00 00 00 00 00 ]]
[[ DATA: 00 00 00 00 00 00 00 00 00 00 00 00 00 00 00 00 00 00 00 00 ]]
[[ DATA: 00 00 00 00 00 00 00 00 00 00 00 00 00 00 00 00 00 00 00 00 ]]
[[ DATA: 00 00 00 00 00 00 00 00 00 00 00 00 00 00 00 00 00 00 00 00 ]]
[[ DATA: 00 00 00 00 00 00 00 00 00 00 00 00 00 00 00 00 00 00 00 00 ]]
[[ DATA: 00 00 00 00 00 00 00 00 00 00 00 00 00 00 00 00 00 00 00 00 ]]
[[ DATA: 00 00 00 00 00 00 00 00 00 00 00 00 00 00 00 00 00 00 00 00 ]]
[[ DATA: 00 00 00 00 00 00 00 00 00 00 00 00 00 00 00 00 00 00 00 00 ]]
[[ DATA: 00 00 00 00 00 00 00 00 00 00 00 00 00 00 00 00 00 00 00 00 ]]
[[ DATA: 00 00 00 00 00 00 00 00 00 00 00 00 00 00 00 00 00 00 00 00 ]]
[[ DATA: 00 00 00 00 00 00 00 00 00 00 00 00 00 00 00 00 00 00 00 00 ]]
[[ DATA: 00 00 00 00 00 00 00 00 00 00 00 00 00 00 00 00 00 00 00 00 ]]
[[ DATA: 00 00 00 00 00 00 00 00 00 00 00 00 00 00 00 00 00 00 00 00 ]]
[[ DATA: 00 00 00 00 00 00 00 00 00 00 00 00 00 00 00 00 00 00 00 00 ]]
[[ DATA: 00 00 00 00 00 00 00 00 00 00 00 00 00 00 00 00 00 00 00 00 ]]
[[ DATA: 00 00 00 00 00 00 00 00 00 00 00 00 00 00 00 00 00 00 00 00 ]]
[[ DATA: 00 00 00 00 00 00 00 00 00 00 00 00 00 00 00 00 00 00 00 00 ]]
[[ DATA: 00 00 00 00 00 00 00 00 00 00 00 00 00 00 00 00 00 00 00 00 ]]
[[ DATA: 00 00 00 00 00 00 00 00 00 00 00 00 00 00 00 00 00 00 00 00 ]]
[[ DATA: 00 00 00 00 00 00 00 00 00 00 00 00 00 00 00 00 00 00 00 00 ]]
[[ DATA: 00 00 00 00 00 00 00 00 00 00 00 00 00 00 00 00 00 00 00 00 ]]
[[ DATA: 00 00 00 00 00 00 00 00 00 00 00 00 00 00 00 00 00 00 00 00 ]]
[[ DATA: 00 00 00 00 00 00 00 00 00 00 00 00 00 00 00 00 00 00 00 00 ]]
[[ DATA: 00 00 00 00 00 00 00 00 00 00 00 00 00 00 00 00 00 00 00 00 ]]
[[ DATA: 00 00 00 00 00 00 00 00 00 00 00 00 00 00 00 00 00 00 00 00 ]]
[[ DATA: 00 00 00 00 00 00 00 00 00 00 00 00 00 00 00 00 00 00 00 00 ]]
[[ DATA: 00 00 00 00 00 00 00 00 00 00 00 00 00 00 00 00 00 00 00 00 ]]
[[ DATA: 00 00 00 00 00 00 00 00 00 00 00 00 00 00 00 00 00 00 00 00 ]]
[[ DATA: 00 00 00 00 00 00 00 00 00 00 00 00 00 00 00 00 00 00 00 00 ]]
[[ DATA: 00 00 00 00 00 00 00 00 00 00 00 00 00 00 00 00 00 00 00 00 ]]
[[ DATA: 00 00 00 00 00 00 00 00 00 00 00 00 00 00 00 00 00 00 00 00 ]]
[[ DATA: 00 00 00 00 00 00 00 00 00 00 00 00 00 00 00 00 00 00 00 00 ]]
[[ DATA: 00 00 00 00 00 00 00 00 00 00 00 00 00 00 00 00 00 00 00 00 ]]
[[ DATA: 00 00 00 00 00 00 00 00 00 00 00 00 00 00 00 00 00 00 00 00 ]]
[[ DATA: 00 00 00 00 00 00 00 00 00 00 00 00 00 00 00 00 00 00 00 00 ]]
[[ DATA: 00 00 00 00 00 00 00 00 00 00 00 00 00 00 00 00 00 00 00 00 ]]
[[ DATA: 00 00 00 00 00 00 00 00 00 00 00 00 00 00 00 00 00 00 00 00 ]]
[[ DATA: 00 00 00 00 00 00 00 00 00 00 00 00 00 00 00 00 00 00 00 00 ]]
[[ DATA: 00 00 00 00 00 00 00 00 00 00 00 00 00 00 00 00 00 00 00 00 ]]
[[ DATA: 00 00 00 00 00 00 00 00 00 00 00 00 00 00 00 00 00 00 00 00 ]]
[[ DATA: 00 00 00 00 00 00 00 00 00 00 00 00 00 00 00 00 00 00 00 00 ]]
[[ DATA: 00 00 00 00 00 00 00 00 00 00 00 00 00 00 00 00 00 00 00 00 ]]
[[ DATA: 00 00 00 00 00 00 00 00 00 00 00 00 00 00 00 00 00 00 00 00 ]]
[[ DATA: 00 00 00 00 00 00 00 00 00 00 00 00 00 00 00 00 00 00 00 00 ]]
[[ DATA: 00 00 00 00 00 00 00 00 00 00 00 00 00 00 00 00 00 00 00 00 ]]
[[ DATA: 00 00 00 00 00 00 00 00 00 00 00 00 00 00 00 00 00 00 00 00 ]]
[[ DATA: 00 00 00 00 00 00 00 00 00 00 00 00 00 00 00 00 00 00 00 00 ]]
[[ DATA: 00 00 00 00 00 00 00 00 00 00 00 00 00 00 00 00 00 00 00 00 ]]
[[ DATA: 00 00 00 00 00 00 00 00 00 00 00 00 00 00 00 00 00 00 00 00 ]]
[[ DATA: 00 00 00 00 00 00 00 00 00 00 00 00 00 00 00 00 00 00 00 00 ]]
[[ DATA: 00 00 00 00 00 00 00 00 00 00 00 00 00 00 00 00 00 00 00 00 ]]
[[ DATA: 00 00 00 00 00 00 00 00 00 00 00 00 00 00 00 00 00 00 00 00 ]]
[[ DATA: 00 00 00 00 00 00 00 00 00 00 00 00 00 00 00 00 00 00 00 00 ]]
[[ DATA: 00 00 00 00 00 00 00 00 00 00 00 00 00 00 00 00 00 00 00 00 ]]
[[ DATA: 00 00 00 00 00 00 00 00 00 00 00 00 00 00 00 00 00 00 00 00 ]]
[[ DATA: 00 00 00 00 00 00 00 00 00 00 00 00 00 00 00 00 00 00 00 00 ]]
[[ DATA: 00 00 00 00 00 00 00 00 00 00 00 00 00 00 00 00 00 00 00 00 ]]
[[ DATA: 00 00 00 00 00 00 00 00 00 00 00 00 00 00 00 00 00 00 00 00 ]]
[[ DATA: 00 00 00 00 00 00 00 00 00 00 00 00 00 00 00 00 00 00 00 00 ]]
[[ DATA: 00 00 00 00 00 00 00 00 00 00 00 00 00 00 00 00 00 00 00 00 ]]
[[ DATA: 00 00 00 00 00 00 00 00 00 00 00 00 00 00 00 00 00 00 00 00 ]]
[[ DATA: 00 00 00 00 00 00 00 00 00 00 00 00 00 00 00 00 00 00 00 00 ]]
[[ DATA: 00 00 00 00 00 00 00 00 00 00 00 00 00 00 00 00 00 00 00 00 ]]
[[ DATA: 00 00 00 00 00 00 00 00 00 00 00 00 00 00 00 00 00 00 00 00 ]]
[[ DATA: 00 00 00 00 00 00 00 00 00 00 00 00 D4 D3 D2 D1 ]]
[[ DevAlert Data Ended. Checksum: 61042 ]]

[[ DevAlert Data Begins ]]
[[ DATA: D1 D2 D3 D4 F0 0F 01 00 71 83 01 00 02 00 07 00 02 00 00 00 ]]
[[ DATA: 20 00 20 00 10 00 00 00 D0 07 00 00 24 44 55 4D 4D 59 5F 53 ]]
[[ DATA: 45 53 53 49 4F 4E 5F 49 44 00 00 00 00 00 00 00 00 00 00 00 ]]
[[ DATA: 00 00 00 00 24 44 55 4D 4D 59 5F 44 45 56 49 43 45 5F 49 44 ]]
[[ DATA: 00 00 00 00 00 00 00 00 00 00 00 00 00 00 00 00 64 66 6D 5F ]]
[[ DATA: 74 72 61 63 65 2E 70 73 66 73 00 00 00 00 00 00 00 00 00 00 ]]
[[ DATA: 00 00 00 00 00 00 00 00 00 00 00 00 00 00 00 00 00 00 00 00 ]]
[[ DATA: 00 00 00 00 00 00 00 00 00 00 00 00 00 00 00 00 00 00 00 00 ]]
[[ DATA: 00 00 00 00 00 00 00 00 00 00 00 00 00 00 00 00 00 00 00 00 ]]
[[ DATA: 00 00 00 00 00 00 00 00 00 00 00 00 00 00 00 00 00 00 00 00 ]]
[[ DATA: 00 00 00 00 00 00 00 00 00 00 00 00 00 00 00 00 00 00 00 00 ]]
[[ DATA: 00 00 00 00 00 00 00 00 00 00 00 00 00 00 00 00 00 00 00 00 ]]
[[ DATA: 00 00 00 00 00 00 00 00 00 00 00 00 00 00 00 00 00 00 00 00 ]]
[[ DATA: 00 00 00 00 00 00 00 00 00 00 00 00 00 00 00 00 00 00 00 00 ]]
[[ DATA: 00 00 00 00 00 00 00 00 00 00 00 00 00 00 00 00 00 00 00 00 ]]
[[ DATA: 00 00 00 00 00 00 00 00 00 00 00 00 00 00 00 00 00 00 00 00 ]]
[[ DATA: 00 00 00 00 00 00 00 00 00 00 00 00 00 00 00 00 00 00 00 00 ]]
[[ DATA: 00 00 00 00 00 00 00 00 00 00 00 00 00 00 00 00 00 00 00 00 ]]
[[ DATA: 00 00 00 00 00 00 00 00 00 00 00 00 00 00 00 00 00 00 00 00 ]]
[[ DATA: 00 00 00 00 00 00 00 00 00 00 00 00 00 00 00 00 00 00 00 00 ]]
[[ DATA: 00 00 00 00 00 00 00 00 00 00 00 00 00 00 00 00 00 00 00 00 ]]
[[ DATA: 00 00 00 00 00 00 00 00 00 00 00 00 00 00 00 00 00 00 00 00 ]]
[[ DATA: 00 00 00 00 00 00 00 00 00 00 00 00 00 00 00 00 00 00 00 00 ]]
[[ DATA: 00 00 00 00 00 00 00 00 00 00 00 00 00 00 00 00 00 00 00 00 ]]
[[ DATA: 00 00 00 00 00 00 00 00 00 00 00 00 00 00 00 00 00 00 00 00 ]]
[[ DATA: 00 00 00 00 00 00 00 00 00 00 00 00 00 00 00 00 00 00 00 00 ]]
[[ DATA: 00 00 00 00 00 00 00 00 00 00 00 00 00 00 00 00 00 00 00 00 ]]
[[ DATA: 00 00 00 00 00 00 00 00 00 00 00 00 00 00 00 00 D4 0E 00 20 ]]
[[ DATA: 00 00 00 00 00 00 00 00 00 00 00 00 00 00 00 00 41 4C 45 52 ]]
[[ DATA: 54 00 00 00 00 00 00 00 00 00 00 00 00 00 00 00 00 00 00 00 ]]
[[ DATA: 00 00 00 00 04 0F 00 20 00 00 00 00 00 00 00 00 00 00 00 00 ]]
[[ DATA: 00 00 00 00 44 46 4D 20 54 65 73 74 73 00 00 00 00 00 00 00 ]]
[[ DATA: 00 00 00 00 00 00 00 00 00 00 00 00 5C 96 00 20 01 00 00 00 ]]
[[ DATA: 00 00 00 00 00 00 00 00 00 00 00 00 54 6D 72 20 53 76 63 00 ]]
[[ DATA: 00 00 00 00 00 00 00 00 00 00 00 00 00 00 00 00 00 00 00 00 ]]
[[ DATA: 7C 9D 00 20 08 00 00 00 00 00 00 00 00 00 00 00 00 00 00 00 ]]
[[ DATA: 54 6D 72 51 00 00 00 00 00 00 00 00 00 00 00 00 00 00 00 00 ]]
[[ DATA: 00 00 00 00 00 00 00 00 BC 9A 00 20 00 00 00 00 00 00 00 00 ]]
[[ DATA: 00 00 00 00 00 00 00 00 49 44 4C 45 00 00 00 00 00 00 00 00 ]]
[[ DATA: 00 00 00 00 00 00 00 00 00 00 00 00 00 00 00 00 F0 8D 00 20 ]]
[[ DATA: 03 00 00 00 00 00 00 00 00 00 00 00 00 00 00 00 44 46 4D 54 ]]
[[ DATA: 65 73 74 73 00 00 00 00 00 00 00 00 00 00 00 00 00 00 00 00 ]]
[[ DATA: 00 00 00 00 84 00 00 20 00 00 00 00 00 00 00 00 00 00 00 00 ]]
[[ DATA: 00 00 00 00 54 7A 43 74 72 6C 00 00 00 00 00 00 00 00 00 00 ]]
[[ DATA: 00 00 00 00 00 00 00 00 00 00 00 00 00 28 00 00 58 01 00 00 ]]
[[ DATA: 00 00 00 00 D4 27 00 00 01 00 00 00 00 00 00 00 D4 27 00 00 ]]
[[ DATA: 00 00 00 00 58 01 00 00 00 00 00 00 00 00 00 00 54 10 00 20 ]]
[[ DATA: 01 10 01 00 02 20 00 00 02 00 00 00 10 20 02 00 02 49 00 00 ]]
[[ DATA: F0 8D 00 20 03 00 00 00 30 10 03 00 05 4A 00 00 F0 8D 00 20 ]]
[[ DATA: 10 20 04 00 1C 51 00 00 BC 9A 00 20 00 00 00 00 30 10 05 00 ]]
[[ DATA: 0E 52 00 00 BC 9A 00 20 11 20 06 00 A1 55 00 00 7C 9D 00 20 ]]
[[ DATA: 08 00 00 00 10 20 07 00 14 63 00 00 5C 96 00 20 01 00 00 00 ]]
[[ DATA: 30 10 08 00 17 64 00 00 5C 96 00 20 37 20 09 00 CB 65 00 00 ]]
[[ DATA: F0 8D 00 20 03 00 00 00 03 40 0A 00 91 55 02 00 04 0F 00 20 ]]
[[ DATA: 44 46 4D 20 54 65 73 74 73 00 54 52 92 50 0B 00 32 3E 05 00 ]]
[[ DATA: 04 0F 00 20 FC 03 00 00 54 25 75 20 42 45 47 49 4E 00 44 46 ]]
[[ DATA: 03 30 0C 00 6B 4B 05 00 D4 0E 00 20 41 4C 45 52 54 00 44 46 ]]
[[ DATA: 91 A0 0D 00 DB 4D 05 00 D4 0E 00 20 54 65 73 74 20 31 30 32 ]]
[[ DATA: 30 41 20 61 74 20 74 65 73 74 5F 62 6F 75 6E 64 61 72 69 65 ]]
[[ DATA: 73 2E 63 3A 31 31 33 00 91 A0 0E 00 DB 9C AE 09 04 0F 00 20 ]]
[[ DATA: 54 31 30 32 30 42 20 52 45 54 55 52 4E 20 66 69 72 73 74 20 ]]
[[ DATA: 74 72 61 70 20 63 6F 6D 70 6C 65 74 65 64 00 54 91 A0 0F 00 ]]
[[ DATA: 7B A9 AE 09 D4 0E 00 20 54 65 73 74 20 31 30 32 30 42 20 61 ]]
[[ DATA: 74 20 74 65 73 74 5F 62 6F 75 6E 64 61 72 69 65 73 2E 63 3A ]]
[[ DATA: 31 31 36 00 00 00 00 00 00 00 00 00 00 00 00 00 00 00 00 00 ]]
[[ DATA: 00 00 00 00 00 00 00 00 00 00 00 00 00 00 00 00 00 00 00 00 ]]
[[ DATA: 00 00 00 00 00 00 00 00 00 00 00 00 00 00 00 00 00 00 00 00 ]]
[[ DATA: 00 00 00 00 00 00 00 00 00 00 00 00 00 00 00 00 00 00 00 00 ]]
[[ DATA: 00 00 00 00 00 00 00 00 00 00 00 00 00 00 00 00 00 00 00 00 ]]
[[ DATA: 00 00 00 00 00 00 00 00 00 00 00 00 00 00 00 00 00 00 00 00 ]]
[[ DATA: 00 00 00 00 00 00 00 00 00 00 00 00 00 00 00 00 00 00 00 00 ]]
[[ DATA: 00 00 00 00 00 00 00 00 00 00 00 00 00 00 00 00 00 00 00 00 ]]
[[ DATA: 00 00 00 00 00 00 00 00 00 00 00 00 00 00 00 00 00 00 00 00 ]]
[[ DATA: 00 00 00 00 00 00 00 00 00 00 00 00 00 00 00 00 00 00 00 00 ]]
[[ DATA: 00 00 00 00 00 00 00 00 00 00 00 00 00 00 00 00 00 00 00 00 ]]
[[ DATA: 00 00 00 00 00 00 00 00 00 00 00 00 00 00 00 00 00 00 00 00 ]]
[[ DATA: 00 00 00 00 00 00 00 00 00 00 00 00 00 00 00 00 00 00 00 00 ]]
[[ DATA: 00 00 00 00 00 00 00 00 00 00 00 00 00 00 00 00 00 00 00 00 ]]
[[ DATA: 00 00 00 00 00 00 00 00 00 00 00 00 00 00 00 00 00 00 00 00 ]]
[[ DATA: 00 00 00 00 00 00 00 00 00 00 00 00 00 00 00 00 00 00 00 00 ]]
[[ DATA: 00 00 00 00 00 00 00 00 00 00 00 00 00 00 00 00 00 00 00 00 ]]
[[ DATA: 00 00 00 00 00 00 00 00 00 00 00 00 00 00 00 00 00 00 00 00 ]]
[[ DATA: 00 00 00 00 00 00 00 00 00 00 00 00 00 00 00 00 00 00 00 00 ]]
[[ DATA: 00 00 00 00 00 00 00 00 00 00 00 00 00 00 00 00 00 00 00 00 ]]
[[ DATA: 00 00 00 00 00 00 00 00 00 00 00 00 00 00 00 00 00 00 00 00 ]]
[[ DATA: 00 00 00 00 00 00 00 00 00 00 00 00 00 00 00 00 00 00 00 00 ]]
[[ DATA: 00 00 00 00 00 00 00 00 00 00 00 00 00 00 00 00 00 00 00 00 ]]
[[ DATA: 00 00 00 00 00 00 00 00 00 00 00 00 00 00 00 00 00 00 00 00 ]]
[[ DATA: 00 00 00 00 00 00 00 00 00 00 00 00 00 00 00 00 00 00 00 00 ]]
[[ DATA: 00 00 00 00 00 00 00 00 00 00 00 00 00 00 00 00 00 00 00 00 ]]
[[ DATA: 00 00 00 00 00 00 00 00 00 00 00 00 00 00 00 00 00 00 00 00 ]]
[[ DATA: 00 00 00 00 00 00 00 00 00 00 00 00 00 00 00 00 00 00 00 00 ]]
[[ DATA: 00 00 00 00 00 00 00 00 00 00 00 00 00 00 00 00 00 00 00 00 ]]
[[ DATA: 00 00 00 00 00 00 00 00 00 00 00 00 00 00 00 00 00 00 00 00 ]]
[[ DATA: 00 00 00 00 00 00 00 00 00 00 00 00 00 00 00 00 00 00 00 00 ]]
[[ DATA: 00 00 00 00 00 00 00 00 00 00 00 00 00 00 00 00 00 00 00 00 ]]
[[ DATA: 00 00 00 00 00 00 00 00 00 00 00 00 00 00 00 00 00 00 00 00 ]]
[[ DATA: 00 00 00 00 00 00 00 00 00 00 00 00 00 00 00 00 00 00 00 00 ]]
[[ DATA: 00 00 00 00 00 00 00 00 00 00 00 00 00 00 00 00 00 00 00 00 ]]
[[ DATA: 00 00 00 00 00 00 00 00 00 00 00 00 00 00 00 00 00 00 00 00 ]]
[[ DATA: 00 00 00 00 00 00 00 00 00 00 00 00 00 00 00 00 00 00 00 00 ]]
[[ DATA: 00 00 00 00 00 00 00 00 00 00 00 00 00 00 00 00 00 00 00 00 ]]
[[ DATA: 00 00 00 00 00 00 00 00 00 00 00 00 00 00 00 00 00 00 00 00 ]]
[[ DATA: 00 00 00 00 00 00 00 00 00 00 00 00 00 00 00 00 00 00 00 00 ]]
[[ DATA: 00 00 00 00 00 00 00 00 00 00 00 00 00 00 00 00 00 00 00 00 ]]
[[ DATA: 00 00 00 00 00 00 00 00 00 00 00 00 D4 D3 D2 D1 ]]
[[ DevAlert Data Ended. Checksum: 23232 ]]

[[ DevAlert Data Begins ]]
[[ DATA: D1 D2 D3 D4 F0 0F 01 00 71 83 01 00 03 00 07 00 02 00 00 00 ]]
[[ DATA: 20 00 20 00 10 00 00 00 D0 07 00 00 24 44 55 4D 4D 59 5F 53 ]]
[[ DATA: 45 53 53 49 4F 4E 5F 49 44 00 00 00 00 00 00 00 00 00 00 00 ]]
[[ DATA: 00 00 00 00 24 44 55 4D 4D 59 5F 44 45 56 49 43 45 5F 49 44 ]]
[[ DATA: 00 00 00 00 00 00 00 00 00 00 00 00 00 00 00 00 64 66 6D 5F ]]
[[ DATA: 74 72 61 63 65 2E 70 73 66 73 00 00 00 00 00 00 00 00 00 00 ]]
[[ DATA: 00 00 00 00 00 00 00 00 00 00 00 00 00 00 00 00 00 00 00 00 ]]
[[ DATA: 00 00 00 00 00 00 00 00 00 00 00 00 00 00 00 00 00 00 00 00 ]]
[[ DATA: 00 00 00 00 00 00 00 00 00 00 00 00 00 00 00 00 00 00 00 00 ]]
[[ DATA: 00 00 00 00 00 00 00 00 00 00 00 00 00 00 00 00 00 00 00 00 ]]
[[ DATA: 00 00 00 00 00 00 00 00 00 00 00 00 00 00 00 00 00 00 00 00 ]]
[[ DATA: 00 00 00 00 00 00 00 00 00 00 00 00 00 00 00 00 00 00 00 00 ]]
[[ DATA: 00 00 00 00 00 00 00 00 00 00 00 00 00 00 00 00 00 00 00 00 ]]
[[ DATA: 00 00 00 00 00 00 00 00 00 00 00 00 00 00 00 00 00 00 00 00 ]]
[[ DATA: 00 00 00 00 00 00 00 00 00 00 00 00 00 00 00 00 00 00 00 00 ]]
[[ DATA: 00 00 00 00 00 00 00 00 00 00 00 00 00 00 00 00 00 00 00 00 ]]
[[ DATA: 00 00 00 00 00 00 00 00 00 00 00 00 00 00 00 00 00 00 00 00 ]]
[[ DATA: 00 00 00 00 00 00 00 00 00 00 00 00 00 00 00 00 00 00 00 00 ]]
[[ DATA: 00 00 00 00 00 00 00 00 00 00 00 00 00 00 00 00 00 00 00 00 ]]
[[ DATA: 00 00 00 00 00 00 00 00 00 00 00 00 00 00 00 00 00 00 00 00 ]]
[[ DATA: 00 00 00 00 00 00 00 00 00 00 00 00 00 00 00 00 00 00 00 00 ]]
[[ DATA: 00 00 00 00 00 00 00 00 00 00 00 00 00 00 00 00 00 00 00 00 ]]
[[ DATA: 00 00 00 00 00 00 00 00 00 00 00 00 00 00 00 00 00 00 00 00 ]]
[[ DATA: 00 00 00 00 00 00 00 00 00 00 00 00 00 00 00 00 00 00 00 00 ]]
[[ DATA: 00 00 00 00 00 00 00 00 00 00 00 00 00 00 00 00 00 00 00 00 ]]
[[ DATA: 00 00 00 00 00 00 00 00 00 00 00 00 00 00 00 00 00 00 00 00 ]]
[[ DATA: 00 00 00 00 00 00 00 00 00 00 00 00 00 00 00 00 00 00 00 00 ]]
[[ DATA: 00 00 00 00 00 00 00 00 00 00 00 00 00 00 00 00 00 00 00 00 ]]
[[ DATA: 00 00 00 00 00 00 00 00 00 00 00 00 00 00 00 00 00 00 00 00 ]]
[[ DATA: 00 00 00 00 00 00 00 00 00 00 00 00 00 00 00 00 00 00 00 00 ]]
[[ DATA: 00 00 00 00 00 00 00 00 00 00 00 00 00 00 00 00 00 00 00 00 ]]
[[ DATA: 00 00 00 00 00 00 00 00 00 00 00 00 00 00 00 00 00 00 00 00 ]]
[[ DATA: 00 00 00 00 00 00 00 00 00 00 00 00 00 00 00 00 00 00 00 00 ]]
[[ DATA: 00 00 00 00 00 00 00 00 00 00 00 00 00 00 00 00 00 00 00 00 ]]
[[ DATA: 00 00 00 00 00 00 00 00 00 00 00 00 00 00 00 00 00 00 00 00 ]]
[[ DATA: 00 00 00 00 00 00 00 00 00 00 00 00 00 00 00 00 00 00 00 00 ]]
[[ DATA: 00 00 00 00 00 00 00 00 00 00 00 00 00 00 00 00 00 00 00 00 ]]
[[ DATA: 00 00 00 00 00 00 00 00 00 00 00 00 00 00 00 00 00 00 00 00 ]]
[[ DATA: 00 00 00 00 00 00 00 00 00 00 00 00 00 00 00 00 00 00 00 00 ]]
[[ DATA: 00 00 00 00 00 00 00 00 00 00 00 00 00 00 00 00 00 00 00 00 ]]
[[ DATA: 00 00 00 00 00 00 00 00 00 00 00 00 00 00 00 00 00 00 00 00 ]]
[[ DATA: 00 00 00 00 00 00 00 00 00 00 00 00 00 00 00 00 00 00 00 00 ]]
[[ DATA: 00 00 00 00 00 00 00 00 00 00 00 00 00 00 00 00 00 00 00 00 ]]
[[ DATA: 00 00 00 00 00 00 00 00 00 00 00 00 00 00 00 00 00 00 00 00 ]]
[[ DATA: 00 00 00 00 00 00 00 00 00 00 00 00 00 00 00 00 00 00 00 00 ]]
[[ DATA: 00 00 00 00 00 00 00 00 00 00 00 00 00 00 00 00 00 00 00 00 ]]
[[ DATA: 00 00 00 00 00 00 00 00 00 00 00 00 00 00 00 00 00 00 00 00 ]]
[[ DATA: 00 00 00 00 00 00 00 00 00 00 00 00 00 00 00 00 00 00 00 00 ]]
[[ DATA: 00 00 00 00 00 00 00 00 00 00 00 00 00 00 00 00 00 00 00 00 ]]
[[ DATA: 00 00 00 00 00 00 00 00 00 00 00 00 00 00 00 00 00 00 00 00 ]]
[[ DATA: 00 00 00 00 00 00 00 00 00 00 00 00 00 00 00 00 00 00 00 00 ]]
[[ DATA: 00 00 00 00 00 00 00 00 00 00 00 00 00 00 00 00 00 00 00 00 ]]
[[ DATA: 00 00 00 00 00 00 00 00 00 00 00 00 00 00 00 00 00 00 00 00 ]]
[[ DATA: 00 00 00 00 00 00 00 00 00 00 00 00 00 00 00 00 00 00 00 00 ]]
[[ DATA: 00 00 00 00 00 00 00 00 00 00 00 00 00 00 00 00 00 00 00 00 ]]
[[ DATA: 00 00 00 00 00 00 00 00 00 00 00 00 00 00 00 00 00 00 00 00 ]]
[[ DATA: 00 00 00 00 00 00 00 00 00 00 00 00 00 00 00 00 00 00 00 00 ]]
[[ DATA: 00 00 00 00 00 00 00 00 00 00 00 00 00 00 00 00 00 00 00 00 ]]
[[ DATA: 00 00 00 00 00 00 00 00 00 00 00 00 00 00 00 00 00 00 00 00 ]]
[[ DATA: 00 00 00 00 00 00 00 00 00 00 00 00 00 00 00 00 00 00 00 00 ]]
[[ DATA: 00 00 00 00 00 00 00 00 00 00 00 00 00 00 00 00 00 00 00 00 ]]
[[ DATA: 00 00 00 00 00 00 00 00 00 00 00 00 00 00 00 00 00 00 00 00 ]]
[[ DATA: 00 00 00 00 00 00 00 00 00 00 00 00 00 00 00 00 00 00 00 00 ]]
[[ DATA: 00 00 00 00 00 00 00 00 00 00 00 00 00 00 00 00 00 00 00 00 ]]
[[ DATA: 00 00 00 00 00 00 00 00 00 00 00 00 00 00 00 00 00 00 00 00 ]]
[[ DATA: 00 00 00 00 00 00 00 00 00 00 00 00 00 00 00 00 00 00 00 00 ]]
[[ DATA: 00 00 00 00 00 00 00 00 00 00 00 00 00 00 00 00 00 00 00 00 ]]
[[ DATA: 00 00 00 00 00 00 00 00 00 00 00 00 00 00 00 00 00 00 00 00 ]]
[[ DATA: 00 00 00 00 00 00 00 00 00 00 00 00 00 00 00 00 00 00 00 00 ]]
[[ DATA: 00 00 00 00 00 00 00 00 00 00 00 00 00 00 00 00 00 00 00 00 ]]
[[ DATA: 00 00 00 00 00 00 00 00 00 00 00 00 00 00 00 00 00 00 00 00 ]]
[[ DATA: 00 00 00 00 00 00 00 00 00 00 00 00 00 00 00 00 00 00 00 00 ]]
[[ DATA: 00 00 00 00 00 00 00 00 00 00 00 00 00 00 00 00 00 00 00 00 ]]
[[ DATA: 00 00 00 00 00 00 00 00 00 00 00 00 00 00 00 00 00 00 00 00 ]]
[[ DATA: 00 00 00 00 00 00 00 00 00 00 00 00 00 00 00 00 00 00 00 00 ]]
[[ DATA: 00 00 00 00 00 00 00 00 00 00 00 00 00 00 00 00 00 00 00 00 ]]
[[ DATA: 00 00 00 00 00 00 00 00 00 00 00 00 00 00 00 00 00 00 00 00 ]]
[[ DATA: 00 00 00 00 00 00 00 00 00 00 00 00 00 00 00 00 00 00 00 00 ]]
[[ DATA: 00 00 00 00 00 00 00 00 00 00 00 00 00 00 00 00 00 00 00 00 ]]
[[ DATA: 00 00 00 00 00 00 00 00 00 00 00 00 00 00 00 00 00 00 00 00 ]]
[[ DATA: 00 00 00 00 00 00 00 00 00 00 00 00 00 00 00 00 00 00 00 00 ]]
[[ DATA: 00 00 00 00 00 00 00 00 00 00 00 00 00 00 00 00 00 00 00 00 ]]
[[ DATA: 00 00 00 00 00 00 00 00 00 00 00 00 00 00 00 00 00 00 00 00 ]]
[[ DATA: 00 00 00 00 00 00 00 00 00 00 00 00 00 00 00 00 00 00 00 00 ]]
[[ DATA: 00 00 00 00 00 00 00 00 00 00 00 00 00 00 00 00 00 00 00 00 ]]
[[ DATA: 00 00 00 00 00 00 00 00 00 00 00 00 00 00 00 00 00 00 00 00 ]]
[[ DATA: 00 00 00 00 00 00 00 00 00 00 00 00 00 00 00 00 00 00 00 00 ]]
[[ DATA: 00 00 00 00 00 00 00 00 00 00 00 00 00 00 00 00 00 00 00 00 ]]
[[ DATA: 00 00 00 00 00 00 00 00 00 00 00 00 00 00 00 00 00 00 00 00 ]]
[[ DATA: 00 00 00 00 00 00 00 00 00 00 00 00 00 00 00 00 00 00 00 00 ]]
[[ DATA: 00 00 00 00 00 00 00 00 00 00 00 00 00 00 00 00 00 00 00 00 ]]
[[ DATA: 00 00 00 00 00 00 00 00 00 00 00 00 00 00 00 00 00 00 00 00 ]]
[[ DATA: 00 00 00 00 00 00 00 00 00 00 00 00 00 00 00 00 00 00 00 00 ]]
[[ DATA: 00 00 00 00 00 00 00 00 00 00 00 00 00 00 00 00 00 00 00 00 ]]
[[ DATA: 00 00 00 00 00 00 00 00 00 00 00 00 00 00 00 00 00 00 00 00 ]]
[[ DATA: 00 00 00 00 00 00 00 00 00 00 00 00 00 00 00 00 00 00 00 00 ]]
[[ DATA: 00 00 00 00 00 00 00 00 00 00 00 00 00 00 00 00 00 00 00 00 ]]
[[ DATA: 00 00 00 00 00 00 00 00 00 00 00 00 00 00 00 00 00 00 00 00 ]]
[[ DATA: 00 00 00 00 00 00 00 00 00 00 00 00 00 00 00 00 00 00 00 00 ]]
[[ DATA: 00 00 00 00 00 00 00 00 00 00 00 00 00 00 00 00 00 00 00 00 ]]
[[ DATA: 00 00 00 00 00 00 00 00 00 00 00 00 00 00 00 00 00 00 00 00 ]]
[[ DATA: 00 00 00 00 00 00 00 00 00 00 00 00 00 00 00 00 00 00 00 00 ]]
[[ DATA: 00 00 00 00 00 00 00 00 00 00 00 00 00 00 00 00 00 00 00 00 ]]
[[ DATA: 00 00 00 00 00 00 00 00 00 00 00 00 00 00 00 00 00 00 00 00 ]]
[[ DATA: 00 00 00 00 00 00 00 00 00 00 00 00 00 00 00 00 00 00 00 00 ]]
[[ DATA: 00 00 00 00 00 00 00 00 00 00 00 00 D4 D3 D2 D1 ]]
[[ DevAlert Data Ended. Checksum: 60527 ]]

[[ DevAlert Data Begins ]]
[[ DATA: D1 D2 D3 D4 F0 0F 01 00 71 83 01 00 04 00 07 00 02 00 00 00 ]]
[[ DATA: 20 00 20 00 10 00 00 00 D0 07 00 00 24 44 55 4D 4D 59 5F 53 ]]
[[ DATA: 45 53 53 49 4F 4E 5F 49 44 00 00 00 00 00 00 00 00 00 00 00 ]]
[[ DATA: 00 00 00 00 24 44 55 4D 4D 59 5F 44 45 56 49 43 45 5F 49 44 ]]
[[ DATA: 00 00 00 00 00 00 00 00 00 00 00 00 00 00 00 00 64 66 6D 5F ]]
[[ DATA: 74 72 61 63 65 2E 70 73 66 73 00 00 00 00 00 00 00 00 00 00 ]]
[[ DATA: 00 00 00 00 00 00 00 00 00 00 00 00 00 00 00 00 00 00 00 00 ]]
[[ DATA: 00 00 00 00 00 00 00 00 00 00 00 00 00 00 00 00 00 00 00 00 ]]
[[ DATA: 00 00 00 00 00 00 00 00 00 00 00 00 00 00 00 00 00 00 00 00 ]]
[[ DATA: 00 00 00 00 00 00 00 00 00 00 00 00 00 00 00 00 00 00 00 00 ]]
[[ DATA: 00 00 00 00 00 00 00 00 00 00 00 00 00 00 00 00 00 00 00 00 ]]
[[ DATA: 00 00 00 00 00 00 00 00 00 00 00 00 00 00 00 00 00 00 00 00 ]]
[[ DATA: 00 00 00 00 00 00 00 00 00 00 00 00 00 00 00 00 00 00 00 00 ]]
[[ DATA: 00 00 00 00 00 00 00 00 00 00 00 00 00 00 00 00 00 00 00 00 ]]
[[ DATA: 00 00 00 00 00 00 00 00 00 00 00 00 00 00 00 00 00 00 00 00 ]]
[[ DATA: 00 00 00 00 00 00 00 00 00 00 00 00 00 00 00 00 00 00 00 00 ]]
[[ DATA: 00 00 00 00 00 00 00 00 00 00 00 00 00 00 00 00 00 00 00 00 ]]
[[ DATA: 00 00 00 00 00 00 00 00 00 00 00 00 00 00 00 00 00 00 00 00 ]]
[[ DATA: 00 00 00 00 00 00 00 00 00 00 00 00 00 00 00 00 00 00 00 00 ]]
[[ DATA: 00 00 00 00 00 00 00 00 00 00 00 00 00 00 00 00 00 00 00 00 ]]
[[ DATA: 00 00 00 00 00 00 00 00 00 00 00 00 00 00 00 00 00 00 00 00 ]]
[[ DATA: 00 00 00 00 00 00 00 00 00 00 00 00 00 00 00 00 00 00 00 00 ]]
[[ DATA: 00 00 00 00 00 00 00 00 00 00 00 00 00 00 00 00 00 00 00 00 ]]
[[ DATA: 00 00 00 00 00 00 00 00 00 00 00 00 00 00 00 00 00 00 00 00 ]]
[[ DATA: 00 00 00 00 00 00 00 00 00 00 00 00 00 00 00 00 00 00 00 00 ]]
[[ DATA: 00 00 00 00 00 00 00 00 00 00 00 00 00 00 00 00 00 00 00 00 ]]
[[ DATA: 00 00 00 00 00 00 00 00 00 00 00 00 00 00 00 00 00 00 00 00 ]]
[[ DATA: 00 00 00 00 00 00 00 00 00 00 00 00 00 00 00 00 00 00 00 00 ]]
[[ DATA: 00 00 00 00 00 00 00 00 00 00 00 00 00 00 00 00 00 00 00 00 ]]
[[ DATA: 00 00 00 00 00 00 00 00 00 00 00 00 00 00 00 00 00 00 00 00 ]]
[[ DATA: 00 00 00 00 00 00 00 00 00 00 00 00 00 00 00 00 00 00 00 00 ]]
[[ DATA: 00 00 00 00 00 00 00 00 00 00 00 00 00 00 00 00 00 00 00 00 ]]
[[ DATA: 00 00 00 00 00 00 00 00 00 00 00 00 00 00 00 00 00 00 00 00 ]]
[[ DATA: 00 00 00 00 00 00 00 00 00 00 00 00 00 00 00 00 00 00 00 00 ]]
[[ DATA: 00 00 00 00 00 00 00 00 00 00 00 00 00 00 00 00 00 00 00 00 ]]
[[ DATA: 00 00 00 00 00 00 00 00 00 00 00 00 00 00 00 00 00 00 00 00 ]]
[[ DATA: 00 00 00 00 00 00 00 00 00 00 00 00 00 00 00 00 00 00 00 00 ]]
[[ DATA: 00 00 00 00 00 00 00 00 00 00 00 00 00 00 00 00 00 00 00 00 ]]
[[ DATA: 00 00 00 00 00 00 00 00 00 00 00 00 00 00 00 00 00 00 00 00 ]]
[[ DATA: 00 00 00 00 00 00 00 00 00 00 00 00 00 00 00 00 00 00 00 00 ]]
[[ DATA: 00 00 00 00 00 00 00 00 00 00 00 00 00 00 00 00 00 00 00 00 ]]
[[ DATA: 00 00 00 00 00 00 00 00 00 00 00 00 00 00 00 00 00 00 00 00 ]]
[[ DATA: 00 00 00 00 00 00 00 00 00 00 00 00 00 00 00 00 00 00 00 00 ]]
[[ DATA: 00 00 00 00 00 00 00 00 00 00 00 00 00 00 00 00 00 00 00 00 ]]
[[ DATA: 00 00 00 00 00 00 00 00 00 00 00 00 00 00 00 00 00 00 00 00 ]]
[[ DATA: 00 00 00 00 00 00 00 00 00 00 00 00 00 00 00 00 00 00 00 00 ]]
[[ DATA: 00 00 00 00 00 00 00 00 00 00 00 00 00 00 00 00 00 00 00 00 ]]
[[ DATA: 00 00 00 00 00 00 00 00 00 00 00 00 00 00 00 00 00 00 00 00 ]]
[[ DATA: 00 00 00 00 00 00 00 00 00 00 00 00 00 00 00 00 00 00 00 00 ]]
[[ DATA: 00 00 00 00 00 00 00 00 00 00 00 00 00 00 00 00 00 00 00 00 ]]
[[ DATA: 00 00 00 00 00 00 00 00 00 00 00 00 00 00 00 00 00 00 00 00 ]]
[[ DATA: 00 00 00 00 00 00 00 00 00 00 00 00 00 00 00 00 00 00 00 00 ]]
[[ DATA: 00 00 00 00 00 00 00 00 00 00 00 00 00 00 00 00 00 00 00 00 ]]
[[ DATA: 00 00 00 00 00 00 00 00 00 00 00 00 00 00 00 00 00 00 00 00 ]]
[[ DATA: 00 00 00 00 00 00 00 00 00 00 00 00 00 00 00 00 00 00 00 00 ]]
[[ DATA: 00 00 00 00 00 00 00 00 00 00 00 00 00 00 00 00 00 00 00 00 ]]
[[ DATA: 00 00 00 00 00 00 00 00 00 00 00 00 00 00 00 00 00 00 00 00 ]]
[[ DATA: 00 00 00 00 00 00 00 00 00 00 00 00 00 00 00 00 00 00 00 00 ]]
[[ DATA: 00 00 00 00 00 00 00 00 00 00 00 00 00 00 00 00 00 00 00 00 ]]
[[ DATA: 00 00 00 00 00 00 00 00 00 00 00 00 00 00 00 00 00 00 00 00 ]]
[[ DATA: 00 00 00 00 00 00 00 00 00 00 00 00 00 00 00 00 00 00 00 00 ]]
[[ DATA: 00 00 00 00 00 00 00 00 00 00 00 00 00 00 00 00 00 00 00 00 ]]
[[ DATA: 00 00 00 00 00 00 00 00 00 00 00 00 00 00 00 00 00 00 00 00 ]]
[[ DATA: 00 00 00 00 00 00 00 00 00 00 00 00 00 00 00 00 00 00 00 00 ]]
[[ DATA: 00 00 00 00 00 00 00 00 00 00 00 00 00 00 00 00 00 00 00 00 ]]
[[ DATA: 00 00 00 00 00 00 00 00 00 00 00 00 00 00 00 00 00 00 00 00 ]]
[[ DATA: 00 00 00 00 00 00 00 00 00 00 00 00 00 00 00 00 00 00 00 00 ]]
[[ DATA: 00 00 00 00 00 00 00 00 00 00 00 00 00 00 00 00 00 00 00 00 ]]
[[ DATA: 00 00 00 00 00 00 00 00 00 00 00 00 00 00 00 00 00 00 00 00 ]]
[[ DATA: 00 00 00 00 00 00 00 00 00 00 00 00 00 00 00 00 00 00 00 00 ]]
[[ DATA: 00 00 00 00 00 00 00 00 00 00 00 00 00 00 00 00 00 00 00 00 ]]
[[ DATA: 00 00 00 00 00 00 00 00 00 00 00 00 00 00 00 00 00 00 00 00 ]]
[[ DATA: 00 00 00 00 00 00 00 00 00 00 00 00 00 00 00 00 00 00 00 00 ]]
[[ DATA: 00 00 00 00 00 00 00 00 00 00 00 00 00 00 00 00 00 00 00 00 ]]
[[ DATA: 00 00 00 00 00 00 00 00 00 00 00 00 00 00 00 00 00 00 00 00 ]]
[[ DATA: 00 00 00 00 00 00 00 00 00 00 00 00 00 00 00 00 00 00 00 00 ]]
[[ DATA: 00 00 00 00 00 00 00 00 00 00 00 00 00 00 00 00 00 00 00 00 ]]
[[ DATA: 00 00 00 00 00 00 00 00 00 00 00 00 00 00 00 00 00 00 00 00 ]]
[[ DATA: 00 00 00 00 00 00 00 00 00 00 00 00 00 00 00 00 00 00 00 00 ]]
[[ DATA: 00 00 00 00 00 00 00 00 00 00 00 00 00 00 00 00 00 00 00 00 ]]
[[ DATA: 00 00 00 00 00 00 00 00 00 00 00 00 00 00 00 00 00 00 00 00 ]]
[[ DATA: 00 00 00 00 00 00 00 00 00 00 00 00 00 00 00 00 00 00 00 00 ]]
[[ DATA: 00 00 00 00 00 00 00 00 00 00 00 00 00 00 00 00 00 00 00 00 ]]
[[ DATA: 00 00 00 00 00 00 00 00 00 00 00 00 00 00 00 00 00 00 00 00 ]]
[[ DATA: 00 00 00 00 00 00 00 00 00 00 00 00 00 00 00 00 00 00 00 00 ]]
[[ DATA: 00 00 00 00 00 00 00 00 00 00 00 00 00 00 00 00 00 00 00 00 ]]
[[ DATA: 00 00 00 00 00 00 00 00 00 00 00 00 00 00 00 00 00 00 00 00 ]]
[[ DATA: 00 00 00 00 00 00 00 00 00 00 00 00 00 00 00 00 00 00 00 00 ]]
[[ DATA: 00 00 00 00 00 00 00 00 00 00 00 00 00 00 00 00 00 00 00 00 ]]
[[ DATA: 00 00 00 00 00 00 00 00 00 00 00 00 00 00 00 00 00 00 00 00 ]]
[[ DATA: 00 00 00 00 00 00 00 00 00 00 00 00 00 00 00 00 00 00 00 00 ]]
[[ DATA: 00 00 00 00 00 00 00 00 00 00 00 00 00 00 00 00 00 00 00 00 ]]
[[ DATA: 00 00 00 00 00 00 00 00 00 00 00 00 00 00 00 00 00 00 00 00 ]]
[[ DATA: 00 00 00 00 00 00 00 00 00 00 00 00 00 00 00 00 00 00 00 00 ]]
[[ DATA: 00 00 00 00 00 00 00 00 00 00 00 00 00 00 00 00 00 00 00 00 ]]
[[ DATA: 00 00 00 00 00 00 00 00 00 00 00 00 00 00 00 00 00 00 00 00 ]]
[[ DATA: 00 00 00 00 00 00 00 00 00 00 00 00 00 00 00 00 00 00 00 00 ]]
[[ DATA: 00 00 00 00 00 00 00 00 00 00 00 00 00 00 00 00 00 00 00 00 ]]
[[ DATA: 00 00 00 00 00 00 00 00 00 00 00 00 00 00 00 00 00 00 00 00 ]]
[[ DATA: 00 00 00 00 00 00 00 00 00 00 00 00 00 00 00 00 00 00 00 00 ]]
[[ DATA: 00 00 00 00 00 00 00 00 00 00 00 00 00 00 00 00 00 00 00 00 ]]
[[ DATA: 00 00 00 00 00 00 00 00 00 00 00 00 00 00 00 00 00 00 00 00 ]]
[[ DATA: 00 00 00 00 00 00 00 00 00 00 00 00 00 00 00 00 00 00 00 00 ]]
[[ DATA: 00 00 00 00 00 00 00 00 00 00 00 00 00 00 00 00 00 00 00 00 ]]
[[ DATA: 00 00 00 00 00 00 00 00 00 00 00 00 00 00 00 00 00 00 00 00 ]]
[[ DATA: 00 00 00 00 00 00 00 00 00 00 00 00 D4 D3 D2 D1 ]]
[[ DevAlert Data Ended. Checksum: 59199 ]]

[[ DevAlert Data Begins ]]
[[ DATA: D1 D2 D3 D4 F0 0F 01 00 71 83 01 00 05 00 07 00 02 00 00 00 ]]
[[ DATA: 20 00 20 00 10 00 00 00 D0 07 00 00 24 44 55 4D 4D 59 5F 53 ]]
[[ DATA: 45 53 53 49 4F 4E 5F 49 44 00 00 00 00 00 00 00 00 00 00 00 ]]
[[ DATA: 00 00 00 00 24 44 55 4D 4D 59 5F 44 45 56 49 43 45 5F 49 44 ]]
[[ DATA: 00 00 00 00 00 00 00 00 00 00 00 00 00 00 00 00 64 66 6D 5F ]]
[[ DATA: 74 72 61 63 65 2E 70 73 66 73 00 00 00 00 00 00 00 00 00 00 ]]
[[ DATA: 00 00 00 00 00 00 00 00 00 00 00 00 00 00 00 00 00 00 00 00 ]]
[[ DATA: 00 00 00 00 00 00 00 00 00 00 00 00 00 00 00 00 00 00 00 00 ]]
[[ DATA: 00 00 00 00 00 00 00 00 00 00 00 00 00 00 00 00 00 00 00 00 ]]
[[ DATA: 00 00 00 00 00 00 00 00 00 00 00 00 00 00 00 00 00 00 00 00 ]]
[[ DATA: 00 00 00 00 00 00 00 00 00 00 00 00 00 00 00 00 00 00 00 00 ]]
[[ DATA: 00 00 00 00 00 00 00 00 00 00 00 00 00 00 00 00 00 00 00 00 ]]
[[ DATA: 00 00 00 00 00 00 00 00 00 00 00 00 00 00 00 00 00 00 00 00 ]]
[[ DATA: 00 00 00 00 00 00 00 00 00 00 00 00 00 00 00 00 00 00 00 00 ]]
[[ DATA: 00 00 00 00 00 00 00 00 00 00 00 00 00 00 00 00 00 00 00 00 ]]
[[ DATA: 00 00 00 00 00 00 00 00 00 00 00 00 00 00 00 00 00 00 00 00 ]]
[[ DATA: 00 00 00 00 00 00 00 00 00 00 00 00 00 00 00 00 00 00 00 00 ]]
[[ DATA: 00 00 00 00 00 00 00 00 00 00 00 00 00 00 00 00 00 00 00 00 ]]
[[ DATA: 00 00 00 00 00 00 00 00 00 00 00 00 00 00 00 00 00 00 00 00 ]]
[[ DATA: 00 00 00 00 00 00 00 00 00 00 00 00 00 00 00 00 00 00 00 00 ]]
[[ DATA: 00 00 00 00 00 00 00 00 00 00 00 00 00 00 00 00 00 00 00 00 ]]
[[ DATA: 00 00 00 00 00 00 00 00 00 00 00 00 00 00 00 00 00 00 00 00 ]]
[[ DATA: 00 00 00 00 00 00 00 00 00 00 00 00 00 00 00 00 00 00 00 00 ]]
[[ DATA: 00 00 00 00 00 00 00 00 00 00 00 00 00 00 00 00 00 00 00 00 ]]
[[ DATA: 00 00 00 00 00 00 00 00 00 00 00 00 00 00 00 00 00 00 00 00 ]]
[[ DATA: 00 00 00 00 00 00 00 00 00 00 00 00 00 00 00 00 00 00 00 00 ]]
[[ DATA: 00 00 00 00 00 00 00 00 00 00 00 00 00 00 00 00 00 00 00 00 ]]
[[ DATA: 00 00 00 00 00 00 00 00 00 00 00 00 00 00 00 00 00 00 00 00 ]]
[[ DATA: 00 00 00 00 00 00 00 00 00 00 00 00 00 00 00 00 00 00 00 00 ]]
[[ DATA: 00 00 00 00 00 00 00 00 00 00 00 00 00 00 00 00 00 00 00 00 ]]
[[ DATA: 00 00 00 00 00 00 00 00 00 00 00 00 00 00 00 00 00 00 00 00 ]]
[[ DATA: 00 00 00 00 00 00 00 00 00 00 00 00 00 00 00 00 00 00 00 00 ]]
[[ DATA: 00 00 00 00 00 00 00 00 00 00 00 00 00 00 00 00 00 00 00 00 ]]
[[ DATA: 00 00 00 00 00 00 00 00 00 00 00 00 00 00 00 00 00 00 00 00 ]]
[[ DATA: 00 00 00 00 00 00 00 00 00 00 00 00 00 00 00 00 00 00 00 00 ]]
[[ DATA: 00 00 00 00 00 00 00 00 00 00 00 00 00 00 00 00 00 00 00 00 ]]
[[ DATA: 00 00 00 00 00 00 00 00 00 00 00 00 00 00 00 00 00 00 00 00 ]]
[[ DATA: 00 00 00 00 00 00 00 00 00 00 00 00 00 00 00 00 00 00 00 00 ]]
[[ DATA: 00 00 00 00 00 00 00 00 00 00 00 00 00 00 00 00 00 00 00 00 ]]
[[ DATA: 00 00 00 00 00 00 00 00 00 00 00 00 00 00 00 00 00 00 00 00 ]]
[[ DATA: 00 00 00 00 00 00 00 00 00 00 00 00 00 00 00 00 00 00 00 00 ]]
[[ DATA: 00 00 00 00 00 00 00 00 00 00 00 00 00 00 00 00 00 00 00 00 ]]
[[ DATA: 00 00 00 00 00 00 00 00 00 00 00 00 00 00 00 00 00 00 00 00 ]]
[[ DATA: 00 00 00 00 00 00 00 00 00 00 00 00 00 00 00 00 00 00 00 00 ]]
[[ DATA: 00 00 00 00 00 00 00 00 00 00 00 00 00 00 00 00 00 00 00 00 ]]
[[ DATA: 00 00 00 00 00 00 00 00 00 00 00 00 00 00 00 00 00 00 00 00 ]]
[[ DATA: 00 00 00 00 00 00 00 00 00 00 00 00 00 00 00 00 00 00 00 00 ]]
[[ DATA: 00 00 00 00 00 00 00 00 00 00 00 00 00 00 00 00 00 00 00 00 ]]
[[ DATA: 00 00 00 00 00 00 00 00 00 00 00 00 00 00 00 00 00 00 00 00 ]]
[[ DATA: 00 00 00 00 00 00 00 00 00 00 00 00 00 00 00 00 00 00 00 00 ]]
[[ DATA: 00 00 00 00 00 00 00 00 00 00 00 00 00 00 00 00 00 00 00 00 ]]
[[ DATA: 00 00 00 00 00 00 00 00 00 00 00 00 00 00 00 00 00 00 00 00 ]]
[[ DATA: 00 00 00 00 00 00 00 00 00 00 00 00 00 00 00 00 00 00 00 00 ]]
[[ DATA: 00 00 00 00 00 00 00 00 00 00 00 00 00 00 00 00 00 00 00 00 ]]
[[ DATA: 00 00 00 00 00 00 00 00 00 00 00 00 00 00 00 00 00 00 00 00 ]]
[[ DATA: 00 00 00 00 00 00 00 00 00 00 00 00 00 00 00 00 00 00 00 00 ]]
[[ DATA: 00 00 00 00 00 00 00 00 00 00 00 00 00 00 00 00 00 00 00 00 ]]
[[ DATA: 00 00 00 00 00 00 00 00 00 00 00 00 00 00 00 00 00 00 00 00 ]]
[[ DATA: 00 00 00 00 00 00 00 00 00 00 00 00 00 00 00 00 00 00 00 00 ]]
[[ DATA: 00 00 00 00 00 00 00 00 00 00 00 00 00 00 00 00 00 00 00 00 ]]
[[ DATA: 00 00 00 00 00 00 00 00 00 00 00 00 00 00 00 00 00 00 00 00 ]]
[[ DATA: 00 00 00 00 00 00 00 00 00 00 00 00 00 00 00 00 00 00 00 00 ]]
[[ DATA: 00 00 00 00 00 00 00 00 00 00 00 00 00 00 00 00 00 00 00 00 ]]
[[ DATA: 00 00 00 00 00 00 00 00 00 00 00 00 00 00 00 00 00 00 00 00 ]]
[[ DATA: 00 00 00 00 00 00 00 00 00 00 00 00 00 00 00 00 00 00 00 00 ]]
[[ DATA: 00 00 00 00 00 00 00 00 00 00 00 00 00 00 00 00 00 00 00 00 ]]
[[ DATA: 00 00 00 00 00 00 00 00 00 00 00 00 00 00 00 00 00 00 00 00 ]]
[[ DATA: 00 00 00 00 00 00 00 00 00 00 00 00 00 00 00 00 00 00 00 00 ]]
[[ DATA: 00 00 00 00 00 00 00 00 00 00 00 00 00 00 00 00 00 00 00 00 ]]
[[ DATA: 00 00 00 00 00 00 00 00 00 00 00 00 00 00 00 00 00 00 00 00 ]]
[[ DATA: 00 00 00 00 00 00 00 00 00 00 00 00 00 00 00 00 00 00 00 00 ]]
[[ DATA: 00 00 00 00 00 00 00 00 00 00 00 00 00 00 00 00 00 00 00 00 ]]
[[ DATA: 00 00 00 00 00 00 00 00 00 00 00 00 00 00 00 00 00 00 00 00 ]]
[[ DATA: 00 00 00 00 00 00 00 00 00 00 00 00 00 00 00 00 00 00 00 00 ]]
[[ DATA: 00 00 00 00 00 00 00 00 00 00 00 00 00 00 00 00 00 00 00 00 ]]
[[ DATA: 00 00 00 00 00 00 00 00 00 00 00 00 00 00 00 00 00 00 00 00 ]]
[[ DATA: 00 00 00 00 00 00 00 00 00 00 00 00 00 00 00 00 00 00 00 00 ]]
[[ DATA: 00 00 00 00 00 00 00 00 00 00 00 00 00 00 00 00 00 00 00 00 ]]
[[ DATA: 00 00 00 00 00 00 00 00 00 00 00 00 00 00 00 00 00 00 00 00 ]]
[[ DATA: 00 00 00 00 00 00 00 00 00 00 00 00 00 00 00 00 00 00 00 00 ]]
[[ DATA: 00 00 00 00 00 00 00 00 00 00 00 00 00 00 00 00 00 00 00 00 ]]
[[ DATA: 00 00 00 00 00 00 00 00 00 00 00 00 00 00 00 00 00 00 00 00 ]]
[[ DATA: 00 00 00 00 00 00 00 00 00 00 00 00 00 00 00 00 00 00 00 00 ]]
[[ DATA: 00 00 00 00 00 00 00 00 00 00 00 00 00 00 00 00 00 00 00 00 ]]
[[ DATA: 00 00 00 00 00 00 00 00 00 00 00 00 00 00 00 00 00 00 00 00 ]]
[[ DATA: 00 00 00 00 00 00 00 00 00 00 00 00 00 00 00 00 00 00 00 00 ]]
[[ DATA: 00 00 00 00 00 00 00 00 00 00 00 00 00 00 00 00 00 00 00 00 ]]
[[ DATA: 00 00 00 00 00 00 00 00 00 00 00 00 00 00 00 00 00 00 00 00 ]]
[[ DATA: 00 00 00 00 00 00 00 00 00 00 00 00 00 00 00 00 00 00 00 00 ]]
[[ DATA: 00 00 00 00 00 00 00 00 00 00 00 00 00 00 00 00 00 00 00 00 ]]
[[ DATA: 00 00 00 00 00 00 00 00 00 00 00 00 00 00 00 00 00 00 00 00 ]]
[[ DATA: 00 00 00 00 00 00 00 00 00 00 00 00 00 00 00 00 00 00 00 00 ]]
[[ DATA: 00 00 00 00 00 00 00 00 00 00 00 00 00 00 00 00 00 00 00 00 ]]
[[ DATA: 00 00 00 00 00 00 00 00 00 00 00 00 00 00 00 00 00 00 00 00 ]]
[[ DATA: 00 00 00 00 00 00 00 00 00 00 00 00 00 00 00 00 00 00 00 00 ]]
[[ DATA: 00 00 00 00 00 00 00 00 00 00 00 00 00 00 00 00 00 00 00 00 ]]
[[ DATA: 00 00 00 00 00 00 00 00 00 00 00 00 00 00 00 00 00 00 00 00 ]]
[[ DATA: 00 00 00 00 00 00 00 00 00 00 00 00 00 00 00 00 00 00 00 00 ]]
[[ DATA: 00 00 00 00 00 00 00 00 00 00 00 00 00 00 00 00 00 00 00 00 ]]
[[ DATA: 00 00 00 00 00 00 00 00 00 00 00 00 00 00 00 00 00 00 00 00 ]]
[[ DATA: 00 00 00 00 00 00 00 00 00 00 00 00 00 00 00 00 00 00 00 00 ]]
[[ DATA: 00 00 00 00 00 00 00 00 00 00 00 00 00 00 00 00 00 00 00 00 ]]
[[ DATA: 00 00 00 00 00 00 00 00 00 00 00 00 00 00 00 00 00 00 00 00 ]]
[[ DATA: 00 00 00 00 00 00 00 00 00 00 00 00 00 00 00 00 00 00 00 00 ]]
[[ DATA: 00 00 00 00 00 00 00 00 00 00 00 00 00 00 00 00 00 00 00 00 ]]
[[ DATA: 00 00 00 00 00 00 00 00 00 00 00 00 D4 D3 D2 D1 ]]
[[ DevAlert Data Ended. Checksum: 35364 ]]

[[ DevAlert Data Begins ]]
[[ DATA: D1 D2 D3 D4 F0 0F 01 00 71 83 01 00 06 00 07 00 02 00 00 00 ]]
[[ DATA: 20 00 20 00 10 00 00 00 D0 07 00 00 24 44 55 4D 4D 59 5F 53 ]]
[[ DATA: 45 53 53 49 4F 4E 5F 49 44 00 00 00 00 00 00 00 00 00 00 00 ]]
[[ DATA: 00 00 00 00 24 44 55 4D 4D 59 5F 44 45 56 49 43 45 5F 49 44 ]]
[[ DATA: 00 00 00 00 00 00 00 00 00 00 00 00 00 00 00 00 64 66 6D 5F ]]
[[ DATA: 74 72 61 63 65 2E 70 73 66 73 00 00 00 00 00 00 00 00 00 00 ]]
[[ DATA: 00 00 00 00 00 00 00 00 00 00 00 00 00 00 00 00 00 00 00 00 ]]
[[ DATA: 00 00 00 00 00 00 00 00 00 00 00 00 00 00 00 00 00 00 00 00 ]]
[[ DATA: 00 00 00 00 00 00 00 00 00 00 00 00 00 00 00 00 00 00 00 00 ]]
[[ DATA: 00 00 00 00 00 00 00 00 00 00 00 00 00 00 00 00 00 00 00 00 ]]
[[ DATA: 00 00 00 00 00 00 00 00 00 00 00 00 00 00 00 00 00 00 00 00 ]]
[[ DATA: 00 00 00 00 00 00 00 00 00 00 00 00 00 00 00 00 00 00 00 00 ]]
[[ DATA: 00 00 00 00 00 00 00 00 00 00 00 00 00 00 00 00 00 00 00 00 ]]
[[ DATA: 00 00 00 00 00 00 00 00 00 00 00 00 00 00 00 00 00 00 00 00 ]]
[[ DATA: 00 00 00 00 00 00 00 00 00 00 00 00 00 00 00 00 00 00 00 00 ]]
[[ DATA: 00 00 00 00 00 00 00 00 00 00 00 00 00 00 00 00 00 00 00 00 ]]
[[ DATA: 00 00 00 00 00 00 00 00 00 00 00 00 00 00 00 00 00 00 00 00 ]]
[[ DATA: 00 00 00 00 00 00 00 00 00 00 00 00 00 00 00 00 00 00 00 00 ]]
[[ DATA: 00 00 00 00 00 00 00 00 00 00 00 00 00 00 00 00 00 00 00 00 ]]
[[ DATA: 00 00 00 00 00 00 00 00 00 00 00 00 00 00 00 00 00 00 00 00 ]]
[[ DATA: 00 00 00 00 00 00 00 00 00 00 00 00 00 00 00 00 00 00 00 00 ]]
[[ DATA: 00 00 00 00 00 00 00 00 00 00 00 00 00 00 00 00 00 00 00 00 ]]
[[ DATA: 00 00 00 00 00 00 00 00 00 00 00 00 00 00 00 00 00 00 00 00 ]]
[[ DATA: 00 00 00 00 00 00 00 00 00 00 00 00 00 00 00 00 00 00 00 00 ]]
[[ DATA: 00 00 00 00 00 00 00 00 00 00 00 00 00 00 00 00 00 00 00 00 ]]
[[ DATA: 00 00 00 00 00 00 00 00 00 00 00 00 00 00 00 00 00 00 00 00 ]]
[[ DATA: 00 00 00 00 00 00 00 00 00 00 00 00 00 00 00 00 00 00 00 00 ]]
[[ DATA: 00 00 00 00 00 00 00 00 00 00 00 00 00 00 00 00 00 00 00 00 ]]
[[ DATA: 00 00 00 00 00 00 00 00 00 00 00 00 00 00 00 00 00 00 00 00 ]]
[[ DATA: 00 00 00 00 00 00 00 00 00 00 00 00 00 00 00 00 00 00 00 00 ]]
[[ DATA: 00 00 00 00 00 00 00 00 00 00 00 00 00 00 00 00 00 00 00 00 ]]
[[ DATA: 00 00 00 00 00 00 00 00 00 00 00 00 00 00 00 00 00 00 00 00 ]]
[[ DATA: 00 00 00 00 00 00 00 00 00 00 00 00 00 00 00 00 00 00 00 00 ]]
[[ DATA: 00 00 00 00 00 00 00 00 00 00 00 00 00 00 00 00 00 00 00 00 ]]
[[ DATA: 00 00 00 00 00 00 00 00 00 00 00 00 00 00 00 00 00 00 00 00 ]]
[[ DATA: 00 00 00 00 00 00 00 00 00 00 00 00 00 00 00 00 00 00 00 00 ]]
[[ DATA: 00 00 00 00 00 00 00 00 00 00 00 00 00 00 00 00 00 00 00 00 ]]
[[ DATA: 00 00 00 00 00 00 00 00 00 00 00 00 00 00 00 00 00 00 00 00 ]]
[[ DATA: 00 00 00 00 00 00 00 00 00 00 00 00 00 00 00 00 00 00 00 00 ]]
[[ DATA: 00 00 00 00 00 00 00 00 00 00 00 00 00 00 00 00 00 00 00 00 ]]
[[ DATA: 00 00 00 00 00 00 00 00 00 00 00 00 00 00 00 00 00 00 00 00 ]]
[[ DATA: 00 00 00 00 00 00 00 00 00 00 00 00 00 00 00 00 00 00 00 00 ]]
[[ DATA: 00 00 00 00 00 00 00 00 00 00 00 00 00 00 00 00 00 00 00 00 ]]
[[ DATA: 00 00 00 00 00 00 00 00 00 00 00 00 00 00 00 00 00 00 00 00 ]]
[[ DATA: 00 00 00 00 00 00 00 00 00 00 00 00 00 00 00 00 00 00 00 00 ]]
[[ DATA: 00 00 00 00 00 00 00 00 00 00 00 00 00 00 00 00 00 00 00 00 ]]
[[ DATA: 00 00 00 00 00 00 00 00 00 00 00 00 00 00 00 00 00 00 00 00 ]]
[[ DATA: 00 00 00 00 00 00 00 00 00 00 00 00 00 00 00 00 00 00 00 00 ]]
[[ DATA: 00 00 00 00 00 00 00 00 00 00 00 00 00 00 00 00 00 00 00 00 ]]
[[ DATA: 00 00 00 00 00 00 00 00 00 00 00 00 00 00 00 00 00 00 00 00 ]]
[[ DATA: 00 00 00 00 00 00 00 00 00 00 00 00 00 00 00 00 00 00 00 00 ]]
[[ DATA: 00 00 00 00 00 00 00 00 00 00 00 00 00 00 00 00 00 00 00 00 ]]
[[ DATA: 00 00 00 00 00 00 00 00 00 00 00 00 00 00 00 00 00 00 00 00 ]]
[[ DATA: 00 00 00 00 00 00 00 00 00 00 00 00 00 00 00 00 00 00 00 00 ]]
[[ DATA: 00 00 00 00 00 00 00 00 00 00 00 00 00 00 00 00 00 00 00 00 ]]
[[ DATA: 00 00 00 00 00 00 00 00 00 00 00 00 00 00 00 00 00 00 00 00 ]]
[[ DATA: 00 00 00 00 00 00 00 00 00 00 00 00 00 00 00 00 00 00 00 00 ]]
[[ DATA: 00 00 00 00 00 00 00 00 00 00 00 00 00 00 00 00 00 00 00 00 ]]
[[ DATA: 00 00 00 00 00 00 00 00 00 00 00 00 00 00 00 00 00 00 00 00 ]]
[[ DATA: 00 00 00 00 00 00 00 00 00 00 00 00 00 00 00 00 00 00 00 00 ]]
[[ DATA: 00 00 00 00 00 00 00 00 00 00 00 00 00 00 00 00 00 00 00 00 ]]
[[ DATA: 00 00 00 00 00 00 00 00 00 00 00 00 00 00 00 00 00 00 00 00 ]]
[[ DATA: 00 00 00 00 00 00 00 00 00 00 00 00 00 00 00 00 00 00 00 00 ]]
[[ DATA: 00 00 00 00 00 00 00 00 00 00 00 00 00 00 00 00 00 00 00 00 ]]
[[ DATA: 00 00 00 00 00 00 00 00 00 00 00 00 00 00 00 00 00 00 00 00 ]]
[[ DATA: 00 00 00 00 00 00 00 00 00 00 00 00 00 00 00 00 00 00 00 00 ]]
[[ DATA: 00 00 00 00 00 00 00 00 00 00 00 00 00 00 00 00 00 00 00 00 ]]
[[ DATA: 00 00 00 00 00 00 00 00 00 00 00 00 00 00 00 00 00 00 00 00 ]]
[[ DATA: 00 00 00 00 00 00 00 00 00 00 00 00 00 00 00 00 00 00 00 00 ]]
[[ DATA: 00 00 00 00 00 00 00 00 00 00 00 00 00 00 00 00 00 00 00 00 ]]
[[ DATA: 00 00 00 00 00 00 00 00 00 00 00 00 00 00 00 00 00 00 00 00 ]]
[[ DATA: 00 00 00 00 00 00 00 00 00 00 00 00 00 00 00 00 00 00 00 00 ]]
[[ DATA: 00 00 00 00 00 00 00 00 00 00 00 00 00 00 00 00 00 00 00 00 ]]
[[ DATA: 00 00 00 00 00 00 00 00 00 00 00 00 00 00 00 00 00 00 00 00 ]]
[[ DATA: 00 00 00 00 00 00 00 00 00 00 00 00 00 00 00 00 00 00 00 00 ]]
[[ DATA: 00 00 00 00 00 00 00 00 00 00 00 00 00 00 00 00 00 00 00 00 ]]
[[ DATA: 00 00 00 00 00 00 00 00 00 00 00 00 00 00 00 00 00 00 00 00 ]]
[[ DATA: 00 00 00 00 00 00 00 00 00 00 00 00 00 00 00 00 00 00 00 00 ]]
[[ DATA: 00 00 00 00 00 00 00 00 00 00 00 00 00 00 00 00 00 00 00 00 ]]
[[ DATA: 00 00 00 00 00 00 00 00 00 00 00 00 00 00 00 00 00 00 00 00 ]]
[[ DATA: 00 00 00 00 00 00 00 00 00 00 00 00 00 00 00 00 00 00 00 00 ]]
[[ DATA: 00 00 00 00 00 00 00 00 00 00 00 00 00 00 00 00 00 00 00 00 ]]
[[ DATA: 00 00 00 00 00 00 00 00 00 00 00 00 00 00 00 00 00 00 00 00 ]]
[[ DATA: 00 00 00 00 00 00 00 00 00 00 00 00 00 00 00 00 00 00 00 00 ]]
[[ DATA: 00 00 00 00 00 00 00 00 00 00 00 00 00 00 00 00 00 00 00 00 ]]
[[ DATA: 00 00 00 00 00 00 00 00 00 00 00 00 00 00 00 00 00 00 00 00 ]]
[[ DATA: 00 00 00 00 00 00 00 00 00 00 00 00 00 00 00 00 00 00 00 00 ]]
[[ DATA: 00 00 00 00 00 00 00 00 00 00 00 00 00 00 00 00 00 00 00 00 ]]
[[ DATA: 00 00 00 00 00 00 00 00 00 00 00 00 00 00 00 00 00 00 00 00 ]]
[[ DATA: 00 00 00 00 00 00 00 00 00 00 00 00 00 00 00 00 00 00 00 00 ]]
[[ DATA: 00 00 00 00 00 00 00 00 00 00 00 00 00 00 00 00 00 00 00 00 ]]
[[ DATA: 00 00 00 00 00 00 00 00 00 00 00 00 00 00 00 00 00 00 00 00 ]]
[[ DATA: 00 00 00 00 00 00 00 00 00 00 00 00 00 00 00 00 00 00 00 00 ]]
[[ DATA: 00 00 00 00 00 00 00 00 00 00 00 00 00 00 00 00 00 00 00 00 ]]
[[ DATA: 00 00 00 00 00 00 00 00 00 00 00 00 00 00 00 00 00 00 00 00 ]]
[[ DATA: 00 00 00 00 00 00 00 00 00 00 00 00 00 00 00 00 00 00 00 00 ]]
[[ DATA: 00 00 00 00 00 00 00 00 00 00 00 00 00 00 00 00 00 00 00 00 ]]
[[ DATA: 00 00 00 00 00 00 00 00 00 00 00 00 00 00 00 00 00 00 00 00 ]]
[[ DATA: 00 00 00 00 00 00 00 00 00 00 00 00 00 00 00 00 00 00 00 00 ]]
[[ DATA: 00 00 00 00 00 00 00 00 00 00 00 00 00 00 00 00 00 00 00 00 ]]
[[ DATA: 00 00 00 00 00 00 00 00 00 00 00 00 00 00 00 00 00 00 00 00 ]]
[[ DATA: 00 00 00 00 00 00 00 00 00 00 00 00 00 00 00 00 00 00 00 00 ]]
[[ DATA: 00 00 00 00 00 00 00 00 00 00 00 00 00 00 00 00 00 00 00 00 ]]
[[ DATA: 00 00 00 00 00 00 00 00 00 00 00 00 00 00 00 00 00 00 00 00 ]]
[[ DATA: 00 00 00 00 00 00 00 00 00 00 00 00 00 00 00 00 00 00 00 00 ]]
[[ DATA: 00 00 00 00 00 00 00 00 00 00 00 00 D4 D3 D2 D1 ]]
[[ DevAlert Data Ended. Checksum: 15625 ]]

[[ DevAlert Data Begins ]]
[[ DATA: D1 D2 D3 D4 F0 0F 01 00 71 83 01 00 07 00 07 00 02 00 00 00 ]]
[[ DATA: 20 00 20 00 10 00 00 00 10 04 00 00 24 44 55 4D 4D 59 5F 53 ]]
[[ DATA: 45 53 53 49 4F 4E 5F 49 44 00 00 00 00 00 00 00 00 00 00 00 ]]
[[ DATA: 00 00 00 00 24 44 55 4D 4D 59 5F 44 45 56 49 43 45 5F 49 44 ]]
[[ DATA: 00 00 00 00 00 00 00 00 00 00 00 00 00 00 00 00 64 66 6D 5F ]]
[[ DATA: 74 72 61 63 65 2E 70 73 66 73 00 00 00 00 00 00 00 00 00 00 ]]
[[ DATA: 00 00 00 00 00 00 00 00 00 00 00 00 00 00 00 00 00 00 00 00 ]]
[[ DATA: 00 00 00 00 00 00 00 00 00 00 00 00 00 00 00 00 00 00 00 00 ]]
[[ DATA: 00 00 00 00 00 00 00 00 00 00 00 00 00 00 00 00 00 00 00 00 ]]
[[ DATA: 00 00 00 00 00 00 00 00 00 00 00 00 00 00 00 00 00 00 00 00 ]]
[[ DATA: 00 00 00 00 00 00 00 00 00 00 00 00 00 00 00 00 00 00 00 00 ]]
[[ DATA: 00 00 00 00 00 00 00 00 00 00 00 00 00 00 00 00 00 00 00 00 ]]
[[ DATA: 00 00 00 00 00 00 00 00 00 00 00 00 00 00 00 00 00 00 00 00 ]]
[[ DATA: 00 00 00 00 00 00 00 00 00 00 00 00 00 00 00 00 00 00 00 00 ]]
[[ DATA: 00 00 00 00 00 00 00 00 00 00 00 00 00 00 00 00 00 00 00 00 ]]
[[ DATA: 00 00 00 00 00 00 00 00 00 00 00 00 00 00 00 00 00 00 00 00 ]]
[[ DATA: 00 00 00 00 00 00 00 00 00 00 00 00 00 00 00 00 00 00 00 00 ]]
[[ DATA: 00 00 00 00 00 00 00 00 00 00 00 00 00 00 00 00 00 00 00 00 ]]
[[ DATA: 00 00 00 00 00 00 00 00 00 00 00 00 00 00 00 00 00 00 00 00 ]]
[[ DATA: 00 00 00 00 00 00 00 00 00 00 00 00 00 00 00 00 00 00 00 00 ]]
[[ DATA: 00 00 00 00 00 00 00 00 00 00 00 00 00 00 00 00 00 00 00 00 ]]
[[ DATA: 00 00 00 00 00 00 00 00 00 00 00 00 00 00 00 00 00 00 00 00 ]]
[[ DATA: 00 00 00 00 00 00 00 00 00 00 00 00 00 00 00 00 00 00 00 00 ]]
[[ DATA: 00 00 00 00 00 00 00 00 00 00 00 00 00 00 00 00 00 00 00 00 ]]
[[ DATA: 00 00 00 00 00 00 00 00 00 00 00 00 00 00 00 00 00 00 00 00 ]]
[[ DATA: 00 00 00 00 00 00 00 00 00 00 00 00 00 00 00 00 00 00 00 00 ]]
[[ DATA: 00 00 00 00 00 00 00 00 00 00 00 00 00 00 00 00 00 00 00 00 ]]
[[ DATA: 00 00 00 00 00 00 00 00 00 00 00 00 00 00 00 00 00 00 00 00 ]]
[[ DATA: 00 00 00 00 00 00 00 00 00 00 00 00 00 00 00 00 00 00 00 00 ]]
[[ DATA: 00 00 00 00 00 00 00 00 00 00 00 00 00 00 00 00 00 00 00 00 ]]
[[ DATA: 00 00 00 00 00 00 00 00 00 00 00 00 00 00 00 00 00 00 00 00 ]]
[[ DATA: 00 00 00 00 00 00 00 00 00 00 00 00 00 00 00 00 00 00 00 00 ]]
[[ DATA: 00 00 00 00 00 00 00 00 00 00 00 00 00 00 00 00 00 00 00 00 ]]
[[ DATA: 00 00 00 00 00 00 00 00 00 00 00 00 00 00 00 00 00 00 00 00 ]]
[[ DATA: 00 00 00 00 00 00 00 00 00 00 00 00 00 00 00 00 00 00 00 00 ]]
[[ DATA: 00 00 00 00 00 00 00 00 00 00 00 00 00 00 00 00 00 00 00 00 ]]
[[ DATA: 00 00 00 00 00 00 00 00 00 00 00 00 00 00 00 00 00 00 00 00 ]]
[[ DATA: 00 00 00 00 00 00 00 00 00 00 00 00 00 00 00 00 00 00 00 00 ]]
[[ DATA: 00 00 00 00 00 00 00 00 00 00 00 00 00 00 00 00 00 00 00 00 ]]
[[ DATA: 00 00 00 00 00 00 00 00 00 00 00 00 00 00 00 00 00 00 00 00 ]]
[[ DATA: 00 00 00 00 00 00 00 00 00 00 00 00 00 00 00 00 00 00 00 00 ]]
[[ DATA: 00 00 00 00 00 00 00 00 00 00 00 00 00 00 00 00 00 00 00 00 ]]
[[ DATA: 00 00 00 00 00 00 00 00 00 00 00 00 00 00 00 00 00 00 00 00 ]]
[[ DATA: 00 00 00 00 00 00 00 00 00 00 00 00 00 00 00 00 00 00 00 00 ]]
[[ DATA: 00 00 00 00 00 00 00 00 00 00 00 00 00 00 00 00 00 00 00 00 ]]
[[ DATA: 00 00 00 00 00 00 00 00 00 00 00 00 00 00 00 00 00 00 00 00 ]]
[[ DATA: 00 00 00 00 00 00 00 00 00 00 00 00 00 00 00 00 00 00 00 00 ]]
[[ DATA: 00 00 00 00 00 00 00 00 00 00 00 00 00 00 00 00 00 00 00 00 ]]
[[ DATA: 00 00 00 00 00 00 00 00 00 00 00 00 00 00 00 00 00 00 00 00 ]]
[[ DATA: 00 00 00 00 00 00 00 00 00 00 00 00 00 00 00 00 00 00 00 00 ]]
[[ DATA: 00 00 00 00 00 00 00 00 00 00 00 00 00 00 00 00 00 00 00 00 ]]
[[ DATA: 00 00 00 00 00 00 00 00 00 00 00 00 00 00 00 00 00 00 00 00 ]]
[[ DATA: 00 00 00 00 00 00 00 00 00 00 00 00 00 00 00 00 00 00 00 00 ]]
[[ DATA: 00 00 00 00 00 00 00 00 00 00 00 00 00 00 00 00 00 00 00 00 ]]
[[ DATA: 00 00 00 00 00 00 00 00 00 00 00 00 00 00 00 00 00 00 00 00 ]]
[[ DATA: 00 00 00 00 00 00 00 00 00 00 00 00 00 00 00 00 00 00 00 00 ]]
[[ DATA: 00 00 00 00 00 00 00 00 00 00 00 00 00 00 00 00 0A 0B 0C 0D ]]
[[ DATA: 71 72 73 74 F1 F2 F3 F4 00 00 00 00 D4 D3 D2 D1 ]]
[[ DevAlert Data Ended. Checksum: 10548 ]]
DFMT:RETURNED:1020:0
DFMT:SUITE_COMPLETE:m3_small_coredump:92b3fb9f
