*** Booting Zephyr OS build v4.4.0-12302-gc0bba90c366a ***
Starting Percepio Detect test
DFMT:SUITE_BEGIN:m3_o0:0992788d
DFMT:CHECK:HARNESS:PASS:TRACE_CHANNEL_REGISTERED
DFMT:BEGIN:1001:0

[[ DevAlert Data Begins ]]
[[ DATA: D1 D2 D3 D4 F0 0F 01 00 12 15 00 00 01 00 01 00 01 00 00 00 ]]
[[ DATA: 20 00 20 00 68 00 00 00 0C 01 00 00 24 44 55 4D 4D 59 5F 53 ]]
[[ DATA: 45 53 53 49 4F 4E 5F 49 44 00 00 00 00 00 00 00 00 00 00 00 ]]
[[ DATA: 00 00 00 00 24 44 55 4D 4D 59 5F 44 45 56 49 43 45 5F 49 44 ]]
[[ DATA: 00 00 00 00 00 00 00 00 00 00 00 00 00 00 00 00 54 65 73 74 ]]
[[ DATA: 20 31 30 30 31 20 61 74 20 74 65 73 74 5F 63 61 6C 6C 5F 63 ]]
[[ DATA: 68 61 69 6E 73 2E 63 3A 32 36 00 00 00 00 00 00 00 00 00 00 ]]
[[ DATA: 00 00 00 00 00 00 00 00 00 00 00 00 00 00 00 00 00 00 00 00 ]]
[[ DATA: 00 00 00 00 00 00 00 00 00 00 00 00 00 00 00 00 00 00 00 00 ]]
[[ DATA: 00 00 00 00 00 00 00 00 00 00 00 00 00 00 00 00 00 00 00 00 ]]
[[ DATA: 50 44 66 6D F0 0F 03 48 08 04 68 00 01 00 00 00 E9 03 00 00 ]]
[[ DATA: 01 00 00 00 A5 01 00 00 07 00 00 00 70 3A 00 20 02 00 00 00 ]]
[[ DATA: 21 07 00 00 04 00 00 00 1A 00 00 00 00 00 00 00 00 00 00 00 ]]
[[ DATA: 00 00 00 00 00 00 00 00 00 00 00 00 00 00 00 00 00 00 00 00 ]]
[[ DATA: 00 00 00 00 42 75 69 6C 64 2D 4D 33 2D 4F 30 00 00 00 00 00 ]]
[[ DATA: 00 00 00 00 00 00 00 00 00 00 00 00 00 00 00 00 00 00 00 00 ]]
[[ DATA: 00 00 00 00 00 00 00 00 00 00 00 00 00 00 00 00 00 00 00 00 ]]
[[ DATA: 00 00 00 00 00 00 00 00 00 00 00 00 00 00 00 00 54 65 73 74 ]]
[[ DATA: 20 31 30 30 31 20 61 74 20 74 65 73 74 5F 63 61 6C 6C 5F 63 ]]
[[ DATA: 68 61 69 6E 73 2E 63 3A 32 36 00 00 00 00 00 00 00 00 00 00 ]]
[[ DATA: 00 00 00 00 00 00 00 00 00 00 00 00 00 00 00 00 00 00 00 00 ]]
[[ DATA: 00 00 00 00 00 00 00 00 00 00 00 00 00 00 00 00 00 00 00 00 ]]
[[ DATA: 00 00 00 00 00 00 00 00 00 00 00 00 00 00 00 00 00 00 00 00 ]]
[[ DATA: 6D 66 44 50 00 00 00 00 D4 D3 D2 D1 ]]

[[ DevAlert Data Ended. Checksum: 41828 ]]

[[ DevAlert Data Begins ]]
[[ DATA: D1 D2 D3 D4 F0 0F 01 00 18 46 01 00 01 00 01 00 01 00 00 00 ]]
[[ DATA: 20 00 20 00 10 00 00 00 24 00 00 00 24 44 55 4D 4D 59 5F 53 ]]
[[ DATA: 45 53 53 49 4F 4E 5F 49 44 00 00 00 00 00 00 00 00 00 00 00 ]]
[[ DATA: 00 00 00 00 24 44 55 4D 4D 59 5F 44 45 56 49 43 45 5F 49 44 ]]
[[ DATA: 00 00 00 00 00 00 00 00 00 00 00 00 00 00 00 00 74 72 61 70 ]]
[[ DATA: 2E 7A 70 72 00 00 00 00 00 00 00 00 50 44 61 50 F0 0F 03 10 ]]
[[ DATA: 6B 02 00 00 74 72 61 70 2E 7A 70 72 00 00 00 00 00 00 00 00 ]]
[[ DATA: 50 61 44 50 00 00 00 00 D4 D3 D2 D1 ]]

[[ DevAlert Data Ended. Checksum: 4102 ]]

[[ DevAlert Data Begins ]]
[[ DATA: D1 D2 D3 D4 F0 0F 01 00 71 83 01 00 01 00 01 00 01 00 00 00 ]]
[[ DATA: 20 00 20 00 10 00 00 00 6B 02 00 00 24 44 55 4D 4D 59 5F 53 ]]
[[ DATA: 45 53 53 49 4F 4E 5F 49 44 00 00 00 00 00 00 00 00 00 00 00 ]]
[[ DATA: 00 00 00 00 24 44 55 4D 4D 59 5F 44 45 56 49 43 45 5F 49 44 ]]
[[ DATA: 00 00 00 00 00 00 00 00 00 00 00 00 00 00 00 00 74 72 61 70 ]]
[[ DATA: 2E 7A 70 72 00 00 00 00 00 00 00 00 5A 45 02 00 03 00 05 00 ]]
[[ DATA: 0D D0 00 00 41 03 00 4C 00 01 00 00 00 02 00 00 00 02 00 00 ]]
[[ DATA: 00 07 00 00 00 D4 13 00 20 57 D5 00 08 36 D4 00 08 00 00 00 ]]
[[ DATA: 09 70 3A 00 20 8D 2D 00 08 A9 DC 00 08 98 3B 00 20 78 3A 00 ]]
[[ DATA: 20 FF FF FF FF FF FF FF FF FF FF FF FF FF FF FF FF 01 00 00 ]]
[[ DATA: 00 30 00 00 00 4D 01 00 D0 00 00 20 90 01 00 20 5C 33 00 20 ]]
[[ DATA: 5C 33 00 20 00 00 00 00 01 00 00 FF 80 00 00 00 00 00 00 00 ]]
[[ DATA: 00 00 00 00 00 00 00 00 00 00 00 00 00 00 00 00 49 0A 01 08 ]]
[[ DATA: 00 00 00 00 8D 2D 00 08 A9 DC 00 08 98 3B 00 20 48 3B 00 20 ]]
[[ DATA: FF FF FF FF FF FF FF FF FF FF FF FF FF FF FF FF 68 3A 00 20 ]]
[[ DATA: 00 00 00 00 28 01 00 20 28 01 00 20 A9 DC 00 08 00 00 00 00 ]]
[[ DATA: 00 00 00 00 00 00 00 00 00 00 00 00 6D 61 69 6E 00 00 00 00 ]]
[[ DATA: 00 00 00 00 00 00 00 00 00 00 00 00 00 00 00 00 00 00 00 00 ]]
[[ DATA: 00 00 00 00 A8 37 00 20 00 04 00 00 10 00 00 00 00 00 00 00 ]]
[[ DATA: 98 3B 00 20 00 00 00 00 00 00 00 00 00 00 00 00 00 00 00 00 ]]
[[ DATA: 00 00 00 00 F5 FF FF FF 4D 01 00 70 3A 00 20 A8 3B 00 20 0C ]]
[[ DATA: 00 00 00 00 00 00 00 01 00 00 00 8D 2D 00 08 88 3A 00 20 D7 ]]
[[ DATA: 1C 00 08 04 00 00 00 03 00 00 00 02 00 00 00 01 00 00 00 15 ]]
[[ DATA: 00 00 00 07 00 00 00 B0 3A 00 20 31 1D 00 08 05 00 00 00 06 ]]
[[ DATA: 00 00 00 04 00 00 00 03 00 00 00 02 00 00 00 01 00 00 00 0A ]]
[[ DATA: 00 00 00 21 00 00 00 D8 3A 00 20 89 1D 00 08 05 00 00 00 06 ]]
[[ DATA: 00 00 00 04 00 00 00 03 00 00 00 02 00 00 00 01 00 00 00 64 ]]
[[ DATA: 00 00 00 28 C1 01 08 00 3B 00 20 E7 1D 00 08 05 00 00 00 06 ]]
[[ DATA: 00 00 00 02 00 00 00 00 00 00 00 10 3B 00 20 CD 37 01 08 6E ]]
[[ DATA: BE 43 0A 6C BD 01 08 28 3B 00 20 69 17 00 08 00 00 00 00 00 ]]
[[ DATA: F0 81 69 34 0E 02 08 01 26 00 08 8D 78 92 09 00 00 00 00 E9 ]]
[[ DATA: 03 00 00 02 00 00 00 00 00 00 00 00 00 00 00 00 00 00 00 00 ]]
[[ DATA: F0 81 69 58 3B 00 20 71 11 00 08 80 3B 00 20 25 DD 00 08 AA ]]
[[ DATA: AA AA AA 00 00 00 00 00 00 00 00 00 00 00 00 AA AA AA AA 2C ]]
[[ DATA: BC 01 08 80 3B 00 20 B5 2D 00 08 00 00 00 00 00 00 00 00 00 ]]
[[ DATA: 00 00 00 A9 DC 00 08 80 40 00 20 7D 41 00 08 AA AA AA AA AA ]]
[[ DATA: AA AA AA D0 00 00 20 00 00 00 00 D4 D3 D2 D1 ]]

[[ DevAlert Data Ended. Checksum: 15329 ]]

[[ DevAlert Data Begins ]]
[[ DATA: D1 D2 D3 D4 F0 0F 01 00 18 46 02 00 01 00 01 00 01 00 00 00 ]]
[[ DATA: 20 00 20 00 10 00 00 00 24 00 00 00 24 44 55 4D 4D 59 5F 53 ]]
[[ DATA: 45 53 53 49 4F 4E 5F 49 44 00 00 00 00 00 00 00 00 00 00 00 ]]
[[ DATA: 00 00 00 00 24 44 55 4D 4D 59 5F 44 45 56 49 43 45 5F 49 44 ]]
[[ DATA: 00 00 00 00 00 00 00 00 00 00 00 00 00 00 00 00 64 66 6D 5F ]]
[[ DATA: 74 72 61 63 65 2E 70 73 66 73 00 00 50 44 61 50 F0 0F 03 10 ]]
[[ DATA: F0 1A 00 00 64 66 6D 5F 74 72 61 63 65 2E 70 73 66 73 00 00 ]]
[[ DATA: 50 61 44 50 00 00 00 00 D4 D3 D2 D1 ]]

[[ DevAlert Data Ended. Checksum: 60928 ]]

[[ DevAlert Data Begins ]]
[[ DATA: D1 D2 D3 D4 F0 0F 01 00 71 83 02 00 01 00 07 00 01 00 00 00 ]]
[[ DATA: 20 00 20 00 10 00 00 00 E8 03 00 00 24 44 55 4D 4D 59 5F 53 ]]
[[ DATA: 45 53 53 49 4F 4E 5F 49 44 00 00 00 00 00 00 00 00 00 00 00 ]]
[[ DATA: 00 00 00 00 24 44 55 4D 4D 59 5F 44 45 56 49 43 45 5F 49 44 ]]
[[ DATA: 00 00 00 00 00 00 00 00 00 00 00 00 00 00 00 00 64 66 6D 5F ]]
[[ DATA: 74 72 61 63 65 2E 70 73 66 73 00 00 94 10 00 20 00 00 00 00 ]]
[[ DATA: 05 06 07 08 75 76 77 78 F5 F6 F7 F8 00 46 53 50 0E 00 A9 9A ]]
[[ DATA: 00 00 00 00 01 03 00 00 00 00 00 00 00 00 03 04 5A 65 70 68 ]]
[[ DATA: 79 72 00 00 01 00 00 00 00 71 02 00 00 68 89 09 00 00 00 00 ]]
[[ DATA: E8 03 00 00 B1 3A 98 09 00 00 00 00 38 00 00 00 1C 00 00 00 ]]
[[ DATA: 03 00 00 00 10 06 00 20 63 00 04 04 88 01 00 00 3A 01 00 00 ]]
[[ DATA: 00 00 00 40 73 79 73 63 61 6C 6C 73 00 00 00 00 00 00 00 00 ]]
[[ DATA: 00 00 00 00 00 00 00 00 00 00 00 00 00 00 00 00 00 00 00 00 ]]
[[ DATA: 00 00 00 00 00 00 00 00 00 00 00 00 00 00 00 00 00 00 00 00 ]]
[[ DATA: 00 00 00 00 00 00 00 00 00 00 00 00 00 00 00 00 00 00 00 00 ]]
[[ DATA: 00 00 00 00 00 00 00 00 00 00 00 00 00 00 00 00 00 00 00 00 ]]
[[ DATA: 00 00 00 00 00 00 00 00 00 00 00 00 00 00 00 00 00 00 00 00 ]]
[[ DATA: 00 00 00 00 00 00 00 00 00 00 00 00 00 00 00 00 00 00 00 00 ]]
[[ DATA: 00 00 00 00 00 00 00 00 00 00 00 00 00 00 00 00 00 00 00 00 ]]
[[ DATA: 00 00 00 00 00 00 00 00 00 00 00 00 00 00 00 00 00 00 00 00 ]]
[[ DATA: 00 00 00 00 00 00 00 00 00 00 00 00 00 00 00 00 00 00 00 00 ]]
[[ DATA: 00 00 00 00 00 00 00 00 00 00 00 00 00 00 00 00 00 00 00 00 ]]
[[ DATA: 00 00 00 00 00 00 00 00 00 00 00 00 00 00 00 00 00 00 00 00 ]]
[[ DATA: 00 00 00 00 00 00 00 00 00 00 00 00 00 00 00 00 00 00 00 00 ]]
[[ DATA: 00 00 00 00 00 00 00 00 00 00 00 00 00 00 00 00 00 00 00 00 ]]
[[ DATA: 00 00 00 00 00 00 00 00 00 00 00 00 00 00 00 00 00 00 00 00 ]]
[[ DATA: 00 00 00 00 00 00 00 00 00 00 00 00 00 00 00 00 00 00 00 00 ]]
[[ DATA: 00 00 00 00 00 00 00 00 00 00 00 00 00 00 00 00 00 00 00 00 ]]
[[ DATA: 00 00 00 00 00 00 00 00 00 00 00 00 00 00 00 00 00 00 00 00 ]]
[[ DATA: 00 00 00 00 00 00 00 00 00 00 00 00 00 00 00 00 00 00 00 00 ]]
[[ DATA: 00 00 00 00 00 00 00 00 00 00 00 00 00 00 00 00 00 00 00 00 ]]
[[ DATA: 00 00 00 00 00 00 00 00 00 00 00 00 00 00 00 00 00 00 00 00 ]]
[[ DATA: 00 00 00 00 00 00 00 00 00 00 00 00 00 00 00 00 00 00 00 00 ]]
[[ DATA: 00 00 00 00 00 00 00 00 00 00 00 00 00 00 00 00 00 00 00 00 ]]
[[ DATA: 00 00 00 00 00 00 00 00 00 00 00 00 00 00 00 00 00 00 00 00 ]]
[[ DATA: 00 00 00 00 00 00 00 00 00 00 00 00 00 00 00 00 00 00 00 00 ]]
[[ DATA: 00 00 00 00 00 00 00 00 00 00 00 00 00 00 00 00 00 00 00 00 ]]
[[ DATA: 00 00 00 00 00 00 00 00 00 00 00 00 00 00 00 00 00 00 00 00 ]]
[[ DATA: 00 00 00 00 00 00 00 00 00 00 00 00 00 00 00 00 00 00 00 00 ]]
[[ DATA: 00 00 00 00 00 00 00 00 00 00 00 00 00 00 00 00 00 00 00 00 ]]
[[ DATA: 00 00 00 00 00 00 00 00 00 00 00 00 00 00 00 00 00 00 00 00 ]]
[[ DATA: 00 00 00 00 00 00 00 00 00 00 00 00 00 00 00 00 00 00 00 00 ]]
[[ DATA: 00 00 00 00 00 00 00 00 00 00 00 00 00 00 00 00 00 00 00 00 ]]
[[ DATA: 00 00 00 00 00 00 00 00 00 00 00 00 00 00 00 00 00 00 00 00 ]]
[[ DATA: 00 00 00 00 00 00 00 00 00 00 00 00 00 00 00 00 00 00 00 00 ]]
[[ DATA: 00 00 00 00 00 00 00 00 00 00 00 00 00 00 00 00 00 00 00 00 ]]
[[ DATA: 00 00 00 00 00 00 00 00 00 00 00 00 00 00 00 00 00 00 00 00 ]]
[[ DATA: 00 00 00 00 00 00 00 00 00 00 00 00 00 00 00 00 00 00 00 00 ]]
[[ DATA: 00 00 00 00 00 00 00 00 00 00 00 00 00 00 00 00 00 00 00 00 ]]
[[ DATA: 00 00 00 00 00 00 00 00 00 00 00 00 00 00 00 00 00 00 00 00 ]]
[[ DATA: 00 00 00 00 00 00 00 00 00 00 00 00 00 00 00 00 00 00 00 00 ]]
[[ DATA: 00 00 00 00 00 00 00 00 00 00 00 00 00 00 00 00 00 00 00 00 ]]
[[ DATA: 00 00 00 00 00 00 00 00 00 00 00 00 00 00 00 00 00 00 00 00 ]]
[[ DATA: 00 00 00 00 00 00 00 00 00 00 00 00 00 00 00 00 00 00 00 00 ]]
[[ DATA: 00 00 00 00 00 00 00 00 00 00 00 00 00 00 00 00 00 00 00 00 ]]
[[ DATA: 00 00 00 00 00 00 00 00 00 00 00 00 D4 D3 D2 D1 ]]

[[ DevAlert Data Ended. Checksum: 39426 ]]

[[ DevAlert Data Begins ]]
[[ DATA: D1 D2 D3 D4 F0 0F 01 00 71 83 02 00 02 00 07 00 01 00 00 00 ]]
[[ DATA: 20 00 20 00 10 00 00 00 E8 03 00 00 24 44 55 4D 4D 59 5F 53 ]]
[[ DATA: 45 53 53 49 4F 4E 5F 49 44 00 00 00 00 00 00 00 00 00 00 00 ]]
[[ DATA: 00 00 00 00 24 44 55 4D 4D 59 5F 44 45 56 49 43 45 5F 49 44 ]]
[[ DATA: 00 00 00 00 00 00 00 00 00 00 00 00 00 00 00 00 64 66 6D 5F ]]
[[ DATA: 74 72 61 63 65 2E 70 73 66 73 00 00 00 00 00 00 00 00 00 00 ]]
[[ DATA: 00 00 00 00 00 00 00 00 00 00 00 00 00 00 00 00 00 00 00 00 ]]
[[ DATA: 00 00 00 00 00 00 00 00 00 00 00 00 00 00 00 00 00 00 00 00 ]]
[[ DATA: 00 00 00 00 00 00 00 00 00 00 00 00 00 00 00 00 00 00 00 00 ]]
[[ DATA: 00 00 00 00 00 00 00 00 00 00 00 00 00 00 00 00 00 00 00 00 ]]
[[ DATA: 00 00 00 00 00 00 00 00 00 00 00 00 00 00 00 00 00 00 00 00 ]]
[[ DATA: 00 00 00 00 00 00 00 00 00 00 00 00 00 00 00 00 00 00 00 00 ]]
[[ DATA: 00 00 00 00 00 00 00 00 00 00 00 00 00 00 00 00 00 00 00 00 ]]
[[ DATA: 00 00 00 00 00 00 00 00 00 00 00 00 00 00 00 00 00 00 00 00 ]]
[[ DATA: 00 00 00 00 00 00 00 00 00 00 00 00 00 00 00 00 00 00 00 00 ]]
[[ DATA: 00 00 00 00 00 00 00 00 00 00 00 00 00 00 00 00 00 00 00 00 ]]
[[ DATA: 00 00 00 00 00 00 00 00 00 00 00 00 00 00 00 00 00 00 00 00 ]]
[[ DATA: 00 00 00 00 00 00 00 00 00 00 00 00 00 00 00 00 00 00 00 00 ]]
[[ DATA: 00 00 00 00 00 00 00 00 00 00 00 00 00 00 00 00 00 00 00 00 ]]
[[ DATA: 00 00 00 00 00 00 00 00 00 00 00 00 00 00 00 00 00 00 00 00 ]]
[[ DATA: 00 00 00 00 00 00 00 00 00 00 00 00 00 00 00 00 00 00 00 00 ]]
[[ DATA: 00 00 00 00 00 00 00 00 00 00 00 00 00 00 00 00 00 00 00 00 ]]
[[ DATA: 00 00 00 00 00 00 00 00 00 00 00 00 00 00 00 00 00 00 00 00 ]]
[[ DATA: 00 00 00 00 00 00 00 00 00 00 00 00 00 00 00 00 00 00 00 00 ]]
[[ DATA: 00 00 00 00 00 00 00 00 00 00 00 00 00 00 00 00 00 00 00 00 ]]
[[ DATA: 00 00 00 00 00 00 00 00 00 00 00 00 00 00 00 00 00 00 00 00 ]]
[[ DATA: 00 00 00 00 00 00 00 00 00 00 00 00 00 00 00 00 00 00 00 00 ]]
[[ DATA: 00 00 00 00 00 00 00 00 00 00 00 00 00 00 00 00 00 00 00 00 ]]
[[ DATA: 00 00 00 00 00 00 00 00 00 00 00 00 00 00 00 00 00 00 00 00 ]]
[[ DATA: 00 00 00 00 00 00 00 00 00 00 00 00 00 00 00 00 00 00 00 00 ]]
[[ DATA: 00 00 00 00 00 00 00 00 00 00 00 00 00 00 00 00 00 00 00 00 ]]
[[ DATA: 00 00 00 00 00 00 00 00 00 00 00 00 00 00 00 00 00 00 00 00 ]]
[[ DATA: 00 00 00 00 00 00 00 00 00 00 00 00 00 00 00 00 00 00 00 00 ]]
[[ DATA: 00 00 00 00 00 00 00 00 00 00 00 00 00 00 00 00 00 00 00 00 ]]
[[ DATA: 00 00 00 00 00 00 00 00 00 00 00 00 00 00 00 00 00 00 00 00 ]]
[[ DATA: 00 00 00 00 00 00 00 00 00 00 00 00 00 00 00 00 00 00 00 00 ]]
[[ DATA: 00 00 00 00 00 00 00 00 00 00 00 00 00 00 00 00 00 00 00 00 ]]
[[ DATA: 00 00 00 00 00 00 00 00 00 00 00 00 00 00 00 00 00 00 00 00 ]]
[[ DATA: 00 00 00 00 00 00 00 00 00 00 00 00 00 00 00 00 00 00 00 00 ]]
[[ DATA: 00 00 00 00 00 00 00 00 00 00 00 00 00 00 00 00 00 00 00 00 ]]
[[ DATA: 00 00 00 00 00 00 00 00 00 00 00 00 00 00 00 00 00 00 00 00 ]]
[[ DATA: 00 00 00 00 00 00 00 00 00 00 00 00 00 00 00 00 00 00 00 00 ]]
[[ DATA: 00 00 00 00 00 00 00 00 00 00 00 00 00 00 00 00 00 00 00 00 ]]
[[ DATA: 00 00 00 00 00 00 00 00 00 00 00 00 00 00 00 00 00 00 00 00 ]]
[[ DATA: 00 00 00 00 00 00 00 00 00 00 00 00 00 00 00 00 00 00 00 00 ]]
[[ DATA: 00 00 00 00 00 00 00 00 00 00 00 00 00 00 00 00 00 00 00 00 ]]
[[ DATA: 00 00 00 00 00 00 00 00 00 00 00 00 00 00 00 00 00 00 00 00 ]]
[[ DATA: 00 00 00 00 00 00 00 00 00 00 00 00 00 00 00 00 00 00 00 00 ]]
[[ DATA: 00 00 00 00 00 00 00 00 00 00 00 00 00 00 00 00 00 00 00 00 ]]
[[ DATA: 00 00 00 00 00 00 00 00 00 00 00 00 00 00 00 00 00 00 00 00 ]]
[[ DATA: 00 00 00 00 00 00 00 00 00 00 00 00 00 00 00 00 00 00 00 00 ]]
[[ DATA: 00 00 00 00 00 00 00 00 00 00 00 00 00 00 00 00 00 00 00 00 ]]
[[ DATA: 00 00 00 00 00 00 00 00 00 00 00 00 00 00 00 00 00 00 00 00 ]]
[[ DATA: 00 00 00 00 00 00 00 00 00 00 00 00 00 00 00 00 00 00 00 00 ]]
[[ DATA: 00 00 00 00 00 00 00 00 00 00 00 00 00 00 00 00 00 00 00 00 ]]
[[ DATA: 00 00 00 00 00 00 00 00 00 00 00 00 D4 D3 D2 D1 ]]

[[ DevAlert Data Ended. Checksum: 43126 ]]

[[ DevAlert Data Begins ]]
[[ DATA: D1 D2 D3 D4 F0 0F 01 00 71 83 02 00 03 00 07 00 01 00 00 00 ]]
[[ DATA: 20 00 20 00 10 00 00 00 E8 03 00 00 24 44 55 4D 4D 59 5F 53 ]]
[[ DATA: 45 53 53 49 4F 4E 5F 49 44 00 00 00 00 00 00 00 00 00 00 00 ]]
[[ DATA: 00 00 00 00 24 44 55 4D 4D 59 5F 44 45 56 49 43 45 5F 49 44 ]]
[[ DATA: 00 00 00 00 00 00 00 00 00 00 00 00 00 00 00 00 64 66 6D 5F ]]
[[ DATA: 74 72 61 63 65 2E 70 73 66 73 00 00 00 00 00 00 00 00 00 00 ]]
[[ DATA: 00 00 00 00 00 00 00 00 00 00 00 00 00 00 00 00 00 00 00 00 ]]
[[ DATA: 00 00 00 00 00 00 00 00 00 00 00 00 00 00 00 00 00 00 00 00 ]]
[[ DATA: 00 00 00 00 00 00 00 00 00 00 00 00 00 00 00 00 00 00 00 00 ]]
[[ DATA: 00 00 00 00 00 00 00 00 00 00 00 00 00 00 00 00 00 00 00 00 ]]
[[ DATA: 00 00 00 00 00 00 00 00 00 00 00 00 00 00 00 00 00 00 00 00 ]]
[[ DATA: 00 00 00 00 00 00 00 00 00 00 00 00 00 00 00 00 00 00 00 00 ]]
[[ DATA: 00 00 00 00 00 00 00 00 00 00 00 00 00 00 00 00 00 00 00 00 ]]
[[ DATA: 00 00 00 00 00 00 00 00 00 00 00 00 00 00 00 00 00 00 00 00 ]]
[[ DATA: 00 00 00 00 00 00 00 00 00 00 00 00 00 00 00 00 00 00 00 00 ]]
[[ DATA: 00 00 00 00 00 00 00 00 00 00 00 00 00 00 00 00 00 00 00 00 ]]
[[ DATA: 00 00 00 00 00 00 00 00 00 00 00 00 00 00 00 00 00 00 00 00 ]]
[[ DATA: 00 00 00 00 00 00 00 00 00 00 00 00 00 00 00 00 00 00 00 00 ]]
[[ DATA: 00 00 00 00 00 00 00 00 00 00 00 00 00 00 00 00 00 00 00 00 ]]
[[ DATA: 00 00 00 00 00 00 00 00 00 00 00 00 00 00 00 00 00 00 00 00 ]]
[[ DATA: 00 00 00 00 00 00 00 00 00 00 00 00 00 00 00 00 00 00 00 00 ]]
[[ DATA: 00 00 00 00 00 00 00 00 00 00 00 00 00 00 00 00 00 00 00 00 ]]
[[ DATA: 00 00 00 00 00 00 00 00 00 00 00 00 00 00 00 00 00 00 00 00 ]]
[[ DATA: 00 00 00 00 00 00 00 00 00 00 00 00 00 00 00 00 00 00 00 00 ]]
[[ DATA: 00 00 00 00 00 00 00 00 00 00 00 00 00 00 00 00 00 00 00 00 ]]
[[ DATA: 00 00 00 00 00 00 00 00 00 00 00 00 00 00 00 00 00 00 00 00 ]]
[[ DATA: 00 00 00 00 00 00 00 00 00 00 00 00 00 00 00 00 00 00 00 00 ]]
[[ DATA: 00 00 00 00 00 00 00 00 00 00 00 00 00 00 00 00 00 00 00 00 ]]
[[ DATA: 00 00 00 00 00 00 00 00 00 00 00 00 00 00 00 00 00 00 00 00 ]]
[[ DATA: 00 00 00 00 00 00 00 00 00 00 00 00 00 00 00 00 00 00 00 00 ]]
[[ DATA: 00 00 00 00 70 0F 00 20 00 00 00 00 00 00 00 00 00 00 00 00 ]]
[[ DATA: 00 00 00 00 41 4C 45 52 54 00 00 00 00 00 00 00 00 00 00 00 ]]
[[ DATA: 00 00 00 00 00 00 00 00 00 00 00 00 A0 0F 00 20 00 00 00 00 ]]
[[ DATA: 00 00 00 00 00 00 00 00 00 00 00 00 44 46 4D 20 54 65 73 74 ]]
[[ DATA: 73 00 00 00 00 00 00 00 00 00 00 00 00 00 00 00 00 00 00 00 ]]
[[ DATA: 30 23 00 20 00 00 00 00 00 00 00 00 00 00 00 00 00 00 00 00 ]]
[[ DATA: 54 7A 43 74 72 6C 00 00 00 00 00 00 00 00 00 00 00 00 00 00 ]]
[[ DATA: 00 00 00 00 00 00 00 00 30 03 00 20 FF FF FF FF 00 00 00 00 ]]
[[ DATA: 00 00 00 00 00 00 00 00 73 79 73 77 6F 72 6B 71 00 00 00 00 ]]
[[ DATA: 00 00 00 00 00 00 00 00 00 00 00 00 00 00 00 00 90 01 00 20 ]]
[[ DATA: 0F 00 00 00 00 00 00 00 00 00 00 00 00 00 00 00 69 64 6C 65 ]]
[[ DATA: 00 00 00 00 00 00 00 00 00 00 00 00 00 00 00 00 00 00 00 00 ]]
[[ DATA: 00 00 00 00 D0 00 00 20 00 00 00 00 00 00 00 00 00 00 00 00 ]]
[[ DATA: 00 00 00 00 6D 61 69 6E 00 00 00 00 00 00 00 00 00 00 00 00 ]]
[[ DATA: 00 00 00 00 00 00 00 00 00 00 00 00 00 10 00 00 78 03 00 00 ]]
[[ DATA: 00 00 00 00 D4 0F 00 00 01 00 00 00 00 00 00 00 D4 0F 00 00 ]]
[[ DATA: 00 00 00 00 78 03 00 00 00 00 00 00 00 00 00 00 C0 10 00 20 ]]
[[ DATA: 01 10 01 00 77 3C 00 00 02 00 00 00 10 30 02 00 33 A2 00 00 ]]
[[ DATA: D0 00 00 20 00 04 00 00 00 00 00 00 30 10 03 00 57 AA 00 00 ]]
[[ DATA: D0 00 00 20 10 30 04 00 E4 DD 00 00 90 01 00 20 40 01 00 00 ]]
[[ DATA: 0F 00 00 00 37 20 05 00 D2 E6 00 00 D0 00 00 20 00 00 00 00 ]]
[[ DATA: 2F 51 06 00 F6 EC 00 00 30 03 00 20 E8 40 00 20 00 04 00 00 ]]
[[ DATA: FF FF FF FF 58 11 02 08 10 30 07 00 44 4D 01 00 30 03 00 20 ]]
[[ DATA: 00 04 00 00 FF FF FF FF 5D 11 08 00 C1 5D 01 00 30 03 00 20 ]]
[[ DATA: 30 10 09 00 64 65 01 00 30 03 00 20 37 20 0A 00 FC 7B 01 00 ]]
[[ DATA: 30 03 00 20 FF FF FF FF 37 20 0B 00 D4 D3 D2 D1 ]]

[[ DevAlert Data Ended. Checksum: 17705 ]]

[[ DevAlert Data Begins ]]
[[ DATA: D1 D2 D3 D4 F0 0F 01 00 71 83 02 00 04 00 07 00 01 00 00 00 ]]
[[ DATA: 20 00 20 00 10 00 00 00 E8 03 00 00 24 44 55 4D 4D 59 5F 53 ]]
[[ DATA: 45 53 53 49 4F 4E 5F 49 44 00 00 00 00 00 00 00 00 00 00 00 ]]
[[ DATA: 00 00 00 00 24 44 55 4D 4D 59 5F 44 45 56 49 43 45 5F 49 44 ]]
[[ DATA: 00 00 00 00 00 00 00 00 00 00 00 00 00 00 00 00 64 66 6D 5F ]]
[[ DATA: 74 72 61 63 65 2E 70 73 66 73 00 00 79 99 01 00 D0 00 00 20 ]]
[[ DATA: 00 00 00 00 2E 11 0C 00 58 9E 01 00 30 03 00 20 10 30 0D 00 ]]
[[ DATA: C8 FF 01 00 30 23 00 20 00 04 00 00 00 00 00 00 5D 11 0E 00 ]]
[[ DATA: 88 04 02 00 30 23 00 20 30 10 0F 00 F4 0B 02 00 30 23 00 20 ]]
[[ DATA: 2A 10 10 00 CF 6A 05 00 E8 03 00 00 37 20 11 00 1A 8F 05 00 ]]
[[ DATA: 30 23 00 20 00 00 00 00 EA 20 12 00 DE AE 05 00 D0 00 00 20 ]]
[[ DATA: 30 01 00 00 2A 10 13 00 7C B3 05 00 FA 00 00 00 37 20 14 00 ]]
[[ DATA: 6D CD 05 00 90 01 00 20 0F 00 00 00 30 10 15 00 11 B8 69 02 ]]
[[ DATA: 30 23 00 20 37 20 16 00 58 D2 69 02 30 23 00 20 00 00 00 00 ]]
[[ DATA: 2B 10 17 00 3C DA 69 02 00 00 00 00 EA 20 18 00 8F EE 69 02 ]]
[[ DATA: 90 01 00 20 AC 00 00 00 2A 10 19 00 14 F3 69 02 FA 00 00 00 ]]
[[ DATA: 37 20 1A 00 30 0D 6A 02 90 01 00 20 0F 00 00 00 30 10 1B 00 ]]
[[ DATA: 8F 82 CE 04 30 23 00 20 37 20 1C 00 90 9C CE 04 30 23 00 20 ]]
[[ DATA: 00 00 00 00 2B 10 1D 00 62 A4 CE 04 00 00 00 00 EA 20 1E 00 ]]
[[ DATA: B1 B9 CE 04 30 03 00 20 B8 00 00 00 2A 10 1F 00 36 BE CE 04 ]]
[[ DATA: FA 00 00 00 37 20 20 00 48 D8 CE 04 90 01 00 20 0F 00 00 00 ]]
[[ DATA: 30 10 21 00 8F 4D 33 07 30 23 00 20 37 20 22 00 90 67 33 07 ]]
[[ DATA: 30 23 00 20 00 00 00 00 2B 10 23 00 62 6F 33 07 00 00 00 00 ]]
[[ DATA: EA 20 24 00 69 96 33 07 30 23 00 20 90 01 00 00 2A 10 25 00 ]]
[[ DATA: EE 9A 33 07 FA 00 00 00 37 20 26 00 5D B2 33 07 90 01 00 20 ]]
[[ DATA: 0F 00 00 00 30 10 27 00 85 C5 90 09 D0 00 00 20 37 20 28 00 ]]
[[ DATA: 91 DF 90 09 D0 00 00 20 00 00 00 00 2B 10 29 00 63 E7 90 09 ]]
[[ DATA: 00 00 00 00 03 40 2A 00 80 3C 94 09 A0 0F 00 20 44 46 4D 20 ]]
[[ DATA: 54 65 73 74 73 00 00 00 92 50 2B 00 15 E1 97 09 A0 0F 00 20 ]]
[[ DATA: E9 03 00 00 54 25 75 20 42 45 47 49 4E 00 00 00 92 70 2C 00 ]]
[[ DATA: 7B E9 97 09 A0 0F 00 20 01 00 00 00 54 31 30 30 31 20 41 52 ]]
[[ DATA: 47 53 20 61 30 3D 25 75 00 00 00 00 92 70 2D 00 CD EF 97 09 ]]
[[ DATA: A0 0F 00 20 06 00 00 00 54 31 30 30 31 20 41 52 47 53 20 61 ]]
[[ DATA: 35 3D 25 75 00 00 00 00 91 A0 2E 00 CF F6 97 09 A0 0F 00 20 ]]
[[ DATA: 54 31 30 30 31 20 50 41 54 48 20 70 75 62 6C 69 63 5F 61 70 ]]
[[ DATA: 69 20 2D 3E 20 73 65 72 76 69 63 65 00 00 00 00 91 90 2F 00 ]]
[[ DATA: A2 FD 97 09 A0 0F 00 20 54 31 30 30 31 20 50 41 54 48 20 73 ]]
[[ DATA: 65 72 76 69 63 65 20 2D 3E 20 74 72 61 70 5F 73 69 74 65 00 ]]
[[ DATA: 03 30 30 00 54 33 98 09 70 0F 00 20 41 4C 45 52 54 00 00 00 ]]
[[ DATA: 91 A0 31 00 B1 3A 98 09 70 0F 00 20 54 65 73 74 20 31 30 30 ]]
[[ DATA: 31 20 61 74 20 74 65 73 74 5F 63 61 6C 6C 5F 63 68 61 69 6E ]]
[[ DATA: 73 2E 63 3A 32 36 00 00 00 00 00 00 00 00 00 00 00 00 00 00 ]]
[[ DATA: 00 00 00 00 00 00 00 00 00 00 00 00 00 00 00 00 00 00 00 00 ]]
[[ DATA: 00 00 00 00 00 00 00 00 00 00 00 00 00 00 00 00 00 00 00 00 ]]
[[ DATA: 00 00 00 00 00 00 00 00 00 00 00 00 00 00 00 00 00 00 00 00 ]]
[[ DATA: 00 00 00 00 00 00 00 00 00 00 00 00 00 00 00 00 00 00 00 00 ]]
[[ DATA: 00 00 00 00 00 00 00 00 00 00 00 00 00 00 00 00 00 00 00 00 ]]
[[ DATA: 00 00 00 00 00 00 00 00 00 00 00 00 00 00 00 00 00 00 00 00 ]]
[[ DATA: 00 00 00 00 00 00 00 00 00 00 00 00 00 00 00 00 00 00 00 00 ]]
[[ DATA: 00 00 00 00 00 00 00 00 00 00 00 00 00 00 00 00 00 00 00 00 ]]
[[ DATA: 00 00 00 00 00 00 00 00 00 00 00 00 00 00 00 00 00 00 00 00 ]]
[[ DATA: 00 00 00 00 00 00 00 00 00 00 00 00 00 00 00 00 00 00 00 00 ]]
[[ DATA: 00 00 00 00 00 00 00 00 00 00 00 00 00 00 00 00 00 00 00 00 ]]
[[ DATA: 00 00 00 00 00 00 00 00 00 00 00 00 00 00 00 00 00 00 00 00 ]]
[[ DATA: 00 00 00 00 00 00 00 00 00 00 00 00 00 00 00 00 00 00 00 00 ]]
[[ DATA: 00 00 00 00 00 00 00 00 00 00 00 00 D4 D3 D2 D1 ]]

[[ DevAlert Data Ended. Checksum: 22465 ]]

[[ DevAlert Data Begins ]]
[[ DATA: D1 D2 D3 D4 F0 0F 01 00 71 83 02 00 05 00 07 00 01 00 00 00 ]]
[[ DATA: 20 00 20 00 10 00 00 00 E8 03 00 00 24 44 55 4D 4D 59 5F 53 ]]
[[ DATA: 45 53 53 49 4F 4E 5F 49 44 00 00 00 00 00 00 00 00 00 00 00 ]]
[[ DATA: 00 00 00 00 24 44 55 4D 4D 59 5F 44 45 56 49 43 45 5F 49 44 ]]
[[ DATA: 00 00 00 00 00 00 00 00 00 00 00 00 00 00 00 00 64 66 6D 5F ]]
[[ DATA: 74 72 61 63 65 2E 70 73 66 73 00 00 00 00 00 00 00 00 00 00 ]]
[[ DATA: 00 00 00 00 00 00 00 00 00 00 00 00 00 00 00 00 00 00 00 00 ]]
[[ DATA: 00 00 00 00 00 00 00 00 00 00 00 00 00 00 00 00 00 00 00 00 ]]
[[ DATA: 00 00 00 00 00 00 00 00 00 00 00 00 00 00 00 00 00 00 00 00 ]]
[[ DATA: 00 00 00 00 00 00 00 00 00 00 00 00 00 00 00 00 00 00 00 00 ]]
[[ DATA: 00 00 00 00 00 00 00 00 00 00 00 00 00 00 00 00 00 00 00 00 ]]
[[ DATA: 00 00 00 00 00 00 00 00 00 00 00 00 00 00 00 00 00 00 00 00 ]]
[[ DATA: 00 00 00 00 00 00 00 00 00 00 00 00 00 00 00 00 00 00 00 00 ]]
[[ DATA: 00 00 00 00 00 00 00 00 00 00 00 00 00 00 00 00 00 00 00 00 ]]
[[ DATA: 00 00 00 00 00 00 00 00 00 00 00 00 00 00 00 00 00 00 00 00 ]]
[[ DATA: 00 00 00 00 00 00 00 00 00 00 00 00 00 00 00 00 00 00 00 00 ]]
[[ DATA: 00 00 00 00 00 00 00 00 00 00 00 00 00 00 00 00 00 00 00 00 ]]
[[ DATA: 00 00 00 00 00 00 00 00 00 00 00 00 00 00 00 00 00 00 00 00 ]]
[[ DATA: 00 00 00 00 00 00 00 00 00 00 00 00 00 00 00 00 00 00 00 00 ]]
[[ DATA: 00 00 00 00 00 00 00 00 00 00 00 00 00 00 00 00 00 00 00 00 ]]
[[ DATA: 00 00 00 00 00 00 00 00 00 00 00 00 00 00 00 00 00 00 00 00 ]]
[[ DATA: 00 00 00 00 00 00 00 00 00 00 00 00 00 00 00 00 00 00 00 00 ]]
[[ DATA: 00 00 00 00 00 00 00 00 00 00 00 00 00 00 00 00 00 00 00 00 ]]
[[ DATA: 00 00 00 00 00 00 00 00 00 00 00 00 00 00 00 00 00 00 00 00 ]]
[[ DATA: 00 00 00 00 00 00 00 00 00 00 00 00 00 00 00 00 00 00 00 00 ]]
[[ DATA: 00 00 00 00 00 00 00 00 00 00 00 00 00 00 00 00 00 00 00 00 ]]
[[ DATA: 00 00 00 00 00 00 00 00 00 00 00 00 00 00 00 00 00 00 00 00 ]]
[[ DATA: 00 00 00 00 00 00 00 00 00 00 00 00 00 00 00 00 00 00 00 00 ]]
[[ DATA: 00 00 00 00 00 00 00 00 00 00 00 00 00 00 00 00 00 00 00 00 ]]
[[ DATA: 00 00 00 00 00 00 00 00 00 00 00 00 00 00 00 00 00 00 00 00 ]]
[[ DATA: 00 00 00 00 00 00 00 00 00 00 00 00 00 00 00 00 00 00 00 00 ]]
[[ DATA: 00 00 00 00 00 00 00 00 00 00 00 00 00 00 00 00 00 00 00 00 ]]
[[ DATA: 00 00 00 00 00 00 00 00 00 00 00 00 00 00 00 00 00 00 00 00 ]]
[[ DATA: 00 00 00 00 00 00 00 00 00 00 00 00 00 00 00 00 00 00 00 00 ]]
[[ DATA: 00 00 00 00 00 00 00 00 00 00 00 00 00 00 00 00 00 00 00 00 ]]
[[ DATA: 00 00 00 00 00 00 00 00 00 00 00 00 00 00 00 00 00 00 00 00 ]]
[[ DATA: 00 00 00 00 00 00 00 00 00 00 00 00 00 00 00 00 00 00 00 00 ]]
[[ DATA: 00 00 00 00 00 00 00 00 00 00 00 00 00 00 00 00 00 00 00 00 ]]
[[ DATA: 00 00 00 00 00 00 00 00 00 00 00 00 00 00 00 00 00 00 00 00 ]]
[[ DATA: 00 00 00 00 00 00 00 00 00 00 00 00 00 00 00 00 00 00 00 00 ]]
[[ DATA: 00 00 00 00 00 00 00 00 00 00 00 00 00 00 00 00 00 00 00 00 ]]
[[ DATA: 00 00 00 00 00 00 00 00 00 00 00 00 00 00 00 00 00 00 00 00 ]]
[[ DATA: 00 00 00 00 00 00 00 00 00 00 00 00 00 00 00 00 00 00 00 00 ]]
[[ DATA: 00 00 00 00 00 00 00 00 00 00 00 00 00 00 00 00 00 00 00 00 ]]
[[ DATA: 00 00 00 00 00 00 00 00 00 00 00 00 00 00 00 00 00 00 00 00 ]]
[[ DATA: 00 00 00 00 00 00 00 00 00 00 00 00 00 00 00 00 00 00 00 00 ]]
[[ DATA: 00 00 00 00 00 00 00 00 00 00 00 00 00 00 00 00 00 00 00 00 ]]
[[ DATA: 00 00 00 00 00 00 00 00 00 00 00 00 00 00 00 00 00 00 00 00 ]]
[[ DATA: 00 00 00 00 00 00 00 00 00 00 00 00 00 00 00 00 00 00 00 00 ]]
[[ DATA: 00 00 00 00 00 00 00 00 00 00 00 00 00 00 00 00 00 00 00 00 ]]
[[ DATA: 00 00 00 00 00 00 00 00 00 00 00 00 00 00 00 00 00 00 00 00 ]]
[[ DATA: 00 00 00 00 00 00 00 00 00 00 00 00 00 00 00 00 00 00 00 00 ]]
[[ DATA: 00 00 00 00 00 00 00 00 00 00 00 00 00 00 00 00 00 00 00 00 ]]
[[ DATA: 00 00 00 00 00 00 00 00 00 00 00 00 00 00 00 00 00 00 00 00 ]]
[[ DATA: 00 00 00 00 00 00 00 00 00 00 00 00 00 00 00 00 00 00 00 00 ]]
[[ DATA: 00 00 00 00 00 00 00 00 00 00 00 00 D4 D3 D2 D1 ]]

[[ DevAlert Data Ended. Checksum: 24276 ]]

[[ DevAlert Data Begins ]]
[[ DATA: D1 D2 D3 D4 F0 0F 01 00 71 83 02 00 06 00 07 00 01 00 00 00 ]]
[[ DATA: 20 00 20 00 10 00 00 00 E8 03 00 00 24 44 55 4D 4D 59 5F 53 ]]
[[ DATA: 45 53 53 49 4F 4E 5F 49 44 00 00 00 00 00 00 00 00 00 00 00 ]]
[[ DATA: 00 00 00 00 24 44 55 4D 4D 59 5F 44 45 56 49 43 45 5F 49 44 ]]
[[ DATA: 00 00 00 00 00 00 00 00 00 00 00 00 00 00 00 00 64 66 6D 5F ]]
[[ DATA: 74 72 61 63 65 2E 70 73 66 73 00 00 00 00 00 00 00 00 00 00 ]]
[[ DATA: 00 00 00 00 00 00 00 00 00 00 00 00 00 00 00 00 00 00 00 00 ]]
[[ DATA: 00 00 00 00 00 00 00 00 00 00 00 00 00 00 00 00 00 00 00 00 ]]
[[ DATA: 00 00 00 00 00 00 00 00 00 00 00 00 00 00 00 00 00 00 00 00 ]]
[[ DATA: 00 00 00 00 00 00 00 00 00 00 00 00 00 00 00 00 00 00 00 00 ]]
[[ DATA: 00 00 00 00 00 00 00 00 00 00 00 00 00 00 00 00 00 00 00 00 ]]
[[ DATA: 00 00 00 00 00 00 00 00 00 00 00 00 00 00 00 00 00 00 00 00 ]]
[[ DATA: 00 00 00 00 00 00 00 00 00 00 00 00 00 00 00 00 00 00 00 00 ]]
[[ DATA: 00 00 00 00 00 00 00 00 00 00 00 00 00 00 00 00 00 00 00 00 ]]
[[ DATA: 00 00 00 00 00 00 00 00 00 00 00 00 00 00 00 00 00 00 00 00 ]]
[[ DATA: 00 00 00 00 00 00 00 00 00 00 00 00 00 00 00 00 00 00 00 00 ]]
[[ DATA: 00 00 00 00 00 00 00 00 00 00 00 00 00 00 00 00 00 00 00 00 ]]
[[ DATA: 00 00 00 00 00 00 00 00 00 00 00 00 00 00 00 00 00 00 00 00 ]]
[[ DATA: 00 00 00 00 00 00 00 00 00 00 00 00 00 00 00 00 00 00 00 00 ]]
[[ DATA: 00 00 00 00 00 00 00 00 00 00 00 00 00 00 00 00 00 00 00 00 ]]
[[ DATA: 00 00 00 00 00 00 00 00 00 00 00 00 00 00 00 00 00 00 00 00 ]]
[[ DATA: 00 00 00 00 00 00 00 00 00 00 00 00 00 00 00 00 00 00 00 00 ]]
[[ DATA: 00 00 00 00 00 00 00 00 00 00 00 00 00 00 00 00 00 00 00 00 ]]
[[ DATA: 00 00 00 00 00 00 00 00 00 00 00 00 00 00 00 00 00 00 00 00 ]]
[[ DATA: 00 00 00 00 00 00 00 00 00 00 00 00 00 00 00 00 00 00 00 00 ]]
[[ DATA: 00 00 00 00 00 00 00 00 00 00 00 00 00 00 00 00 00 00 00 00 ]]
[[ DATA: 00 00 00 00 00 00 00 00 00 00 00 00 00 00 00 00 00 00 00 00 ]]
[[ DATA: 00 00 00 00 00 00 00 00 00 00 00 00 00 00 00 00 00 00 00 00 ]]
[[ DATA: 00 00 00 00 00 00 00 00 00 00 00 00 00 00 00 00 00 00 00 00 ]]
[[ DATA: 00 00 00 00 00 00 00 00 00 00 00 00 00 00 00 00 00 00 00 00 ]]
[[ DATA: 00 00 00 00 00 00 00 00 00 00 00 00 00 00 00 00 00 00 00 00 ]]
[[ DATA: 00 00 00 00 00 00 00 00 00 00 00 00 00 00 00 00 00 00 00 00 ]]
[[ DATA: 00 00 00 00 00 00 00 00 00 00 00 00 00 00 00 00 00 00 00 00 ]]
[[ DATA: 00 00 00 00 00 00 00 00 00 00 00 00 00 00 00 00 00 00 00 00 ]]
[[ DATA: 00 00 00 00 00 00 00 00 00 00 00 00 00 00 00 00 00 00 00 00 ]]
[[ DATA: 00 00 00 00 00 00 00 00 00 00 00 00 00 00 00 00 00 00 00 00 ]]
[[ DATA: 00 00 00 00 00 00 00 00 00 00 00 00 00 00 00 00 00 00 00 00 ]]
[[ DATA: 00 00 00 00 00 00 00 00 00 00 00 00 00 00 00 00 00 00 00 00 ]]
[[ DATA: 00 00 00 00 00 00 00 00 00 00 00 00 00 00 00 00 00 00 00 00 ]]
[[ DATA: 00 00 00 00 00 00 00 00 00 00 00 00 00 00 00 00 00 00 00 00 ]]
[[ DATA: 00 00 00 00 00 00 00 00 00 00 00 00 00 00 00 00 00 00 00 00 ]]
[[ DATA: 00 00 00 00 00 00 00 00 00 00 00 00 00 00 00 00 00 00 00 00 ]]
[[ DATA: 00 00 00 00 00 00 00 00 00 00 00 00 00 00 00 00 00 00 00 00 ]]
[[ DATA: 00 00 00 00 00 00 00 00 00 00 00 00 00 00 00 00 00 00 00 00 ]]
[[ DATA: 00 00 00 00 00 00 00 00 00 00 00 00 00 00 00 00 00 00 00 00 ]]
[[ DATA: 00 00 00 00 00 00 00 00 00 00 00 00 00 00 00 00 00 00 00 00 ]]
[[ DATA: 00 00 00 00 00 00 00 00 00 00 00 00 00 00 00 00 00 00 00 00 ]]
[[ DATA: 00 00 00 00 00 00 00 00 00 00 00 00 00 00 00 00 00 00 00 00 ]]
[[ DATA: 00 00 00 00 00 00 00 00 00 00 00 00 00 00 00 00 00 00 00 00 ]]
[[ DATA: 00 00 00 00 00 00 00 00 00 00 00 00 00 00 00 00 00 00 00 00 ]]
[[ DATA: 00 00 00 00 00 00 00 00 00 00 00 00 00 00 00 00 00 00 00 00 ]]
[[ DATA: 00 00 00 00 00 00 00 00 00 00 00 00 00 00 00 00 00 00 00 00 ]]
[[ DATA: 00 00 00 00 00 00 00 00 00 00 00 00 00 00 00 00 00 00 00 00 ]]
[[ DATA: 00 00 00 00 00 00 00 00 00 00 00 00 00 00 00 00 00 00 00 00 ]]
[[ DATA: 00 00 00 00 00 00 00 00 00 00 00 00 00 00 00 00 00 00 00 00 ]]
[[ DATA: 00 00 00 00 00 00 00 00 00 00 00 00 D4 D3 D2 D1 ]]

[[ DevAlert Data Ended. Checksum: 60408 ]]

[[ DevAlert Data Begins ]]
[[ DATA: D1 D2 D3 D4 F0 0F 01 00 71 83 02 00 07 00 07 00 01 00 00 00 ]]
[[ DATA: 20 00 20 00 10 00 00 00 80 03 00 00 24 44 55 4D 4D 59 5F 53 ]]
[[ DATA: 45 53 53 49 4F 4E 5F 49 44 00 00 00 00 00 00 00 00 00 00 00 ]]
[[ DATA: 00 00 00 00 24 44 55 4D 4D 59 5F 44 45 56 49 43 45 5F 49 44 ]]
[[ DATA: 00 00 00 00 00 00 00 00 00 00 00 00 00 00 00 00 64 66 6D 5F ]]
[[ DATA: 74 72 61 63 65 2E 70 73 66 73 00 00 00 00 00 00 00 00 00 00 ]]
[[ DATA: 00 00 00 00 00 00 00 00 00 00 00 00 00 00 00 00 00 00 00 00 ]]
[[ DATA: 00 00 00 00 00 00 00 00 00 00 00 00 00 00 00 00 00 00 00 00 ]]
[[ DATA: 00 00 00 00 00 00 00 00 00 00 00 00 00 00 00 00 00 00 00 00 ]]
[[ DATA: 00 00 00 00 00 00 00 00 00 00 00 00 00 00 00 00 00 00 00 00 ]]
[[ DATA: 00 00 00 00 00 00 00 00 00 00 00 00 00 00 00 00 00 00 00 00 ]]
[[ DATA: 00 00 00 00 00 00 00 00 00 00 00 00 00 00 00 00 00 00 00 00 ]]
[[ DATA: 00 00 00 00 00 00 00 00 00 00 00 00 00 00 00 00 00 00 00 00 ]]
[[ DATA: 00 00 00 00 00 00 00 00 00 00 00 00 00 00 00 00 00 00 00 00 ]]
[[ DATA: 00 00 00 00 00 00 00 00 00 00 00 00 00 00 00 00 00 00 00 00 ]]
[[ DATA: 00 00 00 00 00 00 00 00 00 00 00 00 00 00 00 00 00 00 00 00 ]]
[[ DATA: 00 00 00 00 00 00 00 00 00 00 00 00 00 00 00 00 00 00 00 00 ]]
[[ DATA: 00 00 00 00 00 00 00 00 00 00 00 00 00 00 00 00 00 00 00 00 ]]
[[ DATA: 00 00 00 00 00 00 00 00 00 00 00 00 00 00 00 00 00 00 00 00 ]]
[[ DATA: 00 00 00 00 00 00 00 00 00 00 00 00 00 00 00 00 00 00 00 00 ]]
[[ DATA: 00 00 00 00 00 00 00 00 00 00 00 00 00 00 00 00 00 00 00 00 ]]
[[ DATA: 00 00 00 00 00 00 00 00 00 00 00 00 00 00 00 00 00 00 00 00 ]]
[[ DATA: 00 00 00 00 00 00 00 00 00 00 00 00 00 00 00 00 00 00 00 00 ]]
[[ DATA: 00 00 00 00 00 00 00 00 00 00 00 00 00 00 00 00 00 00 00 00 ]]
[[ DATA: 00 00 00 00 00 00 00 00 00 00 00 00 00 00 00 00 00 00 00 00 ]]
[[ DATA: 00 00 00 00 00 00 00 00 00 00 00 00 00 00 00 00 00 00 00 00 ]]
[[ DATA: 00 00 00 00 00 00 00 00 00 00 00 00 00 00 00 00 00 00 00 00 ]]
[[ DATA: 00 00 00 00 00 00 00 00 00 00 00 00 00 00 00 00 00 00 00 00 ]]
[[ DATA: 00 00 00 00 00 00 00 00 00 00 00 00 00 00 00 00 00 00 00 00 ]]
[[ DATA: 00 00 00 00 00 00 00 00 00 00 00 00 00 00 00 00 00 00 00 00 ]]
[[ DATA: 00 00 00 00 00 00 00 00 00 00 00 00 00 00 00 00 00 00 00 00 ]]
[[ DATA: 00 00 00 00 00 00 00 00 00 00 00 00 00 00 00 00 00 00 00 00 ]]
[[ DATA: 00 00 00 00 00 00 00 00 00 00 00 00 00 00 00 00 00 00 00 00 ]]
[[ DATA: 00 00 00 00 00 00 00 00 00 00 00 00 00 00 00 00 00 00 00 00 ]]
[[ DATA: 00 00 00 00 00 00 00 00 00 00 00 00 00 00 00 00 00 00 00 00 ]]
[[ DATA: 00 00 00 00 00 00 00 00 00 00 00 00 00 00 00 00 00 00 00 00 ]]
[[ DATA: 00 00 00 00 00 00 00 00 00 00 00 00 00 00 00 00 00 00 00 00 ]]
[[ DATA: 00 00 00 00 00 00 00 00 00 00 00 00 00 00 00 00 00 00 00 00 ]]
[[ DATA: 00 00 00 00 00 00 00 00 00 00 00 00 00 00 00 00 00 00 00 00 ]]
[[ DATA: 00 00 00 00 00 00 00 00 00 00 00 00 00 00 00 00 00 00 00 00 ]]
[[ DATA: 00 00 00 00 00 00 00 00 00 00 00 00 00 00 00 00 00 00 00 00 ]]
[[ DATA: 00 00 00 00 00 00 00 00 00 00 00 00 00 00 00 00 00 00 00 00 ]]
[[ DATA: 00 00 00 00 00 00 00 00 00 00 00 00 00 00 00 00 00 00 00 00 ]]
[[ DATA: 00 00 00 00 00 00 00 00 00 00 00 00 00 00 00 00 00 00 00 00 ]]
[[ DATA: 00 00 00 00 00 00 00 00 00 00 00 00 00 00 00 00 00 00 00 00 ]]
[[ DATA: 00 00 00 00 00 00 00 00 00 00 00 00 00 00 00 00 00 00 00 00 ]]
[[ DATA: 00 00 00 00 00 00 00 00 00 00 00 00 00 00 00 00 00 00 00 00 ]]
[[ DATA: 00 00 00 00 00 00 00 00 00 00 00 00 00 00 00 00 00 00 00 00 ]]
[[ DATA: 00 00 00 00 00 00 00 00 00 00 00 00 00 00 00 00 00 00 00 00 ]]
[[ DATA: 00 00 00 00 00 00 00 00 00 00 00 00 0A 0B 0C 0D 71 72 73 74 ]]
[[ DATA: F1 F2 F3 F4 00 00 00 00 D4 D3 D2 D1 ]]

[[ DevAlert Data Ended. Checksum: 15419 ]]
DFMT:RETURNED:1001:0
DFMT:BEGIN:1003:1

[[ DevAlert Data Begins ]]
[[ DATA: D1 D2 D3 D4 F0 0F 01 00 12 15 00 00 01 00 01 00 02 00 00 00 ]]
[[ DATA: 20 00 20 00 68 00 00 00 0C 01 00 00 24 44 55 4D 4D 59 5F 53 ]]
[[ DATA: 45 53 53 49 4F 4E 5F 49 44 00 00 00 00 00 00 00 00 00 00 00 ]]
[[ DATA: 00 00 00 00 24 44 55 4D 4D 59 5F 44 45 56 49 43 45 5F 49 44 ]]
[[ DATA: 00 00 00 00 00 00 00 00 00 00 00 00 00 00 00 00 54 65 73 74 ]]
[[ DATA: 20 31 30 30 33 20 61 74 20 74 65 73 74 5F 63 61 6C 6C 5F 63 ]]
[[ DATA: 68 61 69 6E 73 2E 63 3A 31 36 39 00 00 00 00 00 00 00 00 00 ]]
[[ DATA: 00 00 00 00 00 00 00 00 00 00 00 00 00 00 00 00 00 00 00 00 ]]
[[ DATA: 00 00 00 00 00 00 00 00 00 00 00 00 00 00 00 00 00 00 00 00 ]]
[[ DATA: 00 00 00 00 00 00 00 00 00 00 00 00 00 00 00 00 00 00 00 00 ]]
[[ DATA: 50 44 66 6D F0 0F 03 48 08 04 68 00 01 00 00 00 EB 03 00 00 ]]
[[ DATA: 01 00 00 00 A5 01 00 00 07 00 00 00 D8 3A 00 20 02 00 00 00 ]]
[[ DATA: 21 07 00 00 04 00 00 00 A9 00 00 00 00 00 00 00 00 00 00 00 ]]
[[ DATA: 00 00 00 00 00 00 00 00 00 00 00 00 00 00 00 00 00 00 00 00 ]]
[[ DATA: 00 00 00 00 42 75 69 6C 64 2D 4D 33 2D 4F 30 00 00 00 00 00 ]]
[[ DATA: 00 00 00 00 00 00 00 00 00 00 00 00 00 00 00 00 00 00 00 00 ]]
[[ DATA: 00 00 00 00 00 00 00 00 00 00 00 00 00 00 00 00 00 00 00 00 ]]
[[ DATA: 00 00 00 00 00 00 00 00 00 00 00 00 00 00 00 00 54 65 73 74 ]]
[[ DATA: 20 31 30 30 33 20 61 74 20 74 65 73 74 5F 63 61 6C 6C 5F 63 ]]
[[ DATA: 68 61 69 6E 73 2E 63 3A 31 36 39 00 00 00 00 00 00 00 00 00 ]]
[[ DATA: 00 00 00 00 00 00 00 00 00 00 00 00 00 00 00 00 00 00 00 00 ]]
[[ DATA: 00 00 00 00 00 00 00 00 00 00 00 00 00 00 00 00 00 00 00 00 ]]
[[ DATA: 00 00 00 00 00 00 00 00 00 00 00 00 00 00 00 00 00 00 00 00 ]]
[[ DATA: 6D 66 44 50 00 00 00 00 D4 D3 D2 D1 ]]

[[ DevAlert Data Ended. Checksum: 47373 ]]

[[ DevAlert Data Begins ]]
[[ DATA: D1 D2 D3 D4 F0 0F 01 00 18 46 01 00 01 00 01 00 02 00 00 00 ]]
[[ DATA: 20 00 20 00 10 00 00 00 24 00 00 00 24 44 55 4D 4D 59 5F 53 ]]
[[ DATA: 45 53 53 49 4F 4E 5F 49 44 00 00 00 00 00 00 00 00 00 00 00 ]]
[[ DATA: 00 00 00 00 24 44 55 4D 4D 59 5F 44 45 56 49 43 45 5F 49 44 ]]
[[ DATA: 00 00 00 00 00 00 00 00 00 00 00 00 00 00 00 00 74 72 61 70 ]]
[[ DATA: 2E 7A 70 72 00 00 00 00 00 00 00 00 50 44 61 50 F0 0F 03 10 ]]
[[ DATA: 03 02 00 00 74 72 61 70 2E 7A 70 72 00 00 00 00 00 00 00 00 ]]
[[ DATA: 50 61 44 50 00 00 00 00 D4 D3 D2 D1 ]]

[[ DevAlert Data Ended. Checksum: 344 ]]

[[ DevAlert Data Begins ]]
[[ DATA: D1 D2 D3 D4 F0 0F 01 00 71 83 01 00 01 00 01 00 02 00 00 00 ]]
[[ DATA: 20 00 20 00 10 00 00 00 03 02 00 00 24 44 55 4D 4D 59 5F 53 ]]
[[ DATA: 45 53 53 49 4F 4E 5F 49 44 00 00 00 00 00 00 00 00 00 00 00 ]]
[[ DATA: 00 00 00 00 24 44 55 4D 4D 59 5F 44 45 56 49 43 45 5F 49 44 ]]
[[ DATA: 00 00 00 00 00 00 00 00 00 00 00 00 00 00 00 00 74 72 61 70 ]]
[[ DATA: 2E 7A 70 72 00 00 00 00 00 00 00 00 5A 45 02 00 03 00 05 00 ]]
[[ DATA: 0D D0 00 00 41 03 00 4C 00 0A 00 00 00 14 00 00 00 1E 00 00 ]]
[[ DATA: 00 28 00 00 00 BC 15 00 20 57 D5 00 08 36 D4 00 08 00 00 00 ]]
[[ DATA: 09 D8 3A 00 20 8D 2D 00 08 A9 DC 00 08 98 3B 00 20 E0 3A 00 ]]
[[ DATA: 20 FF FF FF FF FF FF FF FF FF FF FF FF FF FF FF FF 01 00 00 ]]
[[ DATA: 00 30 00 00 00 4D 01 00 D0 00 00 20 90 01 00 20 5C 33 00 20 ]]
[[ DATA: 5C 33 00 20 00 00 00 00 01 00 00 FF 80 00 00 00 00 00 00 00 ]]
[[ DATA: 00 00 00 00 00 00 00 00 00 00 00 00 00 00 00 00 49 0A 01 08 ]]
[[ DATA: 00 00 00 00 2C 01 00 00 00 00 00 00 98 3B 00 20 F8 3A 00 20 ]]
[[ DATA: FF FF FF FF FF FF FF FF FF FF FF FF FF FF FF FF 18 3A 00 20 ]]
[[ DATA: 00 00 00 00 28 01 00 20 28 01 00 20 A9 DC 00 08 00 00 00 00 ]]
[[ DATA: 00 00 00 00 00 00 00 00 00 00 00 00 6D 61 69 6E 00 00 00 00 ]]
[[ DATA: 00 00 00 00 00 00 00 00 00 00 00 00 00 00 00 00 00 00 00 00 ]]
[[ DATA: 00 00 00 00 A8 37 00 20 00 04 00 00 10 00 00 00 00 00 00 00 ]]
[[ DATA: 98 3B 00 20 00 00 00 00 00 00 00 00 00 00 00 00 00 00 00 00 ]]
[[ DATA: 00 00 00 00 F5 FF FF FF 4D 01 00 D8 3A 00 20 A8 3B 00 20 00 ]]
[[ DATA: 00 00 00 00 00 00 00 0A 00 00 00 8D 2D 00 08 F0 3A 00 20 43 ]]
[[ DATA: 1E 00 08 28 00 00 00 1E 00 00 00 14 00 00 00 0A 00 00 00 08 ]]
[[ DATA: 3B 00 20 C3 1E 00 08 10 3B 00 20 E3 37 01 08 6D BE 43 0A 74 ]]
[[ DATA: BD 01 08 28 3B 00 20 69 17 00 08 00 00 00 00 00 F0 81 69 44 ]]
[[ DATA: 0E 02 08 00 00 00 00 8D 78 92 09 01 00 00 00 EB 03 00 00 02 ]]
[[ DATA: 00 00 00 00 00 00 00 00 00 00 00 00 00 00 00 00 F0 81 69 58 ]]
[[ DATA: 3B 00 20 71 11 00 08 80 3B 00 20 25 DD 00 08 AA AA AA AA 00 ]]
[[ DATA: 00 00 00 00 00 00 00 00 00 00 00 AA AA AA AA 2C BC 01 08 80 ]]
[[ DATA: 3B 00 20 B5 2D 00 08 00 00 00 00 00 00 00 00 00 00 00 00 A9 ]]
[[ DATA: DC 00 08 80 40 00 20 7D 41 00 08 AA AA AA AA AA AA AA AA D0 ]]
[[ DATA: 00 00 20 00 00 00 00 D4 D3 D2 D1 ]]

[[ DevAlert Data Ended. Checksum: 28531 ]]

[[ DevAlert Data Begins ]]
[[ DATA: D1 D2 D3 D4 F0 0F 01 00 18 46 02 00 01 00 01 00 02 00 00 00 ]]
[[ DATA: 20 00 20 00 10 00 00 00 24 00 00 00 24 44 55 4D 4D 59 5F 53 ]]
[[ DATA: 45 53 53 49 4F 4E 5F 49 44 00 00 00 00 00 00 00 00 00 00 00 ]]
[[ DATA: 00 00 00 00 24 44 55 4D 4D 59 5F 44 45 56 49 43 45 5F 49 44 ]]
[[ DATA: 00 00 00 00 00 00 00 00 00 00 00 00 00 00 00 00 64 66 6D 5F ]]
[[ DATA: 74 72 61 63 65 2E 70 73 66 73 00 00 50 44 61 50 F0 0F 03 10 ]]
[[ DATA: F0 1A 00 00 64 66 6D 5F 74 72 61 63 65 2E 70 73 66 73 00 00 ]]
[[ DATA: 50 61 44 50 00 00 00 00 D4 D3 D2 D1 ]]

[[ DevAlert Data Ended. Checksum: 61854 ]]

[[ DevAlert Data Begins ]]
[[ DATA: D1 D2 D3 D4 F0 0F 01 00 71 83 02 00 01 00 07 00 02 00 00 00 ]]
[[ DATA: 20 00 20 00 10 00 00 00 E8 03 00 00 24 44 55 4D 4D 59 5F 53 ]]
[[ DATA: 45 53 53 49 4F 4E 5F 49 44 00 00 00 00 00 00 00 00 00 00 00 ]]
[[ DATA: 00 00 00 00 24 44 55 4D 4D 59 5F 44 45 56 49 43 45 5F 49 44 ]]
[[ DATA: 00 00 00 00 00 00 00 00 00 00 00 00 00 00 00 00 64 66 6D 5F ]]
[[ DATA: 74 72 61 63 65 2E 70 73 66 73 00 00 94 10 00 20 00 00 00 00 ]]
[[ DATA: 05 06 07 08 75 76 77 78 F5 F6 F7 F8 00 46 53 50 0E 00 A9 9A ]]
[[ DATA: 00 00 00 00 01 03 00 00 00 00 00 00 00 00 03 04 5A 65 70 68 ]]
[[ DATA: 79 72 00 00 01 00 00 00 00 71 02 00 00 68 89 09 00 00 00 00 ]]
[[ DATA: E8 03 00 00 D0 04 87 0C 00 00 00 00 38 00 00 00 1C 00 00 00 ]]
[[ DATA: 03 00 00 00 10 06 00 20 63 00 04 04 88 01 00 00 3A 01 00 00 ]]
[[ DATA: 00 00 00 40 73 79 73 63 61 6C 6C 73 00 00 00 00 00 00 00 00 ]]
[[ DATA: 00 00 00 00 00 00 00 00 00 00 00 00 00 00 00 00 00 00 00 00 ]]
[[ DATA: 00 00 00 00 00 00 00 00 00 00 00 00 00 00 00 00 00 00 00 00 ]]
[[ DATA: 00 00 00 00 00 00 00 00 00 00 00 00 00 00 00 00 00 00 00 00 ]]
[[ DATA: 00 00 00 00 00 00 00 00 00 00 00 00 00 00 00 00 00 00 00 00 ]]
[[ DATA: 00 00 00 00 00 00 00 00 00 00 00 00 00 00 00 00 00 00 00 00 ]]
[[ DATA: 00 00 00 00 00 00 00 00 00 00 00 00 00 00 00 00 00 00 00 00 ]]
[[ DATA: 00 00 00 00 00 00 00 00 00 00 00 00 00 00 00 00 00 00 00 00 ]]
[[ DATA: 00 00 00 00 00 00 00 00 00 00 00 00 00 00 00 00 00 00 00 00 ]]
[[ DATA: 00 00 00 00 00 00 00 00 00 00 00 00 00 00 00 00 00 00 00 00 ]]
[[ DATA: 00 00 00 00 00 00 00 00 00 00 00 00 00 00 00 00 00 00 00 00 ]]
[[ DATA: 00 00 00 00 00 00 00 00 00 00 00 00 00 00 00 00 00 00 00 00 ]]
[[ DATA: 00 00 00 00 00 00 00 00 00 00 00 00 00 00 00 00 00 00 00 00 ]]
[[ DATA: 00 00 00 00 00 00 00 00 00 00 00 00 00 00 00 00 00 00 00 00 ]]
[[ DATA: 00 00 00 00 00 00 00 00 00 00 00 00 00 00 00 00 00 00 00 00 ]]
[[ DATA: 00 00 00 00 00 00 00 00 00 00 00 00 00 00 00 00 00 00 00 00 ]]
[[ DATA: 00 00 00 00 00 00 00 00 00 00 00 00 00 00 00 00 00 00 00 00 ]]
[[ DATA: 00 00 00 00 00 00 00 00 00 00 00 00 00 00 00 00 00 00 00 00 ]]
[[ DATA: 00 00 00 00 00 00 00 00 00 00 00 00 00 00 00 00 00 00 00 00 ]]
[[ DATA: 00 00 00 00 00 00 00 00 00 00 00 00 00 00 00 00 00 00 00 00 ]]
[[ DATA: 00 00 00 00 00 00 00 00 00 00 00 00 00 00 00 00 00 00 00 00 ]]
[[ DATA: 00 00 00 00 00 00 00 00 00 00 00 00 00 00 00 00 00 00 00 00 ]]
[[ DATA: 00 00 00 00 00 00 00 00 00 00 00 00 00 00 00 00 00 00 00 00 ]]
[[ DATA: 00 00 00 00 00 00 00 00 00 00 00 00 00 00 00 00 00 00 00 00 ]]
[[ DATA: 00 00 00 00 00 00 00 00 00 00 00 00 00 00 00 00 00 00 00 00 ]]
[[ DATA: 00 00 00 00 00 00 00 00 00 00 00 00 00 00 00 00 00 00 00 00 ]]
[[ DATA: 00 00 00 00 00 00 00 00 00 00 00 00 00 00 00 00 00 00 00 00 ]]
[[ DATA: 00 00 00 00 00 00 00 00 00 00 00 00 00 00 00 00 00 00 00 00 ]]
[[ DATA: 00 00 00 00 00 00 00 00 00 00 00 00 00 00 00 00 00 00 00 00 ]]
[[ DATA: 00 00 00 00 00 00 00 00 00 00 00 00 00 00 00 00 00 00 00 00 ]]
[[ DATA: 00 00 00 00 00 00 00 00 00 00 00 00 00 00 00 00 00 00 00 00 ]]
[[ DATA: 00 00 00 00 00 00 00 00 00 00 00 00 00 00 00 00 00 00 00 00 ]]
[[ DATA: 00 00 00 00 00 00 00 00 00 00 00 00 00 00 00 00 00 00 00 00 ]]
[[ DATA: 00 00 00 00 00 00 00 00 00 00 00 00 00 00 00 00 00 00 00 00 ]]
[[ DATA: 00 00 00 00 00 00 00 00 00 00 00 00 00 00 00 00 00 00 00 00 ]]
[[ DATA: 00 00 00 00 00 00 00 00 00 00 00 00 00 00 00 00 00 00 00 00 ]]
[[ DATA: 00 00 00 00 00 00 00 00 00 00 00 00 00 00 00 00 00 00 00 00 ]]
[[ DATA: 00 00 00 00 00 00 00 00 00 00 00 00 00 00 00 00 00 00 00 00 ]]
[[ DATA: 00 00 00 00 00 00 00 00 00 00 00 00 00 00 00 00 00 00 00 00 ]]
[[ DATA: 00 00 00 00 00 00 00 00 00 00 00 00 00 00 00 00 00 00 00 00 ]]
[[ DATA: 00 00 00 00 00 00 00 00 00 00 00 00 00 00 00 00 00 00 00 00 ]]
[[ DATA: 00 00 00 00 00 00 00 00 00 00 00 00 00 00 00 00 00 00 00 00 ]]
[[ DATA: 00 00 00 00 00 00 00 00 00 00 00 00 00 00 00 00 00 00 00 00 ]]
[[ DATA: 00 00 00 00 00 00 00 00 00 00 00 00 00 00 00 00 00 00 00 00 ]]
[[ DATA: 00 00 00 00 00 00 00 00 00 00 00 00 D4 D3 D2 D1 ]]

[[ DevAlert Data Ended. Checksum: 20466 ]]

[[ DevAlert Data Begins ]]
[[ DATA: D1 D2 D3 D4 F0 0F 01 00 71 83 02 00 02 00 07 00 02 00 00 00 ]]
[[ DATA: 20 00 20 00 10 00 00 00 E8 03 00 00 24 44 55 4D 4D 59 5F 53 ]]
[[ DATA: 45 53 53 49 4F 4E 5F 49 44 00 00 00 00 00 00 00 00 00 00 00 ]]
[[ DATA: 00 00 00 00 24 44 55 4D 4D 59 5F 44 45 56 49 43 45 5F 49 44 ]]
[[ DATA: 00 00 00 00 00 00 00 00 00 00 00 00 00 00 00 00 64 66 6D 5F ]]
[[ DATA: 74 72 61 63 65 2E 70 73 66 73 00 00 00 00 00 00 00 00 00 00 ]]
[[ DATA: 00 00 00 00 00 00 00 00 00 00 00 00 00 00 00 00 00 00 00 00 ]]
[[ DATA: 00 00 00 00 00 00 00 00 00 00 00 00 00 00 00 00 00 00 00 00 ]]
[[ DATA: 00 00 00 00 00 00 00 00 00 00 00 00 00 00 00 00 00 00 00 00 ]]
[[ DATA: 00 00 00 00 00 00 00 00 00 00 00 00 00 00 00 00 00 00 00 00 ]]
[[ DATA: 00 00 00 00 00 00 00 00 00 00 00 00 00 00 00 00 00 00 00 00 ]]
[[ DATA: 00 00 00 00 00 00 00 00 00 00 00 00 00 00 00 00 00 00 00 00 ]]
[[ DATA: 00 00 00 00 00 00 00 00 00 00 00 00 00 00 00 00 00 00 00 00 ]]
[[ DATA: 00 00 00 00 00 00 00 00 00 00 00 00 00 00 00 00 00 00 00 00 ]]
[[ DATA: 00 00 00 00 00 00 00 00 00 00 00 00 00 00 00 00 00 00 00 00 ]]
[[ DATA: 00 00 00 00 00 00 00 00 00 00 00 00 00 00 00 00 00 00 00 00 ]]
[[ DATA: 00 00 00 00 00 00 00 00 00 00 00 00 00 00 00 00 00 00 00 00 ]]
[[ DATA: 00 00 00 00 00 00 00 00 00 00 00 00 00 00 00 00 00 00 00 00 ]]
[[ DATA: 00 00 00 00 00 00 00 00 00 00 00 00 00 00 00 00 00 00 00 00 ]]
[[ DATA: 00 00 00 00 00 00 00 00 00 00 00 00 00 00 00 00 00 00 00 00 ]]
[[ DATA: 00 00 00 00 00 00 00 00 00 00 00 00 00 00 00 00 00 00 00 00 ]]
[[ DATA: 00 00 00 00 00 00 00 00 00 00 00 00 00 00 00 00 00 00 00 00 ]]
[[ DATA: 00 00 00 00 00 00 00 00 00 00 00 00 00 00 00 00 00 00 00 00 ]]
[[ DATA: 00 00 00 00 00 00 00 00 00 00 00 00 00 00 00 00 00 00 00 00 ]]
[[ DATA: 00 00 00 00 00 00 00 00 00 00 00 00 00 00 00 00 00 00 00 00 ]]
[[ DATA: 00 00 00 00 00 00 00 00 00 00 00 00 00 00 00 00 00 00 00 00 ]]
[[ DATA: 00 00 00 00 00 00 00 00 00 00 00 00 00 00 00 00 00 00 00 00 ]]
[[ DATA: 00 00 00 00 00 00 00 00 00 00 00 00 00 00 00 00 00 00 00 00 ]]
[[ DATA: 00 00 00 00 00 00 00 00 00 00 00 00 00 00 00 00 00 00 00 00 ]]
[[ DATA: 00 00 00 00 00 00 00 00 00 00 00 00 00 00 00 00 00 00 00 00 ]]
[[ DATA: 00 00 00 00 00 00 00 00 00 00 00 00 00 00 00 00 00 00 00 00 ]]
[[ DATA: 00 00 00 00 00 00 00 00 00 00 00 00 00 00 00 00 00 00 00 00 ]]
[[ DATA: 00 00 00 00 00 00 00 00 00 00 00 00 00 00 00 00 00 00 00 00 ]]
[[ DATA: 00 00 00 00 00 00 00 00 00 00 00 00 00 00 00 00 00 00 00 00 ]]
[[ DATA: 00 00 00 00 00 00 00 00 00 00 00 00 00 00 00 00 00 00 00 00 ]]
[[ DATA: 00 00 00 00 00 00 00 00 00 00 00 00 00 00 00 00 00 00 00 00 ]]
[[ DATA: 00 00 00 00 00 00 00 00 00 00 00 00 00 00 00 00 00 00 00 00 ]]
[[ DATA: 00 00 00 00 00 00 00 00 00 00 00 00 00 00 00 00 00 00 00 00 ]]
[[ DATA: 00 00 00 00 00 00 00 00 00 00 00 00 00 00 00 00 00 00 00 00 ]]
[[ DATA: 00 00 00 00 00 00 00 00 00 00 00 00 00 00 00 00 00 00 00 00 ]]
[[ DATA: 00 00 00 00 00 00 00 00 00 00 00 00 00 00 00 00 00 00 00 00 ]]
[[ DATA: 00 00 00 00 00 00 00 00 00 00 00 00 00 00 00 00 00 00 00 00 ]]
[[ DATA: 00 00 00 00 00 00 00 00 00 00 00 00 00 00 00 00 00 00 00 00 ]]
[[ DATA: 00 00 00 00 00 00 00 00 00 00 00 00 00 00 00 00 00 00 00 00 ]]
[[ DATA: 00 00 00 00 00 00 00 00 00 00 00 00 00 00 00 00 00 00 00 00 ]]
[[ DATA: 00 00 00 00 00 00 00 00 00 00 00 00 00 00 00 00 00 00 00 00 ]]
[[ DATA: 00 00 00 00 00 00 00 00 00 00 00 00 00 00 00 00 00 00 00 00 ]]
[[ DATA: 00 00 00 00 00 00 00 00 00 00 00 00 00 00 00 00 00 00 00 00 ]]
[[ DATA: 00 00 00 00 00 00 00 00 00 00 00 00 00 00 00 00 00 00 00 00 ]]
[[ DATA: 00 00 00 00 00 00 00 00 00 00 00 00 00 00 00 00 00 00 00 00 ]]
[[ DATA: 00 00 00 00 00 00 00 00 00 00 00 00 00 00 00 00 00 00 00 00 ]]
[[ DATA: 00 00 00 00 00 00 00 00 00 00 00 00 00 00 00 00 00 00 00 00 ]]
[[ DATA: 00 00 00 00 00 00 00 00 00 00 00 00 00 00 00 00 00 00 00 00 ]]
[[ DATA: 00 00 00 00 00 00 00 00 00 00 00 00 00 00 00 00 00 00 00 00 ]]
[[ DATA: 00 00 00 00 00 00 00 00 00 00 00 00 00 00 00 00 00 00 00 00 ]]
[[ DATA: 00 00 00 00 00 00 00 00 00 00 00 00 D4 D3 D2 D1 ]]

[[ DevAlert Data Ended. Checksum: 16625 ]]

[[ DevAlert Data Begins ]]
[[ DATA: D1 D2 D3 D4 F0 0F 01 00 71 83 02 00 03 00 07 00 02 00 00 00 ]]
[[ DATA: 20 00 20 00 10 00 00 00 E8 03 00 00 24 44 55 4D 4D 59 5F 53 ]]
[[ DATA: 45 53 53 49 4F 4E 5F 49 44 00 00 00 00 00 00 00 00 00 00 00 ]]
[[ DATA: 00 00 00 00 24 44 55 4D 4D 59 5F 44 45 56 49 43 45 5F 49 44 ]]
[[ DATA: 00 00 00 00 00 00 00 00 00 00 00 00 00 00 00 00 64 66 6D 5F ]]
[[ DATA: 74 72 61 63 65 2E 70 73 66 73 00 00 00 00 00 00 00 00 00 00 ]]
[[ DATA: 00 00 00 00 00 00 00 00 00 00 00 00 00 00 00 00 00 00 00 00 ]]
[[ DATA: 00 00 00 00 00 00 00 00 00 00 00 00 00 00 00 00 00 00 00 00 ]]
[[ DATA: 00 00 00 00 00 00 00 00 00 00 00 00 00 00 00 00 00 00 00 00 ]]
[[ DATA: 00 00 00 00 00 00 00 00 00 00 00 00 00 00 00 00 00 00 00 00 ]]
[[ DATA: 00 00 00 00 00 00 00 00 00 00 00 00 00 00 00 00 00 00 00 00 ]]
[[ DATA: 00 00 00 00 00 00 00 00 00 00 00 00 00 00 00 00 00 00 00 00 ]]
[[ DATA: 00 00 00 00 00 00 00 00 00 00 00 00 00 00 00 00 00 00 00 00 ]]
[[ DATA: 00 00 00 00 00 00 00 00 00 00 00 00 00 00 00 00 00 00 00 00 ]]
[[ DATA: 00 00 00 00 00 00 00 00 00 00 00 00 00 00 00 00 00 00 00 00 ]]
[[ DATA: 00 00 00 00 00 00 00 00 00 00 00 00 00 00 00 00 00 00 00 00 ]]
[[ DATA: 00 00 00 00 00 00 00 00 00 00 00 00 00 00 00 00 00 00 00 00 ]]
[[ DATA: 00 00 00 00 00 00 00 00 00 00 00 00 00 00 00 00 00 00 00 00 ]]
[[ DATA: 00 00 00 00 00 00 00 00 00 00 00 00 00 00 00 00 00 00 00 00 ]]
[[ DATA: 00 00 00 00 00 00 00 00 00 00 00 00 00 00 00 00 00 00 00 00 ]]
[[ DATA: 00 00 00 00 00 00 00 00 00 00 00 00 00 00 00 00 00 00 00 00 ]]
[[ DATA: 00 00 00 00 00 00 00 00 00 00 00 00 00 00 00 00 00 00 00 00 ]]
[[ DATA: 00 00 00 00 00 00 00 00 00 00 00 00 00 00 00 00 00 00 00 00 ]]
[[ DATA: 00 00 00 00 00 00 00 00 00 00 00 00 00 00 00 00 00 00 00 00 ]]
[[ DATA: 00 00 00 00 00 00 00 00 00 00 00 00 00 00 00 00 00 00 00 00 ]]
[[ DATA: 00 00 00 00 00 00 00 00 00 00 00 00 00 00 00 00 00 00 00 00 ]]
[[ DATA: 00 00 00 00 00 00 00 00 00 00 00 00 00 00 00 00 00 00 00 00 ]]
[[ DATA: 00 00 00 00 00 00 00 00 00 00 00 00 00 00 00 00 00 00 00 00 ]]
[[ DATA: 00 00 00 00 00 00 00 00 00 00 00 00 00 00 00 00 00 00 00 00 ]]
[[ DATA: 00 00 00 00 00 00 00 00 00 00 00 00 00 00 00 00 00 00 00 00 ]]
[[ DATA: 00 00 00 00 70 0F 00 20 00 00 00 00 00 00 00 00 00 00 00 00 ]]
[[ DATA: 00 00 00 00 41 4C 45 52 54 00 00 00 00 00 00 00 00 00 00 00 ]]
[[ DATA: 00 00 00 00 00 00 00 00 00 00 00 00 A0 0F 00 20 00 00 00 00 ]]
[[ DATA: 00 00 00 00 00 00 00 00 00 00 00 00 44 46 4D 20 54 65 73 74 ]]
[[ DATA: 73 00 00 00 00 00 00 00 00 00 00 00 00 00 00 00 00 00 00 00 ]]
[[ DATA: 30 23 00 20 00 00 00 00 00 00 00 00 00 00 00 00 00 00 00 00 ]]
[[ DATA: 54 7A 43 74 72 6C 00 00 00 00 00 00 00 00 00 00 00 00 00 00 ]]
[[ DATA: 00 00 00 00 00 00 00 00 30 03 00 20 FF FF FF FF 00 00 00 00 ]]
[[ DATA: 00 00 00 00 00 00 00 00 73 79 73 77 6F 72 6B 71 00 00 00 00 ]]
[[ DATA: 00 00 00 00 00 00 00 00 00 00 00 00 00 00 00 00 90 01 00 20 ]]
[[ DATA: 0F 00 00 00 00 00 00 00 00 00 00 00 00 00 00 00 69 64 6C 65 ]]
[[ DATA: 00 00 00 00 00 00 00 00 00 00 00 00 00 00 00 00 00 00 00 00 ]]
[[ DATA: 00 00 00 00 D0 00 00 20 00 00 00 00 00 00 00 00 00 00 00 00 ]]
[[ DATA: 00 00 00 00 6D 61 69 6E 00 00 00 00 00 00 00 00 00 00 00 00 ]]
[[ DATA: 00 00 00 00 00 00 00 00 00 00 00 00 00 10 00 00 54 05 00 00 ]]
[[ DATA: 00 00 00 00 D4 0F 00 00 01 00 00 00 00 00 00 00 D4 0F 00 00 ]]
[[ DATA: 00 00 00 00 54 05 00 00 00 00 00 00 00 00 00 00 C0 10 00 20 ]]
[[ DATA: 01 10 01 00 77 3C 00 00 02 00 00 00 10 30 02 00 33 A2 00 00 ]]
[[ DATA: D0 00 00 20 00 04 00 00 00 00 00 00 30 10 03 00 57 AA 00 00 ]]
[[ DATA: D0 00 00 20 10 30 04 00 E4 DD 00 00 90 01 00 20 40 01 00 00 ]]
[[ DATA: 0F 00 00 00 37 20 05 00 D2 E6 00 00 D0 00 00 20 00 00 00 00 ]]
[[ DATA: 2F 51 06 00 F6 EC 00 00 30 03 00 20 E8 40 00 20 00 04 00 00 ]]
[[ DATA: FF FF FF FF 58 11 02 08 10 30 07 00 44 4D 01 00 30 03 00 20 ]]
[[ DATA: 00 04 00 00 FF FF FF FF 5D 11 08 00 C1 5D 01 00 30 03 00 20 ]]
[[ DATA: 30 10 09 00 64 65 01 00 30 03 00 20 37 20 0A 00 FC 7B 01 00 ]]
[[ DATA: 30 03 00 20 FF FF FF FF 37 20 0B 00 D4 D3 D2 D1 ]]

[[ DevAlert Data Ended. Checksum: 16535 ]]

[[ DevAlert Data Begins ]]
[[ DATA: D1 D2 D3 D4 F0 0F 01 00 71 83 02 00 04 00 07 00 02 00 00 00 ]]
[[ DATA: 20 00 20 00 10 00 00 00 E8 03 00 00 24 44 55 4D 4D 59 5F 53 ]]
[[ DATA: 45 53 53 49 4F 4E 5F 49 44 00 00 00 00 00 00 00 00 00 00 00 ]]
[[ DATA: 00 00 00 00 24 44 55 4D 4D 59 5F 44 45 56 49 43 45 5F 49 44 ]]
[[ DATA: 00 00 00 00 00 00 00 00 00 00 00 00 00 00 00 00 64 66 6D 5F ]]
[[ DATA: 74 72 61 63 65 2E 70 73 66 73 00 00 79 99 01 00 D0 00 00 20 ]]
[[ DATA: 00 00 00 00 2E 11 0C 00 58 9E 01 00 30 03 00 20 10 30 0D 00 ]]
[[ DATA: C8 FF 01 00 30 23 00 20 00 04 00 00 00 00 00 00 5D 11 0E 00 ]]
[[ DATA: 88 04 02 00 30 23 00 20 30 10 0F 00 F4 0B 02 00 30 23 00 20 ]]
[[ DATA: 2A 10 10 00 CF 6A 05 00 E8 03 00 00 37 20 11 00 1A 8F 05 00 ]]
[[ DATA: 30 23 00 20 00 00 00 00 EA 20 12 00 DE AE 05 00 D0 00 00 20 ]]
[[ DATA: 30 01 00 00 2A 10 13 00 7C B3 05 00 FA 00 00 00 37 20 14 00 ]]
[[ DATA: 6D CD 05 00 90 01 00 20 0F 00 00 00 30 10 15 00 11 B8 69 02 ]]
[[ DATA: 30 23 00 20 37 20 16 00 58 D2 69 02 30 23 00 20 00 00 00 00 ]]
[[ DATA: 2B 10 17 00 3C DA 69 02 00 00 00 00 EA 20 18 00 8F EE 69 02 ]]
[[ DATA: 90 01 00 20 AC 00 00 00 2A 10 19 00 14 F3 69 02 FA 00 00 00 ]]
[[ DATA: 37 20 1A 00 30 0D 6A 02 90 01 00 20 0F 00 00 00 30 10 1B 00 ]]
[[ DATA: 8F 82 CE 04 30 23 00 20 37 20 1C 00 90 9C CE 04 30 23 00 20 ]]
[[ DATA: 00 00 00 00 2B 10 1D 00 62 A4 CE 04 00 00 00 00 EA 20 1E 00 ]]
[[ DATA: B1 B9 CE 04 30 03 00 20 B8 00 00 00 2A 10 1F 00 36 BE CE 04 ]]
[[ DATA: FA 00 00 00 37 20 20 00 48 D8 CE 04 90 01 00 20 0F 00 00 00 ]]
[[ DATA: 30 10 21 00 8F 4D 33 07 30 23 00 20 37 20 22 00 90 67 33 07 ]]
[[ DATA: 30 23 00 20 00 00 00 00 2B 10 23 00 62 6F 33 07 00 00 00 00 ]]
[[ DATA: EA 20 24 00 69 96 33 07 30 23 00 20 90 01 00 00 2A 10 25 00 ]]
[[ DATA: EE 9A 33 07 FA 00 00 00 37 20 26 00 5D B2 33 07 90 01 00 20 ]]
[[ DATA: 0F 00 00 00 30 10 27 00 85 C5 90 09 D0 00 00 20 37 20 28 00 ]]
[[ DATA: 91 DF 90 09 D0 00 00 20 00 00 00 00 2B 10 29 00 63 E7 90 09 ]]
[[ DATA: 00 00 00 00 03 40 2A 00 80 3C 94 09 A0 0F 00 20 44 46 4D 20 ]]
[[ DATA: 54 65 73 74 73 00 00 00 92 50 2B 00 15 E1 97 09 A0 0F 00 20 ]]
[[ DATA: E9 03 00 00 54 25 75 20 42 45 47 49 4E 00 00 00 92 70 2C 00 ]]
[[ DATA: 7B E9 97 09 A0 0F 00 20 01 00 00 00 54 31 30 30 31 20 41 52 ]]
[[ DATA: 47 53 20 61 30 3D 25 75 00 00 00 00 92 70 2D 00 CD EF 97 09 ]]
[[ DATA: A0 0F 00 20 06 00 00 00 54 31 30 30 31 20 41 52 47 53 20 61 ]]
[[ DATA: 35 3D 25 75 00 00 00 00 91 A0 2E 00 CF F6 97 09 A0 0F 00 20 ]]
[[ DATA: 54 31 30 30 31 20 50 41 54 48 20 70 75 62 6C 69 63 5F 61 70 ]]
[[ DATA: 69 20 2D 3E 20 73 65 72 76 69 63 65 00 00 00 00 91 90 2F 00 ]]
[[ DATA: A2 FD 97 09 A0 0F 00 20 54 31 30 30 31 20 50 41 54 48 20 73 ]]
[[ DATA: 65 72 76 69 63 65 20 2D 3E 20 74 72 61 70 5F 73 69 74 65 00 ]]
[[ DATA: 03 30 30 00 54 33 98 09 70 0F 00 20 41 4C 45 52 54 00 00 00 ]]
[[ DATA: 91 A0 31 00 B1 3A 98 09 70 0F 00 20 54 65 73 74 20 31 30 30 ]]
[[ DATA: 31 20 61 74 20 74 65 73 74 5F 63 61 6C 6C 5F 63 68 61 69 6E ]]
[[ DATA: 73 2E 63 3A 32 36 00 00 30 10 32 00 2A BB A5 09 30 23 00 20 ]]
[[ DATA: 2A 10 33 00 75 E4 A6 09 2C 01 00 00 37 20 34 00 4C 0A A7 09 ]]
[[ DATA: 30 23 00 20 00 00 00 00 2B 10 35 00 3A 12 A7 09 00 00 00 00 ]]
[[ DATA: EA 20 36 00 F4 2A A7 09 D0 00 00 20 E0 00 00 00 2A 10 37 00 ]]
[[ DATA: 79 2F A7 09 FA 00 00 00 37 20 38 00 5F 49 A7 09 90 01 00 20 ]]
[[ DATA: 0F 00 00 00 30 10 39 00 D7 89 0B 0C 30 23 00 20 37 20 3A 00 ]]
[[ DATA: 15 A4 0B 0C 30 23 00 20 00 00 00 00 2B 10 3B 00 E7 AB 0B 0C ]]
[[ DATA: 00 00 00 00 EA 20 3C 00 3A C0 0B 0C 90 01 00 20 AC 00 00 00 ]]
[[ DATA: 2A 10 3D 00 BF C4 0B 0C FA 00 00 00 37 20 3E 00 2E DC 0B 0C ]]
[[ DATA: 90 01 00 20 0F 00 00 00 30 10 3F 00 A9 9B 85 0C D0 00 00 20 ]]
[[ DATA: 37 20 40 00 AA B5 85 0C D0 00 00 20 00 00 00 00 2B 10 41 00 ]]
[[ DATA: 7C BD 85 0C 00 00 00 00 92 50 42 00 28 AE 86 0C A0 0F 00 20 ]]
[[ DATA: EB 03 00 00 54 25 75 20 42 45 47 49 4E 00 00 00 91 60 43 00 ]]
[[ DATA: B7 B6 86 0C A0 0F 00 20 54 31 30 30 33 20 41 52 47 53 20 72 ]]
[[ DATA: 30 3D 31 30 00 00 00 00 91 60 44 00 D4 D3 D2 D1 ]]

[[ DevAlert Data Ended. Checksum: 44459 ]]

[[ DevAlert Data Begins ]]
[[ DATA: D1 D2 D3 D4 F0 0F 01 00 71 83 02 00 05 00 07 00 02 00 00 00 ]]
[[ DATA: 20 00 20 00 10 00 00 00 E8 03 00 00 24 44 55 4D 4D 59 5F 53 ]]
[[ DATA: 45 53 53 49 4F 4E 5F 49 44 00 00 00 00 00 00 00 00 00 00 00 ]]
[[ DATA: 00 00 00 00 24 44 55 4D 4D 59 5F 44 45 56 49 43 45 5F 49 44 ]]
[[ DATA: 00 00 00 00 00 00 00 00 00 00 00 00 00 00 00 00 64 66 6D 5F ]]
[[ DATA: 74 72 61 63 65 2E 70 73 66 73 00 00 97 BC 86 0C A0 0F 00 20 ]]
[[ DATA: 54 31 30 30 33 20 41 52 47 53 20 72 31 3D 32 30 00 00 00 00 ]]
[[ DATA: 91 60 45 00 50 C2 86 0C A0 0F 00 20 54 31 30 30 33 20 41 52 ]]
[[ DATA: 47 53 20 72 32 3D 33 30 00 00 00 00 91 60 46 00 00 C8 86 0C ]]
[[ DATA: A0 0F 00 20 54 31 30 30 33 20 41 52 47 53 20 72 33 3D 34 30 ]]
[[ DATA: 00 00 00 00 91 B0 47 00 2C CF 86 0C A0 0F 00 20 54 31 30 30 ]]
[[ DATA: 33 20 50 41 54 48 20 74 65 73 74 5F 74 68 72 65 61 64 20 2D ]]
[[ DATA: 3E 20 74 72 61 70 5F 61 74 5F 65 6E 74 72 79 00 91 A0 48 00 ]]
[[ DATA: D0 04 87 0C 70 0F 00 20 54 65 73 74 20 31 30 30 33 20 61 74 ]]
[[ DATA: 20 74 65 73 74 5F 63 61 6C 6C 5F 63 68 61 69 6E 73 2E 63 3A ]]
[[ DATA: 31 36 39 00 00 00 00 00 00 00 00 00 00 00 00 00 00 00 00 00 ]]
[[ DATA: 00 00 00 00 00 00 00 00 00 00 00 00 00 00 00 00 00 00 00 00 ]]
[[ DATA: 00 00 00 00 00 00 00 00 00 00 00 00 00 00 00 00 00 00 00 00 ]]
[[ DATA: 00 00 00 00 00 00 00 00 00 00 00 00 00 00 00 00 00 00 00 00 ]]
[[ DATA: 00 00 00 00 00 00 00 00 00 00 00 00 00 00 00 00 00 00 00 00 ]]
[[ DATA: 00 00 00 00 00 00 00 00 00 00 00 00 00 00 00 00 00 00 00 00 ]]
[[ DATA: 00 00 00 00 00 00 00 00 00 00 00 00 00 00 00 00 00 00 00 00 ]]
[[ DATA: 00 00 00 00 00 00 00 00 00 00 00 00 00 00 00 00 00 00 00 00 ]]
[[ DATA: 00 00 00 00 00 00 00 00 00 00 00 00 00 00 00 00 00 00 00 00 ]]
[[ DATA: 00 00 00 00 00 00 00 00 00 00 00 00 00 00 00 00 00 00 00 00 ]]
[[ DATA: 00 00 00 00 00 00 00 00 00 00 00 00 00 00 00 00 00 00 00 00 ]]
[[ DATA: 00 00 00 00 00 00 00 00 00 00 00 00 00 00 00 00 00 00 00 00 ]]
[[ DATA: 00 00 00 00 00 00 00 00 00 00 00 00 00 00 00 00 00 00 00 00 ]]
[[ DATA: 00 00 00 00 00 00 00 00 00 00 00 00 00 00 00 00 00 00 00 00 ]]
[[ DATA: 00 00 00 00 00 00 00 00 00 00 00 00 00 00 00 00 00 00 00 00 ]]
[[ DATA: 00 00 00 00 00 00 00 00 00 00 00 00 00 00 00 00 00 00 00 00 ]]
[[ DATA: 00 00 00 00 00 00 00 00 00 00 00 00 00 00 00 00 00 00 00 00 ]]
[[ DATA: 00 00 00 00 00 00 00 00 00 00 00 00 00 00 00 00 00 00 00 00 ]]
[[ DATA: 00 00 00 00 00 00 00 00 00 00 00 00 00 00 00 00 00 00 00 00 ]]
[[ DATA: 00 00 00 00 00 00 00 00 00 00 00 00 00 00 00 00 00 00 00 00 ]]
[[ DATA: 00 00 00 00 00 00 00 00 00 00 00 00 00 00 00 00 00 00 00 00 ]]
[[ DATA: 00 00 00 00 00 00 00 00 00 00 00 00 00 00 00 00 00 00 00 00 ]]
[[ DATA: 00 00 00 00 00 00 00 00 00 00 00 00 00 00 00 00 00 00 00 00 ]]
[[ DATA: 00 00 00 00 00 00 00 00 00 00 00 00 00 00 00 00 00 00 00 00 ]]
[[ DATA: 00 00 00 00 00 00 00 00 00 00 00 00 00 00 00 00 00 00 00 00 ]]
[[ DATA: 00 00 00 00 00 00 00 00 00 00 00 00 00 00 00 00 00 00 00 00 ]]
[[ DATA: 00 00 00 00 00 00 00 00 00 00 00 00 00 00 00 00 00 00 00 00 ]]
[[ DATA: 00 00 00 00 00 00 00 00 00 00 00 00 00 00 00 00 00 00 00 00 ]]
[[ DATA: 00 00 00 00 00 00 00 00 00 00 00 00 00 00 00 00 00 00 00 00 ]]
[[ DATA: 00 00 00 00 00 00 00 00 00 00 00 00 00 00 00 00 00 00 00 00 ]]
[[ DATA: 00 00 00 00 00 00 00 00 00 00 00 00 00 00 00 00 00 00 00 00 ]]
[[ DATA: 00 00 00 00 00 00 00 00 00 00 00 00 00 00 00 00 00 00 00 00 ]]
[[ DATA: 00 00 00 00 00 00 00 00 00 00 00 00 00 00 00 00 00 00 00 00 ]]
[[ DATA: 00 00 00 00 00 00 00 00 00 00 00 00 00 00 00 00 00 00 00 00 ]]
[[ DATA: 00 00 00 00 00 00 00 00 00 00 00 00 00 00 00 00 00 00 00 00 ]]
[[ DATA: 00 00 00 00 00 00 00 00 00 00 00 00 00 00 00 00 00 00 00 00 ]]
[[ DATA: 00 00 00 00 00 00 00 00 00 00 00 00 00 00 00 00 00 00 00 00 ]]
[[ DATA: 00 00 00 00 00 00 00 00 00 00 00 00 00 00 00 00 00 00 00 00 ]]
[[ DATA: 00 00 00 00 00 00 00 00 00 00 00 00 00 00 00 00 00 00 00 00 ]]
[[ DATA: 00 00 00 00 00 00 00 00 00 00 00 00 00 00 00 00 00 00 00 00 ]]
[[ DATA: 00 00 00 00 00 00 00 00 00 00 00 00 D4 D3 D2 D1 ]]

[[ DevAlert Data Ended. Checksum: 27326 ]]

[[ DevAlert Data Begins ]]
[[ DATA: D1 D2 D3 D4 F0 0F 01 00 71 83 02 00 06 00 07 00 02 00 00 00 ]]
[[ DATA: 20 00 20 00 10 00 00 00 E8 03 00 00 24 44 55 4D 4D 59 5F 53 ]]
[[ DATA: 45 53 53 49 4F 4E 5F 49 44 00 00 00 00 00 00 00 00 00 00 00 ]]
[[ DATA: 00 00 00 00 24 44 55 4D 4D 59 5F 44 45 56 49 43 45 5F 49 44 ]]
[[ DATA: 00 00 00 00 00 00 00 00 00 00 00 00 00 00 00 00 64 66 6D 5F ]]
[[ DATA: 74 72 61 63 65 2E 70 73 66 73 00 00 00 00 00 00 00 00 00 00 ]]
[[ DATA: 00 00 00 00 00 00 00 00 00 00 00 00 00 00 00 00 00 00 00 00 ]]
[[ DATA: 00 00 00 00 00 00 00 00 00 00 00 00 00 00 00 00 00 00 00 00 ]]
[[ DATA: 00 00 00 00 00 00 00 00 00 00 00 00 00 00 00 00 00 00 00 00 ]]
[[ DATA: 00 00 00 00 00 00 00 00 00 00 00 00 00 00 00 00 00 00 00 00 ]]
[[ DATA: 00 00 00 00 00 00 00 00 00 00 00 00 00 00 00 00 00 00 00 00 ]]
[[ DATA: 00 00 00 00 00 00 00 00 00 00 00 00 00 00 00 00 00 00 00 00 ]]
[[ DATA: 00 00 00 00 00 00 00 00 00 00 00 00 00 00 00 00 00 00 00 00 ]]
[[ DATA: 00 00 00 00 00 00 00 00 00 00 00 00 00 00 00 00 00 00 00 00 ]]
[[ DATA: 00 00 00 00 00 00 00 00 00 00 00 00 00 00 00 00 00 00 00 00 ]]
[[ DATA: 00 00 00 00 00 00 00 00 00 00 00 00 00 00 00 00 00 00 00 00 ]]
[[ DATA: 00 00 00 00 00 00 00 00 00 00 00 00 00 00 00 00 00 00 00 00 ]]
[[ DATA: 00 00 00 00 00 00 00 00 00 00 00 00 00 00 00 00 00 00 00 00 ]]
[[ DATA: 00 00 00 00 00 00 00 00 00 00 00 00 00 00 00 00 00 00 00 00 ]]
[[ DATA: 00 00 00 00 00 00 00 00 00 00 00 00 00 00 00 00 00 00 00 00 ]]
[[ DATA: 00 00 00 00 00 00 00 00 00 00 00 00 00 00 00 00 00 00 00 00 ]]
[[ DATA: 00 00 00 00 00 00 00 00 00 00 00 00 00 00 00 00 00 00 00 00 ]]
[[ DATA: 00 00 00 00 00 00 00 00 00 00 00 00 00 00 00 00 00 00 00 00 ]]
[[ DATA: 00 00 00 00 00 00 00 00 00 00 00 00 00 00 00 00 00 00 00 00 ]]
[[ DATA: 00 00 00 00 00 00 00 00 00 00 00 00 00 00 00 00 00 00 00 00 ]]
[[ DATA: 00 00 00 00 00 00 00 00 00 00 00 00 00 00 00 00 00 00 00 00 ]]
[[ DATA: 00 00 00 00 00 00 00 00 00 00 00 00 00 00 00 00 00 00 00 00 ]]
[[ DATA: 00 00 00 00 00 00 00 00 00 00 00 00 00 00 00 00 00 00 00 00 ]]
[[ DATA: 00 00 00 00 00 00 00 00 00 00 00 00 00 00 00 00 00 00 00 00 ]]
[[ DATA: 00 00 00 00 00 00 00 00 00 00 00 00 00 00 00 00 00 00 00 00 ]]
[[ DATA: 00 00 00 00 00 00 00 00 00 00 00 00 00 00 00 00 00 00 00 00 ]]
[[ DATA: 00 00 00 00 00 00 00 00 00 00 00 00 00 00 00 00 00 00 00 00 ]]
[[ DATA: 00 00 00 00 00 00 00 00 00 00 00 00 00 00 00 00 00 00 00 00 ]]
[[ DATA: 00 00 00 00 00 00 00 00 00 00 00 00 00 00 00 00 00 00 00 00 ]]
[[ DATA: 00 00 00 00 00 00 00 00 00 00 00 00 00 00 00 00 00 00 00 00 ]]
[[ DATA: 00 00 00 00 00 00 00 00 00 00 00 00 00 00 00 00 00 00 00 00 ]]
[[ DATA: 00 00 00 00 00 00 00 00 00 00 00 00 00 00 00 00 00 00 00 00 ]]
[[ DATA: 00 00 00 00 00 00 00 00 00 00 00 00 00 00 00 00 00 00 00 00 ]]
[[ DATA: 00 00 00 00 00 00 00 00 00 00 00 00 00 00 00 00 00 00 00 00 ]]
[[ DATA: 00 00 00 00 00 00 00 00 00 00 00 00 00 00 00 00 00 00 00 00 ]]
[[ DATA: 00 00 00 00 00 00 00 00 00 00 00 00 00 00 00 00 00 00 00 00 ]]
[[ DATA: 00 00 00 00 00 00 00 00 00 00 00 00 00 00 00 00 00 00 00 00 ]]
[[ DATA: 00 00 00 00 00 00 00 00 00 00 00 00 00 00 00 00 00 00 00 00 ]]
[[ DATA: 00 00 00 00 00 00 00 00 00 00 00 00 00 00 00 00 00 00 00 00 ]]
[[ DATA: 00 00 00 00 00 00 00 00 00 00 00 00 00 00 00 00 00 00 00 00 ]]
[[ DATA: 00 00 00 00 00 00 00 00 00 00 00 00 00 00 00 00 00 00 00 00 ]]
[[ DATA: 00 00 00 00 00 00 00 00 00 00 00 00 00 00 00 00 00 00 00 00 ]]
[[ DATA: 00 00 00 00 00 00 00 00 00 00 00 00 00 00 00 00 00 00 00 00 ]]
[[ DATA: 00 00 00 00 00 00 00 00 00 00 00 00 00 00 00 00 00 00 00 00 ]]
[[ DATA: 00 00 00 00 00 00 00 00 00 00 00 00 00 00 00 00 00 00 00 00 ]]
[[ DATA: 00 00 00 00 00 00 00 00 00 00 00 00 00 00 00 00 00 00 00 00 ]]
[[ DATA: 00 00 00 00 00 00 00 00 00 00 00 00 00 00 00 00 00 00 00 00 ]]
[[ DATA: 00 00 00 00 00 00 00 00 00 00 00 00 00 00 00 00 00 00 00 00 ]]
[[ DATA: 00 00 00 00 00 00 00 00 00 00 00 00 00 00 00 00 00 00 00 00 ]]
[[ DATA: 00 00 00 00 00 00 00 00 00 00 00 00 00 00 00 00 00 00 00 00 ]]
[[ DATA: 00 00 00 00 00 00 00 00 00 00 00 00 D4 D3 D2 D1 ]]

[[ DevAlert Data Ended. Checksum: 895 ]]

[[ DevAlert Data Begins ]]
[[ DATA: D1 D2 D3 D4 F0 0F 01 00 71 83 02 00 07 00 07 00 02 00 00 00 ]]
[[ DATA: 20 00 20 00 10 00 00 00 80 03 00 00 24 44 55 4D 4D 59 5F 53 ]]
[[ DATA: 45 53 53 49 4F 4E 5F 49 44 00 00 00 00 00 00 00 00 00 00 00 ]]
[[ DATA: 00 00 00 00 24 44 55 4D 4D 59 5F 44 45 56 49 43 45 5F 49 44 ]]
[[ DATA: 00 00 00 00 00 00 00 00 00 00 00 00 00 00 00 00 64 66 6D 5F ]]
[[ DATA: 74 72 61 63 65 2E 70 73 66 73 00 00 00 00 00 00 00 00 00 00 ]]
[[ DATA: 00 00 00 00 00 00 00 00 00 00 00 00 00 00 00 00 00 00 00 00 ]]
[[ DATA: 00 00 00 00 00 00 00 00 00 00 00 00 00 00 00 00 00 00 00 00 ]]
[[ DATA: 00 00 00 00 00 00 00 00 00 00 00 00 00 00 00 00 00 00 00 00 ]]
[[ DATA: 00 00 00 00 00 00 00 00 00 00 00 00 00 00 00 00 00 00 00 00 ]]
[[ DATA: 00 00 00 00 00 00 00 00 00 00 00 00 00 00 00 00 00 00 00 00 ]]
[[ DATA: 00 00 00 00 00 00 00 00 00 00 00 00 00 00 00 00 00 00 00 00 ]]
[[ DATA: 00 00 00 00 00 00 00 00 00 00 00 00 00 00 00 00 00 00 00 00 ]]
[[ DATA: 00 00 00 00 00 00 00 00 00 00 00 00 00 00 00 00 00 00 00 00 ]]
[[ DATA: 00 00 00 00 00 00 00 00 00 00 00 00 00 00 00 00 00 00 00 00 ]]
[[ DATA: 00 00 00 00 00 00 00 00 00 00 00 00 00 00 00 00 00 00 00 00 ]]
[[ DATA: 00 00 00 00 00 00 00 00 00 00 00 00 00 00 00 00 00 00 00 00 ]]
[[ DATA: 00 00 00 00 00 00 00 00 00 00 00 00 00 00 00 00 00 00 00 00 ]]
[[ DATA: 00 00 00 00 00 00 00 00 00 00 00 00 00 00 00 00 00 00 00 00 ]]
[[ DATA: 00 00 00 00 00 00 00 00 00 00 00 00 00 00 00 00 00 00 00 00 ]]
[[ DATA: 00 00 00 00 00 00 00 00 00 00 00 00 00 00 00 00 00 00 00 00 ]]
[[ DATA: 00 00 00 00 00 00 00 00 00 00 00 00 00 00 00 00 00 00 00 00 ]]
[[ DATA: 00 00 00 00 00 00 00 00 00 00 00 00 00 00 00 00 00 00 00 00 ]]
[[ DATA: 00 00 00 00 00 00 00 00 00 00 00 00 00 00 00 00 00 00 00 00 ]]
[[ DATA: 00 00 00 00 00 00 00 00 00 00 00 00 00 00 00 00 00 00 00 00 ]]
[[ DATA: 00 00 00 00 00 00 00 00 00 00 00 00 00 00 00 00 00 00 00 00 ]]
[[ DATA: 00 00 00 00 00 00 00 00 00 00 00 00 00 00 00 00 00 00 00 00 ]]
[[ DATA: 00 00 00 00 00 00 00 00 00 00 00 00 00 00 00 00 00 00 00 00 ]]
[[ DATA: 00 00 00 00 00 00 00 00 00 00 00 00 00 00 00 00 00 00 00 00 ]]
[[ DATA: 00 00 00 00 00 00 00 00 00 00 00 00 00 00 00 00 00 00 00 00 ]]
[[ DATA: 00 00 00 00 00 00 00 00 00 00 00 00 00 00 00 00 00 00 00 00 ]]
[[ DATA: 00 00 00 00 00 00 00 00 00 00 00 00 00 00 00 00 00 00 00 00 ]]
[[ DATA: 00 00 00 00 00 00 00 00 00 00 00 00 00 00 00 00 00 00 00 00 ]]
[[ DATA: 00 00 00 00 00 00 00 00 00 00 00 00 00 00 00 00 00 00 00 00 ]]
[[ DATA: 00 00 00 00 00 00 00 00 00 00 00 00 00 00 00 00 00 00 00 00 ]]
[[ DATA: 00 00 00 00 00 00 00 00 00 00 00 00 00 00 00 00 00 00 00 00 ]]
[[ DATA: 00 00 00 00 00 00 00 00 00 00 00 00 00 00 00 00 00 00 00 00 ]]
[[ DATA: 00 00 00 00 00 00 00 00 00 00 00 00 00 00 00 00 00 00 00 00 ]]
[[ DATA: 00 00 00 00 00 00 00 00 00 00 00 00 00 00 00 00 00 00 00 00 ]]
[[ DATA: 00 00 00 00 00 00 00 00 00 00 00 00 00 00 00 00 00 00 00 00 ]]
[[ DATA: 00 00 00 00 00 00 00 00 00 00 00 00 00 00 00 00 00 00 00 00 ]]
[[ DATA: 00 00 00 00 00 00 00 00 00 00 00 00 00 00 00 00 00 00 00 00 ]]
[[ DATA: 00 00 00 00 00 00 00 00 00 00 00 00 00 00 00 00 00 00 00 00 ]]
[[ DATA: 00 00 00 00 00 00 00 00 00 00 00 00 00 00 00 00 00 00 00 00 ]]
[[ DATA: 00 00 00 00 00 00 00 00 00 00 00 00 00 00 00 00 00 00 00 00 ]]
[[ DATA: 00 00 00 00 00 00 00 00 00 00 00 00 00 00 00 00 00 00 00 00 ]]
[[ DATA: 00 00 00 00 00 00 00 00 00 00 00 00 00 00 00 00 00 00 00 00 ]]
[[ DATA: 00 00 00 00 00 00 00 00 00 00 00 00 00 00 00 00 00 00 00 00 ]]
[[ DATA: 00 00 00 00 00 00 00 00 00 00 00 00 00 00 00 00 00 00 00 00 ]]
[[ DATA: 00 00 00 00 00 00 00 00 00 00 00 00 0A 0B 0C 0D 71 72 73 74 ]]
[[ DATA: F1 F2 F3 F4 00 00 00 00 D4 D3 D2 D1 ]]

[[ DevAlert Data Ended. Checksum: 52300 ]]
DFMT:RETURNED:1003:0
DFMT:BEGIN:1012:2

[[ DevAlert Data Begins ]]
[[ DATA: D1 D2 D3 D4 F0 0F 01 00 12 15 00 00 01 00 01 00 03 00 00 00 ]]
[[ DATA: 20 00 20 00 68 00 00 00 0C 01 00 00 24 44 55 4D 4D 59 5F 53 ]]
[[ DATA: 45 53 53 49 4F 4E 5F 49 44 00 00 00 00 00 00 00 00 00 00 00 ]]
[[ DATA: 00 00 00 00 24 44 55 4D 4D 59 5F 44 45 56 49 43 45 5F 49 44 ]]
[[ DATA: 00 00 00 00 00 00 00 00 00 00 00 00 00 00 00 00 54 65 73 74 ]]
[[ DATA: 20 31 30 31 32 20 61 74 20 74 65 73 74 5F 63 61 6C 6C 5F 63 ]]
[[ DATA: 68 61 69 6E 73 2E 63 3A 33 35 31 00 00 00 00 00 00 00 00 00 ]]
[[ DATA: 00 00 00 00 00 00 00 00 00 00 00 00 00 00 00 00 00 00 00 00 ]]
[[ DATA: 00 00 00 00 00 00 00 00 00 00 00 00 00 00 00 00 00 00 00 00 ]]
[[ DATA: 00 00 00 00 00 00 00 00 00 00 00 00 00 00 00 00 00 00 00 00 ]]
[[ DATA: 50 44 66 6D F0 0F 03 48 08 04 68 00 01 00 00 00 F4 03 00 00 ]]
[[ DATA: 01 00 00 00 A5 01 00 00 07 00 00 00 F0 39 00 20 02 00 00 00 ]]
[[ DATA: 21 07 00 00 04 00 00 00 5F 01 00 00 00 00 00 00 00 00 00 00 ]]
[[ DATA: 00 00 00 00 00 00 00 00 00 00 00 00 00 00 00 00 00 00 00 00 ]]
[[ DATA: 00 00 00 00 42 75 69 6C 64 2D 4D 33 2D 4F 30 00 00 00 00 00 ]]
[[ DATA: 00 00 00 00 00 00 00 00 00 00 00 00 00 00 00 00 00 00 00 00 ]]
[[ DATA: 00 00 00 00 00 00 00 00 00 00 00 00 00 00 00 00 00 00 00 00 ]]
[[ DATA: 00 00 00 00 00 00 00 00 00 00 00 00 00 00 00 00 54 65 73 74 ]]
[[ DATA: 20 31 30 31 32 20 61 74 20 74 65 73 74 5F 63 61 6C 6C 5F 63 ]]
[[ DATA: 68 61 69 6E 73 2E 63 3A 33 35 31 00 00 00 00 00 00 00 00 00 ]]
[[ DATA: 00 00 00 00 00 00 00 00 00 00 00 00 00 00 00 00 00 00 00 00 ]]
[[ DATA: 00 00 00 00 00 00 00 00 00 00 00 00 00 00 00 00 00 00 00 00 ]]
[[ DATA: 00 00 00 00 00 00 00 00 00 00 00 00 00 00 00 00 00 00 00 00 ]]
[[ DATA: 6D 66 44 50 00 00 00 00 D4 D3 D2 D1 ]]

[[ DevAlert Data Ended. Checksum: 60501 ]]

[[ DevAlert Data Begins ]]
[[ DATA: D1 D2 D3 D4 F0 0F 01 00 18 46 01 00 01 00 01 00 03 00 00 00 ]]
[[ DATA: 20 00 20 00 10 00 00 00 24 00 00 00 24 44 55 4D 4D 59 5F 53 ]]
[[ DATA: 45 53 53 49 4F 4E 5F 49 44 00 00 00 00 00 00 00 00 00 00 00 ]]
[[ DATA: 00 00 00 00 24 44 55 4D 4D 59 5F 44 45 56 49 43 45 5F 49 44 ]]
[[ DATA: 00 00 00 00 00 00 00 00 00 00 00 00 00 00 00 00 74 72 61 70 ]]
[[ DATA: 2E 7A 70 72 00 00 00 00 00 00 00 00 50 44 61 50 F0 0F 03 10 ]]
[[ DATA: EB 02 00 00 74 72 61 70 2E 7A 70 72 00 00 00 00 00 00 00 00 ]]
[[ DATA: 50 61 44 50 00 00 00 00 D4 D3 D2 D1 ]]

[[ DevAlert Data Ended. Checksum: 26504 ]]

[[ DevAlert Data Begins ]]
[[ DATA: D1 D2 D3 D4 F0 0F 01 00 71 83 01 00 01 00 01 00 03 00 00 00 ]]
[[ DATA: 20 00 20 00 10 00 00 00 EB 02 00 00 24 44 55 4D 4D 59 5F 53 ]]
[[ DATA: 45 53 53 49 4F 4E 5F 49 44 00 00 00 00 00 00 00 00 00 00 00 ]]
[[ DATA: 00 00 00 00 24 44 55 4D 4D 59 5F 44 45 56 49 43 45 5F 49 44 ]]
[[ DATA: 00 00 00 00 00 00 00 00 00 00 00 00 00 00 00 00 74 72 61 70 ]]
[[ DATA: 2E 7A 70 72 00 00 00 00 00 00 00 00 5A 45 02 00 03 00 05 00 ]]
[[ DATA: 0D D0 00 00 41 03 00 4C 00 0A 00 00 00 00 00 00 00 00 F2 05 ]]
[[ DATA: 2A 64 00 00 00 8C 17 00 20 57 D5 00 08 36 D4 00 08 00 00 00 ]]
[[ DATA: 09 F0 39 00 20 8D 2D 00 08 A9 DC 00 08 98 3B 00 20 F8 39 00 ]]
[[ DATA: 20 FF FF FF FF FF FF FF FF FF FF FF FF FF FF FF FF 01 00 00 ]]
[[ DATA: 00 30 00 00 00 4D 01 00 D0 00 00 20 90 01 00 20 5C 33 00 20 ]]
[[ DATA: 5C 33 00 20 00 00 00 00 01 00 00 FF 80 00 00 00 00 00 00 00 ]]
[[ DATA: 00 00 00 00 00 00 00 00 00 00 00 00 00 00 00 00 49 0A 01 08 ]]
[[ DATA: 00 00 00 00 2C 01 00 00 00 00 00 00 98 3B 00 20 F8 3A 00 20 ]]
[[ DATA: FF FF FF FF FF FF FF FF FF FF FF FF FF FF FF FF 18 3A 00 20 ]]
[[ DATA: 00 00 00 00 28 01 00 20 28 01 00 20 A9 DC 00 08 00 00 00 00 ]]
[[ DATA: 00 00 00 00 00 00 00 00 00 00 00 00 6D 61 69 6E 00 00 00 00 ]]
[[ DATA: 00 00 00 00 00 00 00 00 00 00 00 00 00 00 00 00 00 00 00 00 ]]
[[ DATA: 00 00 00 00 A8 37 00 20 00 04 00 00 10 00 00 00 00 00 00 00 ]]
[[ DATA: 98 3B 00 20 00 00 00 00 00 00 00 00 00 00 00 00 00 00 00 00 ]]
[[ DATA: 00 00 00 00 F5 FF FF FF 4D 01 00 F0 39 00 20 A8 3B 00 20 01 ]]
[[ DATA: 00 00 00 14 00 00 00 0A 00 00 00 8D 2D 00 08 08 3A 00 20 23 ]]
[[ DATA: 1F 00 08 00 F2 05 2A 01 00 00 00 00 00 00 00 0A 00 00 00 48 ]]
[[ DATA: 3A 00 20 64 00 00 00 A7 1F 00 08 8D 2D 00 08 40 3A 00 20 C1 ]]
[[ DATA: 1F 00 08 64 0E 02 08 C8 C4 01 08 14 00 00 00 74 0E 02 08 00 ]]
[[ DATA: F2 05 2A 01 00 00 00 A4 C4 01 08 0A 00 00 00 22 00 00 00 23 ]]
[[ DATA: 00 00 00 70 3A 00 20 0D 11 00 08 64 0E 02 08 C8 C4 01 08 14 ]]
[[ DATA: 00 00 00 74 0E 02 08 74 0E 02 08 64 0E 02 08 80 3A 00 20 01 ]]
[[ DATA: 00 00 00 32 3A 00 20 7B 60 01 08 01 00 00 00 0A 00 00 00 00 ]]
[[ DATA: 00 00 00 26 00 00 00 D4 C4 01 08 A0 0F 00 20 92 00 00 00 00 ]]
[[ DATA: 00 00 00 91 00 00 00 FF FF FF FF FF FF FF FF FF FF FF FF 8D ]]
[[ DATA: 2D 00 08 E8 3A 00 20 D0 3A 00 20 6D 9C 00 08 00 00 00 00 30 ]]
[[ DATA: 3B 00 20 D4 C4 01 08 A0 0F 00 20 18 00 00 00 00 F0 81 69 E8 ]]
[[ DATA: 3A 00 20 09 20 00 08 74 0E 02 08 64 0E 02 08 C8 00 00 00 8D ]]
[[ DATA: 78 92 09 00 3B 00 20 3B 20 00 08 02 00 00 00 00 00 00 00 10 ]]
[[ DATA: 3B 00 20 F9 37 01 08 71 BE 43 0A 7C BD 01 08 28 3B 00 20 69 ]]
[[ DATA: 17 00 08 00 00 00 00 00 F0 81 69 54 0E 02 08 00 00 00 00 8D ]]
[[ DATA: 78 92 09 02 00 00 00 F4 03 00 00 02 00 00 00 00 00 00 00 00 ]]
[[ DATA: 00 00 00 00 00 00 00 00 F0 81 69 58 3B 00 20 71 11 00 08 80 ]]
[[ DATA: 3B 00 20 25 DD 00 08 AA AA AA AA 00 00 00 00 00 00 00 00 00 ]]
[[ DATA: 00 00 00 AA AA AA AA 2C BC 01 08 80 3B 00 20 B5 2D 00 08 00 ]]
[[ DATA: 00 00 00 00 00 00 00 00 00 00 00 A9 DC 00 08 80 40 00 20 7D ]]
[[ DATA: 41 00 08 AA AA AA AA AA AA AA AA D0 00 00 20 00 00 00 00 D4 ]]
[[ DATA: D3 D2 D1 ]]

[[ DevAlert Data Ended. Checksum: 56606 ]]

[[ DevAlert Data Begins ]]
[[ DATA: D1 D2 D3 D4 F0 0F 01 00 18 46 02 00 01 00 01 00 03 00 00 00 ]]
[[ DATA: 20 00 20 00 10 00 00 00 24 00 00 00 24 44 55 4D 4D 59 5F 53 ]]
[[ DATA: 45 53 53 49 4F 4E 5F 49 44 00 00 00 00 00 00 00 00 00 00 00 ]]
[[ DATA: 00 00 00 00 24 44 55 4D 4D 59 5F 44 45 56 49 43 45 5F 49 44 ]]
[[ DATA: 00 00 00 00 00 00 00 00 00 00 00 00 00 00 00 00 64 66 6D 5F ]]
[[ DATA: 74 72 61 63 65 2E 70 73 66 73 00 00 50 44 61 50 F0 0F 03 10 ]]
[[ DATA: F0 1A 00 00 64 66 6D 5F 74 72 61 63 65 2E 70 73 66 73 00 00 ]]
[[ DATA: 50 61 44 50 00 00 00 00 D4 D3 D2 D1 ]]

[[ DevAlert Data Ended. Checksum: 64276 ]]

[[ DevAlert Data Begins ]]
[[ DATA: D1 D2 D3 D4 F0 0F 01 00 71 83 02 00 01 00 07 00 03 00 00 00 ]]
[[ DATA: 20 00 20 00 10 00 00 00 E8 03 00 00 24 44 55 4D 4D 59 5F 53 ]]
[[ DATA: 45 53 53 49 4F 4E 5F 49 44 00 00 00 00 00 00 00 00 00 00 00 ]]
[[ DATA: 00 00 00 00 24 44 55 4D 4D 59 5F 44 45 56 49 43 45 5F 49 44 ]]
[[ DATA: 00 00 00 00 00 00 00 00 00 00 00 00 00 00 00 00 64 66 6D 5F ]]
[[ DATA: 74 72 61 63 65 2E 70 73 66 73 00 00 94 10 00 20 00 00 00 00 ]]
[[ DATA: 05 06 07 08 75 76 77 78 F5 F6 F7 F8 00 46 53 50 0E 00 A9 9A ]]
[[ DATA: 00 00 00 00 01 03 00 00 00 00 00 00 00 00 03 04 5A 65 70 68 ]]
[[ DATA: 79 72 00 00 01 00 00 00 00 71 02 00 00 68 89 09 00 00 00 00 ]]
[[ DATA: E8 03 00 00 32 DE 8A 10 00 00 00 00 38 00 00 00 1C 00 00 00 ]]
[[ DATA: 03 00 00 00 10 06 00 20 63 00 04 04 88 01 00 00 3A 01 00 00 ]]
[[ DATA: 00 00 00 40 73 79 73 63 61 6C 6C 73 00 00 00 00 00 00 00 00 ]]
[[ DATA: 00 00 00 00 00 00 00 00 00 00 00 00 00 00 00 00 00 00 00 00 ]]
[[ DATA: 00 00 00 00 00 00 00 00 00 00 00 00 00 00 00 00 00 00 00 00 ]]
[[ DATA: 00 00 00 00 00 00 00 00 00 00 00 00 00 00 00 00 00 00 00 00 ]]
[[ DATA: 00 00 00 00 00 00 00 00 00 00 00 00 00 00 00 00 00 00 00 00 ]]
[[ DATA: 00 00 00 00 00 00 00 00 00 00 00 00 00 00 00 00 00 00 00 00 ]]
[[ DATA: 00 00 00 00 00 00 00 00 00 00 00 00 00 00 00 00 00 00 00 00 ]]
[[ DATA: 00 00 00 00 00 00 00 00 00 00 00 00 00 00 00 00 00 00 00 00 ]]
[[ DATA: 00 00 00 00 00 00 00 00 00 00 00 00 00 00 00 00 00 00 00 00 ]]
[[ DATA: 00 00 00 00 00 00 00 00 00 00 00 00 00 00 00 00 00 00 00 00 ]]
[[ DATA: 00 00 00 00 00 00 00 00 00 00 00 00 00 00 00 00 00 00 00 00 ]]
[[ DATA: 00 00 00 00 00 00 00 00 00 00 00 00 00 00 00 00 00 00 00 00 ]]
[[ DATA: 00 00 00 00 00 00 00 00 00 00 00 00 00 00 00 00 00 00 00 00 ]]
[[ DATA: 00 00 00 00 00 00 00 00 00 00 00 00 00 00 00 00 00 00 00 00 ]]
[[ DATA: 00 00 00 00 00 00 00 00 00 00 00 00 00 00 00 00 00 00 00 00 ]]
[[ DATA: 00 00 00 00 00 00 00 00 00 00 00 00 00 00 00 00 00 00 00 00 ]]
[[ DATA: 00 00 00 00 00 00 00 00 00 00 00 00 00 00 00 00 00 00 00 00 ]]
[[ DATA: 00 00 00 00 00 00 00 00 00 00 00 00 00 00 00 00 00 00 00 00 ]]
[[ DATA: 00 00 00 00 00 00 00 00 00 00 00 00 00 00 00 00 00 00 00 00 ]]
[[ DATA: 00 00 00 00 00 00 00 00 00 00 00 00 00 00 00 00 00 00 00 00 ]]
[[ DATA: 00 00 00 00 00 00 00 00 00 00 00 00 00 00 00 00 00 00 00 00 ]]
[[ DATA: 00 00 00 00 00 00 00 00 00 00 00 00 00 00 00 00 00 00 00 00 ]]
[[ DATA: 00 00 00 00 00 00 00 00 00 00 00 00 00 00 00 00 00 00 00 00 ]]
[[ DATA: 00 00 00 00 00 00 00 00 00 00 00 00 00 00 00 00 00 00 00 00 ]]
[[ DATA: 00 00 00 00 00 00 00 00 00 00 00 00 00 00 00 00 00 00 00 00 ]]
[[ DATA: 00 00 00 00 00 00 00 00 00 00 00 00 00 00 00 00 00 00 00 00 ]]
[[ DATA: 00 00 00 00 00 00 00 00 00 00 00 00 00 00 00 00 00 00 00 00 ]]
[[ DATA: 00 00 00 00 00 00 00 00 00 00 00 00 00 00 00 00 00 00 00 00 ]]
[[ DATA: 00 00 00 00 00 00 00 00 00 00 00 00 00 00 00 00 00 00 00 00 ]]
[[ DATA: 00 00 00 00 00 00 00 00 00 00 00 00 00 00 00 00 00 00 00 00 ]]
[[ DATA: 00 00 00 00 00 00 00 00 00 00 00 00 00 00 00 00 00 00 00 00 ]]
[[ DATA: 00 00 00 00 00 00 00 00 00 00 00 00 00 00 00 00 00 00 00 00 ]]
[[ DATA: 00 00 00 00 00 00 00 00 00 00 00 00 00 00 00 00 00 00 00 00 ]]
[[ DATA: 00 00 00 00 00 00 00 00 00 00 00 00 00 00 00 00 00 00 00 00 ]]
[[ DATA: 00 00 00 00 00 00 00 00 00 00 00 00 00 00 00 00 00 00 00 00 ]]
[[ DATA: 00 00 00 00 00 00 00 00 00 00 00 00 00 00 00 00 00 00 00 00 ]]
[[ DATA: 00 00 00 00 00 00 00 00 00 00 00 00 00 00 00 00 00 00 00 00 ]]
[[ DATA: 00 00 00 00 00 00 00 00 00 00 00 00 00 00 00 00 00 00 00 00 ]]
[[ DATA: 00 00 00 00 00 00 00 00 00 00 00 00 00 00 00 00 00 00 00 00 ]]
[[ DATA: 00 00 00 00 00 00 00 00 00 00 00 00 00 00 00 00 00 00 00 00 ]]
[[ DATA: 00 00 00 00 00 00 00 00 00 00 00 00 00 00 00 00 00 00 00 00 ]]
[[ DATA: 00 00 00 00 00 00 00 00 00 00 00 00 00 00 00 00 00 00 00 00 ]]
[[ DATA: 00 00 00 00 00 00 00 00 00 00 00 00 00 00 00 00 00 00 00 00 ]]
[[ DATA: 00 00 00 00 00 00 00 00 00 00 00 00 00 00 00 00 00 00 00 00 ]]
[[ DATA: 00 00 00 00 00 00 00 00 00 00 00 00 D4 D3 D2 D1 ]]

[[ DevAlert Data Ended. Checksum: 52691 ]]

[[ DevAlert Data Begins ]]
[[ DATA: D1 D2 D3 D4 F0 0F 01 00 71 83 02 00 02 00 07 00 03 00 00 00 ]]
[[ DATA: 20 00 20 00 10 00 00 00 E8 03 00 00 24 44 55 4D 4D 59 5F 53 ]]
[[ DATA: 45 53 53 49 4F 4E 5F 49 44 00 00 00 00 00 00 00 00 00 00 00 ]]
[[ DATA: 00 00 00 00 24 44 55 4D 4D 59 5F 44 45 56 49 43 45 5F 49 44 ]]
[[ DATA: 00 00 00 00 00 00 00 00 00 00 00 00 00 00 00 00 64 66 6D 5F ]]
[[ DATA: 74 72 61 63 65 2E 70 73 66 73 00 00 00 00 00 00 00 00 00 00 ]]
[[ DATA: 00 00 00 00 00 00 00 00 00 00 00 00 00 00 00 00 00 00 00 00 ]]
[[ DATA: 00 00 00 00 00 00 00 00 00 00 00 00 00 00 00 00 00 00 00 00 ]]
[[ DATA: 00 00 00 00 00 00 00 00 00 00 00 00 00 00 00 00 00 00 00 00 ]]
[[ DATA: 00 00 00 00 00 00 00 00 00 00 00 00 00 00 00 00 00 00 00 00 ]]
[[ DATA: 00 00 00 00 00 00 00 00 00 00 00 00 00 00 00 00 00 00 00 00 ]]
[[ DATA: 00 00 00 00 00 00 00 00 00 00 00 00 00 00 00 00 00 00 00 00 ]]
[[ DATA: 00 00 00 00 00 00 00 00 00 00 00 00 00 00 00 00 00 00 00 00 ]]
[[ DATA: 00 00 00 00 00 00 00 00 00 00 00 00 00 00 00 00 00 00 00 00 ]]
[[ DATA: 00 00 00 00 00 00 00 00 00 00 00 00 00 00 00 00 00 00 00 00 ]]
[[ DATA: 00 00 00 00 00 00 00 00 00 00 00 00 00 00 00 00 00 00 00 00 ]]
[[ DATA: 00 00 00 00 00 00 00 00 00 00 00 00 00 00 00 00 00 00 00 00 ]]
[[ DATA: 00 00 00 00 00 00 00 00 00 00 00 00 00 00 00 00 00 00 00 00 ]]
[[ DATA: 00 00 00 00 00 00 00 00 00 00 00 00 00 00 00 00 00 00 00 00 ]]
[[ DATA: 00 00 00 00 00 00 00 00 00 00 00 00 00 00 00 00 00 00 00 00 ]]
[[ DATA: 00 00 00 00 00 00 00 00 00 00 00 00 00 00 00 00 00 00 00 00 ]]
[[ DATA: 00 00 00 00 00 00 00 00 00 00 00 00 00 00 00 00 00 00 00 00 ]]
[[ DATA: 00 00 00 00 00 00 00 00 00 00 00 00 00 00 00 00 00 00 00 00 ]]
[[ DATA: 00 00 00 00 00 00 00 00 00 00 00 00 00 00 00 00 00 00 00 00 ]]
[[ DATA: 00 00 00 00 00 00 00 00 00 00 00 00 00 00 00 00 00 00 00 00 ]]
[[ DATA: 00 00 00 00 00 00 00 00 00 00 00 00 00 00 00 00 00 00 00 00 ]]
[[ DATA: 00 00 00 00 00 00 00 00 00 00 00 00 00 00 00 00 00 00 00 00 ]]
[[ DATA: 00 00 00 00 00 00 00 00 00 00 00 00 00 00 00 00 00 00 00 00 ]]
[[ DATA: 00 00 00 00 00 00 00 00 00 00 00 00 00 00 00 00 00 00 00 00 ]]
[[ DATA: 00 00 00 00 00 00 00 00 00 00 00 00 00 00 00 00 00 00 00 00 ]]
[[ DATA: 00 00 00 00 00 00 00 00 00 00 00 00 00 00 00 00 00 00 00 00 ]]
[[ DATA: 00 00 00 00 00 00 00 00 00 00 00 00 00 00 00 00 00 00 00 00 ]]
[[ DATA: 00 00 00 00 00 00 00 00 00 00 00 00 00 00 00 00 00 00 00 00 ]]
[[ DATA: 00 00 00 00 00 00 00 00 00 00 00 00 00 00 00 00 00 00 00 00 ]]
[[ DATA: 00 00 00 00 00 00 00 00 00 00 00 00 00 00 00 00 00 00 00 00 ]]
[[ DATA: 00 00 00 00 00 00 00 00 00 00 00 00 00 00 00 00 00 00 00 00 ]]
[[ DATA: 00 00 00 00 00 00 00 00 00 00 00 00 00 00 00 00 00 00 00 00 ]]
[[ DATA: 00 00 00 00 00 00 00 00 00 00 00 00 00 00 00 00 00 00 00 00 ]]
[[ DATA: 00 00 00 00 00 00 00 00 00 00 00 00 00 00 00 00 00 00 00 00 ]]
[[ DATA: 00 00 00 00 00 00 00 00 00 00 00 00 00 00 00 00 00 00 00 00 ]]
[[ DATA: 00 00 00 00 00 00 00 00 00 00 00 00 00 00 00 00 00 00 00 00 ]]
[[ DATA: 00 00 00 00 00 00 00 00 00 00 00 00 00 00 00 00 00 00 00 00 ]]
[[ DATA: 00 00 00 00 00 00 00 00 00 00 00 00 00 00 00 00 00 00 00 00 ]]
[[ DATA: 00 00 00 00 00 00 00 00 00 00 00 00 00 00 00 00 00 00 00 00 ]]
[[ DATA: 00 00 00 00 00 00 00 00 00 00 00 00 00 00 00 00 00 00 00 00 ]]
[[ DATA: 00 00 00 00 00 00 00 00 00 00 00 00 00 00 00 00 00 00 00 00 ]]
[[ DATA: 00 00 00 00 00 00 00 00 00 00 00 00 00 00 00 00 00 00 00 00 ]]
[[ DATA: 00 00 00 00 00 00 00 00 00 00 00 00 00 00 00 00 00 00 00 00 ]]
[[ DATA: 00 00 00 00 00 00 00 00 00 00 00 00 00 00 00 00 00 00 00 00 ]]
[[ DATA: 00 00 00 00 00 00 00 00 00 00 00 00 00 00 00 00 00 00 00 00 ]]
[[ DATA: 00 00 00 00 00 00 00 00 00 00 00 00 00 00 00 00 00 00 00 00 ]]
[[ DATA: 00 00 00 00 00 00 00 00 00 00 00 00 00 00 00 00 00 00 00 00 ]]
[[ DATA: 00 00 00 00 00 00 00 00 00 00 00 00 00 00 00 00 00 00 00 00 ]]
[[ DATA: 00 00 00 00 00 00 00 00 00 00 00 00 00 00 00 00 00 00 00 00 ]]
[[ DATA: 00 00 00 00 00 00 00 00 00 00 00 00 00 00 00 00 00 00 00 00 ]]
[[ DATA: 00 00 00 00 00 00 00 00 00 00 00 00 D4 D3 D2 D1 ]]

[[ DevAlert Data Ended. Checksum: 6284 ]]

[[ DevAlert Data Begins ]]
[[ DATA: D1 D2 D3 D4 F0 0F 01 00 71 83 02 00 03 00 07 00 03 00 00 00 ]]
[[ DATA: 20 00 20 00 10 00 00 00 E8 03 00 00 24 44 55 4D 4D 59 5F 53 ]]
[[ DATA: 45 53 53 49 4F 4E 5F 49 44 00 00 00 00 00 00 00 00 00 00 00 ]]
[[ DATA: 00 00 00 00 24 44 55 4D 4D 59 5F 44 45 56 49 43 45 5F 49 44 ]]
[[ DATA: 00 00 00 00 00 00 00 00 00 00 00 00 00 00 00 00 64 66 6D 5F ]]
[[ DATA: 74 72 61 63 65 2E 70 73 66 73 00 00 00 00 00 00 00 00 00 00 ]]
[[ DATA: 00 00 00 00 00 00 00 00 00 00 00 00 00 00 00 00 00 00 00 00 ]]
[[ DATA: 00 00 00 00 00 00 00 00 00 00 00 00 00 00 00 00 00 00 00 00 ]]
[[ DATA: 00 00 00 00 00 00 00 00 00 00 00 00 00 00 00 00 00 00 00 00 ]]
[[ DATA: 00 00 00 00 00 00 00 00 00 00 00 00 00 00 00 00 00 00 00 00 ]]
[[ DATA: 00 00 00 00 00 00 00 00 00 00 00 00 00 00 00 00 00 00 00 00 ]]
[[ DATA: 00 00 00 00 00 00 00 00 00 00 00 00 00 00 00 00 00 00 00 00 ]]
[[ DATA: 00 00 00 00 00 00 00 00 00 00 00 00 00 00 00 00 00 00 00 00 ]]
[[ DATA: 00 00 00 00 00 00 00 00 00 00 00 00 00 00 00 00 00 00 00 00 ]]
[[ DATA: 00 00 00 00 00 00 00 00 00 00 00 00 00 00 00 00 00 00 00 00 ]]
[[ DATA: 00 00 00 00 00 00 00 00 00 00 00 00 00 00 00 00 00 00 00 00 ]]
[[ DATA: 00 00 00 00 00 00 00 00 00 00 00 00 00 00 00 00 00 00 00 00 ]]
[[ DATA: 00 00 00 00 00 00 00 00 00 00 00 00 00 00 00 00 00 00 00 00 ]]
[[ DATA: 00 00 00 00 00 00 00 00 00 00 00 00 00 00 00 00 00 00 00 00 ]]
[[ DATA: 00 00 00 00 00 00 00 00 00 00 00 00 00 00 00 00 00 00 00 00 ]]
[[ DATA: 00 00 00 00 00 00 00 00 00 00 00 00 00 00 00 00 00 00 00 00 ]]
[[ DATA: 00 00 00 00 00 00 00 00 00 00 00 00 00 00 00 00 00 00 00 00 ]]
[[ DATA: 00 00 00 00 00 00 00 00 00 00 00 00 00 00 00 00 00 00 00 00 ]]
[[ DATA: 00 00 00 00 00 00 00 00 00 00 00 00 00 00 00 00 00 00 00 00 ]]
[[ DATA: 00 00 00 00 00 00 00 00 00 00 00 00 00 00 00 00 00 00 00 00 ]]
[[ DATA: 00 00 00 00 00 00 00 00 00 00 00 00 00 00 00 00 00 00 00 00 ]]
[[ DATA: 00 00 00 00 00 00 00 00 00 00 00 00 00 00 00 00 00 00 00 00 ]]
[[ DATA: 00 00 00 00 00 00 00 00 00 00 00 00 00 00 00 00 00 00 00 00 ]]
[[ DATA: 00 00 00 00 00 00 00 00 00 00 00 00 00 00 00 00 00 00 00 00 ]]
[[ DATA: 00 00 00 00 00 00 00 00 00 00 00 00 00 00 00 00 00 00 00 00 ]]
[[ DATA: 00 00 00 00 70 0F 00 20 00 00 00 00 00 00 00 00 00 00 00 00 ]]
[[ DATA: 00 00 00 00 41 4C 45 52 54 00 00 00 00 00 00 00 00 00 00 00 ]]
[[ DATA: 00 00 00 00 00 00 00 00 00 00 00 00 A0 0F 00 20 00 00 00 00 ]]
[[ DATA: 00 00 00 00 00 00 00 00 00 00 00 00 44 46 4D 20 54 65 73 74 ]]
[[ DATA: 73 00 00 00 00 00 00 00 00 00 00 00 00 00 00 00 00 00 00 00 ]]
[[ DATA: 30 23 00 20 00 00 00 00 00 00 00 00 00 00 00 00 00 00 00 00 ]]
[[ DATA: 54 7A 43 74 72 6C 00 00 00 00 00 00 00 00 00 00 00 00 00 00 ]]
[[ DATA: 00 00 00 00 00 00 00 00 30 03 00 20 FF FF FF FF 00 00 00 00 ]]
[[ DATA: 00 00 00 00 00 00 00 00 73 79 73 77 6F 72 6B 71 00 00 00 00 ]]
[[ DATA: 00 00 00 00 00 00 00 00 00 00 00 00 00 00 00 00 90 01 00 20 ]]
[[ DATA: 0F 00 00 00 00 00 00 00 00 00 00 00 00 00 00 00 69 64 6C 65 ]]
[[ DATA: 00 00 00 00 00 00 00 00 00 00 00 00 00 00 00 00 00 00 00 00 ]]
[[ DATA: 00 00 00 00 D0 00 00 20 00 00 00 00 00 00 00 00 00 00 00 00 ]]
[[ DATA: 00 00 00 00 6D 61 69 6E 00 00 00 00 00 00 00 00 00 00 00 00 ]]
[[ DATA: 00 00 00 00 00 00 00 00 00 00 00 00 00 10 00 00 10 07 00 00 ]]
[[ DATA: 00 00 00 00 D4 0F 00 00 01 00 00 00 00 00 00 00 D4 0F 00 00 ]]
[[ DATA: 00 00 00 00 10 07 00 00 00 00 00 00 00 00 00 00 C0 10 00 20 ]]
[[ DATA: 01 10 01 00 77 3C 00 00 02 00 00 00 10 30 02 00 33 A2 00 00 ]]
[[ DATA: D0 00 00 20 00 04 00 00 00 00 00 00 30 10 03 00 57 AA 00 00 ]]
[[ DATA: D0 00 00 20 10 30 04 00 E4 DD 00 00 90 01 00 20 40 01 00 00 ]]
[[ DATA: 0F 00 00 00 37 20 05 00 D2 E6 00 00 D0 00 00 20 00 00 00 00 ]]
[[ DATA: 2F 51 06 00 F6 EC 00 00 30 03 00 20 E8 40 00 20 00 04 00 00 ]]
[[ DATA: FF FF FF FF 58 11 02 08 10 30 07 00 44 4D 01 00 30 03 00 20 ]]
[[ DATA: 00 04 00 00 FF FF FF FF 5D 11 08 00 C1 5D 01 00 30 03 00 20 ]]
[[ DATA: 30 10 09 00 64 65 01 00 30 03 00 20 37 20 0A 00 FC 7B 01 00 ]]
[[ DATA: 30 03 00 20 FF FF FF FF 37 20 0B 00 D4 D3 D2 D1 ]]

[[ DevAlert Data Ended. Checksum: 7505 ]]

[[ DevAlert Data Begins ]]
[[ DATA: D1 D2 D3 D4 F0 0F 01 00 71 83 02 00 04 00 07 00 03 00 00 00 ]]
[[ DATA: 20 00 20 00 10 00 00 00 E8 03 00 00 24 44 55 4D 4D 59 5F 53 ]]
[[ DATA: 45 53 53 49 4F 4E 5F 49 44 00 00 00 00 00 00 00 00 00 00 00 ]]
[[ DATA: 00 00 00 00 24 44 55 4D 4D 59 5F 44 45 56 49 43 45 5F 49 44 ]]
[[ DATA: 00 00 00 00 00 00 00 00 00 00 00 00 00 00 00 00 64 66 6D 5F ]]
[[ DATA: 74 72 61 63 65 2E 70 73 66 73 00 00 79 99 01 00 D0 00 00 20 ]]
[[ DATA: 00 00 00 00 2E 11 0C 00 58 9E 01 00 30 03 00 20 10 30 0D 00 ]]
[[ DATA: C8 FF 01 00 30 23 00 20 00 04 00 00 00 00 00 00 5D 11 0E 00 ]]
[[ DATA: 88 04 02 00 30 23 00 20 30 10 0F 00 F4 0B 02 00 30 23 00 20 ]]
[[ DATA: 2A 10 10 00 CF 6A 05 00 E8 03 00 00 37 20 11 00 1A 8F 05 00 ]]
[[ DATA: 30 23 00 20 00 00 00 00 EA 20 12 00 DE AE 05 00 D0 00 00 20 ]]
[[ DATA: 30 01 00 00 2A 10 13 00 7C B3 05 00 FA 00 00 00 37 20 14 00 ]]
[[ DATA: 6D CD 05 00 90 01 00 20 0F 00 00 00 30 10 15 00 11 B8 69 02 ]]
[[ DATA: 30 23 00 20 37 20 16 00 58 D2 69 02 30 23 00 20 00 00 00 00 ]]
[[ DATA: 2B 10 17 00 3C DA 69 02 00 00 00 00 EA 20 18 00 8F EE 69 02 ]]
[[ DATA: 90 01 00 20 AC 00 00 00 2A 10 19 00 14 F3 69 02 FA 00 00 00 ]]
[[ DATA: 37 20 1A 00 30 0D 6A 02 90 01 00 20 0F 00 00 00 30 10 1B 00 ]]
[[ DATA: 8F 82 CE 04 30 23 00 20 37 20 1C 00 90 9C CE 04 30 23 00 20 ]]
[[ DATA: 00 00 00 00 2B 10 1D 00 62 A4 CE 04 00 00 00 00 EA 20 1E 00 ]]
[[ DATA: B1 B9 CE 04 30 03 00 20 B8 00 00 00 2A 10 1F 00 36 BE CE 04 ]]
[[ DATA: FA 00 00 00 37 20 20 00 48 D8 CE 04 90 01 00 20 0F 00 00 00 ]]
[[ DATA: 30 10 21 00 8F 4D 33 07 30 23 00 20 37 20 22 00 90 67 33 07 ]]
[[ DATA: 30 23 00 20 00 00 00 00 2B 10 23 00 62 6F 33 07 00 00 00 00 ]]
[[ DATA: EA 20 24 00 69 96 33 07 30 23 00 20 90 01 00 00 2A 10 25 00 ]]
[[ DATA: EE 9A 33 07 FA 00 00 00 37 20 26 00 5D B2 33 07 90 01 00 20 ]]
[[ DATA: 0F 00 00 00 30 10 27 00 85 C5 90 09 D0 00 00 20 37 20 28 00 ]]
[[ DATA: 91 DF 90 09 D0 00 00 20 00 00 00 00 2B 10 29 00 63 E7 90 09 ]]
[[ DATA: 00 00 00 00 03 40 2A 00 80 3C 94 09 A0 0F 00 20 44 46 4D 20 ]]
[[ DATA: 54 65 73 74 73 00 00 00 92 50 2B 00 15 E1 97 09 A0 0F 00 20 ]]
[[ DATA: E9 03 00 00 54 25 75 20 42 45 47 49 4E 00 00 00 92 70 2C 00 ]]
[[ DATA: 7B E9 97 09 A0 0F 00 20 01 00 00 00 54 31 30 30 31 20 41 52 ]]
[[ DATA: 47 53 20 61 30 3D 25 75 00 00 00 00 92 70 2D 00 CD EF 97 09 ]]
[[ DATA: A0 0F 00 20 06 00 00 00 54 31 30 30 31 20 41 52 47 53 20 61 ]]
[[ DATA: 35 3D 25 75 00 00 00 00 91 A0 2E 00 CF F6 97 09 A0 0F 00 20 ]]
[[ DATA: 54 31 30 30 31 20 50 41 54 48 20 70 75 62 6C 69 63 5F 61 70 ]]
[[ DATA: 69 20 2D 3E 20 73 65 72 76 69 63 65 00 00 00 00 91 90 2F 00 ]]
[[ DATA: A2 FD 97 09 A0 0F 00 20 54 31 30 30 31 20 50 41 54 48 20 73 ]]
[[ DATA: 65 72 76 69 63 65 20 2D 3E 20 74 72 61 70 5F 73 69 74 65 00 ]]
[[ DATA: 03 30 30 00 54 33 98 09 70 0F 00 20 41 4C 45 52 54 00 00 00 ]]
[[ DATA: 91 A0 31 00 B1 3A 98 09 70 0F 00 20 54 65 73 74 20 31 30 30 ]]
[[ DATA: 31 20 61 74 20 74 65 73 74 5F 63 61 6C 6C 5F 63 68 61 69 6E ]]
[[ DATA: 73 2E 63 3A 32 36 00 00 30 10 32 00 2A BB A5 09 30 23 00 20 ]]
[[ DATA: 2A 10 33 00 75 E4 A6 09 2C 01 00 00 37 20 34 00 4C 0A A7 09 ]]
[[ DATA: 30 23 00 20 00 00 00 00 2B 10 35 00 3A 12 A7 09 00 00 00 00 ]]
[[ DATA: EA 20 36 00 F4 2A A7 09 D0 00 00 20 E0 00 00 00 2A 10 37 00 ]]
[[ DATA: 79 2F A7 09 FA 00 00 00 37 20 38 00 5F 49 A7 09 90 01 00 20 ]]
[[ DATA: 0F 00 00 00 30 10 39 00 D7 89 0B 0C 30 23 00 20 37 20 3A 00 ]]
[[ DATA: 15 A4 0B 0C 30 23 00 20 00 00 00 00 2B 10 3B 00 E7 AB 0B 0C ]]
[[ DATA: 00 00 00 00 EA 20 3C 00 3A C0 0B 0C 90 01 00 20 AC 00 00 00 ]]
[[ DATA: 2A 10 3D 00 BF C4 0B 0C FA 00 00 00 37 20 3E 00 2E DC 0B 0C ]]
[[ DATA: 90 01 00 20 0F 00 00 00 30 10 3F 00 A9 9B 85 0C D0 00 00 20 ]]
[[ DATA: 37 20 40 00 AA B5 85 0C D0 00 00 20 00 00 00 00 2B 10 41 00 ]]
[[ DATA: 7C BD 85 0C 00 00 00 00 92 50 42 00 28 AE 86 0C A0 0F 00 20 ]]
[[ DATA: EB 03 00 00 54 25 75 20 42 45 47 49 4E 00 00 00 91 60 43 00 ]]
[[ DATA: B7 B6 86 0C A0 0F 00 20 54 31 30 30 33 20 41 52 47 53 20 72 ]]
[[ DATA: 30 3D 31 30 00 00 00 00 91 60 44 00 D4 D3 D2 D1 ]]

[[ DevAlert Data Ended. Checksum: 62934 ]]

[[ DevAlert Data Begins ]]
[[ DATA: D1 D2 D3 D4 F0 0F 01 00 71 83 02 00 05 00 07 00 03 00 00 00 ]]
[[ DATA: 20 00 20 00 10 00 00 00 E8 03 00 00 24 44 55 4D 4D 59 5F 53 ]]
[[ DATA: 45 53 53 49 4F 4E 5F 49 44 00 00 00 00 00 00 00 00 00 00 00 ]]
[[ DATA: 00 00 00 00 24 44 55 4D 4D 59 5F 44 45 56 49 43 45 5F 49 44 ]]
[[ DATA: 00 00 00 00 00 00 00 00 00 00 00 00 00 00 00 00 64 66 6D 5F ]]
[[ DATA: 74 72 61 63 65 2E 70 73 66 73 00 00 97 BC 86 0C A0 0F 00 20 ]]
[[ DATA: 54 31 30 30 33 20 41 52 47 53 20 72 31 3D 32 30 00 00 00 00 ]]
[[ DATA: 91 60 45 00 50 C2 86 0C A0 0F 00 20 54 31 30 30 33 20 41 52 ]]
[[ DATA: 47 53 20 72 32 3D 33 30 00 00 00 00 91 60 46 00 00 C8 86 0C ]]
[[ DATA: A0 0F 00 20 54 31 30 30 33 20 41 52 47 53 20 72 33 3D 34 30 ]]
[[ DATA: 00 00 00 00 91 B0 47 00 2C CF 86 0C A0 0F 00 20 54 31 30 30 ]]
[[ DATA: 33 20 50 41 54 48 20 74 65 73 74 5F 74 68 72 65 61 64 20 2D ]]
[[ DATA: 3E 20 74 72 61 70 5F 61 74 5F 65 6E 74 72 79 00 91 A0 48 00 ]]
[[ DATA: D0 04 87 0C 70 0F 00 20 54 65 73 74 20 31 30 30 33 20 61 74 ]]
[[ DATA: 20 74 65 73 74 5F 63 61 6C 6C 5F 63 68 61 69 6E 73 2E 63 3A ]]
[[ DATA: 31 36 39 00 2A 10 49 00 9A E0 AB 0D 2C 01 00 00 37 20 4A 00 ]]
[[ DATA: 7B F9 AB 0D 90 01 00 20 0F 00 00 00 30 10 4B 00 5B 55 70 0E ]]
[[ DATA: 30 23 00 20 37 20 4C 00 7F 6F 70 0E 30 23 00 20 00 00 00 00 ]]
[[ DATA: 2B 10 4D 00 63 77 70 0E 00 00 00 00 EA 20 4E 00 D5 8C 70 0E ]]
[[ DATA: 30 03 00 20 B8 00 00 00 2A 10 4F 00 5A 91 70 0E FA 00 00 00 ]]
[[ DATA: 37 20 50 00 C9 A8 70 0E 90 01 00 20 0F 00 00 00 30 10 51 00 ]]
[[ DATA: 85 70 89 10 D0 00 00 20 37 20 52 00 91 8A 89 10 D0 00 00 20 ]]
[[ DATA: 00 00 00 00 2B 10 53 00 63 92 89 10 00 00 00 00 92 50 54 00 ]]
[[ DATA: 0C 83 8A 10 A0 0F 00 20 F4 03 00 00 54 25 75 20 42 45 47 49 ]]
[[ DATA: 4E 00 00 00 91 B0 55 00 01 8D 8A 10 A0 0F 00 20 54 31 30 31 ]]
[[ DATA: 32 20 50 41 54 48 20 73 6D 61 6C 6C 5F 66 72 61 6D 65 20 2D ]]
[[ DATA: 3E 20 6C 61 72 67 65 5F 66 72 61 6D 65 00 00 00 91 80 56 00 ]]
[[ DATA: BB 93 8A 10 A0 0F 00 20 54 31 30 31 32 20 44 41 54 41 20 77 ]]
[[ DATA: 69 64 65 3D 35 30 30 30 30 30 30 30 30 30 00 00 91 A0 57 00 ]]
[[ DATA: 97 9A 8A 10 A0 0F 00 20 54 31 30 31 32 20 50 41 54 48 20 6C ]]
[[ DATA: 61 72 67 65 5F 66 72 61 6D 65 20 2D 3E 20 73 69 78 5F 61 72 ]]
[[ DATA: 67 73 00 00 92 80 58 00 71 A1 8A 10 A0 0F 00 20 0A 00 00 00 ]]
[[ DATA: 54 31 30 31 32 20 41 52 47 53 20 73 63 61 6C 61 72 3D 25 75 ]]
[[ DATA: 00 00 00 00 92 70 59 00 ED A7 8A 10 A0 0F 00 20 14 00 00 00 ]]
[[ DATA: 54 31 30 31 32 20 41 52 47 53 20 73 6D 61 6C 6C 3D 25 75 00 ]]
[[ DATA: 91 A0 5A 00 32 DE 8A 10 70 0F 00 20 54 65 73 74 20 31 30 31 ]]
[[ DATA: 32 20 61 74 20 74 65 73 74 5F 63 61 6C 6C 5F 63 68 61 69 6E ]]
[[ DATA: 73 2E 63 3A 33 35 31 00 00 00 00 00 00 00 00 00 00 00 00 00 ]]
[[ DATA: 00 00 00 00 00 00 00 00 00 00 00 00 00 00 00 00 00 00 00 00 ]]
[[ DATA: 00 00 00 00 00 00 00 00 00 00 00 00 00 00 00 00 00 00 00 00 ]]
[[ DATA: 00 00 00 00 00 00 00 00 00 00 00 00 00 00 00 00 00 00 00 00 ]]
[[ DATA: 00 00 00 00 00 00 00 00 00 00 00 00 00 00 00 00 00 00 00 00 ]]
[[ DATA: 00 00 00 00 00 00 00 00 00 00 00 00 00 00 00 00 00 00 00 00 ]]
[[ DATA: 00 00 00 00 00 00 00 00 00 00 00 00 00 00 00 00 00 00 00 00 ]]
[[ DATA: 00 00 00 00 00 00 00 00 00 00 00 00 00 00 00 00 00 00 00 00 ]]
[[ DATA: 00 00 00 00 00 00 00 00 00 00 00 00 00 00 00 00 00 00 00 00 ]]
[[ DATA: 00 00 00 00 00 00 00 00 00 00 00 00 00 00 00 00 00 00 00 00 ]]
[[ DATA: 00 00 00 00 00 00 00 00 00 00 00 00 00 00 00 00 00 00 00 00 ]]
[[ DATA: 00 00 00 00 00 00 00 00 00 00 00 00 00 00 00 00 00 00 00 00 ]]
[[ DATA: 00 00 00 00 00 00 00 00 00 00 00 00 00 00 00 00 00 00 00 00 ]]
[[ DATA: 00 00 00 00 00 00 00 00 00 00 00 00 00 00 00 00 00 00 00 00 ]]
[[ DATA: 00 00 00 00 00 00 00 00 00 00 00 00 00 00 00 00 00 00 00 00 ]]
[[ DATA: 00 00 00 00 00 00 00 00 00 00 00 00 00 00 00 00 00 00 00 00 ]]
[[ DATA: 00 00 00 00 00 00 00 00 00 00 00 00 00 00 00 00 00 00 00 00 ]]
[[ DATA: 00 00 00 00 00 00 00 00 00 00 00 00 00 00 00 00 00 00 00 00 ]]
[[ DATA: 00 00 00 00 00 00 00 00 00 00 00 00 D4 D3 D2 D1 ]]

[[ DevAlert Data Ended. Checksum: 49289 ]]

[[ DevAlert Data Begins ]]
[[ DATA: D1 D2 D3 D4 F0 0F 01 00 71 83 02 00 06 00 07 00 03 00 00 00 ]]
[[ DATA: 20 00 20 00 10 00 00 00 E8 03 00 00 24 44 55 4D 4D 59 5F 53 ]]
[[ DATA: 45 53 53 49 4F 4E 5F 49 44 00 00 00 00 00 00 00 00 00 00 00 ]]
[[ DATA: 00 00 00 00 24 44 55 4D 4D 59 5F 44 45 56 49 43 45 5F 49 44 ]]
[[ DATA: 00 00 00 00 00 00 00 00 00 00 00 00 00 00 00 00 64 66 6D 5F ]]
[[ DATA: 74 72 61 63 65 2E 70 73 66 73 00 00 00 00 00 00 00 00 00 00 ]]
[[ DATA: 00 00 00 00 00 00 00 00 00 00 00 00 00 00 00 00 00 00 00 00 ]]
[[ DATA: 00 00 00 00 00 00 00 00 00 00 00 00 00 00 00 00 00 00 00 00 ]]
[[ DATA: 00 00 00 00 00 00 00 00 00 00 00 00 00 00 00 00 00 00 00 00 ]]
[[ DATA: 00 00 00 00 00 00 00 00 00 00 00 00 00 00 00 00 00 00 00 00 ]]
[[ DATA: 00 00 00 00 00 00 00 00 00 00 00 00 00 00 00 00 00 00 00 00 ]]
[[ DATA: 00 00 00 00 00 00 00 00 00 00 00 00 00 00 00 00 00 00 00 00 ]]
[[ DATA: 00 00 00 00 00 00 00 00 00 00 00 00 00 00 00 00 00 00 00 00 ]]
[[ DATA: 00 00 00 00 00 00 00 00 00 00 00 00 00 00 00 00 00 00 00 00 ]]
[[ DATA: 00 00 00 00 00 00 00 00 00 00 00 00 00 00 00 00 00 00 00 00 ]]
[[ DATA: 00 00 00 00 00 00 00 00 00 00 00 00 00 00 00 00 00 00 00 00 ]]
[[ DATA: 00 00 00 00 00 00 00 00 00 00 00 00 00 00 00 00 00 00 00 00 ]]
[[ DATA: 00 00 00 00 00 00 00 00 00 00 00 00 00 00 00 00 00 00 00 00 ]]
[[ DATA: 00 00 00 00 00 00 00 00 00 00 00 00 00 00 00 00 00 00 00 00 ]]
[[ DATA: 00 00 00 00 00 00 00 00 00 00 00 00 00 00 00 00 00 00 00 00 ]]
[[ DATA: 00 00 00 00 00 00 00 00 00 00 00 00 00 00 00 00 00 00 00 00 ]]
[[ DATA: 00 00 00 00 00 00 00 00 00 00 00 00 00 00 00 00 00 00 00 00 ]]
[[ DATA: 00 00 00 00 00 00 00 00 00 00 00 00 00 00 00 00 00 00 00 00 ]]
[[ DATA: 00 00 00 00 00 00 00 00 00 00 00 00 00 00 00 00 00 00 00 00 ]]
[[ DATA: 00 00 00 00 00 00 00 00 00 00 00 00 00 00 00 00 00 00 00 00 ]]
[[ DATA: 00 00 00 00 00 00 00 00 00 00 00 00 00 00 00 00 00 00 00 00 ]]
[[ DATA: 00 00 00 00 00 00 00 00 00 00 00 00 00 00 00 00 00 00 00 00 ]]
[[ DATA: 00 00 00 00 00 00 00 00 00 00 00 00 00 00 00 00 00 00 00 00 ]]
[[ DATA: 00 00 00 00 00 00 00 00 00 00 00 00 00 00 00 00 00 00 00 00 ]]
[[ DATA: 00 00 00 00 00 00 00 00 00 00 00 00 00 00 00 00 00 00 00 00 ]]
[[ DATA: 00 00 00 00 00 00 00 00 00 00 00 00 00 00 00 00 00 00 00 00 ]]
[[ DATA: 00 00 00 00 00 00 00 00 00 00 00 00 00 00 00 00 00 00 00 00 ]]
[[ DATA: 00 00 00 00 00 00 00 00 00 00 00 00 00 00 00 00 00 00 00 00 ]]
[[ DATA: 00 00 00 00 00 00 00 00 00 00 00 00 00 00 00 00 00 00 00 00 ]]
[[ DATA: 00 00 00 00 00 00 00 00 00 00 00 00 00 00 00 00 00 00 00 00 ]]
[[ DATA: 00 00 00 00 00 00 00 00 00 00 00 00 00 00 00 00 00 00 00 00 ]]
[[ DATA: 00 00 00 00 00 00 00 00 00 00 00 00 00 00 00 00 00 00 00 00 ]]
[[ DATA: 00 00 00 00 00 00 00 00 00 00 00 00 00 00 00 00 00 00 00 00 ]]
[[ DATA: 00 00 00 00 00 00 00 00 00 00 00 00 00 00 00 00 00 00 00 00 ]]
[[ DATA: 00 00 00 00 00 00 00 00 00 00 00 00 00 00 00 00 00 00 00 00 ]]
[[ DATA: 00 00 00 00 00 00 00 00 00 00 00 00 00 00 00 00 00 00 00 00 ]]
[[ DATA: 00 00 00 00 00 00 00 00 00 00 00 00 00 00 00 00 00 00 00 00 ]]
[[ DATA: 00 00 00 00 00 00 00 00 00 00 00 00 00 00 00 00 00 00 00 00 ]]
[[ DATA: 00 00 00 00 00 00 00 00 00 00 00 00 00 00 00 00 00 00 00 00 ]]
[[ DATA: 00 00 00 00 00 00 00 00 00 00 00 00 00 00 00 00 00 00 00 00 ]]
[[ DATA: 00 00 00 00 00 00 00 00 00 00 00 00 00 00 00 00 00 00 00 00 ]]
[[ DATA: 00 00 00 00 00 00 00 00 00 00 00 00 00 00 00 00 00 00 00 00 ]]
[[ DATA: 00 00 00 00 00 00 00 00 00 00 00 00 00 00 00 00 00 00 00 00 ]]
[[ DATA: 00 00 00 00 00 00 00 00 00 00 00 00 00 00 00 00 00 00 00 00 ]]
[[ DATA: 00 00 00 00 00 00 00 00 00 00 00 00 00 00 00 00 00 00 00 00 ]]
[[ DATA: 00 00 00 00 00 00 00 00 00 00 00 00 00 00 00 00 00 00 00 00 ]]
[[ DATA: 00 00 00 00 00 00 00 00 00 00 00 00 00 00 00 00 00 00 00 00 ]]
[[ DATA: 00 00 00 00 00 00 00 00 00 00 00 00 00 00 00 00 00 00 00 00 ]]
[[ DATA: 00 00 00 00 00 00 00 00 00 00 00 00 00 00 00 00 00 00 00 00 ]]
[[ DATA: 00 00 00 00 00 00 00 00 00 00 00 00 00 00 00 00 00 00 00 00 ]]
[[ DATA: 00 00 00 00 00 00 00 00 00 00 00 00 D4 D3 D2 D1 ]]

[[ DevAlert Data Ended. Checksum: 23298 ]]

[[ DevAlert Data Begins ]]
[[ DATA: D1 D2 D3 D4 F0 0F 01 00 71 83 02 00 07 00 07 00 03 00 00 00 ]]
[[ DATA: 20 00 20 00 10 00 00 00 80 03 00 00 24 44 55 4D 4D 59 5F 53 ]]
[[ DATA: 45 53 53 49 4F 4E 5F 49 44 00 00 00 00 00 00 00 00 00 00 00 ]]
[[ DATA: 00 00 00 00 24 44 55 4D 4D 59 5F 44 45 56 49 43 45 5F 49 44 ]]
[[ DATA: 00 00 00 00 00 00 00 00 00 00 00 00 00 00 00 00 64 66 6D 5F ]]
[[ DATA: 74 72 61 63 65 2E 70 73 66 73 00 00 00 00 00 00 00 00 00 00 ]]
[[ DATA: 00 00 00 00 00 00 00 00 00 00 00 00 00 00 00 00 00 00 00 00 ]]
[[ DATA: 00 00 00 00 00 00 00 00 00 00 00 00 00 00 00 00 00 00 00 00 ]]
[[ DATA: 00 00 00 00 00 00 00 00 00 00 00 00 00 00 00 00 00 00 00 00 ]]
[[ DATA: 00 00 00 00 00 00 00 00 00 00 00 00 00 00 00 00 00 00 00 00 ]]
[[ DATA: 00 00 00 00 00 00 00 00 00 00 00 00 00 00 00 00 00 00 00 00 ]]
[[ DATA: 00 00 00 00 00 00 00 00 00 00 00 00 00 00 00 00 00 00 00 00 ]]
[[ DATA: 00 00 00 00 00 00 00 00 00 00 00 00 00 00 00 00 00 00 00 00 ]]
[[ DATA: 00 00 00 00 00 00 00 00 00 00 00 00 00 00 00 00 00 00 00 00 ]]
[[ DATA: 00 00 00 00 00 00 00 00 00 00 00 00 00 00 00 00 00 00 00 00 ]]
[[ DATA: 00 00 00 00 00 00 00 00 00 00 00 00 00 00 00 00 00 00 00 00 ]]
[[ DATA: 00 00 00 00 00 00 00 00 00 00 00 00 00 00 00 00 00 00 00 00 ]]
[[ DATA: 00 00 00 00 00 00 00 00 00 00 00 00 00 00 00 00 00 00 00 00 ]]
[[ DATA: 00 00 00 00 00 00 00 00 00 00 00 00 00 00 00 00 00 00 00 00 ]]
[[ DATA: 00 00 00 00 00 00 00 00 00 00 00 00 00 00 00 00 00 00 00 00 ]]
[[ DATA: 00 00 00 00 00 00 00 00 00 00 00 00 00 00 00 00 00 00 00 00 ]]
[[ DATA: 00 00 00 00 00 00 00 00 00 00 00 00 00 00 00 00 00 00 00 00 ]]
[[ DATA: 00 00 00 00 00 00 00 00 00 00 00 00 00 00 00 00 00 00 00 00 ]]
[[ DATA: 00 00 00 00 00 00 00 00 00 00 00 00 00 00 00 00 00 00 00 00 ]]
[[ DATA: 00 00 00 00 00 00 00 00 00 00 00 00 00 00 00 00 00 00 00 00 ]]
[[ DATA: 00 00 00 00 00 00 00 00 00 00 00 00 00 00 00 00 00 00 00 00 ]]
[[ DATA: 00 00 00 00 00 00 00 00 00 00 00 00 00 00 00 00 00 00 00 00 ]]
[[ DATA: 00 00 00 00 00 00 00 00 00 00 00 00 00 00 00 00 00 00 00 00 ]]
[[ DATA: 00 00 00 00 00 00 00 00 00 00 00 00 00 00 00 00 00 00 00 00 ]]
[[ DATA: 00 00 00 00 00 00 00 00 00 00 00 00 00 00 00 00 00 00 00 00 ]]
[[ DATA: 00 00 00 00 00 00 00 00 00 00 00 00 00 00 00 00 00 00 00 00 ]]
[[ DATA: 00 00 00 00 00 00 00 00 00 00 00 00 00 00 00 00 00 00 00 00 ]]
[[ DATA: 00 00 00 00 00 00 00 00 00 00 00 00 00 00 00 00 00 00 00 00 ]]
[[ DATA: 00 00 00 00 00 00 00 00 00 00 00 00 00 00 00 00 00 00 00 00 ]]
[[ DATA: 00 00 00 00 00 00 00 00 00 00 00 00 00 00 00 00 00 00 00 00 ]]
[[ DATA: 00 00 00 00 00 00 00 00 00 00 00 00 00 00 00 00 00 00 00 00 ]]
[[ DATA: 00 00 00 00 00 00 00 00 00 00 00 00 00 00 00 00 00 00 00 00 ]]
[[ DATA: 00 00 00 00 00 00 00 00 00 00 00 00 00 00 00 00 00 00 00 00 ]]
[[ DATA: 00 00 00 00 00 00 00 00 00 00 00 00 00 00 00 00 00 00 00 00 ]]
[[ DATA: 00 00 00 00 00 00 00 00 00 00 00 00 00 00 00 00 00 00 00 00 ]]
[[ DATA: 00 00 00 00 00 00 00 00 00 00 00 00 00 00 00 00 00 00 00 00 ]]
[[ DATA: 00 00 00 00 00 00 00 00 00 00 00 00 00 00 00 00 00 00 00 00 ]]
[[ DATA: 00 00 00 00 00 00 00 00 00 00 00 00 00 00 00 00 00 00 00 00 ]]
[[ DATA: 00 00 00 00 00 00 00 00 00 00 00 00 00 00 00 00 00 00 00 00 ]]
[[ DATA: 00 00 00 00 00 00 00 00 00 00 00 00 00 00 00 00 00 00 00 00 ]]
[[ DATA: 00 00 00 00 00 00 00 00 00 00 00 00 00 00 00 00 00 00 00 00 ]]
[[ DATA: 00 00 00 00 00 00 00 00 00 00 00 00 00 00 00 00 00 00 00 00 ]]
[[ DATA: 00 00 00 00 00 00 00 00 00 00 00 00 00 00 00 00 00 00 00 00 ]]
[[ DATA: 00 00 00 00 00 00 00 00 00 00 00 00 00 00 00 00 00 00 00 00 ]]
[[ DATA: 00 00 00 00 00 00 00 00 00 00 00 00 0A 0B 0C 0D 71 72 73 74 ]]
[[ DATA: F1 F2 F3 F4 00 00 00 00 D4 D3 D2 D1 ]]

[[ DevAlert Data Ended. Checksum: 25710 ]]
DFMT:RETURNED:1012:0
DFMT:SUITE_COMPLETE:m3_o0:0992788d
