:020000040800F2
:1000000000000C20A5480008390200083902000849
:100010003902000839020008390200089148000836
:1000200000000000000000000000000091900008A7
:10003000F54800080000000035900008D58D000844
:10004000F5480008F5480008F5480008F54800089C
:10005000F5480008F5480008F5480008F54800088C
:10006000F5480008F5480008F548000895480008DC
:10007000F5480008F5480008F5480008F54800086C
:10008000F5480008F5480008F5480008F54800085C
:10009000F5480008F5480008F5480008F54800084C
:1000A000F5480008F5480008F5480008F54800083C
:1000B000F5480008F5480008F5480008F54800082C
:1000C000F5480008F5480008F5480008F54800081C
:1000D000F5480008F5480008F5480008F54800080C
:1000E000F5480008F5480008F5480008F5480008FC
:1000F000F5480008F5480008F5480008F5480008EC
:10010000F5480008F5480008F5480008F5480008DB
:10011000F5480008F5480008F5480008F5480008CB
:10012000F5480008F5480008F5480008F5480008BB
:10013000F5480008F5480008F5480008F5480008AB
:10014000F5480008F5480008F5480008F54800089B
:10015000F5480008F5480008F5480008F54800088B
:10016000F5480008F5480008F5480008F54800087B
:10017000F5480008F5480008F5480008F54800086B
:10018000F5480008F5480008F5480008F54800085B
:10019000F5480008F5480008F5480008F54800084B
:1001A000F5480008F5480008F5480008F54800083B
:1001B000F5480008F5480008F5480008F54800082B
:1001C000F5480008F5480008F5480008F54800081B
:1001D000F5480008F5480008F5480008F54800080B
:1001E000F5480008F5480008F5480008F5480008FB
:1001F000F5480008F5480008F5480008F5480008EB
:10020000F5480008F5480008F5480008F5480008DA
:10021000F5480008F5480008F5480008F5480008CA
:10022000F5480008F5480008F5480008F5480008BA
:08023000F5480008F54800083C
:100238002DE9005002F0FAFEBDE80050EFF3038309
:10024800EFF30982EFF30881DFF820D02DE9FE4FA4
:10025800684603F0BBFCBDE8FE4F8D462DE9005013
:1002680002F002FFBDE8005070470000C44F0020B4
:10027800F1EE101AA0EC200A01607047A0EC108A79
:10028800704700BF53B94AB9002908BF00281CBFEE
:100298004FF0FF314FF0FF3000F06AB9ADF1080CB4
:1002A8006DE904CE00F006F8DDF804E0DDE902238C
:1002B80004B070472DE9F0478C468E46089E1546D7
:1002C80004461946002B40F0D080724547D9B2FA4F
:1002D80082F74FB1C7F120030EFA07FCBD40BC40BE
:1002E80020FA03F343EA0C0C4FEA154EA8B2230C8C
:1002F800BCFBFEF80EFB18CC08FB00F943EA0C43E4
:10030800994528D9EB1808F1FF3204D2994502D94A
:10031800A8F102022B44A3EB0903A4B2B3FBFEFC31
:100328000EFB1C330CFB00F044EA0344A04214D932
:100338002C190CF1FF3304D2A04202D9ACF102030C
:100348002C44241A43EA02401EB1FC4000233460C6
:100358007360BDE8F0874246DDE76346F1E7002AAF
:1003680079D0B2FA82F3002B3FD01946C1F12003AD
:1003780002FA01F500FA01F42EFA03F20EFA01FE70
:1003880020FA03F3AFB243EA0E034FEA154EB2FB6D
:10039800FEFC0EFB1C201A0C0CFB07F842EA00427C
:1003A80090455AD9AA180CF1FF3004D2904502D9C9
:1003B800ACF102002A44A2EB08029BB2B2FBFEFC9D
:1003C8000EFB1C220CFB07F743EA02439F4246D967
:1003D800EB180CF1FF3204D29F4202D9ACF10202B1
:1003E8002B44DB1B42EA004202E0AEEB020301228F
:1003F8004FEA154EAFB2200CB3FBFEFC0EFB1C33CC
:100408000CFB07F840EA034398452AD9EB180CF18E
:10041800FF3004D2984502D9ACF102002B44A3EB7B
:100428000803A4B2B3FBFEFC0EFB1C330CFB07F75E
:1004380044EA0344A74216D92C190CF1FF3304D21D
:10044800A74202D9ACF102032C44E41B43EA004062
:100458000F46114678E71F2188E76046ABE76246FA
:10046800BFE76046DBE76346EFE7734506D916B991
:10047800002108466DE7C6E9000EF9E7B3FA83F7ED
:1004880087B9734501D3824207D8841A6EEB0303F8
:1004980001209C461EB900215BE73846FAE7C6E909
:1004A800004CF8E7C7F1200CBB4000FA07F422FA29
:1004B8000CF520FA0CF1BA401D432EFA0CF30EFA93
:1004C80007FE4FEA154941EA0E011FFA85FEB3FB04
:1004D800F9F809FB18300B0C08FB0EFA43EA004345
:1004E8009A4540D9EB1808F1FF3004D29A4502D951
:1004F800A8F102002B44A3EB0A0389B2B3FBF9F875
:1005080009FB183308FB0EFE41EA03418E452CD93E
:10051800691808F1FF3304D28E4502D9A8F1020305
:10052800294443EA0040A1EB0E01A0FB0298414593
:10053800CE46434602D306D14C4504D20138B9EB26
:10054800020E68EB0503002EA5D0B4EB0E0261EB9A
:10055800030101FA0CFC22FA07F3F9404CEA030301
:10056800C6E9003197E74046C5E74346D9E70000AA
:10057800704700BF844641EA000313F0030349D1E2
:10058800403A23D30B6803604B6843608B688360F1
:10059800CB68C3600B6903614B6943618B698361F5
:1005A800CB69C3610B6A03624B6A43628B6A8362DD
:1005B800CB6AC3620B6B03634B6B43638B6B8363C5
:1005C800CB6BC36340304031403ADBD230320BD37F
:1005D8000B6803604B6843608B688360CB68C360BB
:1005E80010301031103AF3D20C3205D351F8043BD5
:1005F80040F8043B043AF9D2043208D0D2071CBFB1
:1006080011F8013B00F8013B01D30B8803806046D9
:10061800704700BF082A13D38B07B1D010F003032B
:10062800AED0C3F10403D21ADB071CBF11F8013B9B
:1006380000F8013BA4D331F8023B20F8023B9FE7C6
:10064800043AD9D3013A11F8013B00F8013BF9D239
:100658000B7803704B7843708B78837060467047D3
:1006680070B4840746D0541E002A41D0CDB2034648
:1006780002E0621EE4B3144603F8015B9A07F8D15E
:10068800032C2ED9CDB245EA05250F2C45EA0545A0
:1006980019D9264603F11002103E0F2E42F8105CBD
:1006A80042F80C5C42F8085C42F8045C02F1100263
:1006B800F2D8A4F1100222F00F0204F00F04103255
:1006C800032C13440DD91E462246043A032A46F841
:1006D800045BFAD8221F22F003020432134404F008
:1006E80003042CB1C9B21C4403F8011BA342FBD17B
:1006F80070BC704714460346C2E70000064A80B53E
:10070800034610600020054A1860136800AF43F4E0
:100718008003136080BD00BF60000020EC0400204F
:10072800084A80B5034610600020074AC3E9000064
:10073800C3E902001861136800AF43F008031360AF
:1007480080BD00BF64000020EC040020054B80B58C
:100758001A6800AF52F820300B4442F820300020CD
:1007680080BD00BF6400002080B5012100AFFFF705
:10077800EDFF002080BD0000054B80B51B6800AF71
:1007880053F820208A42B8BF43F82010002080BDCB
:100798006400002098B5184B00AF1B681B0728D5CC
:1007A800164C23685A68002A05DD082000F084F9F1
:1007B800002223685A601A681C2A05DD092000F007
:1007C8007BF9002223681A609A68002A05DD0A204E
:1007D80000F072F9002223689A60DB68002B01DCC4
:1007E800002098BD0E2000F067F900222368DA6027
:1007F800F6E70120F5E700BFEC04002064000020C4
:10080800054B80B51860002300AFC3540133382B63
:10081800FBD18363002080BD680000200E4B80B5AB
:10082800382218601C23C0E90023032383600023B7
:1008380000AF00F5286280F82030C0E90333C0E932
:10084800053330309042F6D1044A0020136843F053
:100858001003136080BD00BF6C000020EC04002072
:10086800B0B5184B05461B6800AFDB060CD5EFF397
:100878001084012080F31088134B1A68936B2BB9EE
:10088800FFF772FF84F310880120B0BD013B93632A
:10089800D05C11781070FF20D054302200205143D2
:1008A8000A4B01F10C021B681A440B44C3E904000B
:1008B800C3E90600DA6083F820002A6084F3108810
:1008C800E3E700BFEC040020680000206C00002073
:1008D80030210E4B90B51B6802460C33C31AB3FB8C
:1008E800F1F300AFDBB2EFF31084012080F310883E
:1008F800116811B984F3108890BD00201060044A73
:1009080011688A6B8B5401328A63F3E76C0000200C
:10091800680000200B4BF0B51A683025002300AFA3
:1009280002F10C0C05FB03F45CF80460864204D168
:1009380000200C3422440A60F0BD0133382BF1D179
:100948000120F9E76C000020F8B5064614460D466C
:1009580000AF09B90C46084D21460020FFF70CFFEF
:100968001B2C28BF1B242946621C06F11400FFF724
:1009780001FE0020F8BD00BF0FBC000880B500AF25
:100988000E2825D8DFE800F02622181A1C1E20128F
:10099800080C0E10121416000F4B00200B6080BDBF
:1009A8000E4BFAE70E4BF8E70E4BF6E70E4BF4E763
:1009B8000E4BF2E70E4BF0E70E4BEEE70E4BECE773
:1009C8000E4BEAE70E4BE8E70E4BE6E70E4BE4E783
:1009D8000E4BE2E70120E2E718B8000835B8000836
:1009E8005EB8000872B800089BB80008C5B80008CF
:1009F800DEB80008FDB8000810B9000825B90008DD
:100A080037B9000850B9000868B9000878B9000873
:100A1800B0B582B01A4D1B4B296800AF1B687B60CC
:100A28004FF000038B680446CBB139462046FFF7E8
:100A3800A5FF012C09D10120124B1A687B685A4086
:100A48004FF0000318D002F0D1FAA31E0C2B2B682C
:100A58000CD83968986801F083F90020ECE70A4857
:100A6800083101F041FB0128DFD1E4E722460749BC
:100A7800986801F0BFF9DEE70837BD46B0BD00BF92
:100A8800700000203000002093B9000878B90008F1
:100A9800074A80B5034610600020064AC3E90000F3
:100AA8009860136800AF43F02003136080BD00BF57
:100AB80070000020EC04002098B50C4A00AF1268C2
:100AC800910611D50A4A431E11680C6824FA03F2EC
:100AD800D20701D5002098BD012202FA03F323436F
:100AE8000B60FFF795FFF5E70120F4E7EC04002021
:100AF80070000020B0B5114B00AF1B689B0612D5E3
:100B08000F4D2B68596809B10020B0BD0124411E62
:100B18008C4019682143C3E90010FFF779FF0128C9
:100B280003D101F0A9FA0120EFE72B68054998687D
:100B380001F016F901F0A0FAE6E700BFEC04002086
:100B48007000002098B90008064A80B50346106076
:100B58000020054A1860136800AF43F04003136093
:100B680080BD00BF74000020EC0400202DE9F04790
:100B780084B0314B00AF1B68FB604FF000030023CB
:100B8800C7E901332D4B04461B680D46DB071CD50E
:100B98002B4B1B685B68C3B1EFF31086012383F30B
:100BA8001088DFF8A4A0DFF8A480DAF800200C2170
:100BB800136801331360D8F800303A1D186800F044
:100BC8009FFD01280BD186F3108801201A4B1A6863
:100BD800FB685A404FF0000329D002F007FADAF810
:100BE8000030D7F804901B6844F48054A9F8023008
:100BF800A9F8004003F062FD124B79681B68C9F838
:100C080004005A694868904238BFDA685861D8F8D1
:100C180000003CBF0132DA6000680C228D6007F1E9
:100C2800080300F0DBFD86F310880020CEE71037BC
:100C3800BD46BDE8F08700BF30000020EC0400206E
:100C4800F0040020A43B002074000020A83B0020F2
:100C58002DE9F04F85B0324B00AF1B68FB604FF0B9
:100C680000030023C7E901332E4B04461B680E46D8
:100C7800DB0715461CD52C4B1B685B68C3B1EFF32B
:100C88001088012383F31088DFF8A4B0DFF8A4905C
:100C9800DBF800201021136801331360D9F8003005
:100CA8003A1D186800F02CFD01280BD188F3108834
:100CB80001201B4B1A68FB685A404FF000032AD0EA
:100CC80002F094F9DBF80030D7F804A01B6844F46C
:100CD8000054AAF80230AAF8004003F0EFFC134BC6
:100CE80079681B68CAF804005A694868904238BF96
:100CF800DA685861D9F800003CBF0132DA60006850
:100D08001022C1E9026507F1080300F067FD88F3C6
:100D180010880020CDE71437BD46BDE8F08F00BF2E
:100D280030000020EC040020F0040020A43B002048
:100D380074000020A83B00202DE9F04F87B01D4625
:100D4800324B00AF1B687B614FF000030023C7E9FB
:100D580003332F4B04461B688846DB0716461DD510
:100D68002C4B1B685B68CBB1EFF31089012383F32D
:100D78001088DFF8A8B0DFF8A8A0DBF8002014215D
:100D8800136801331360DAF8003007F10C021868B1
:100D980000F0B6FC01280BD189F3108801201B4B09
:100DA8001A687B695A404FF000032AD002F01EF9F6
:100DB800DBF80020FB68126844F440541C805A8019
:100DC8007B6003F07BFC7B68F9685860124B4A68CB
:100DD8001868436942619A4238BFC3684FF01402E9
:100DE8003CBF0133C360DAF80000C1E902860D6137
:100DF80007F11003006800F0F1FC89F31088002067
:100E0800CDE71C37BD46BDE8F08F00BF300000209D
:100E1800EC040020F0040020A43B00207400002013
:100E2800A83B00202DE9F04F87B01D46334B00AF9B
:100E38001B687B614FF000030023C7E90333304B85
:100E480004461B688846DB0716461DD52D4B1B68D4
:100E58005B68CBB1EFF31089012383F31088DFF8C7
:100E6800ACB0DFF8ACA0DBF8002018211368013320
:100E78001360DAF8003007F10C02186800F040FC43
:100E880001280BD189F3108801201C4B1A687B6953
:100E98005A404FF000032CD002F0A8F8DBF80020ED
:100EA800FB68126844F480441C805A807B6003F01D
:100EB80005FC7B68F9685860134B4A6818684369F1
:100EC80042619A4238BFC3684FF018023CBF0133F1
:100ED800C3603B6CDAF800004B61C1E902860D6122
:100EE80007F11003006800F079FC89F310880020EE
:100EF800CBE71C37BD46BDE8F08F00BF30000020AF
:100F0800EC040020F0040020A43B00207400002022
:100F1800A83B00202DE9F04F87B0334B00AF1B688A
:100F28007B614FF000030023D41C24F0030404F178
:100F38000806402E0546884684BF40263824C7E95F
:100F48000333EFF31089012383F31088DFF8A0B08F
:100F5800DFF8A0A0DBF800203146136801331360E6
:100F6800DAF8003007F10C02186800F0C9FB012814
:100F78000AD189F310881C4B1A687B695A404FF0D4
:100F880000032CD002F032F8DBF80020FB6812686E
:100F980045EA84251D805A807B6003F08FFB7B68BF
:100FA8005860124BF8681B6841685A6908309142CA
:100FB80038BFDA6859613CBF0132DA6041462246DF
:100FC800FFF7D8FADAF800003246F96807F110039B
:100FD800006800F003FC89F310880020CBE71C3779
:100FE800BD46BDE8F08F00BF30000020A43B0020C4
:100FF80074000020A83B00202DE9F04F87B000AF17
:101008007A60374ADC1C12687A614FF000020022CD
:1010180024F0030404F10C03412B324B28BF342481
:101028001B680546DB078846C7E903221ED52E4BF9
:101038001B685B68D3B1EFF31089012383F3108831
:101048002A4BDFF8B0B01968DBF800000A6804F131
:101058000C0A01320A600068514607F10C0200F0E0
:101068004FFB0128214B0BD189F3108801201C4B21
:101078001A687B695A404FF000032DD001F0B6FF83
:101088001B68211DFE681B68890845EA01357380C5
:10109800358003F013FB164B70601B68F8685A69BB
:1010A80041680C30914238BFDA6859613CBF01325F
:1010B800DA607968224640F8048CFFF75BFADBF8BF
:1010C80000005246F96807F11003006800F086FB3B
:1010D80089F310880020CAE71C37BD46BDE8F08FA9
:1010E80030000020EC040020F004002074000020F0
:1010F800A43B0020A83B00202DE9F04F87B000AFAB
:101108007B603A4B3C6C1B687B614FF0000300230B
:10111800033424F00304C7E9033304F11003412B1B
:10112800334B28BF30241B680546DB078846164624
:101138001ED5304B1B685B68D3B1EFF310890123D0
:1011480083F310882C4BDFF8B8B01968DBF800007F
:101158000A6804F1100A01320A600068514607F172
:101168000C0200F0CDFA0128234B0BD189F310882B
:1011780001201E4B1A687B695A404FF0000330D09B
:1011880001F034FF1B6804F10801FA681B6889083C
:1011980045EA0135158053803A6003F08FFA3A68C2
:1011A800164B50601B68F8685A694168914238BF0D
:1011B800DA6859613CBF0132DA6079682246C0E9D1
:1011C80002861030FFF7D6F9DBF800005246F968BE
:1011D80007F11003006800F001FB89F31088002074
:1011E800C7E71C37BD46BDE8F08F00BF30000020C0
:1011F800EC040020F004002074000020A43B002030
:10120800A83B00202DE9F04F89B000AF9B46BB6C8E
:10121800FA60BB603A4BFC6C1B68FB614FF0000343
:101228000023033424F00304C7E9053304F114034D
:10123800412B344B28BF2C241B680546DB070E4680
:101248001ED5314B1B685B68D3B1EFF310880123BF
:1012580083F310882D4BDFF8BCA01968DAF800007A
:101268000A6804F1140901320A600068494607F166
:10127800140200F045FA0128244B0BD188F310889A
:1012880001201F4B1A68FB695A404FF0000332D007
:1012980001F0ACFE1B6804F10C017A691B6889082F
:1012A80045EA0135158053807A6003F007FA7A68B9
:1012B800174B50601B6878695A694168914238BF7A
:1012C800DA6859613CBF0132DA60FB682246C0E93E
:1012D800033BB96886601430FFF74CF9DAF8000070
:1012E8004A46796907F11803006800F077FA88F32D
:1012F80010880020C5E72437BD46BDE8F08F00BF41
:1013080030000020EC040020F004002074000020CD
:10131800A43B0020A83B00202DE9F04F89B000AF86
:101328009B46FB6CFA60BB603B4B3C6D1B68FB61EA
:101338004FF000030023033424F00304C7E9053306
:1013480004F11803412B354B28BF28241B68054698
:10135800DB070E461ED5324B1B685B68D3B1EFF333
:101368001088012383F310882E4BDFF8C0A019687A
:10137800DAF800000A6804F1180901320A60006806
:10138800494607F1140200F0BBF90128254B0BD19F
:1013980088F310880120204B1A68FB695A404FF0E7
:1013A800000334D001F022FE1B6804F110017A69B1
:1013B8001B68890845EA0135158053807A6003F077
:1013C8007DF97A68184B50601B6878695A694168DA
:1013D800914238BFDA6859613CBF0132DA60FB6874
:1013E8002246C0E9033BBB6CB9688660436118308C
:1013F800FFF7C0F8DAF800004A46796907F11803E0
:10140800006800F0EBF988F310880020C3E7243760
:10141800BD46BDE8F08F00BF30000020EC0400207E
:10142800F004002074000020A43B0020A83B00200A
:101438002DE9F04F87B000AF9B46BB6CFC6C7B601E
:101448003B4B03341B687B614FF00003002324F0FF
:101458000304C7E9033304F11C03412B354B28BFB0
:1014680024241B680546DB07884616461CD5324BE4
:101478001B685B68C3B1EFF31089012383F31088FD
:101488002E4B04F11C0A19680A6801320A602C4ABA
:101498005146106807F10C02006800F031F9012884
:1014A800264B0BD189F310880120214B1A687B69E0
:1014B8005A404FF0000336D001F098FD1B6804F144
:1014C8001401FA681B68890845EA013515805380BC
:1014D8003A6003F0F3F83A681A4B50601B68F868F2
:1014E8005A694168914238BFDA6859613CBF013294
:1014F800DA603B6C224643617B6CC0E902867968FE
:10150800C0F810B083611C30FFF734F80C4B52461A
:101518001868F96807F11003006800F05FF989F3AB
:1015280010880020C1E71C37BD46BDE8F08F00BF1A
:1015380030000020EC040020F0040020740000209B
:10154800A83B0020A43B00202DE9F04F87B000AF56
:101558009B46FB6C3C6D7B603C4B03341B687B619A
:101568004FF00003002324F00304C7E9033304F118
:101578002003412B364B28BF20241B680546DB0778
:10158800884616461CD5334B1B685B68C3B1EFF31E
:101598001089012383F310882F4B04F1200A19685E
:1015A8000A6801320A602D4A5146106807F10C0298
:1015B800006800F0A5F80128274B0BD189F31088A3
:1015C8000120224B1A687B695A404FF0000338D03B
:1015D80001F00CFD1B6804F11801FA681B68890802
:1015E80045EA0135158053803A6003F067F83A6898
:1015F8001B4B50601B68F8685A694168914238BFB4
:10160800DA6859613CBF0132DA603B6C22464361BB
:101618007B6CC0E902868361BB6C7968C0F810B046
:10162800C3612030FEF7A6FF0C4B52461868F968D4
:1016380007F11003006800F0D1F889F31088002042
:10164800BFE71C37BD46BDE8F08F00BF3000002063
:10165800EC040020F004002074000020A83B0020C7
:10166800A43B0020038880B51B0B02339B0000209D
:1016780000AF0B6080BD000090B583B00446D0E990
:101688000102134B00AF1B687B604FF0000300237F
:10169800A1693B60521A90420CD2A36A3946184499
:1016A800FFF7E0FF3A6863681344A268B3FBF2F1FE
:1016B80002FB11336360064B1A687B685A404FF08F
:1016C800000301D001F092FC0C37BD4690BD00BF6D
:1016D8003000002090B50446C1600020A262074A8D
:1016E800A36063611368C4E9000043F08003C4E9A0
:1016F800060000AF2062136090BD00BFEC0400201C
:101708002DE9F0410D46C1689046D0E90032012923
:101718000446866800AF47D1934220D3F21AAA4202
:101728000BD9A16A19442B44B3FBF6F206FB12331A
:10173800C8F800100020E36142E02046FFF79CFF54
:101748006368043B9D42F8D82368A16AF31AA36131
:1017580000232360B5FBF6F306FB1353E8E7043ACE
:10176800D21A95421CD9F31AAB420BD22046FFF786
:1017780083FF6368002BF9D02268A3689B1AA361D2
:10178800002323602046FFF777FFD4E900310A1FC2
:10179800D21A9542F6D819B9A26A1A44C8F8002094
:1017A800A16A19442B44C3E79342A2F1040111D35F
:1017B800F01A01448D4205D900230120C8F80030F1
:1017C800BDE8F081A842ACD89542F5D8A16AA061DD
:1017D8003544BFE7C91AA942E2D2EDE7054980B509
:1017E800096800AFC9680162C169016000201A6018
:1017F80080BD00BFA43B00200346002080B59A6846
:10180800C3E90000C3E9052000AFD86180BD00002E
:10181800064B80B51860FD23054A03601368002055
:1018280043F4807300AF136080BD00BF78000020D0
:10183800EC040020B0B588B0104C04AF2468FC60FC
:101848004FF00004BB603B6AC7E9001202934FF0F7
:1018580000430246019300210323F220009700F081
:10186800F3F8064B1A68FB685A404FF0000301D0A2
:1018780001F0BCFB1037BD46B0BD00BF30000020F2
:1018880080B500AF50B139B143689B1A4360392025
:10189800FFF7DEF9002080BDEA20F9E70120FAE72A
:1018A8000B4A80B50346106000204FF0FF32C3E9B1
:1018B8000820084AC3E90000C3E90200C3E904009C
:1018C800C3E90600136800AF43F48053136080BD7A
:1018D8007C000020EC04002080B500AF00F0F2FB93
:1018E8004FF4FA7006F096FEF8E7000080B500AFF6
:1018F80030B1044B18600023C0E90033184680BD9E
:101908000120FCE780000020B0B584B0134C04AF80
:1019180023681A6832B9009311464FF4003310480F
:10192800FFF788FF25686B6813B10020BD46B0BD7E
:101938000C4A0D4902920D4A0D48CDE900324FF488
:10194800807206F08BFB236868605B68002BECD123
:101958000620FFF7CFF80120E8E700BF800000204D
:10196800BEB900088400002061B90008E400002026
:10197800E118000898B50C4600AF48B141B1002104
:10198800216006F0D9FF2060B0FA80F0400998BDC8
:101998000120FCE780B5024B00AF1B68186880BDCA
:1019A8008000002098B5044623F003032260104607
:1019B80000AF2C3B2C32FFF78DFE431E5842584196
:1019C80098BD80B5006800AFFFF716FF002080BD06
:1019D8002DE9F0411646024604460D4600F1130172
:1019E800002052F8148B00AF11F801CF431CBCF152
:1019F800000F01D080280ED141460320FFF7FCFAE2
:101A0800324641462846FFF723F92046BD46BDE841
:101A1800F041FEF75DBF1846E6E70000094B0022DB
:101A2800002918BF0B4680B400AF995C09B1802A21
:101A380005D11946BD465DF8047BFEF785BF013226
:101A4800F3E700BF0FBC00082DE9F04F85B09846BA
:101A5800384B02AF06460C4691461B687B604FF038
:101A680000033D6BD7F838A0EFF3108B012383F305
:101A78001088384661B3FEF7F3FE68BB3B681C600C
:101A880039682A1F0B4601EB8800834233D10B6962
:101A98007A6B13430B61CAF800108BF31088B9F105
:101AA800000F06D099F800301BB149463868FFF797
:101AB800B5FFB8F1020F29D0B8F1030F2DD0B8F156
:101AC800010F1DD021463046FFF750F8002006E0F0
:101AD800FEF7C6FE01280BD18BF310880120154BA9
:101AE8001A687B685A404FF000031FD001F07EFA55
:101AF8003B681C68C4E752F804CF43F804CFC4E736
:101B0800214630462A68FFF7A3F8DFE72146D5E9E2
:101B180000233046FFF710F9D8E7AB682146009359
:101B28003046D5E90023FFF77DF9CFE70C37BD46EE
:101B3800BDE8F08F3000002090B589B004AF7B601D
:101B48000D4B1B68FB604FF0000307F1080302937D
:101B5800002301933B1D00930123FFF775FF064BFC
:101B68001A68FB685A404FF0000301D001F03EFAB2
:101B78001437BD4690BD00BF30000020F0B583B0DB
:101B8800134B00AF0446154608461B687B604FF0B0
:101B98000003EFF31086012383F310883946FEF71C
:101BA800B9FE01280AD186F31088094B1A687B68A8
:101BB8005A404FF0000307D001F018FA2A46214690
:101BC8003868FFF705FFEEE70C37BD46F0BD00BFEC
:101BD800300000202DE9F04182B0174B00AF0646D7
:101BE8000D461B687B604FF00003EFF3108801235C
:101BF80083F310883946FEF78DFE0128044605D187
:101C08003846FEF72DFE30B93B681E602946386815
:101C1800FFF704FF044688F31088074B1A687B68AF
:101C28005A404FF0000301D001F0E0F92046083790
:101C3800BD46BDE8F08100BF300000202DE9F0432B
:101C480087B006AF0D461646984601463C6A40B92D
:101C5800DFF8E490D9F800100B6853B1D9F80030D8
:101C68001968B8F1050F09D8DFE808F00D16232F19
:101C78003E50304800F038FA0128EFD101200437EF
:101C8800BD46BDE8F08333462A4691200437BD4659
:101C9800BDE8F043FFF7B0B922689220131D236016
:101CA8002B463E6212680437BD46BDE8F043FFF795
:101CB80023BA2068034653F8082B2360CDE9005661
:101CC80043689320FFF79EFAD9E7206800F10C0CCF
:101CD800D0E90023C4F800C0CDE90156806800901F
:101CE8009420FFF719FBCAE7206800F1100ED0F81E
:101CF80008C0D0E90023C4F800E0CDE90256C06866
:101D0800CDE900C09520FFF793FBB8E7206800F104
:101D18001408D0E90023D0E902CEC4F80080CDE948
:101D280003560069CDF800C0CDE901E09620FFF721
:101D38000BFCA4E7CAB90008E4040020064A80B5F1
:101D4800034610600020054AC3E90000136800AF8D
:101D580043F40043136080BDE4040020EC04002039
:101D680090B583B00C4B02AF1B681B0412D50B4B0C
:101D7800002908BF19460023CC5C5A1C0CB1802BE3
:101D880006D100230093FFF759FF0437BD4690BDE5
:101D98001346F1E70120F8E7EC0400200FBC000827
:101DA800F0B583B0114B15461B6802AF1B041AD55A
:101DB8000F4B002908BF194600231C460E5D621C04
:101DC8000EB17F2C05D90095FFF738FF0437BD46C3
:101DD800F0BD252E05D18E5C1EB11446252E18BFE8
:101DE80001330134EAE70120F0E700BFEC040020EA
:101DF8000FBC00080EB480B583B0114B00AF1B6850
:101E08007B604FF000030F4B79691B681B040ED5EC
:101E180007F118033A463B60FFF7C2FF084B1A6800
:101E28007B685A404FF0000303D001F0DFF801202F
:101E3800F4E70C37BD46BDE8804003B0704700BFEB
:101E480030000020EC04002080B5054A054B00AFA7
:101E580018601368002043F48023136080BD00BF1E
:101E6800EC040020E8040020F8B53E4E00AF3568C9
:101E7800002D74D102F008FC3B4C3C48C0E90055E9
:101E8800206085601430FEF7BBFC012801D10120D9
:101E9800F8BD206800F557503030FEF72FFC0128B8
:101EA800F5D0206800F55750343000F087F9012844
:101EB800EDD02068543000F00FFA0128E7D02068F0
:101EC80000F557501830FEF72BFC0128DFD02068AA
:101ED80000F557502C30FFF79BFC0128D7D020681D
:101EE80000F54D500430FFF7AFFF0128CFD0206830
:101EF80000F556500430FEF727FE0128C7D02068A9
:101F080000F556500C30FFF719FF0128BFD02068A4
:101F180000F556501430FEF7BBFD0128B7D02068F5
:101F280000F556502030FFF7BBFC0128AFD02068E1
:101F380000F55750103000F007F90128A7D02068A5
:101F480000F557500830FFF7D1FC01289FD04FF01B
:101F5800FF322368DA60336843F0010333600020FE
:101F680096E700BFEC040020F0040020F4040020F1
:101F780090B500AFD0B10E4A0E4B00F11F04C0E976
:101F880000230D4A00F1170312F8011B03F8011F83
:101F980009B1A342F8D1002340F20132C0E902326C
:101FA8004FF0817203614261184690BD0120FCE741
:101FB800004653500E00A11AD2B900082DE9F0418D
:101FC80082B0284B00AF05461B687B604FF00003CA
:101FD800FFF74AFF0128044609D10124214B1A685A
:101FE8007B685A404FF0000336D000F0FFFFFFF740
:101FF8008BFC0128F1D0022D05D11B4B1B685B68B7
:10200800002BEBD1FEE7012D22D1174E33685B6818
:10201800012BE3D0154B1B689A680AB9144A9A60D9
:10202800EFF31088012585F3108800F0C1F9114BF2
:1020380004221B6839461B6828463B60FEF76AFF86
:1020480033681A682A44C3E9002588F31088C5E76D
:102058002C1E18BF0124C1E720460837BD46BDE83D
:10206800F08100BF30000020F0040020A43B0020D5
:10207800000E27079C3B0020084B80B51A6800AF6C
:1020880052684AB1EFF31082012181F310880021D0
:102098001B68596082F31088002080BDF00400207E
:1020A80080B5074B00AF1B6843B138B131B1543329
:1020B800036043F2F02300200B6080BD0120FCE7A1
:1020C800F004002080B5064B00AF1B68DB0705D580
:1020D800044B1B685B680BB1FEF75CFB002080BDFE
:1020E800EC040020F0040020F0B583B0154B00AFDD
:1020F800044638460D461B687B604FF00003FEF728
:10210800AFFB012810D00022A35C561C0BB11C2A7F
:1021180013D121463868FEF717FC39683346224642
:1021280003202960FEF768FF064B1A687B685A404F
:102138004FF0000303D000F059FF3246E4E70C37B4
:10214800BD46F0BD30000020064B80B51860022364
:10215800054A03601368002043F4801300AF13603E
:1021680080BD00BF9C3B0020EC040020B0B5104BA4
:102178000A461B6800AFDB0706D50E4C0E4B2568D8
:10218800696819B91B6818600120B0BD0121A960F0
:10219800EFF3108581F310881B680146186037201B
:1021A800FEF756FD022223689A6085F31088ECE753
:1021B800EC040020F00400209C3B0020114B90B55B
:1021C8001860002302466424C0E9003300AF83602E
:1021D80000F17801C2E90333C2E90533C2E90743D4
:1021E80018328A42F6D1084AC0E92933C0E92B33AC
:1021F800C0F8843080F888301368002043F4000366
:10220800136090BDA03B0020EC04002080B500AF17
:1022180020B1034B1B689860002080BD0120FCE7BB
:10222800A03B0020F0B583B01B4B00AF1B687B6060
:102238004FF00003002305463B6002F03FFA174BBE
:1022480004461B685A69586190423EBFDA680132F9
:10225800DA60134B1B685E6858604DB901200E4B5D
:102268001A687B685A404FF0000311D000F0BEFE98
:1022780039462846FFF77EFB0128EFD03A681368F5
:10228800002BEBD0536800209B1B23445360E6E7E8
:102298000C37BD46F0BD00BF30000020A43B002035
:1022A800A03B00200A4A80B5034610604FF47A72BA
:1022B8001A61012200201A60064AC3E901009861E8
:1022C800D8605861136800AF43F40013136080BDF1
:1022D800A43B0020EC04002098B5044600AF08B9E0
:1022E800012098BD304B314A1860031D13604FF42C
:1022F80020530121C0F8DC3A00F52E62FFF752FBAB
:102308000128EDD004F11400FFF732FE0128E7D0D0
:1023180004F15000FEF782FA0128E1D004F13400FC
:10232800FFF7C0FF0128DBD00A2204F5405383F8E9
:10233800E0220B2283F8E1220C2283F8E2220D220C
:1023480083F8E322712283F8E422722283F8E522DB
:10235800732283F8E622742283F8E722F12283F8B5
:10236800E822F22283F8E922F32283F8EA22F4220F
:1023780083F8EB2205232372062363720723A372D3
:102388000823E37275232373762363737723A37378
:102398007823E373F5232374F6236374F723A37474
:1023A800F8230020E3749CE7A83B0020AC3B002006
:1023B80080B4044B00AF1868BD465DF8047BFFF796
:1023C80000BB00BFA83B002098B5144600AF044AE4
:1023D80006F0C0FF10B12060002098BD0120FCE786
:1023E800DBB9000898B5144600AF044A06F0B2FFFE
:1023F80010B12060002098BD0120FCE7ECB900086E
:10240800B0B50C46054600AF28B92949294806F059
:102418008FFF0120B0BD09B92749F7E740F63442DC
:1024280000212648FEF71CF9254B1D60254B1C6032
:10243800224B181D00F0B2FF012801D12249E5E71F
:102448001E4B03F1A40001F0D3FA012801D11F4962
:10245800DCE71A4B03F5037000F028F9012801D1D5
:102468001B49D3E7154B03F5787000F0B7FE012838
:1024780001D11849CAE7114B03F1B00000F038FA4E
:10248800012801D11449C1E70C4B03F1A80001F060
:1024980007F9012801D11149B8E701F033FA0123FE
:1024A800064A0020136000F0A3FF0020B2E700BF37
:1024B800FEB900082FBA000832BA0008383C0020DC
:1024C800343C0020303C00205EBA000894BA000872
:1024D800CDBA000801BB000835BB000869BB00087D
:1024E80080B40449044800AFBD465DF8047BFFF79B
:1024F80087BF00BFD1230008ED23000880B5024B39
:1025080000AF186880BD00BF383C00200023024699
:1025180090B500F1400100AF83710361C2E9053352
:1025280008328A42FAD1437280F89C30084B002264
:1025380019680B4601F1C00483F81821C3E9442245
:102548001833A342F8D1C1F8D021C0F8082190BDB2
:102558006C48002080B500AF01F024F9002080BD50
:1025680080B400AFBD465DF8047B01F0E1B880B5EA
:1025780000AF00F005FA002080BD80B400AFBD4672
:102588005DF8047B00F0C8B92DE9F04F8BB000244A
:10259800DFF8149104AFD9F80060424B0436796033
:1025A800054607F1100130461B687B614FF00003B8
:1025B8003C6100F01FFE012809D10120394B1A683F
:1025C8007B695A404FF0000367D000F00FFD38696F
:1025D800A8470128F1D0D9F80030D3F8D021A24279
:1025E80001D80020EAE7182202FB04FA03EB0A02EA
:1025F800D2F81451621C92B2FA600AF58C723A60F1
:1026080007F1100200920AF58C72134430462A46EC
:10261800F96800F02BFE012801D10134DBE73869A5
:102628007B6898470128C8D04FF4FA634FF0000838
:10263800013DB5FBF3F5C3460135ABB2BB60BA68E3
:10264800D9F800309345E8D203EB0A01D1F81451C8
:1026580007F11000A5EB0805B5F5FA6F28BF4FF490
:10266800FA6503900BF101021FFA82FB3A683046C3
:102678001344CDE90153D1F810315A46434400932D
:10268800BB68F96800F054FE0128D8D038697B6827
:102698009847012891D0A844D1E71C37BD46BDE82A
:1026A800F08F00BF300000206C480020B0B582B029
:1026B800044600AF38B91949194806F039FE012017
:1026C8000837BD46B0BD174B482218600023C0F834
:1026D800D03101237A60144A40F8043B62604FF419
:1026E8007F6222810322A272082222737A68236100
:1026F800E2726822A2730D4A04F1570304F19F05A0
:1027080012F8011B03F8011F09B1AB42F8D1FFF71A
:10271800FDFE074B0020C4F80831D1E79FBB000835
:102728002FBA00086C4800205044666DCDBB0008E5
:102738006D6644502DE9F84300AF80460D461646B5
:1027480000F0ACFE10B90120BDE8F883144B1C68FA
:10275800002CF8D02368002BF5D0002EF3D0002DE4
:10276800F1D02B78002BEED004F104094846FFF78E
:10277800CDFE0323C4F81480A37200F03BFF0128A8
:10278800E1D06B1E9F34673513F8012F04F8012F31
:102798000AB1AB42F8D10020C6F80090D4E700BFD8
:1027A8006C480020F8B500AF04460E46154600F008
:1027B80075FE58B10C4B1B6843B11A6832B12CB185
:1027C800587B072804D9042000F038FF0120F8BD01
:1027D80004EBC00046615A7B002004EBC204A561EB
:1027E8005A7B01325A73F2E76C4800202DE9F04118
:1027F80000AF0546884616461C4600F04FFE38B323
:10280800144B1B6823B31A6812B30DB3B8F1000F49
:102818001ED0EEB1E4B12278D2B1D3F8D051072D51
:1028280016D8182068431A18C2E9448600F217120D
:10283800611E1A440F3411F8010F02F8010F08B194
:10284800A142F8D100200135C3F8D051BDE8F0818C
:102858000120FBE76C480020B0B500AF04460D46E8
:1028680000F01CFE50B1064B1B683BB11B682BB136
:1028780024B11DB100209C342C60B0BD0120FCE7C0
:102888006C480020B0B500AF04460D4600F006FEC7
:1028980010B1124B1B680BB90120B0BD1B68002B8F
:1028A800FAD0002CF8D00023EA05C4F8083109D57D
:1028B8000B490C48FFF768FE20B92046FFF726FEB3
:1028C8000020EAE7AB0505D507490848FFF75CFE95
:1028D8000028F2D02046FFF719FEDDE76C480020FB
:1028E80077250008832500085D250008692500086C
:1028F80098B5044600AF08B9012098BD043001F02E
:1029080021F90128F8D0034B00201C600123236023
:10291800F3E700BF7048002090B583B0164B00AFB6
:102928001B687B604FF000030023FB70134B0446C9
:102938001B684BB90120104B1A687B685A404FF04E
:10294800000316D000F052FB1B68002BF2D000F0F9
:10295800A5FD0028EED0002CECD0F81C00F080FE7D
:102968000128E7D0FB78002BE4D0204601F0F2F8EC
:10297800E1E70C37BD4690BD3000002070480020CC
:1029880090B583B0164B00AF1B687B604FF0000317
:102998000023FB70134B04461B684BB90120104BF6
:1029A8001A687B685A404FF0000316D000F01EFBEF
:1029B8001B68002BF2D000F071FD0028EED0002C2F
:1029C800ECD0F81C00F04CFE0128E7D0FB78002B77
:1029D800E4D0204601F0C5F8E1E70C37BD4690BDCC
:1029E800300000207048002080B500AFBFF34F8F43
:1029F8000549064BCA6802F4E0621343CB60BFF393
:102A08004F8F00BFFDE700BF00ED00E00400FA05AE
:102A18000FB40648009901600199416002998160EC
:102A28000399C160614601610FBC7047E44A002008
:102A380000224FF0FF3180B5034B00AFC3E900120D
:102A4800C3E902221A6180BD340000202DE9F0415B
:102A580086B000243A4D3B4B02AFA8681B68FB6068
:102A68004FF000037C6000F057FFD5E90338CDE94B
:102A78000003354A6B6880210646344806F06AFC34
:102A88003349344806F054FC3049324806F050FCCB
:102A98003149304806F04CFC2C4928683A1DFFF7AC
:102AA80049FE18BB3146EA68786800F054FF2B4BA2
:102AB8001C6814F0010414D0294E33685B6833B3E2
:102AC800284D2B681BB929462748FFF70DFB1F49DE
:102AD8002868FFF745F9786800F060FF002233683E
:102AE8005A604FF4E0617868FFF7CCFEFFF7A0FF6B
:102AF800B8F1010F11D11D49164806F019FC002341
:102B08001B4ABB60BB68934203DDFFF76DFF1C46A1
:102B1800E7E7BB680133BB60F4E71CB10122104B47
:102B28001B685A60074B1A68FB685A404FF000034D
:102B380001D000F05BFA1037BD46BDE8F08100BF58
:102B48003400002030000020DBBB0008B03B002030
:102B5800E7BB00082FBA00080EBC0008EC040020F0
:102B6800F0040020E04A0020F4BB0008FABB00088B
:102B78003F420F00144B2DE9F0411B68134A144ED5
:102B88001A44B2F5967F34BF124A03F5967212487A
:102B980000AFC6E9003206F05FFB04463568D6F898
:102BA800048025F00305454508D2224628460A49EF
:102BB80006F090FB28B901342C4474600448BDE841
:102BC800F0810435EFE700BF7C4800202C01F4DFDA
:102BD80000000020FCFF0B2010BC00082DE9F04F7E
:102BE80087B000245C4B02AF1B68FB604FF000030A
:102BF80002685A4B5A4D1A605A4B5B4A5B4E1A6030
:102C08005B4B80461C602B683C60A3423460C0F27A
:102C18008980A86800F080FEEB680446CDE90003CF
:102C280080216B68534A544806F094FBD5F800B0ED
:102C38000023DFF87091C9F80030504B1B68DB07A0
:102C480014D54F4B1B685B6883B10123DFF858A18B
:102C5800C9F80030DAF800301BB951464948FFF787
:102C680043FA4549DAF80000FFF77AF84649474839
:102C780006F05EFB4049454806F05AFB4449434884
:102C880006F056FB5846394A3B49FFF753FD0028E2
:102C98005BD1384600F0B5FE20213868D6F800A090
:102CA80000F04BFE012102465046FFF77BFDD8F8A5
:102CB800002007213068FFF775FD2B68D6F80080E3
:102CC800002B3BDB2021204600F037FE0221024684
:102CD8004046FFF767FD0421EA683068FFF762FDA8
:102CE800D9F800306BB1002307F10801381DC7E996
:102CF8000133FFF7D5F9D7E90112264B3068FFF702
:102D080075FD2549214806F013FB21491F4806F0A7
:102D18000FFB114B1A68FB685A404FF0000316D09E
:102D280000F064F94FF0E0238021D3F8283D1B4AD6
:102D3800114806F00FFB40F2014B79E74FF0E02312
:102D480006214046D3F8282DC8E71549DAE7143795
:102D5800BD46BDE8F08F00BF300000207C48002051
:102D680034000020D84A002080480020FC4A002077
:102D7800F84A0020DBBB0008B03B0020EC04002030
:102D8800F0040020F4BB0008E7BB00082FBA0008D5
:102D98000EBC00083BBC00084ABC00081DBC00086B
:102DA80065BC0008DC4A0020E04A00202DE9F0411B
:102DB80082B03E4B3E4D00AF06461B687B604FF02D
:102DC800000328683B4B1446C31A02FB0133B3F5D2
:102DD800167F13D30122384B1A60344B1A687B686C
:102DE8005A404FF0000301D000F000F9334934484D
:102DF8000837BD46BDE8F04106F09ABA314BD3F822
:102E080000C0314B9C4504D030492D4806F090FA5B
:102E1800FEE742B9254B1A687B685A404FF0000319
:102E2800E2D12B49E3E7022914D0042923D0012950
:102E380032D13146FDF79EFB2B6823442B601B4B98
:102E48001A687B685A404FF00003CDD10837BD4659
:102E5800BDE8F0814FF0000836F8183002223946F4
:102E68003B80FDF787FB286808F1010802304445DC
:102E78002860F1D1E3E74FF0000856F82830042223
:102E880039463B60FDF776FB286808F101080430F5
:102E980044452860F1D1D2E7044B1A687B685A4050
:102EA8004FF00003A0D10B49A1E700BF300000207C
:102EB800D84A002080480020F84A002091BC000829
:102EC8002FBA0008144B0020ED55CEACBFBC00084B
:102ED8000EBD00083ABD0008F0B583B0344D354E3C
:102EE800286800AF002840D0334A3168334B13EAD2
:102EF800210338BF1346324A126852B9314A32495F
:102F08001268521AFFF772FC18B13049304806F0BF
:102F18000FFA304B1C6854B12F4B1C6814F0010495
:102F280005D02E4B1A685368EBB1002353604FF459
:102F3800E0612868FFF7A6FC18B12949244806F083
:102F4800F7F93368013325D03369012B13D12549AB
:102F58001F4806F0EDF90023234A3B603B68934283
:102F680005DDFFF741FD1C46E1E70446E9E73B685C
:102F780001333B60F2E71CB10122184B1B685A6011
:102F8800FFF756FD01200023124A0C372B6013600F
:102F9800BD46F0BD13490E4806F0CAF90023124A8F
:102FA8007B607B689342DCDC7B6801337B60F8E7FD
:102FB800FC4A00203400002059BD000862BD00080A
:102FC800F84A0020D84A0020804800206CBD00083C
:102FD8002FBA0008DC4A0020EC040020F00400208E
:102FE80095BD0008FABB00083F420F0080B500AF4E
:102FF800FFF70EFD05220A4B40F2ED111A60094A4F
:103008005A60094A9A600122C3E90312FFF776FA67
:1030180010B1FFF71BFDFEE7FFF70AFDFBE700BF56
:1030280034000020B0BD0008C1BD000880B500AF65
:10303800EFF3058363B9EFF31482920708D5EFF332
:103048000B81074A116083F30B88BFF36F8F80BD34
:10305800EFF30A82034B1A60002383F30A88F4E72C
:10306800784800207448002080B500AFEFF305834E
:1030780053B9EFF314839B0706D5064B1B6883F3FC
:103088000B88BFF36F8F80BD034B1B6883F30A88DF
:10309800F7E700BF78480020744800202DE9F04F7A
:1030A80089B01646002200AFC7E90110D7E9155AC2
:1030B8009846D7E91393454CFB60454BD4F800B0CC
:1030C8001B68FB614FF00003C7E90422BA61B9F13C
:1030D800000F09D101203E4B1A68FB695A404FF096
:1030E80000036ED0FFF782FF99F80020002AF1D084
:1030F800FB68002BEED0002DECD0BAF1000FE9D020
:10310800002EE7D04645E5D807F1100000F0E0F9B9
:103118000128DFD007F1140000F07EFA0128D9D089
:1031280007F1180000F01EFA0128D3D0294B2A4ACB
:103138002068CBE901327A69BB68CBF814204FF0DC
:103148002012ABF80C307B683969ABF80E30BB6CD9
:10315800ABF81060ABF81C30CBF81820ABF8128035
:103168002022CBF820502430FDF704FA20682022D2
:10317800B9694430FDF7FEF920684946BA6C6430F5
:10318800FDF7F8F9BB6C206803F1600604302A46A5
:10319800F9683044FDF7EEF95B4622689BF80700B2
:1031A80004323244505551199BF8062000204A70C9
:1031B8009BF805208A7013F8042FCA70CAF80030EB
:1031C80089E72437BD46BDE8F08F00BF004B0020DB
:1031D80030000020D1D2D3D4F00F0100034680B5CF
:1031E800012000AF1BB118600020014A136080BDA8
:1031F800004B0020F0B589B000261A4B06AF1B68BB
:103208007B604FF00003184B04461B680D463E6078
:103218004BB90120134B1A687B685A404FF00003E2
:103228001CD0FFF7E3FE1B68002BF2D00028F0D07B
:103238003946FFF711FB0128EBD04FF48673CDE92F
:10324800024304953B6831460193682300930123A8
:1032580041F212501A46FFF721FFDBE70C37BD4653
:10326800F0BD00BF30000020004B00202DE9F047E2
:1032780090B01C4606AF294B80460E4615460021E5
:10328800242238461B687B624FF00003D7F848A019
:10329800FDF7E6F9224BB9461B68002B37D01B68AF
:1032A800002B34D0B8F1000F31D085B37CB323782C
:1032B8006BB3BAF1000F2AD01A4A1B4BBD60C7E99D
:1032C800002304F10F00631E07F10B0213F8011F1E
:1032D80002F8011F09B18342F8D1144B3146FB6152
:1032E8002423CDE9029310230093012344F21860AC
:1032F8001A46CDF810A00194FFF7D0FE074B1A68C4
:103308007B6A5A404FF0000303D0FFF76FFE01209D
:10331800F4E72837BD46BDE8F08700BF300000203D
:10332800004B002050446150F00F0310506144508E
:1033380090B587B00C4C06AF24689CB124688CB15A
:1033480080B1F86904907869039038690290B86987
:1033580001901020009048F27130FFF79FFE04376B
:10336800BD4690BD0120FAE7004B002080B50A4B0E
:1033780000AF1B6873B11B6863B158B151B1C36921
:10338800828A24331344C28A1344028B00201344D4
:103398000B6080BD0120FCE7004B002080B500AF2A
:1033A800F0B11049104B41604FF480710122186050
:1033B800002301810D49C0E903228272C0F89C30C4
:1033C80080F87C3080F85C3000F1130211F8013B82
:1033D80002F8013F002BF9D101220260184680BD96
:1033E8000120FCE703922871044B0020CDBB0008A4
:1033F800F0B585B0254B00AF1B68FB604FF00003AC
:103408000023234DC7E901332B6806464BB9012039
:103418001E4B1A68FB685A404FF0000332D0FFF782
:10342800E5FD1B68002BF2D0FFF768F80028EED006
:103438002B68184C5B68A34201D10020E8E70821FB
:10344800381D00F05BF980B97B68012B0DD1BB6892
:10345800114A934209D0A2F10752A2F51F12012E78
:10346800A2F16E020BD1934206D101230821381D27
:10347800C7E9013400F028F92B685C60DDE7934266
:10348800FAD1C4E71437BD46F0BD00BF30000020B4
:10349800044B0020252715157152109398B50A4C36
:1034A80000AF23680BB9002098BD1B68002BFAD029
:1034B800FFF724F80028F6D023685868034BC31A8E
:1034C80058425841F0E700BF044B00202527151546
:1034D8002DE9F04182B0204B00AF1B687B604FF0B4
:1034E800000300231D4E3B60336804464BB901209E
:1034F800194B1A687B685A404FF0000328D0FFF731
:1035080075FD1A68002AF2D00028F0D093F87C5094
:10351800D5B99A7A012AEAD1114AD2F80080B8F1CD
:10352800000FE4D03A461F2103F17C00C047012870
:10353800DDD0336893F87C20002AD8D03A681F2A57
:10354800D5D81A4482F87C507C3300202360CFE71A
:103558000837BD46BDE8F08130000020044B00204C
:10356800343C00202DE9F04182B01F4B00AF1B68AE
:103578007B604FF0000300231C4E3B603368044619
:103588004BB90120184B1A687B685A404FF000036A
:1035980025D0FFF72BFD1A68002AF2D00028F0D0BA
:1035A80093F85C50BDB9124AD2F80080B8F1000F08
:1035B800E7D03A461F2103F15C00C0470128E0D05C
:1035C800336893F85C20002ADBD03A681F2AD8D8E1
:1035D8001A4482F85C505C3300202360D2E7083735
:1035E800BD46BDE8F08100BF30000020044B00203C
:1035F800303C002080B5074B00AF1B6843B11A6808
:1036080032B10020D3F89C200132C3F89C2080BD41
:103618000120FCE7044B002080B5074B00AF1B6876
:103628003BB11A682AB120B1D3F89C30036000205E
:1036380080BD0120FCE700BF044B002080B5074B8C
:1036480000AF1B683BB11A682AB11A69012A02D176
:103658001861002080BD0120FCE700BF044B00205A
:1036680080B5064B00AF1B6833B11A6822B118B198
:103678005B7A0370002080BD0120FCE7044B00202A
:1036880080B5064B00AF1B6833B11A6822B118B178
:103698001B7A0370002080BD0120FCE7044B00204A
:1036A80098B500AF08B9012098BD064C20600430D9
:1036B80000F05EFA0128F6D00122236800201A6083
:1036C800F2E700BF084B0020B0B50B4B04461B685F
:1036D8000D4600AF6BB11B685BB1FFF7DFFE40B171
:1036E8003CB135B129462046BD46BDE8B04000F0A2
:1036F80043BA0120B0BD00BF084B0020B0B50B4B4A
:1037080004461B680D4600AF6BB11B685BB1FFF741
:10371800C5FE40B13CB135B129462046BD46BDE89D
:10372800B04000F02DBA0120B0BD00BF084B00200A
:1037380090B583B0194B00AF1B687B604FF0000356
:103748000223FB70164B04461B684BB90120134B30
:103758001A687B685A404FF000031CD0FFF746FCFC
:103768001B68002BF2D0FFF799FE0028EED0002C42
:10377800ECD0F81CFFF784FF0128E7D0F97800297E
:10378800E4D04B1E59425941204600F0FDF9421E33
:1037980050425041DBE70C37BD4690BD3000002059
:1037A800084B002090B583B0194B00AF1B687B60B5
:1037B8004FF000030223FB70164B04461B684BB9FD
:1037C8000120134B1A687B685A404FF000031CD045
:1037D800FFF70CFC1B68002BF2D0FFF75FFE0028F8
:1037E800EED0002CECD0F81CFFF74AFF0128E7D0F8
:1037F800F9780029E4D04B1E59425941204600F07F
:10380800C7F9421E50425041DBE70C37BD4690BD18
:1038180030000020084B0020B0B586B02F4B02AF17
:103828001B68FB604FF000030023826AC7E901337D
:10383800036A041D934244D900932346284A8021F1
:10384800284805F087FD3A4606202649FEF772FF0C
:1038580070BB254D2B681BB929462448FEF744FC4C
:1038680020492868FEF77CFAFEF706FC07F10801F4
:10387800381DFEF715FCD7E901121D4B3868FEF715
:10388800B5FF1C2120463D6800F057F8012102468B
:103898002846FEF787FF4FF4E0613868FEF7F2FF2D
:1038A80018B11449144805F043FD0120FEF786FBC2
:1038B8000A4B1A68FB685A404FF000030AD0FFF71A
:1038C80095FB426A0093934238BF0C4A234628BFAF
:1038D8000B4AB4E71037BD46B0BD00BF300000202A
:1038E8001ABE0008B03B00200C4B0020F4BB0008B7
:1038F8003BBC000895BD00082FBA000848BE000868
:1039080076BE000880B4034800AFBD465DF8047B6E
:10391800FEF77CBC2138000898B500AF044605F0D6
:103928009BFC28B102460138235C2F2B02D114449A
:10393800204698BD5C2BF4D1F9E780B500AF30B1D3
:103948000346014400201A780AB18B4200D180BD99
:1039580010440133F7E7F8B505461446084600AFAA
:10396800B9B12021FFF7E9FF022102462846FEF7F8
:1039780019FF06465CB1224604212846FEF712FFCD
:103988003043003818BF0120F8BD0126F3E70120B5
:10399800F6E7002AF9D10120F6E7000090B585B0D6
:1039A800114B00AF1B68FB604FF000030023044677
:1039B80007F10801381DC7E90133FEF771FB70B93B
:1039C800D7E901122046094BFEF710FF064B1A688B
:1039D800FB685A404FF0000303D0FFF707FB0120B4
:1039E800F4E71437BD4690BD300000203BBC00080A
:1039F80080B5034600AF10B10020186080BD0120DB
:103A0800FCE798B5044600AF08B9012098BD04F05A
:103A1800ABFF0028F9D004F075FC20600020F5E722
:103A28002DE9F04786B03D4B3D4E00AF1B687B61EA
:103A38004FF00003336804464BB90120374B1A682E
:103A48007B695A404FF0000364D0FFF7CFFA002893
:103A5800F3D0391DFFF78AFC0128EED07B68B3F557
:103A6800803FEAD22F49304805F062FC0025214604
:103A7800D7F8048008EB040081421BD14FF00009FD
:103A88001423B9FBF3FAC84503FB1A9A20DCBAF1F0
:103A9800000F03D02549244805F04AFC2B46502145
:103AA800234A306805F056FC31681F4805F040FC91
:103AB8000020C3E711F8012B6A4082EA0212D2B251
:103AC800D30083EA022383EA152383EA1215D3E796
:103AD8000A2114F80930174A07F1080005F03AFCE2
:103AE800BAF1000F03D114490F4805F021FC0E4824
:103AF80007F1080105F01CFC104B09F1010903FB53
:103B080009F30F4AB2EBB30FBAD30849064805F0D8
:103B18000FFCB5E71837BD46BDE8F0873000002038
:103B2800104B0020B3BE00082FBA000803BF0008DE
:103B3800DFBE0008D0BE0008D6BE0008CDCCCCCC75
:103B4800CCCCCC0C80B5024B00AF1860002080BDF7
:103B5800104B002080B400AFBD465DF8047BFFF732
:103B68005FBF80B400AFBD465DF8047BFFF758BF68
:103B780080B5002000AF80BD80B5012000AF80BDBA
:103B880080B5012000AF80BD80B5012000AF80BDA9
:103B980080B5012000AF80BD98B5044600AF20462F
:103BA8001CB154F80C3B013300D198BD0822012107
:103BB800FFF7FCF854F80C0C54F8082C14F8041C03
:103BC800121AB2FBF1F2FFF7F1F8E8E72DE9F0413C
:103BD800A8B0C26A604B00AF12F0040F1B68C7F8A8
:103BE8009C304FF00003D0E9003118BF0B46C7E9FD
:103BF8000003D0064CBF03F1200203F16802DB6921
:103C08000021DB0903F004031343FB604FF0E023BA
:103C1800B960D3F8883D042603F4A003A3F5A001F6
:103C28004B424B41BB6000234FF001084B4C3B61BA
:103C38004B4D07F10C002C60FEF7D0FF0422012148
:103C48004848FFF7B3F80422012107F10800FFF7FD
:103C5800ADF8102201217868FFF7A8F8386820220B
:103C680001210C30FFF7A2F87868042201211030F6
:103C7800FFF79CF80422012107F10C00FFF796F8E2
:103C880078680C2201211430FFF790F80C220121EA
:103C98003868FFF78BF8BB68DA0718D53B68DB6A2A
:103CA800DB0650D407F15400FCF7E8FA79684022A3
:103CB800203107F11400FCF75DFC7B681B6EC7F828
:103CC80094308422012107F11400FFF76FF8FEF702
:103CD80051FFFFF761FF4FF0E023D3F8003D03F4F5
:103CE8007023B3F5402F0ED01F4B07F114007B61F2
:103CF8001433BB614FF0FF333E77C7E9083387F8C9
:103D08002880FFF749FF2B68A34208D0174B0422ED
:103D1800012107F19800C7F89830FFF747F8FFF737
:103D2800DBF8002884D03B691BB17A6893690233B9
:103D38009361094B1A68D7F89C305A404FF000033A
:103D480006D0FFF753F907F11400FCF791FAB8E72A
:103D5800A037BD46BDE8F08130000020ED55CEAC5F
:103D6800144B00208EC4000828ED00E0ACCE55EDC1
:103D780090B41346054C064A00AF002908BF2246F6
:103D880001460448BD4690BC05F0D2BA0DBF0008F4
:103D980008BF000812BF0008F8B5044685690F4936
:103DA80040680F4E2A46002808BF314663690D480F
:103DB80000AF05F0BDFA062D03D063680BB90123E7
:103DC8006360002301222046C4E90232C4E90533B6
:103DD800BD46BDE8F84000F00BBA00BF27BF000899
:103DE8009FC200082FBF0008B0B58EB0894B02AF44
:103DF8001B68FB624FF00003874B07F11C0203F1BD
:103E08000805144618685968083303C4AB422246AB
:103E1800F7D118681B7920603846237100F0A4F99F
:103E280020BB7E4800F026FA384600F09DF93A6833
:103E38007B497C4805F07CFAFB68082B07D13A6877
:103E48007749794805F074FA002004F05FF9774B58
:103E58007968774A002918BF1A46FB68023B052B88
:103E680020D8DFE803F08B1F825014877968012976
:103E780003D9704805F05CFAD3E73B696E48CDE991
:103E880000136749FB683A6805F052FAD4E7B96845
:103E98006A4805F04DFA00210123C7E902133846A4
:103EA80000F0A6F9664C2368DA076CD5654B1B68E9
:103EB8005B68002B73D064496448FEF715F9B0FAC3
:103EC80080F1634A63484909FFF752FF5E4D7C68F9
:103ED800002C6FD0082300243846C7E9024300F0BD
:103EE80087F93A684E49504805F022FA204604F00E
:103EF8000DF9484B1A68FB6A5A404FF0000300F06E
:103F08008680FFF773F849BB40F2F733BC689C42E0
:103F180024D1D7E9052346494F4805F009FA7969BC
:103F28004E4AB1FA81F142484909FFF721FF397E2B
:103F38004B4AC1F3400181F001013D4801F0010104
:103F4800FFF716FF7B683A49384A0133002B08BF50
:103F58000A463A4821467B6005F0EAF90023012227
:103F6800C7E90533C7E9023299E74FF0FF337B61B0
:103F78000423BB613846FFF70FFF93E74FF0FF3389
:103F88007B610223F5E7FDF76FFFB0FA80F1354A50
:103F980030484909FFF7ECFE2368DB0786D4012087
:103FA800FEF70CF8B0FA80F12F4A2A484909FFF7C2
:103FB800DFFE80E722461E492C4805F0B9F940F299
:103FC800F7322B492868FDF715FF40F2F733BB603D
:103FD80002233846FB60C7E9054400F009F9144894
:103FE80000F08AFA12490246224805F0A1F97B68D6
:103FF80038460133C7E901340123C7E90544FB60AA
:1040080000F0F6F84FF4967004F004FB5FE73037E1
:10401800BD46B0BD3000002010BC00089FFBB39225
:1040280068BF000877BF0008F0BF000864BF000839
:104038009FC2000891BF0008C0BF00080DC000085B
:10404800EC040020F00400202490002091C0000817
:104058009BC000087BC0000821C0000850C00008B1
:104068005CC0000869C0000883C00008B4C000082C
:10407800C6C00008D0C0000880B5024B00AF186861
:1040880080BD00BF2490002090B585B0194804AFCA
:1040980005F04EF900F064F9FDF7E6FE38B1164870
:1040A80005F046F94FF0FF300437BD4690BDFEF7E6
:1040B80017FA08B11148F3E70120FDF77FFF04461E
:1040C80008B10F48ECE700F095F90E4B4FF4805219
:1040D80002930D4B0D49019303230D48009323468A
:1040E80003F0BCFF08B90B48DAE704F089F80A487E
:1040F800D6E700BFE5C0000824C100084DC100088C
:1041080074C10008C48F0020C44F002098C1000863
:10411800F13D0008A1C10008C5C1000890B589B0EB
:10412800104B00AF044638461B68FB614FF0000394
:1041380000F01AF848B1FB68082B06D0C7E9054318
:1041480007233846FB6000F053F8064B1A68FB69F2
:104158005A404FF0000301D0FEF748FF2437BD4610
:1041680090BD00BF300000201D4B2DE9F04FD3F863
:1041780000B0D3F804A0D3F80890D3F80CE0D3F833
:1041880010C05E699A69DD691C6A596AD3F828808B
:10419800144B00AF9B4520D1BAF1020F1DD1124B31
:1041A80099451AD1531E072B17D88EEA010383EAC3
:1041B8000C0373405340DFF834906B40634083EA4C
:1041C8000909C84509D1C0E900ECC0E90262C0E9A3
:1041D800045481610120BDE8F08F0020FBE700BF97
:1041E80080A002204D465444D0BDE3D67A8A8B3B4A
:1041F8000346D0E900C09A692DE9F043D3E9026586
:10420800D3E904418CEA0203434073406B406340A6
:10421800DFF854E04B4000AF83EA0E0EEFF310884E
:1042280072B64FF000090F4BC3F82890DFF83C90A6
:10423800C3F800904FF00209C3F80490DFF83090FB
:10424800C3F80890C3F80CC018615E619D61DC6119
:1042580019625A62C3F828E0B8F1000F00D162B6BB
:10426800BDE8F08380A002207A8A8B3B4D465444F7
:10427800D0BDE3D690B589B00E4B00AF18220446E6
:104288000021381D1B68FB614FF00003FCF7E8F9BB
:1042980001233846FB603C60FFF7AAFF054B1A680C
:1042A800FB695A404FF0000301D0FEF79FFE243708
:1042B800BD4690BD3000002090B589B0114B00AFCD
:1042C8001B68FB614FF00003002304463846FB607F
:1042D800FFF74AFF50B1FB68032B07D1BB68A34225
:1042E80004D104233846FB60FFF782FF054B1A68A8
:1042F800FB695A404FF0000301D0FEF777FE2437E0
:10430800BD4690BD30000020F0B589B0134B00AF1A
:104318001B68FB614FF000030023064638460D4634
:104328001446FB60FFF720FF60B1FB68042B09D13E
:10433800BB68B34206D105233846C7E90554FB607C
:10434800FFF756FF054B1A68FB695A404FF0000308
:1043580001D0FEF74BFE2437BD46F0BD30000020EB
:10436800F0B589B01F4B00AF38461B68FB614FF0B2
:104378000003FFF7F9FE28B3FB68032B22D140F2B4
:10438800F233BC689C421DD12046FFF795FFEFF33E
:104398000585EFF31486FEF73BFB134B134A1521F3
:1043A8005A60134A1C609A600122C3E90312FEF79F
:1043B800A5F880B1FEF74AFB3246294640F2F230B2
:1043C800FFF7A2FF074B1A68FB695A404FF000033A
:1043D80004D0FEF70BFEFEF72BFBEDE72437BD46B6
:1043E800F0BD00BF3000002034000020F0C10008FC
:1043F800FAC10008F0B589B0214B00AF38461B68F8
:10440800FB614FF00003FFF7AFFE50B3FB68032BCF
:1044180027D140F2ED33BC689C4222D12046FFF7F9
:104428004BFFEFF30585EFF314861648324629460D
:1044380004F07EFFFEF7ECFA134B144A2A215A6067
:10444800134A1C609A600022C3E90312FEF756F86B
:1044580080B1FEF7FBFA3246294640F2ED30FFF70D
:1044680053FF074B1A68FB695A404FF0000304D00A
:10447800FEF7BCFDFEF7DCFAEDE72437BD46F0BDDC
:10448800300000203CC20008340000206AC2000846
:10449800FAC1000898B500AFEFF30583104C23600C
:1044A800FFF7EAFD22680F49FDF7A4FCFEF7B0FA12
:1044B80040F2EE320C4B37211A600C4A5A600C4A13
:1044C8009A600022C3E90312FEF718F828B1FEF734
:1044D800BDFA0122074B1A7098BDFEF7A9FAF8E752
:1044E8002C90002074C20008340000208FC20008FD
:1044F800FAC100082890002080B500AFFEF788FABE
:1045080040F2F732094B91211A60094A5A60094A68
:104518009A600022C3E90312FDF7F0FF18B1FEF715
:1045280095FA002080BDFEF783FAFAE734000020F0
:104538009AC20008FAC1000880B500AF00F044F83C
:1045480000F080F9BD46BDE88040FFF79DBD000042
:1045580080B500AFBFF34F8F0549064BCA6802F418
:10456800E0621343CB60BFF34F8F00BFFDE700BF8E
:1045780000ED00E00400FA0580B5002000AF80BD22
:1045880080B483B00F4B00AFD3F8942042F00402FC
:10459800C3F89420D3F8942002F004023A603A68F1
:1045A800D3F8A82042F00202C3F8A820D3F8A83014
:1045B80003F002037B607B680C37BD465DF8047B23
:1045C80000F0B8BB000C024690B5A1B02C4B00AF70
:1045D8001B68FB674FF0000300F0AEF918220021BA
:1045E800381DFCF73DF86022002107F11C00FCF79C
:1045F80037F84FF4403000F051FB00B1FEE71023CC
:104608000122FB61C7E90E2302230324C7E91532FF
:104618004FF40052C7E917420F22C7E91B33C7E915
:1046280019230C233864C7E91D3007F11C0000F07A
:10463800DFFD0028E2D11F23C7E90300C7E9050011
:104648002146381DC7E9013400F060FC0028D5D1A7
:1046580000F006FB00F016FB4FF00062094B9A6071
:10466800BFF34F8FBFF36F8F054B1A68FB6F5A402C
:104678004FF0000301D0FEF7B9FC8437BD4690BD6A
:104688003000002000ED00E00A4A80B5D2F8FC3086
:1046980000AF43F08073C2F8FC300022064B5A602A
:1046A8001A6842F001021A60BFF34F8FBFF36F8F91
:1046B80080BD00BF00ED00E0001000E080B5024BB7
:1046C80000AF586880BD00BF001000E0044B80B503
:1046D8000360044B00AF0B604FF48073136080BD20
:1046E800909C002090980020044B80B50360044BF8
:1046F80000AF0B604FF40073136080BD309800204A
:104708003090002080B5054800AF04F011FE052068
:10471800FFF704FD04F078FCFFF71AFFA4C20008B5
:1047280080B50A4600AF0146044804F001FE0120A6
:10473800FFF7F4FC04F068FCFFF70AFFC1C20008A9
:1047480090B583B00D4B00AF1B687B604FF0000342
:1047580001224FF0FF33F8700446F91C084802F0B4
:1047680081FF064B1A687B685A404FF0000301D05E
:10477800FEF73CFC20460C37BD4690BD30000020BB
:10478800F09C002090B5BDB0044600AF294B142220
:10479800002107F10C001B68C7F8EC304FF000034C
:1047A800FBF75EFFC822002107F12000FBF758FF46
:1047B8002268214B9A422FD10122002307F12000C1
:1047C800C7E9082301F08EFA1C4B1D48D3F8A42032
:1047D80007F10C0142F48042C3F8A420D3F8A420C6
:1047E80002F480427A607A68D3F88C2042F00102A1
:1047F800C3F88C20D3F88C304FF4C06203F0010367
:10480800BB60BB680223C7E903230022C7E905236D
:104818000723FB6100F00CF9064B1A68D7F8EC3057
:104828005A404FF0000301D0FEF7E0FBF437BD46D5
:1048380090BD00BF3000002000380140000C024647
:10484800000002420E490F4B80B54FF4E1220B6085
:104858000023C1E901230C2200AF0846C1E9033354
:10486800C1E90523C1E90733C1E9093302F0B1FF02
:1048780018B9034802F0DDFF00B1FEE780BD00BFB4
:10488800F09C002000380140FBF7D2BC80B400AF98
:10489800BD465DF8047BFFF7FDBD0000DFF834D0AE
:1048A80000F026F8002103E00B4B5B58435004311D
:1048B8000A480B4B42189A42F6D30A4A02E00023F0
:1048C80042F8043B084B9A42F9D304F0F3FCFFF793
:1048D80033FEFEE700000C20E8C8000800000020B6
:1048E800600000206000002080A00220FEE7000099
:1048F80001220F4880B5D0F8883000AF43F4700328
:10490800C0F888300B4B1A600022DA611A625A62CA
:10491800196821F0A85121F4102119609A621968C8
:1049280021F4802119601A654FF00063836080BD0F
:1049380000ED00E0000C024698B5032000AF00F03F
:1049480027F800F05FFA0B4B0B4A1B6A03F00F03C2
:10495800D35CD840094B1860042000F02DF80020E3
:10496800FFF70AFE044618B9FFF70AFE204698BD6D
:104978000124FBE7000C0246E0C4000858000020B0
:1049880080B5024B00AF186880BD00BF789D00203D
:10499800084980B5CA68030222F4E062120403F4ED
:1049A800E063120C134343F0BF6343F4003300AFDA
:1049B800CB6080BD00ED00E080B500AF04280AD8C8
:1049C800DFE800F00A18260903004FF0E022136917
:1049D80043F00403136180BD4FF0E022136923F014
:1049E80004031361114AD2F8E03023F44003C2F8FB
:1049F800E030F0E74FF0E022136923F0040313617D
:104A08000A4AD2F8E03023F4400343F48003EEE787
:104A18004FF0E022136923F004031361034AD2F82C
:104A2800E03023F4400343F40003E0E7000C0246BF
:104A38002DE9F04F864B85B000AF7B60002203461E
:104A4800844C854E04EA9024B9603C60B9680C68CF
:104A580034FA02F503D11437BD46BDE8F08F0121C1
:104A680001FA02FE1EEA0404FC6000F09680B968B0
:104A78004C687A4924F01005884240F09380036816
:104A8800796823EA0E0C04F00103934043EA0C030F
:104A98000360D1F804C00F217B684FEADC081B686B
:104AA8000CF0070903EB8808D8F820E04FEA8909D9
:104AB80001FA09FA2EEA0A0A4FF00B0E03210EFA40
:104AC80009FE4EEA0A0EC8F820E0D3F800804FEA43
:104AD8004C0901FA09FE28EA0E084FF0020E0EFAF8
:104AE80009FE4EEA080EC3F800E0013D012D40F230
:104AF8008580032C51D003214FEA4C0CDD6801FA64
:104B08000CFEB96825EA0E0E8D6805FA0CF545EA23
:104B18000E05DD60E50040D50F2122F0030C0CF1F5
:104B28008C4C02F003050CF5083CED00DCF86080C5
:104B380001FA05FE396828EA0E0E01FA05F5F9684A
:104B480045EA0E05CCF860506FEA010CE10248BF57
:104B5800F96835684CBF0D430CEA05053560A102BC
:104B680048BFF96875684CBF0D430CEA05057560C8
:104B7800A103D6F884504ABFF9680CEA05050D432D
:104B8800C6F88450E103D6F8805049BFFC680CEAA7
:104B980005052C432546C6F880507C680132083448
:104BA8007C6053E703214FEA420901FA09FC022D10
:104BB8006FEA0C0C3ED122FA01FE0F2102F0070821
:104BC8004FEA880801FA08FBB96800EB8E0EDEF898
:104BD80020A009692AEA0B0A01F00F0B0BFA08FB5F
:104BE8004BEA0A0BCEF820B0D3F800E005FA09F535
:104BF8000EEA0C0E944645EA0E051D6003214FEAA5
:104C08004C089D6801FA08FEB96825EA0E0ECD68C1
:104C1800012105FA08F545EA0E059D605D6801FA6F
:104C28000CFE25EA0E0E250905FA0CF545EA0E05D7
:104C38005D6060E7D3F800E00EEA0C0E04F0030CA8
:104C48000CFA09FC4CEA0E0CC3F800C094464CE779
:104C5800F0C400087F7F2F000020024600000246B3
:104C68000146074A80B5106800AF10F0010009BF7F
:104C78001368012023F004030B4308BF136080BDB1
:104C88000004034080B5044A0020136800AF43F0D5
:104C98000103136080BD00BF000403401E4B80B5B4
:104CA800DA6B00AF02F44032824208D1B2F5803F9D
:104CB80082BFDA6842F48022DA60002080BDDA68B8
:104CC800B0F5803F22F4E02242EA000288BF42F4B5
:104CD8008022DA604FF47A72104B32211B68B3FBE2
:104CE800F2F34B43B3FBF2F301331A460A49C8689F
:104CF800000404D40AB90320E0E7013AF7E7002AE0
:104D0800F9D0054AD16B090403D4002BF3D0013B39
:104D1800F8E7002BD1D1EEE7000802465800002042
:104D280080B5034B00AFD86B00F4403080BD00BFA6
:104D38000008024680B5034A00AFD36A43F0010376
:104D4800D36280BD00080246B0B582B02B4D044640
:104D5800D5F8943000AF5B0718D5FFF7E1FF20F4D2
:104D68008033B3F5003F26D1B4F1805F2CBF00201B
:104D78000120234A136823F00F03034313601368C9
:104D880003F00F03181A18BF01201BE0D5F8943060
:104D980043F00403C5F89430D5F8943003F00403C5
:104DA8007B607B68FFF7BCFFD5F8943023F00403E1
:104DB800C5F89430D3E7B4F1805F06D2B0F5803FF0
:104DC80016D001200837BD46B0BDB4F1005F06D942
:104DD80080B9B4F1405F8CBF00200120C9E7B4F16D
:104DE800805F09D1B0F5803F0CBF01200220C0E7E9
:104DF8000320BEE70020BCE70120BAE7000C02460A
:104E0800002002403D4AB0B5D36900AF13F00C034F
:104E1800916A05D00C2B3FD101F0030101293BD148
:104E28009168090254BFD2F8F4209268344954BFFB
:104E3800C2F30332120F51F82200002B5AD02F4927
:104E4800B7EE006A8C6A8B6A8D6AC3F303238A6B98
:104E5800013307EE903AC2F3CC03C5F30012534373
:104E680006EE903A04F00304022CB8EEE77AFAEE64
:104E7800E96A1FD0032C1DD04B6BC3F3080307EE60
:104E8800903AF8EEE77A77EEA67A06EE900A77EE91
:104E9800867AB8EE666A1AE0D26902F00C02042A31
:104EA80006D0082B27D000200C2B23D10020C6E7E2
:104EB8001448F9E74B6BC3F3080307EE903AF8EE92
:104EC800E77A77EEA67A77EE867A9FED0F6A0B4B34
:104ED800C6EE076A5B6B67EEA67AC3F30663013317
:104EE80007EE103AB8EEC77AC7EE876AFCEEE67AA4
:104EF80017EE900AB0BD0348FCE700BF000C02465D
:104F080098C400080024F4000024744B2DE9F043F1
:104F180083B00D46044600AF20B901200C37BD46CA
:104F2800BDE8F0839A4A136803F00F038B426FD3EE
:104F38002368DE0678D418070DD5964920690A6AD1
:104F4800120902F07002904281BF0A6A22F4E062FC
:104F580042EA00120A6259070BD58E49E0680A6ACC
:104F680002F07002904281BF0A6A22F07002024386
:104F78000A629A070BD58749A0680A6A02F00F02ED
:104F8800904281BF0A6A22F00F0202430A62DE07DA
:104F980057D42268900700F1E1807D490B6803F03F
:104FA8000F03AB4200F2E780500700F1FD801107C4
:104FB8000DD5784920690B6A1B0903F070039842E4
:104FC8003FBF0B6A23F4E06343EA00130B62D30686
:104FD8000BD5704A6169536A03F0700399423FBF69
:104FE800536A23F070030B435362FFF70BFF694BBF
:104FF800694A1B6A0C3703F00F03D35CD840674B30
:105008001860674B1868BD46BDE8F043FFF7B4BAAF
:10501800136823F00F030B431360136803F00F03A7
:105028008B427FF47AAF83E75A4960694A6A02F093
:105038007002904281BF4A6A22F0700202434A62BB
:1050480079E76268534B032A53D1D3F89420510768
:1050580041D44FF00108D3F8942042F00402C3F879
:105068009420D3F8943003F004037B607B68FFF747
:1050780087FCDFF830910646D9F80C305A032DD456
:10508800444BB8F1000F05D0D3F8942022F0040265
:10509800C3F894201B6813F0007F3FF43EAF3D4EE9
:1050A8006268F36941F2883923F003031343F3611B
:1050B800FFF766FC63688046032B27D1F36903F08A
:1050C8000C030C2B3FF465AFFFF75AFCA0EB08006C
:1050D8004845F3D90BE04FF00008C8E7D9F80C3081
:1050E8005B04CDD4FFF74CFC801B0228F6D90320C3
:1050F80014E7022A1B6802D113F4003FCDE712B966
:1051080013F0040FC9E713F4806FC6E7022B0CD124
:10511800F36903F00C03082B3FF43BAFFFF730FCB7
:10512800A0EB08004845F3D9E1E78BB9F36913F020
:105138000C0F3FF42EAFFFF723FCA0EB0800484507
:10514800F4D9D4E7FFF71CFCA0EB08004845CED8FB
:10515800F36903F00C03042BF4D11AE70D49A06896
:105168000B6A03F00F0398423FBF0B6A23F00F034B
:1051780003430B6211E70B6823F00F032B430B600B
:105188000B6803F00F03AB427FF4C7AE0CE700BF18
:1051980000200240000C0246E0C40008580000202D
:1051A8005C000020000802460649E0680B6A03F02C
:1051B800700398423FBF0B6A23F0700303430B62EE
:1051C800F5E600BF000C024680B500AFFFF71AFEF7
:1051D800044B054A1B6A03F00F03D35CD840034B0A
:1051E800186080BD000C0246E0C40008580000208A
:1051F8002DE9F04385B0044600AF00283AD0A54B0E
:10520800DE699B6A06F00C0603F003080368DA06F9
:1052180040F19C80C36926B10C2E77D1B8F1010FFB
:1052280074D13BB39B4D606AAB681B0256BFD5F87F
:10523800F430AB681B0403F07043984239D9AEB11F
:10524800AB6843F40003AB60AB68616A23F070435A
:105258000B43AB60B1F1404F226A0DD20029EB68D5
:105268001BDA23F4787343EA421309E0FFF76CFD75
:105278000028E5D001200CE0EB6823F01F0313435E
:10528800EB60FFF7A1FF844B1868FFF775F900285A
:105298005CD01437BD46BDE8F083B1F1804F2BBF19
:1052A80023F4F84323F4782343EA822343EAC233FE
:1052B800E6E7AB68B0F1404F43F40003AB60AB687E
:1052C80023F0704343EA0003AB60226AEB680AD319
:1052D80023F01F031343EB60002ED2D1FFF734FDF8
:1052E8000028CED0C6E7002804DA23F4787343EA0E
:1052F8004213F0E7B0F1804F2BBF23F4F84323F4B7
:10530800782343EA822343EAC233E4E7614D002B62
:1053180075D02B6843F001032B60FFF731FB814602
:105328002B6859074FD5AB6843F40003AB60AB68F3
:10533800616A23F070430B43AB60B1F1404F226ABE
:10534800EB6848D323F01F031343EB602368DB07A4
:1053580066D423689D0700F1BF802368180740F1D1
:105368003C814C4BD3F89420510700F1F48001267E
:10537800D3F8942042F00402C3F89420D3F8943070
:1053880003F004037B607B68444DAB6ADA0740F1A5
:10539800E48063693F4D002B40F0F180D5F8F03090
:1053A80023F0A053C5F8F030FFF7EAFA8046D5F8A5
:1053B800F0301B0140F10981FFF7E2FAA0EB080089
:1053C8000528F4D905E0FFF7DBFAA0EB090002286D
:1053D800A6D903205DE7002904DA23F4787343EAA9
:1053E8004213B2E7B1F1804F04D323F4F84343EA00
:1053F8008223AAE723F4782343EAC233A5E72B687C
:1054080023F001032B60FFF7BBFA81462B685A078C
:105418009CD5FFF7B5FAA0EB09000228F6D9D8E722
:10542800082E636804D00C2E05D1B8F1030F02D101
:10543800002B8ED11EE7B3F5803F164D13D12B6894
:1054480043F480332B60FFF79BFA0546DFF844905E
:10545800D9F8003098033FF57CAFFFF791FA401B6D
:105468006428F5D9B5E7B3F5A02F08D12B6843F424
:1054780080232B602B6823F480132B60DFE7B3F5C0
:10548800A81F0DD12B6843F480232B602B6843F4AD
:105498008013F2E7000C02465C0000200008024678
:1054A8002A6822F480322A602A6822F480222A603C
:1054B8002A6822F480122A60002BC4D1FFF760FA10
:1054C80081462B6899037FF544AFFFF759FAA0EBA3
:1054D80009006428F5D97CE7042EE36804D00C2E73
:1054E8000ED1B8F1020F0BD1002B3FF4C3AEAD4A79
:1054F8002169136923F4F81343EA014313612CE784
:10550800A84DBBB12B6843F480732B60FFF738FAC2
:1055180006462B685A0507D52B69226923F4F81328
:1055280043EA02432B6118E7FFF72AFA801B022897
:10553800EFD94EE72B6823F480732B60FFF720FA2E
:1055480006462B685B057FF508AFFFF719FA801B45
:105558000228F6D93DE7002616E7AB6A43F00103B7
:10556800AB62FFF70DFA8046AB6ADB073FF511AF78
:10557800FFF706FAA0EB08000228F5D929E7D5F8C5
:10558800F030A16903F08052914210D003F04062DC
:10559800B2F1006F3FF46EAE58016DD4814AA16933
:1055A800D2F8F03023F080530B43C2F8F0307D4D31
:1055B800D5F8F03043F08063C5F8F030FFF7E0F934
:1055C8008046D5F8F0301A016AD536B1754AD2F856
:1055D800943023F00403C2F8943023685E0740F146
:1055E800AD80704BD3F89420550760D44FF0010874
:1055F800D3F8942042F00402C3F89420D3F89430EE
:1056080003F00403BB60BB68674DAB6AD80751D58C
:10561800A368644D13F0010F5CD1D5F8F02022F097
:105628000102C5F8F020D5F8F02022F00402C5F8F0
:10563800F020002B5DD1FFF7A3F941F28839064627
:10564800D5F8F030990700F1A580D5F8F0301A06A2
:105658006AD541F28839D5F8F03023F08003C5F8CF
:10566800F030504DD5F8F0301B055DD5FFF788F9BF
:10567800801B4845F6D9ACE6D5F8F03023F0A053A6
:10568800C5F8F030FFF77CF98046D5F8F0301901FD
:1056980084D5FFF775F9A0EB08000528F5D998E639
:1056A800FFF76EF9A0EB080005288AD991E64FF0BC
:1056B8000008A9E7AB6A43F00103AB62FFF760F9A2
:1056C8000646AB6AD907A3D4FFF75AF9801B02280C
:1056D800F7D97EE613F0040FD5F8F0301EBF43F07B
:1056E8000403C5F8F030D5F8F03043F00103C5F8ED
:1056F800F030FFF745F941F288390546294ED6F8CA
:10570800F0309A0729D5A36813F0800FD6F8F03047
:105718002FD041F2883943F08003C6F8F030214E8B
:10572800D6F8F0301B051ED5B8F1000F06D01D4A7B
:10573800D2F8943023F00403C2F894302368980612
:1057480034D42368190654D423685D0674D4A16B35
:10575800002940F0C18000209BE5FFF711F9401BAC
:105768004845CCD935E6FFF70BF9401B4845D7D952
:105778002FE641F2883923F08003C6F8F030094E4D
:10578800D6F8F0301805CFD5FFF7FAF8401B484592
:10579800F6D91EE6FFF7F4F8801B48457FF650AFB0
:1057A80017E600BF000C024600080246E36A9D4D5A
:1057B8007BB12B6843F480532B60FFF7E1F8064672
:1057C8002B689A04BDD4FFF7DBF8801B0228F7D9B1
:1057D800FFE52B6823F480532B60FFF7D1F80646CA
:1057E8002B689B04ADD5FFF7CBF8801B0228F7D9AF
:1057F800EFE5236B8B4D7BB12B6843F480432B6023
:10580800FFF7BEF806462B6818049DD4FFF7B8F8D2
:10581800801B0228F7D9DCE52B6823F480432B6032
:10582800FFF7AEF806462B6819048DD5FFF7A8F8E0
:10583800801B0228F7D9CCE5636B7A4D002B3AD050
:10584800AB6843F40003AB60AB68A26A23F07063F3
:105858001343AB60D4E90823B3F1404F16D3EB6888
:1058680023F01F031343EB606E4D2B6843F01003C6
:105878002B60FFF785F806462B689A063FF567AF59
:10588800FFF77EF8801B0228F6D9A2E5002B05DA7F
:10589800EB6823F4787343EA4213E4E7B3F1804FEB
:1058A800EB682BBF23F4F84323F4782343EA8223DD
:1058B80043EAC233D7E72B6823F010032B60FFF7C6
:1058C8005FF806462B689B067FF541AFFFF758F84F
:1058D800801B0228F6D97CE5524DEB6903F00C03D6
:1058E8000C2B00F0A5802B68022923F080732B6015
:1058F80040F08480FFF744F80646296811F00071EB
:1059080070D1D5F894305E070CD40121D5F89430C5
:1059180043F00403C5F89430D5F8943003F0040339
:10592800FB60FB68404DEE68EB6823F48023EB6076
:105938003C4B606CD3F828C0E26B02432CF47F40E8
:1059480020F003000243206C013842EA00229A62E8
:10595800A26CD3F834C03548013A0CEA0000C2F30F
:1059680008020243E06C0138400280B20243206D15
:105978000138000400F4FE000243606D013800069F
:1059880000F0FE4002435A639A6A22F010029A62BB
:10599800E26DD2009A639A6A42F010029A629A6A99
:1059A800A06D22F00C0202439A62700342BFEA68BB
:1059B80042F48022EA6029B1D3F8942022F004024C
:1059C800C3F894201A68174C42F080721A60FEF7E8
:1059D800D7FF054623689A010AD5A36A43F48023B2
:1059E800A362B8E6FEF7CCFF801B022885D9F0E455
:1059F800FEF7C6FF401B0228ECD9EAE4FEF7C0FF19
:105A080004462B689B0106D4AB6A23F4E02323F0F9
:105A18000303AB629FE6FEF7B3FF001B0228F0D931
:105A2800D7E400BF000C0246000802460000808050
:105A38000129AA6A6B6B3FF41DACE06B02F003010D
:105A480081427FF417AC216CC2F3032001398842EC
:105A58007FF410AC616C02F470428A427FF40AACA5
:105A6800A26CC3F30801013A91427FF403ACE26CE3
:105A7800C3F34621013A91427FF4FCAB226DC3F394
:105A88000641013A91427FF4F5AB626DC3F30663B8
:105A9800013A93427FF4EEAB0D4BE16D9A6BC2F382
:105AA800CC028A423FF457AE9A6A22F010029A62F8
:105AB800FEF766FF0546FEF763FFA842FBD0E26DDE
:105AC800034BD2009A639A6A42F010029A6242E645
:105AD800000C024680B500AFFFF776FB034B044A83
:105AE8001B6AC3F30213D35CD84080BD000C024686
:105AF800D8C4000880B500AFFFF766FB034B044A23
:105B08001B6AC3F30223D35CD84080BD000C024655
:105B1800D8C4000880B500AFFFF756FB034B044A12
:105B28005B6AC3F30213D35CD84080BD000C024605
:105B3800D8C40008F8B5334C00AF2368054623F0F5
:105B480080532360FEF71CFF064623689A004BD457
:105B5800236B29686A6823F4706323F00303013A0E
:105B68000B4343EA02232363AB68616C264A013B7B
:105B78000A40C3F308031343EA68013A520292B297
:105B880013432A69013A120402F4FE0213436A69B4
:105B9800013A120602F0FE4213436364236BAA69BA
:105BA80023F00C0313432363236B2A6A13432363F1
:105BB800236B23F010032363A36CEA696FF3CF030D
:105BC80043EAC203A364236B0E4D43F0100323631F
:105BD800236843F080532360FEF7D2FE04462B6807
:105BE8009B0008D5002005E0FEF7CAFE801B0228AE
:105BF800ABD90320F8BDFEF7C3FE001B0228EED97F
:105C0800F7E700BF000C024600008080F8B5334C6F
:105C180000AF2368054623F080632360FEF7B0FEDB
:105C2800064623681A014BD4E36A29686A6823F494
:105C3800706323F00303013A0B4343EA0223E36250
:105C4800AB68E16B264A013B0A40C3F308031343E0
:105C5800EA68013A520292B213432A69013A1204DD
:105C680002F4FE0213436A69013A120602F0FE4288
:105C78001343E363E36AAA6923F00C031343E36263
:105C8800E36A2A6A1343E362E36A23F01003E362D8
:105C9800236CEA696FF3CF0343EAC2032364E36A20
:105CA8000E4D43F01003E362236843F080632360E2
:105CB800FEF766FE04462B681B0108D5002005E0A8
:105CC800FEF75EFE801B0228ABD90320F8BDFEF765
:105CD80057FE001B0228EED9F7E700BF000C02466A
:105CE800000080802DE9F04F83B003680446D80790
:105CF80000AF08D5A649206DD1F8E02022F00302B4
:105D08000243C1F8E020990708D5A149606DD1F890
:105D1800E02022F00C020243C1F8E0205A0708D51F
:105D28009B49A06DD1F8E02022F030020243C1F86F
:105D3800E0201E0708D59649E06DD1F8E02022F052
:105D4800C0020243C1F8E020DD0608D59049206E64
:105D5800D1F8E02022F440720243C1F8E02098060E
:105D680008D58B49606ED1F8E82022F0070202437B
:105D7800C1F8E820590608D58549A06ED1F8E02079
:105D880022F440620243C1F8E0201A0608D580498F
:105D9800E06ED1F8E02022F440520243C1F8E0203E
:105DA800DE0508D57A49206FD1F8E82022F0C00234
:105DB8000243C1F8E8205D0208D57549606FD1F843
:105DC800E02022F440420243C1F8E020980508D5BB
:105DD8006F49A06FD1F8E82022F440620243C1F86D
:105DE800E820590508D56A49E06FD1F8E02022F487
:105DF80040220243C1F8E0201A0509D56449D4F8C5
:105E08008000D1F8E82022F440720243C1F8E8206B
:105E18009E0427D5D4F89030402B25D014D84BB306
:105E2800202B2FD0012623685D040BD5D4F894309D
:105E3800B3F5007F58D02AD8002B5BD0B3F5807F0C
:105E48005ED00126354635E0602B01D0802BE9D1A4
:105E58004F4AD4F89010D2F8E43023F0E0030B4313
:105E6800C2F8E4300026DEE7494A936A43F48033F7
:105E78009362EDE704F10800FFF7C8FE0028E7D0B9
:105E88000326D0E704F12C00FFF754FEF6E7B3F53C
:105E9800407F02D0B3F5806FD3D13546002D34D181
:105EA8003B4AD4F89410D2F8E43023F4E0630B436F
:105EB800C2F8E430236818040AD5D4F8A830B3F53A
:105EC800005F36D023F4805221D832B301263546FC
:105ED8002368D90345D5D4F88830042B5AD8DFE88D
:105EE80003F0353051353500294A936A43F480333D
:105EF8009362D2E704F10800FFF788FE0546CDE774
:105F080004F12C00FFF716FEF8E72E46D2E7B2F5AB
:105F1800804F02D0B3F5405FD8D185B91C4AD4F878
:105F2800A810D2F8E83023F4E0430B43C2F8E83075
:105F3800CEE704F10800FFF769FE0546EDE72E46B7
:105F4800C6E7134A936A43F4803393622DBB104A21
:105F5800D4F88810D2F8E43023F007030B43C2F8D2
:105F6800E43023689A032CD5D4F88C30B3F5003F7D
:105F780000F0828013D8C3B1B3F5803F76D00126F4
:105F880035461EE004F12C00FFF7D4FD0546DDE799
:105F9800000C024601263546E3E72E46E1E7B3F555
:105FA800403F02D0B3F5802FE9D1002D6AD1B14A24
:105FB800D4F88C10D2F8E83023F4E0230B43C2F86D
:105FC800E83023685B033ED5AA4BD3F894205007EA
:105FD8005AD44FF00109D3F8942042F00402C3F8D0
:105FE8009420D3F8943003F004037B607B68DFF8D7
:105FF8008882D8F8283043F00103C8F82830FEF723
:10600800BFFC8246D8F82830D90740D5002D6FD17B
:10601800DFF86082D8F8F03013F4407340D1954A25
:10602800D4F8C010D2F8F03023F440730B43C2F810
:10603800F030B9F1000F06D08E4AD2F8943023F030
:106048000403C2F894302368D80263D5D4F8A0308A
:10605800B3F1006F00F0F6804CD8002B4DD0B3F1AF
:10606800806F00F0E9800126354653E0814A936A43
:1060780043F48033936298E704F12C00FFF75AFD4C
:10608800054692E72E469CE74FF00009AFE7FEF77A
:1060980077FCA0EB0A000228B4D903263546C8E7E6
:1060A800D4F8C0209342BAD0D8F8F020D8F8F0300D
:1060B80022F4407143F48033C8F8F030D8F8F03057
:1060C800D20723F48033C8F8F030C8F8F010A6D50A
:1060D800FEF756FC41F2883B8246D8F8F0309B0721
:1060E8009DD4FEF74DFCA0EB0A005845F5D9D4E73E
:1060F8002E469EE7B3F1406FB5D1002D40F0A88041
:106108005C4AD4F8A010D2F8E03023F040630B4387
:10611800C2F8E0302368190313D5D4F8981031F485
:10612800805203D0B1F5005F40F09480002D40F01C
:1061380094805048D0F8E42022F440520A43C0F832
:10614800E420DA0409D54B49D4F89C00D1F8E420BE
:1061580022F400620243C1F8E420980210D5D4F872
:10616800A4004449B0F5804F02BF8A6A42F48032E5
:106178008A62D1F8E42022F480420243C1F8E42084
:10618800190209D53B49D4F8B400D1F8E02022F42B
:1061980040120243C1F8E020DA0109D53549D4F8A4
:1061A800B800D1F8E02022F440320243C1F8E020E0
:1061B800980109D52F49D4F8BC00D1F8E82022F07D
:1061C80018020243C1F8E820590115D5D4F8B030B7
:1061D800B3F5001F43D1274A936A43F4003393620F
:1061E800002D45D1234AD4F8B010D2F8E43023F476
:1061F80040130B43C2F8E43023681A014FD5D4F892
:106208008430B3F1807F39D0B3F1007F49D0002BBF
:1062180039D001252368DB0009D5164AD4F8AC101B
:10622800D2F8E83023F400430B43C2F8E83028469C
:106238000C37BD46BDE8F08F04F10800FFF7E6FC17
:1062480005465AE70B4A936A43F40033936254E7CE
:106258002E465FE70126354673E72E4671E7B3F50C
:10626800401FBDD104F10800FFF7D0FC0546B7E791
:106278002E46C1E7000C0246000802460C4A936A03
:1062880043F400339362002DC4D1094AD4F8841032
:10629800D2F8E03023F040730B43C2F8E0303546C3
:1062A800B8E704F10800FFF7B1FC0546EBE700BFCB
:1062B800000C0246464AF0B5536B956A946A966A92
:1062C800C4F30324916B013407EE904AC1F3CC0167
:1062D800C6F30014614306EE901A05F00305022D7B
:1062E800B8EEE76AFAEEE96AF7EE005A00AF5FD057
:1062F800032D5DD0C3F3080307EE903A9368354940
:106308001B024BBF9368D2F8F4301B0FC3F303335F
:1063180001EB8303B8EEE77A93ED005A37EE267A5D
:10632800B8EE455A37EE257AC5EE067A284A67EE62
:10633800877A936A13F480330ED0536BC3F34623E2
:1063480006EE903AF8EEE66A76EEA56A87EEA67A49
:10635800BCEEC77A17EE103A1D4A0360936A13F42D
:1063680000330ED0536BC3F3064306EE903AF8EEB3
:10637800E66A76EEA56A87EEA67ABCEEC77A17EECD
:10638800103A134A4360936A13F480230ED0536B78
:10639800C3F3066306EE903AF8EEE66A76EEA56A6F
:1063A80087EEA67AFCEEC77A17EE903A8360F0BDC6
:1063B800536BC3F3080307EE903AF8EEE77A77EEEB
:1063C800A67ADFED056A77EEA57A86EE867AADE7DE
:1063D800000C024698C400080024744B464AF0B5E5
:1063E800D36BD56AD46AD66AC4F30324116C01341A
:1063F80007EE904AC1F3CC01C6F30014614306EEE0
:10640800901A05F00305022DB8EEE76AFAEEE96A7C
:10641800F7EE005A00AF5FD0032D5DD0C3F3080339
:1064280007EE903A936835491B024BBF9368D2F840
:10643800F4301B0FC3F3033301EB8303B8EEE77AA1
:1064480093ED005A37EE267AB8EE455A37EE257A9C
:10645800C5EE067A284A67EE877AD36A13F4803342
:106468000ED0D36BC3F3462306EE903AF8EEE66AF5
:1064780076EEA56A87EEA67ABCEEC77A17EE103AD2
:106488001D4A0360D36A13F400330ED0D36BC3F3F1
:10649800064306EE903AF8EEE66A76EEA56A87EECF
:1064A800A67ABCEEC77A17EE103A134A4360D36A4D
:1064B80013F480230ED0D36BC3F3066306EE903A31
:1064C800F8EEE66A76EEA56A87EEA67AFCEEC77A5B
:1064D80017EE903A8360F0BDD36BC3F3080307EE61
:1064E800903AF8EEE77A77EEA67ADFED056A77EE6E
:1064F800A57A86EE867AADE7000C024698C40008B5
:106508000024744B464AF0B5536C156B146B166B2C
:10651800C4F30324916C013407EE904AC1F3CC0113
:10652800C6F30014614306EE901A05F00305022D28
:10653800B8EEE76AFAEEE96AF7EE005A00AF5FD004
:10654800032D5DD0C3F3080307EE903A93683549ED
:106558001B024BBF9368D2F8F4301B0FC3F303330D
:1065680001EB8303B8EEE77A93ED005A37EE267A0B
:10657800B8EE455A37EE257AC5EE067A284A67EE10
:10658800877A136B13F480330ED0536CC3F346230E
:1065980006EE903AF8EEE66A76EEA56A87EEA67AF7
:1065A800BCEEC77A17EE103A1D4A0360136B13F45A
:1065B80000330ED0536CC3F3064306EE903AF8EE60
:1065C800E66A76EEA56A87EEA67ABCEEC77A17EE7B
:1065D800103A134A4360136B13F480230ED0536CA4
:1065E800C3F3066306EE903AF8EEE66A76EEA56A1D
:1065F80087EEA67AFCEEC77A17EE903A8360F0BD74
:10660800536CC3F3080307EE903AF8EEE77A77EE97
:10661800A67ADFED056A77EEA57A86EE867AADE78B
:10662800000C024698C400080024744B80B584B05E
:10663800B04B00AF1B68FB604FF00003A0F5804330
:106648000B4300F0198144F20103984271F10003F1
:1066580067D2A0F180030B4300F0AA83812871F16F
:10666800000336D2092871F1000318D250EA010359
:1066780000F0F685013841F1FF31082871F1000179
:1066880080F0F185072800F2EE85DFE810F0B6010A
:10669800EF01EC051802EC05EC05EC053502A0F15C
:1066A80020030B4300F06382A0F140030B4300F08A
:1066B80054831038084300F03A8200208D4B1A6842
:1066C800FB685A404FF0000340F0AD821037BD46DA
:1066D80080BDA0F500630B4300F0F48340F601038E
:1066E800984271F1000310D2A0F500730B4300F03B
:1066F8002C84A0F580630B4300F06884A0F58070BB
:10670800084300F080830020D8E7A0F580530B43AE
:1067180000F0DB80A0F50050084300F087800020DF
:10672800CCE7A0F580030B4300F0A083724B98429E
:1067380071F100032AD2A0F580230B434DD06F4B93
:10674800984271F1000310D2A0F580330B4300F09A
:106758009682A0F500330B4300F0CD82A0F50040EF
:10676800084300F047820020A8E7A0F580130B43F8
:1067780000F0D080A0F500130B4300F0FF80A0F5D7
:106788000020084300F04F85002097E700F17C4384
:106798000B4300F0F8845A4B984271F1000310D271
:1067A80000F17F430B4300F08C8400F17E430B43E0
:1067B80000F0B784A0F50000084300F052840020E0
:1067C8007CE700F178430B4300F02D8400F1704022
:1067D800084300F00985002070E74A4AD2F8F030F3
:1067E800D2F8F01003F44073890703D5B3F5807F1E
:1067F80000F03C85D2F8F01009010BD5B3F5007F05
:1068080008D1D2F8F03013F0805F14BFFA204FF4AB
:10681800FA4053E73B4A106810F400303FF44EAF9B
:10682800B3F5407F384818BF002047E7354AD2F80B
:10683800E43003F0E003402B0DD005D883B9384687
:10684800FFF7CCFD386839E7602B00F01385802B03
:106858000BD0002032E73846FFF72CFD38682DE7CB
:106868003846FFF74FFE386828E71368274813F4BF
:10687800806F08BF002021E7224AD2F8E43003F4F1
:10688800E063B3F5007F0FD005D893B93846FFF71A
:10689800A5FD386812E7B3F5407F00F0EF84B3F543
:1068A800806F0BD0002009E73846FFF703FD3868F2
:1068B80004E73846FFF726FE3868FFE613681348F2
:1068C80013F4806F08BF0020F8E60E4AD2F8E430CF
:1068D800116803F40063490502D5002B00F0D28447
:1068E800106810F480603FF4E9AE002B084808BF38
:1068F8000020E3E630000020010040000100040011
:1069080001000004000C024620A107000024F40046
:1069180000127A009F4BD3F8E02002F04062B2F1F7
:10692800006F0DD007D882B91B689B4813F4005F2D
:1069380008BF0020C2E6B2F1406F0BD00020BDE6D0
:106948003846FFF7B7FC7868B8E63846FFF746FDE3
:106958007868B3E6186810F020003FF4AFAE9A6884
:1069680012024CBF9B68D3F8F4308C4A4CBFC3F377
:106978000363C3F3032352F823009FE6854BD3F840
:10698800E420500434D4D3F8E03003F04063B3F18A
:10699800006F0ED008D88BB97E4B7F481B6813F464
:1069A800005F08BF002089E6B3F1406F0BD00020DC
:1069B80084E63846FFF77EFC78687FE63846FFF7BE
:1069C8000DFD78687AE6734B186810F020003FF4E4
:1069D80075AE9A6811024CBF9B68D3F8F4306F4AC1
:1069E8004CBFC3F30363C3F3032352F8230065E6E4
:1069F8003846FFF75FFC386860E6664AD2F8E03050
:106A080013F003030DD1664B1A68FB685A404FF028
:106A1800000340F008811037BD46BDE88040FFF70D
:106A280069B8012B0DD15E4B1A68FB685A404FF0CC
:106A3800000340F0F8801037BD46BDE88040FEF7FF
:106A4800E1B91268520502D5022B00F01E84514AA2
:106A5800D2F8F00010F002003FF430AEA3F1030CBE
:106A6800DCF1000343EB0C03D80327E6494AD2F8CC
:106A7800E03013F00C030DD1494B1A68FB685A40FB
:106A88004FF0000340F0CF801037BD46BDE880408E
:106A9800FFF720B8042BC6D01268500502D5082B82
:106AA80000F0F6833B4AD2F8F00010F002003FF401
:106AB80005AEA3F10C014B424B41D803FEE5354A24
:106AC800D2F8E03013F03003D6D0102BABD01268D8
:106AD800520502D5202B00F0DE832E4AD2F8F000B2
:106AE80010F002003FF4EAADA3F1300CDCF1000332
:106AF80043EB0C03D803E1E5264AD2F8E03013F063
:106B0800C003B9D0402B8ED01268500502D5802B17
:106B180000F0C4831F4AD2F8F00010F002003FF4DE
:106B2800CDADA3F1C0014B424B41D803C6E5194A8C
:106B3800D2F8E03013F440739ED0B3F5807F3FF471
:106B480072AF1268520503D5B3F5007F00F0A98330
:106B5800104AD2F8F00010F002003FF4AFADA3F5F0
:106B6800407CDCF1000343EB0C03D803A6E5094A9B
:106B7800D2F8E83013F0070314D1094B1A68FB6800
:106B88005A404FF000034ED11037BD46BDE8804053
:106B9800FEF7C0BF000C0246006CDC0298C4000877
:106BA80030000020012B3FF43EAF1268500502D59B
:106BB800022B00F07983A94AD2F8F010890702D590
:106BC800032B00F07483106810F020003FF476ADBA
:106BD800042B40F0708393681B024CBF9368D2F873
:106BE800F4309F4A4CBFC3F30363C3F3032352F843
:106BF800230063E5994AD2F8E83003F4E043B3F59B
:106C0800805F3FF410AFB3F5005F04D13846FFF75B
:106C1800E5FBB86852E543B9924B1A68FB685A40DD
:106C28004FF000034DD0FCF7E1F9B3F5A04F13D1B5
:106C3800106810F020003FF441AD936818024CBF73
:106C48009368D2F8F430864A4CBFC3F30363C3F3A6
:106C5800032352F8230031E51268910303D5B3F5F5
:106C6800405F00F02B837D4A106810F480603FF489
:106C780025ADB3F5804F7C4818BF00201EE5774B43
:106C8800D3F8E42002F00702042A00F21A8301A1D3
:106C980051F822F0216C0008B76C0008C16C00089C
:106CA800B16C0008D76C00084BF6803006E5384612
:106CB800FFF700FB386801E53846FFF723FC7868E2
:106CC800FCE41037BD46BDE88040FEF77DBA186881
:106CD80010F020003FF4F2AC9A6812024CBF9B6897
:106CE800D3F8F4305E4A4CBFC3F30363C3F3032302
:106CF80052F82300E2E4594AD2F8E83003F4E023DA
:106D0800B3F5003F10D006D8002B85D03846FFF7E2
:106D1800D1FA3868D2E4B3F5403F00F0D582B3F534
:106D2800802F06D00020C9E43846FFF7EBFB7868CF
:106D3800C4E4106810F020003FF4C0AC93681B0254
:106D48004CBF9368D2F8F430454A4CBFC3F3036391
:106D5800C3F3032352F82300B0E4404AD2F8E030EA
:106D680013F440633FF488AEB3F5806F3FF45BAE35
:106D78001268500503D5B3F5006F00F0A982374AB1
:106D8800106810F020003FF499ACB3F5406F40F064
:106D9800A282936819024CBF9368D2F8F430304A43
:106DA8004CBFC3F30363C3F3032352F8230085E402
:106DB8002A4AD2F8E03013F440533FF45DAEB3F5FD
:106DC800805F3FF430AE1268520503D5B3F5005F1B
:106DD80000F08482214A106810F020003FF46EAC65
:106DE800B3F5405F40F07D82936818024CBF93680A
:106DF800D2F8F4301A4A4CBFC3F30363C3F3032336
:106E080052F823005AE4154BD3F8E82002F0C002E8
:106E1800802A08D003D8002A7FF405AEADE6C02A40
:106E280008D000204AE41B680F4813F4806F08BF9D
:106E3800002043E4186810F020003FF43FAC9A6843
:106E480011024CBF9B68D3F8F430054A4CBFC3F31A
:106E58000363C3F3032352F823002FE4000C024614
:106E680098C40008300000200024F400B44AD2F886
:106E7800E03013F440433FF4FFADB3F5804F3FF4E7
:106E8800D2AD1268520503D5B3F5004F00F02C823D
:106E9800AB4A106810F020003FF410ACB3F5404F37
:106EA80040F0258293681B024CBF9368D2F8F430F7
:106EB800A44A4CBFC3F30363C3F3032352F823006C
:106EC800FFF7FCBB9E4AD2F8E83013F4407314D1A4
:106ED800106810F020003FF4F1AB936818024CBF23
:106EE8009368D2F8F430974A4CBFC3F30363C3F3F3
:106EF800032352F82300FFF7E1BBD2F8F010090191
:106F08000CD5B3F5807F09D1D2F8F03013F0805F4B
:106F180014BFFA204FF4FA40FFF7D0BB12685205AD
:106F280003D5B3F5007F00F0E581854AD2F8F0007B
:106F380010F002003FF4C2ABA3F5407CDCF1000383
:106F480043EB0C03D803FFF7B9BB7D4AD2F8E8300E
:106F580013F4406314D1106810F020003FF4AEAB76
:106F6800936818024CBF9368D2F8F430754A4CBF46
:106F7800C3F30363C3F3032352F82300FFF79EBB55
:106F8800D2F8F01009010CD5B3F5806F09D1D2F809
:106F9800F03013F0805F14BFFA204FF4FA40FFF787
:106FA8008DBB1268520503D5B3F5006F00F0A581BB
:106FB800634AD2F8F00010F002003FF47FABA3F56B
:106FC800406043424341D803FFF778BB5C4AD2F89C
:106FD800E03013F440233FF44FADD2F8F01009012C
:106FE8000CD5B3F5802F09D1D2F8F03013F0805FBB
:106FF80014BFFA204FF4FA40FFF760BB126852053D
:1070080003D5B3F5002F00F07B814D4AD2F8F0008C
:1070180010F002003FF452ABA3F540204342434135
:10702800D803FFF74BBB464AD2F8E030126803F0AA
:107038004073910302D5002B00F06581B3F1807F86
:1070480005D13846FFF736F97868FFF737BBB3F153
:10705800007F40F05B813846FFF7C0F93868FFF7DA
:107068002DBB374BD3F8E02002F44012B2F5001FD5
:107078000AD003D8002A7FF4D6ACC4E4B2F5401F86
:107088000AD00020FFF71ABB1B682F4813F4806F43
:1070980008BF0020FFF712BB186810F020003FF46B
:1070A8000DAB9A6812024CBF9B68D3F8F430254A9E
:1070B8004CBFC3F30363C3F3032352F82300FFF762
:1070C800FDBA1F4BD3F8E02002F44032B2F5003F7E
:1070D8000AD003D8002A7FF4A6ACCDE4B2F5403F2D
:1070E8000AD00020FFF7EABA1B68174813F4806F2C
:1070F80008BF0020FFF7E2BA186810F020003FF43C
:10710800DDAA9A6810024CBF9B68D3F8F4300D4A88
:107118004CBFC3F30363C3F3032352F82300FFF701
:10712800CDBA074BD3F8E82002F01802102A0DD088
:107138007FF671AE182A11D00020FFF7BFBA00BF42
:10714800000C024698C400080024F4001B68794823
:1071580013F4806F08BF0020FFF7B0BA186810F06A
:1071680020003FF4ABAA9A6811024CBF9B68D3F881
:10717800F430714A4CBFC3F30363C3F3032352F8DB
:107188002300FFF79BBA6D4BD3F8E42002F44012BA
:10719800B2F5001F22D017D8002A3FF444AC186873
:1071A80010F020003FF48AAA9A6812024CBF9B682C
:1071B800D3F8F430604A4CBFC3F30363C3F303232B
:1071C80052F82300FFF77ABAB2F5401F40F0A180C9
:1071D8003846FFF703F97868FFF770BA3846FFF7C3
:1071E80069F87868FFF76ABA544AD2F8E800D2F822
:1071F800F03000F400409B0702D5002800F08C8096
:10720800D2F8F03013F0006300F08A8000283FF4D1
:1072180055AAD2F8F03013F0805F14BFFA204FF46B
:10722800FA40FFF74BBA454AD2F8E430116803F444
:107238004053890401D5002B75D01268920402D5F9
:10724800B3F5805F72D03D4A106810F480603FF457
:1072580035AAB3F5005F374818BF0020FFF72EBAEC
:107268000020FFF72BBA0020FFF728BA4FF40040A0
:10727800FFF724BA4BF68030FFF720BA4BF6803080
:10728800FFF71CBA2B48FFF719BA2A48FFF716BAB6
:107298002848FFF713BA2748FFF710BA2548FFF721
:1072A8000DBA2448FFF70ABA2248FFF707BA4FF485
:1072B8000040FFF703BA0020FFF700BA1D48FFF7A8
:1072C800FDB90020FFF7FAB94BF68030FFF7F6B9A1
:1072D8001848FFF7F3B90020FFF7F0B91548FFF792
:1072E800EDB90020FFF7EAB91248FFF7E7B9002027
:1072F800FFF7E4B90F48FFF7E1B90E48FFF7DEB929
:107308000C48FFF7DBB90B48FFF7D8B90020FFF7A7
:10731800D5B90020FFF7D2B94FF40040FFF7CEB936
:107328001846FFF7CBB90648FFF7C8B90548FFF775
:10733800C5B900BF0024F40098C40008000C024638
:10734800006CDC0200366E0190B500AF026852E8AE
:10735800003F23F4907342E8003102680029F5D118
:107368000E4C02F1080353E8003F234002F1080CD9
:107378004CE800310029F4D1836E012B07D152E883
:10738800003F23F0100342E800310029F7D1202301
:10739800C0F8803000238366036790BDFEFFFFEFCF
:1073A800F8B504460368C169826800691D6802432C
:1073B800606900AF02435B480A43284002431A60F1
:1073C8005A68E06822F4405202435A60564AA0695B
:1073D800934205D002F1805293421CBF226A1043A7
:1073E8009A6822F06E4222F4306202439A60DA6AA6
:1073F800606A22F00F020243DA624C4A93424CD090
:10740800A2F5744293426DD002F5806293426BD02C
:1074180002F58062934269D002F58062934267D098
:10742800414A93421CD002F1805293424FF000002F
:1074380034D10021FFF7FAF868B3616A3C4A6568FD
:1074480032F8112005EB4501B0FBF2F3994209D956
:1074580001204FF0011363660023C4E91C33F8BD13
:107468002020E6E7B3EB053FF2D800231946F8F7EA
:1074780009FF0023064619464FF4807C68082A460F
:10748800E6FB0C01F8F7FEFE2A4BA0F540729A4283
:10749800DED82368D8600020DBE70120B1F5004F73
:1074A8004FF0000126D1FFF7C1F80028F3D0616A38
:1074B8001F4B626833F81130B0FBF3F0530803EB4D
:1074C8004003B3FBF2F34FF6EF72A3F110019142C0
:1074D800BED823F00F02216892B2C3F342031343CC
:1074E800CB60D8E70220D9E70420D7E70820D5E702
:1074F8001020D3E7FFF79AF80028CCD0616A0C4B2C
:10750800626833F81130B0FBF3F303EB5203B3FBBB
:10751800F2F34FF6EF72A3F11001914298D8226866
:10752800D360B8E7F369FFCF002400460038014074
:1075380070C50008FFFC0F0090B5836A00AF1C07F8
:1075480006D50168846B4A6822F4004222434A60E7
:10755800D90706D50168C46A4A6822F40032224372
:107568004A609A0706D50168046B4A6822F480329B
:1075780022434A605C0706D50168446B4A6822F4D6
:10758800802222434A60D90606D50168C46B8A68FE
:1075980022F4805222438A605A0610D50168046C8E
:1075A8004A68B4F5801F22F4801242EA04024A6055
:1075B80005D14A68446C22F4C00222434A601B0683
:1075C80006D50268816C536823F400230B4353608B
:1075D80090BD2DE9F04704460D469046994600AF08
:1075E800D7F820A02268D36935EA03030CBF01232A
:1075F8000023434501D0002022E0BAF1FF3FF2D03A
:10760800FDF7BEF9A0EB0900504529D8BAF1000FE3
:1076180026D021680B685A07E4D5802DE2D0402D8A
:10762800E0D0CE6916F008060CD0082520460D6279
:10763800FFF78AFE00230120C4F8845084F87830CC
:10764800BDE8F087CB691B05CCD54FF40063204615
:107658000B62FFF779FE202384F87860C4F8843041
:107668000320EDE72DE9F04782B09846C36F044642
:10767800202B0E46924602AF4BD100294BD0002A50
:1076880049D0036800259A68120642BF9A6822F01A
:1076980080029A602123C0F88450C367FDF770F90F
:1076A800A3688146B3F5805FA4F850A0A4F852A05F
:1076B80003D123690BB935461E46B4F852204B4610
:1076C80092B2CDF800803AB940212046FFF781FFF9
:1076D800202340B9E36708E0002280212046FFF715
:1076E80078FF28B120230320E367BD46BDE8F08773
:1076F80022685EB935F8023BC3F308039362B4F815
:107708005220013A92B2A4F85220D6E716F8013B6B
:10771800F4E70220E9E70120E7E7F0B50026044690
:1077280083B002AFC0F88460FDF72AF923680546E4
:107738001B681A071CD56FF07E43324600934FF43E
:10774800001103462046FFF744FF88B1226852E83B
:10775800003F23F0800342E800310029F6D12023BE
:10776800E36703200023043784F87830BD46F0BD72
:1077780023681B685B0724D56FF07E4300220093C3
:107788004FF480012B462046FFF723FFC8B122683B
:1077980052E8003F23F4907342E800312268002940
:1077A800F5D102F1080353E8003F23F0010302F189
:1077B800080040E800310029F3D12023C4F88030C4
:1077C800CFE720230020E367C4F88030A066E06696
:1077D800C8E798B5044600AF48B3C36F1BB980F833
:1077E8007830FCF7CFFF24232268E367136823F07F
:1077F80001031360A36A13B12046FFF79DFE2046DC
:10780800FFF7CEFD012812D0204623685A6822F4DB
:1078180090425A609A6822F02A029A601A6842F0E6
:1078280001021A60BD46BDE89840FFF776BF012007
:1078380098BD80B590F8783000AF012B12D0242382
:107848000268C3671168136821F0005123F001032F
:107858001360002303661160202280F87830C26725
:10786800184680BD0220FCE798B5044600AF01F039
:1078780083FAA46B01F090FAB4FA84F0400998BD39
:10788800034690B41A6C084600AF5AB1DC68A118D8
:107898009C68D960A14224BF1968D960BD4690BCD4
:1078A800F8F768BEBD4690BC7047F8B5044600AF0F
:1078B80001F062FA94F8455004F124066DB2002DE7
:1078C80001DD636ABBB9FF2384F8453001F064FA2F
:1078D80001F052FA94F8445004F110066DB2002DEC
:1078E80001DD236983B9FF2384F84430BD46BDE830
:1078F800F84001F051BA304600F05EFF08B101F0DF
:1079080013F8013D6DB2DAE7304600F055FF08B1D3
:1079180001F00AF8013D6DB2E1E70000F8B50E4646
:10792800044600AF40B1C56B65B91D484FF4B67148
:10793800FCF7F6FE002029E040F237111848FCF762
:10794800EFFEF2E7036CA3FB0535002DEDD101F046
:1079580013FAD4E90F314B432268A563D0185B1A98
:1079680062601A44FF23A06084F84430E26084F81F
:10797800453066B9236933B104F1100000F01CFFEB
:1079880008B101F0EBF901F007FA0120F8BD04F1A4
:10799800100001F019FC04F1240001F015FCF2E7D5
:1079A800DDC200082DE9F04100AFBC69002908BF1D
:1079B80022461D46C4E90F010646012120462260E1
:1079C800FFF7ACFF84F84C50042D1CD8DFE805F015
:1079D80003111B0C16003346214611200B4ABD46E5
:1079E800BDE8F041FAF7A8B8002321461220074A5B
:1079F800F5E7002321461320044AF0E70023214637
:107A08001720024AEBE7BDE8F08100BF0FBC000871
:107A18002DE9F04184B006460D4690461C4602AF5B
:107A28006BB94FF4C2711748FCF77AFE4FF4D8715E
:107A38001448FCF775FE00241EE03DB1F6E7002867
:107A4800F4D0B8F1000FF8D0002DEFD050237B60B0
:107A58007B68502B04D04FF4CB710A48FCF760FECA
:107A68007B68012384F84630009442462946304614
:107A780097F82030FFF796FF20460837BD46BDE847
:107A8800F08100BFDDC200082DE9F04387B0774BD5
:107A980000AF7A600D461B687B614FF00003044617
:107AA80020B94FF4BE617248FCF73AFE35B9236C31
:107AB80023B140F2F4516E48FCF732FE00F05CFF4F
:107AC80030B97B6823B140F2F9516948FCF728FEC8
:107AD8004FF00008C14601F04FF9A66B002E3BD0CD
:107AE80029462046FFF7CCFE94F84C30042B0BD8DF
:107AF800DFE803F0032822222E0021466020A36B32
:107B08007A68013BF9F718F92369013EA66333B196
:107B180004F1100000F050FE08B101F01FF901F067
:107B28003BF90120514B1A687B695A404FF000031A
:107B380000F09780FBF75AFAA36B214661207A6818
:107B4800013BDFE7214662207A68F9F781F8DBE735
:107B58002146C7207A68F8E77B6853B901F01CF919
:107B680094F84C30042B6BD8DFE803F064716C6C2C
:107B78007700B8F1000F03D107F10C0000F08EFE7A
:107B880001F00AF900F0ACFB01F0F6F894F8443083
:107B9800FF2B08BF84F8449094F84530FF2B08BFAA
:107BA80084F8459001F0F8F8391D07F10C0000F051
:107BB80083FEA0BB2046FFF757FE50B394F84C3025
:107BC8007A68042B09D8DFE803F0031C1818210091
:107BD80021466620A36BF9F7AFF8796804F1240011
:107BE80000F09AFD2046FFF760FE00F071FC08B92E
:107BF80001F0B4F84FF001086DE721466720A36B48
:107C0800E9E721466820F9F723F8E6E72146F62058
:107C1800F9E72046FFF749FE00F05AFCEAE720465C
:107C2800FFF743FE00F054FC2046FFF71DFE002836
:107C3800E0D095E721466320A36B7A68F9F77CF8D2
:107C480000206FE721466420A36B7A68F6E7214697
:107C580065207A68F8F7FCFFF2E72146C8207A68C1
:107C6800F8E71C37BD46BDE8F08300BF30000020B0
:107C7800DDC20008F8B50D46044600AF20B940F64D
:107C8800CE311148FCF74CFDEDB100230F4A1946DF
:107C980010465668A6420AD100EBC1032946204681
:107CA800C3E90054BD46BDE8F840F9F793BF1BB9D6
:107CB8001668002E08BF13460131102902F1080288
:107CC800E7D1002BEAD1F8BDDDC200087C9D002079
:107CD800F8B5044600AF0D46164601F04DF894F885
:107CE8004430FF2B04BF002384F8443094F8453017
:107CF800FF2B04BF002384F8453001F04DF8A36B37
:107D08002BB93246294604F1240000F021FD204613
:107D1800BD46BDE8F840FFF7C8BD00002DE9F843AF
:107D280000AF044601F028F8384B394E1A68DFF8DE
:107D3800088101321A603568002D5AD134601B68F9
:107D4800012B1FD1C1464846013501F03DFA092DE6
:107D580009F11409F7D1DFF8E4902E4D484601F0F7
:107D680033FA284601F030FA2B4801F02DFA2B4857
:107D780001F02AFA2A4801F027FA2A4BC3F80090A2
:107D8800294B1D60294A21461368102001331360CE
:107D9800636404F13402E36AF9F7CEFE2146302029
:107DA800F8F7E4FE01222249E36A08689A40024390
:107DB8000A601422534308EB03014A68201DA2609D
:107DC8009568E5606860906058F803206161013249
:107DD80048F8032000F0E0FF164B1B68A3B1336896
:107DE800DA6AE36A9A420FD2BD46BDE8F84300F06A
:107DF800B5BF104B1B68002BC4D13368DA6AE36A3D
:107E08009A4298BF3460BDE7BDE8F883249E0020FD
:107E18004C9F0020709E0020549E0020409E002011
:107E2800289E00206C9E0020689E0020089E00204E
:107E38001C9E0020189E0020989E0020849E0020F2
:107E4800254B2DE9F0471D68244B254CD3F80090AD
:107E5800244B0646D3F800A0206800AF04308846BB
:107E680001F0E9F940B922681F49D06A01220B687C
:107E7800824023EA02030B60731C16D1B8F1000F8D
:107E880013D01A4B21685A688A6090682168C860C4
:107E9800216804314160216804319160226853618E
:107EA8001A6801321A60BDE8F08723682168AD19A5
:107EB8005D6001F1040105D35046BD46BDE8F047B9
:107EC80001F0A1B9484601F09EF9094B1A68AA4287
:107ED80088BF1D60E7E700BF209E00206C9E002041
:107EE8004C9F0020689E00201C9E0020289E002099
:107EF800049E0020074A80B5136800AF1968064B36
:107F080019B94FF0FF321A6080BD1268D268126842
:107F1800F9E700BF6C9E0020049E002098B590F8F9
:107F28005D30044600AF43B9006B01F0B9F8204654
:107F3800BD46BDE8984001F0B3B8012BF8D0022B3C
:107F480007D041F6D3110348BD46BDE89840FCF779
:107F5800E7BB98BD25C300082DE9F0410E4C0F4E34
:107F68000F4D00AF23680BB9BDE8F08100F004FFA6
:107F7800F368D3F80C8008F1040001F05CF92B6871
:107F8800013B2B602368013B236000F005FF40465E
:107F9800FFF7C4FFE6E700BF3C9E0020409E00209C
:107FA800249E002080B500AFFFF7D6FFFCE7000055
:107FB8002DE9F84F0E4600AF3C6B95008146904680
:107FC800A5212A46206B9A46D7F828B0F8F748FB2F
:107FD800226B043D154425F007056EB1721E04F1AD
:107FE80033010F3612F8010F01F8010F08B1B24240
:107FF800F8D1002284F84320BBF1080F06D940F2DB
:108008006F711548FCF78CFB4FF0080B201DC4F866
:108018002CB0C4F84CB001F0E4F804F1180001F0F9
:10802800E0F8CBF109032846A3614A465346216B81
:108038002461646200F002FF2D1AB8EBA50F2060DE
:1080480004D840F2D2710448FCF76AFBFB6A03B11A
:108058001C60BDE8F88F00BF25C300082DE9F04774
:1080680088B09946274B04AF1B68FB604FF00003AC
:10807800D7E90DA4002305460E4690467B60BAF169
:10808800000F04D140F2FC411F48FCF749FB24B91A
:1080980040F2FD411C48FCF743FB6023BB60BB6812
:1080A800602B04D040F205511748FCF739FBBB6838
:1080B800D4B1BAF1000F17D0602200212046F8F79A
:1080C800CFFA022384F85D303B1DC4F830A0029437
:1080D80001933B6B2846009342464B463146FFF7D7
:1080E80067FF2046FFF71AFE064B78681A68FB6898
:1080F8005A404FF0000301D0FAF778FF1037BD4619
:10810800BDE8F0873000002025C300082DE9F041C4
:10811800044600AF00F030FE2F4D34B92C6824B966
:1081280040F6B1012D48FCF7FBFA04F1040840467B
:1081380001F081F860B91423E06A294A4343D3580F
:1081480033B90122274982400B6823EA02030B60F6
:10815800A36A1BB104F1180001F06DF8224A234EFE
:108168001368013313602B68326812B3A34220D11D
:1081780041461F4801F03AF81E4A2146136820205C
:1081880001331360E26AF9F7F9FC00F005FE336881
:1081980003B32B68A3421DD1174B1B6823B140F6CC
:1081A8002A110E48FCF7BCFABD46BDE8F04100F0C4
:1081B800D5BD124A214613682020013B1360E26AAC
:1081C800F9F7DCFCFFF796FE00F0E6FD2046FFF726
:1081D800A5FEDCE7BDE8F0814C9F002025C3000820
:1081E800989E00201C9E0020089E0020189E0020BB
:1081F800409E00203C9E0020FC9D0020249E0020E4
:10820800B0B58CB02C4B04AF1022002107F10C0044
:108218001B68FB614FF00003F8F722FA274A07F1C1
:108228000C0312F8014B03F8014B002CF9D1384626
:1082380007F10802391DC7E90044FCF747FA3B6813
:108248001F4802937B6807F10C01CDE900432346E0
:10825800BA68FFF703FF1B4B1860B0B100F00EFDC2
:10826800012805461CD100F0CFFE4FF0FF32164B17
:108278001A60164B1D60164B1C60164B18681B685D
:10828800D96AF9F773FF00F067FE134B1B680A4BB6
:108298001A68FB695A404FF0000309D0FAF7A6FEA6
:1082A8000135F2D140F6F8610C48FCF739FAECE7F1
:1082B8002037BD46B0BD00BF300000206DC30008A8
:1082C800AD7F0008009E0020049E0020189E00201C
:1082D800209E00204C9F002088C5000825C3000868
:1082E80080B5034A00AF13680133136080BD00BF37
:1082F800FC9D002080B5024B00AF186880BD00BF10
:10830800209E002098B5044600AF38B9054B1C687C
:1083180024B94FF486510448FCF702FA04F13400FA
:1083280098BD00BF4C9F002025C300082DE9F04FE1
:1083380083B05A4A00AF1368012B02D0584B1B6810
:108348002BB9584B58491B68096801338B6113686E
:10835800002B40F09D80534B1D6801351D609DB971
:10836800524C23681B6823B141F2FC215048FCF7AA
:10837800D7F9504B2268196821601A604E4A136871
:1083880001331360FFF7B6FDDFF838910026D9F8FE
:108398000030DFF834819D420CD3B646DFF80CB1CB
:1083A800DFF828A1DBF800301B68BBB94FF0FF33BA
:1083B800C9F800301421414B414A1B681268DB6A36
:1083C8004B4358F80300012898BF002A14BF012026
:1083D800002030430C37BD46BDE8F08FDBF8003095
:1083E800DB68DC6863689D42E2D3D4E902316069E6
:1083F8009960A3684B604168231D994204BFE168F6
:1084080041600168C4F814E001390160A06A80B1D4
:10841800D4E907219160E26904F1180C4A604168C7
:10842800614504BF216A41600168C4F828E0013948
:108438000160214630207B60F8F798FB0120E16A53
:10844800DAF800C0884040EA0C00CAF8000014209E
:10845800414308EB010CDCF804007B68A060D0F80D
:1084680008E0C4F80CE0CEF80430836058F8013016
:10847800C4F814C0013348F80130104BE16A1B6896
:108488004FF0000EDB6A994288BF46F0010689E783
:10849800034A00201368013313609BE7FC9D00200A
:1084A800149E0020209E0020A43B00206C9E0020EB
:1084B80025C30008689E00200C9E00204C9F0020C9
:1084C800109E0020049E0020989E00201C9E0020E4
:1084D8002DE9F843464C00AF00F04EFC236823B961
:1084E80040F6F6714348FCF71BF92368013B23600B
:1084F80024682CB1002400F04FFC2046BDE8F88326
:108508003D4B1B68002BF5D02646A0463B4D51E05D
:10851800EB68DC68A36AD4E907128A60E1695160F4
:10852800596804F11802914204BF226A5A601A6815
:10853800A662013A1A606369D4E902128A60A168E6
:1085480004F1040951605A6821464A4508BFE268A7
:108558004FF0300008BF5A601A68C4F81480013A16
:108568001A60F8F703FB01202549E36AD1F800C037
:1085780000FA03F242EA0C020A6014214B43214A32
:1085880002EB030CDCF80410A160D1F808E0C4F891
:108598000CE0CEF80490C1F80890D158C4F814C083
:1085A8000144D150184BE26A1B68DB6A9A4201D930
:1085B800164B18602B68002BAAD10CB1FFF79AFC58
:1085C800134D2C6854B14FF00108104EFFF7AEFE62
:1085D80008B1C6F80080013CF8D12C600B4B1B6831
:1085E800002B87D0084B01241B6800F0B7FB82E7FB
:1085F800FC9D002025C30008249E0020549E0020D6
:108608001C9E0020989E00204C9F0020109E002059
:10861800149E002098B5044600AF20B9BD46BDE8B9
:10862800984000F09BBBFFF75BFE0B4B1B68012BD0
:1086380004D040F6D5110948FCF772F821467A2093
:10864800F8F794FA00212046FFF7FAFBFFF740FFFE
:108658000028E3D098BD00BFFC9D002025C300087A
:10866800F8B5274B00AF1A68264B12B101221A60E1
:10867800F8BD254D1A602868F9F7D4FD2B682968DC
:108688002A680968126B914210D91B6B1A68B2F1FB
:10869800A53F0BD15A68B2F1A53F07D19A68B2F14C
:1086A800A53F03D1DB68B3F1A53F04D0296828684A
:1086B8003431FCF727F8154B1C68B4FA84F41423FA
:1086C800C4F11F046343124EF35823B941F2994190
:1086D8001048FCF725F814235C4332195368083412
:1086E8005B682644B342536004BFD3685360DB68B9
:1086F8002B6028682B68D96AF9F738FD2B68B7E72B
:10870800FC9D0020109E00204C9F00201C9E0020F5
:10871800989E002025C30008B0B50D46044600AF5A
:1087280020B941F21F510848FBF7FAFF074B2046D2
:108738001968183100F067FD01212846BD46BDE8DB
:10874800B040FFF77DBB00BF25C300084C9F002049
:10875800F8B50D461646044600AF20B941F25D5102
:108768001248FBF7DDFF002E18BF4FF0FF35104B06
:1087780062681968CA6190681968086219681831CE
:10878800416019681B68183191609C6223687920E0
:1087980001332360074B19682944F8F7E7F9314694
:1087A8002846BD46BDE8F840FFF74ABB25C3000888
:1087B8004C9F0020209E0020F8B5C36800AFDC68FD
:1087C80024B941F294512E48FBF7AAFFD4E90712C5
:1087D800A36A8A60E16951605A6804F118018A4203
:1087E80004BF226A5A600022A2621A68013A1A601B
:1087F800244B1B68002B36D1D4E9021263698A60C6
:10880800A168251D51605A682146AA4208BFE2683E
:108818004FF0300008BF5A60002262611A68013ABE
:108828001A60F8F7A3F901221749E36A08689A4021
:1088380002430A6014214B43144AD0184168A160CE
:108848008E68E66075608D60D15860610131D150E5
:108858000F4BE26A1B68DB6A9A4285BF01200D4B09
:1088680000201860F8BD0C4B5A68E26190682062DD
:10887800416091601A68A36201321A60E8E700BF9C
:1088880025C30008FC9D00201C9E0020989E002007
:108898004C9F0020109E0020549E0020044B80B561
:1088A8001B6800AF0360034B1B68436080BD00BFBB
:1088B8000C9E0020209E0020F8B50D46044600AF0F
:1088C80020B941F244611548FBF72AFF25B941F266
:1088D80045611248FBF724FF00F04EFA104B196867
:1088E8002B685A1C17D00F482668006862688642B1
:1088F80008D08A4206D8002301242B6000F04CFAE5
:108908002046F8BD881A8342F5D95B1A13442046DD
:108918002B60FFF7C3FF0024F0E700BF25C3000862
:10892800209E00200C9E0020012280B5014B00AF44
:108938001A6080BD109E002098B5044600AF61B94A
:1089480048B9074B1C6834B941F2F8710548FBF780
:10895800E7FE636DFFDE606D98BD0020FCE700BF99
:108968004C9F002025C3000880B5024B00AF186853
:1089780080BD00BF4C9F002080B5064B00AF1B6830
:1089880033B1054B1868B0FA80F04009400080BD4B
:108998000120FCE7189E0020FC9D002080B5914234
:1089A80000AF416000610AD8D21A83699A420DD299
:1089B800074B011D186800F026FC002080BD9A4274
:1089C80001D2994202D2034B011DF3E70120F5E7DA
:1089D8002CA0002030A00020F8B504460D4616460D
:1089E80000AFA1692B46324620462944FFF7D6FF3F
:1089F80000B9F8BDA36920461D44236A9847F0E7EB
:108A08000F4B2DE9F0411B680546DB6800AFDC68B9
:108A18000E46201D00F00FFC94F828305A070AD59E
:108A2800324629462046FFF7D7FF2046236ABD462F
:108A3800BDE8F041184723F0010384F82830F4E733
:108A480030A0002098B5084C00AF23681A6822B9F6
:108A5800064A11681360216098BDDB684FF0FF314A
:108A68001868FFF7CDFFF0E730A000202CA0002009
:108A78002DE9F041124C82B002AF00F07DF9256873
:108A8800CDB9DFF858800F4E404600F09DFB3046C8
:108A980000F09AFB0C4B1021C3F800800B4B082008
:108AA8001E600B4A0B4B0095FEF7B2FF206010B119
:108AB8000949FFF7DFF8BD46BDE8F04100F06CB9A1
:108AC80028A0002034A0002030A000202CA00020E6
:108AD800A09F0020509F002072C3000848A00020DB
:108AE8002DE9F04387B05F4B00AF1B687B614FF007
:108AF80000035D4E5D4B1B68D3F80090B9F1000F81
:108B080023D00025DB68D3F80090FFF7E9FBFFF7D7
:108B1800F1FB336804469842DFF85C8117D3306074
:108B2800002D45D0524B1B681D68B5FA85F56D09B7
:108B38002A46D8F80000A9EB0401FFF7C9F8FFF7A7
:108B4800C7FC48B900F00AF906E00125DDE7FFF7A0
:108B580079FF3460FFF7BCFC10220021381DF7F7BD
:108B68007FFD0022D8F80000391DFEF78DFF002890
:108B7800C0D07B68002B24DBFC68002CF1D0636933
:108B880013B1201D00F057FBFFF7B4FB336805460F
:108B9800984201D2FFF756FF7B683560013B082BEE
:108BA800DFD8DFE803F016163940561616394000AC
:108BB8008145BDD8FFF78CFC21464846FFF720FFCA
:108BC800CAE7BB68D7E9030198477B68002BC8DB75
:108BD800D2E794F82830A16943F0010384F82830DB
:108BE800BB682A4620461944FFF7D8FE0028B8D0AB
:108BF80094F8283059070AD5A369B9682A46204647
:108C08001944FFF7E9FE2046236A9847A9E723F0AD
:108C1800010384F82830F6E794F8283023F001039C
:108C280084F828309DE794F8283043F0010384F84D
:108C38002830BB68A36123B94FF482610D48FBF764
:108C48006FFDA1692B462A4620462944FFF7A6FE58
:108C580087E794F828309A07E0D4204600F020FAF5
:108C68007FE700BF3000002020A0002030A00020B7
:108C78002CA0002077C3000828A00020B0B588B039
:108C88001B4B04AF1B68FB604FF00003FFF7F0FEBF
:108C9800184B1B680BB300250124384607F108025E
:108CA800391DC7E90055FBF71FFD3B6812490293C0
:108CB8007B6800940193BA682B461048FFF7CEF9F9
:108CC8000F4B186048B12046094B1A68FB685A4098
:108CD8004FF0000308D0FAF789F90A484FF4A37156
:108CE800FBF71EFD0020EFE71037BD46B0BD00BF03
:108CF8003000002028A00020C0C30008E98A00082E
:108D080024A0002077C3000880B5002382B000AFFC
:108D18007B60084B1B68013304D040F2753106486C
:108D2800FBF7FEFC00F070F97B68002BFCD00837DD
:108D3800BD4680BD64A00020C8C300084FF0E023F2
:108D4800042280B51A6100229A61034A00AF5A6171
:108D580007221A6180BD00BFBFD401004FF0E02395
:108D68004FF0805280B5C3F8042D00AFBFF34F8F8A
:108D7800BFF36F8F80BD000080B500AF00F044F9ED
:108D8800044A136801331360BFF34F8FBFF36F8F2B
:108D980080BD00BF64A0002098B50A4C00AF2368CE
:108DA80023B940F22A410848FBF7BAFC2368013B83
:108DB8002360206820B9BD46BDE8984000F02FB96F
:108DC80098BD00BF64A00020C8C3000898B500AFD4
:108DD80000F01AF90446FFF7A9FA28B14FF0E0238A
:108DE8004FF08052C3F8042D2046BD46BDE8984098
:108DF80000F015B980B4836900AF13F8023C662B04
:108E080012D14FF0E023D3F8882D42F47002C3F852
:108E1800882DD3F8342F42F04042C3F8342FBD4692
:108E28005DF8047B00F0C8B84FF49D610248BD4668
:108E38005DF8047BFBF774BCC8C3000890B54FF01D
:108E4800807440E90224184A4FF0123440F80C2C80
:108E58004FF003324FF0023C40E905244FF0013255
:108E680040F8203C40E9072C4FF010334FF0113206
:108E78004FF0093440E90A324FF008334FF0073C0D
:108E880040E90C344FF006334FF0053240E90E3C10
:108E98004FF0043340E910326FF0020300AF40F89E
:108EA800443C40F8481D90BD118D0008002380B552
:108EB80082B000AF7B604FF07F424FF0E023C3F8F1
:108EC8001C2DD3F81C3D214A1B0EFB70FB7803F0C8
:108ED8005003137023B940F6AD011D48FBF720FC81
:108EE800FB78DB4313F0500F04D040F6B10118486B
:108EF800FBF716FCFB7813F0800F7B681FD1082B5B
:108F08000CBF00237B68134A18BFC3F107031B0279
:108F180003F4E06313604FF0E023D3F8202D083703
:108F280042F47F02C3F8202DD3F8202D42F07F426F
:108F3800C3F8202D0022C3F81C2DBD4680BD013387
:108F48007B60FB785B00DBB2FB70D3E760A000209E
:108F5800C8C300085CA0002098B54FF0E023D3F800
:108F6800084D114BE26A00AF9A4204D040F20F71EB
:108F78000E48FBF7D5FBA26B0D4B9A4204D04FF479
:108F8800E2610A48FBF7CCFB0024FFF78FFFFFF7ED
:108F9800D5FE084B1C6000F027F8FFF761FBFFF7D0
:108FA800B3FE204698BD00BF91900008C8C30008D2
:108FB8003590000864A000200A4A1168086806C8AD
:108FC80081F30B88EFF3148151F0020181F31488C7
:108FD800203080F30988BFF36F8F4FF0000080F3D3
:108FE800118810474C9F002006480068006880F3ED
:108FF800088862B661B6BFF34F8FBFF36F8F66DF25
:1090080000BF000008ED00E0EFF311804FF05001C1
:1090180081F31188BFF34F8FBFF36F8F704780F3D1
:109028001188BFF34F8FBFF36F8F7047EFF309803D
:109038001EF0100F08BF20ED108AEFF30B82734665
:1090480020E9FC0F0F4A116808604FF0500080F3C8
:109058001188BFF34F8FBFF36F8FFFF701FB4FF0FE
:10906800000080F31188074A11680868B0E8FC0F0F
:1090780013F0100F08BFB0EC108A82F30B8880F34E
:10908800098818474C9F00201EF0040F0CBFEFF30F
:109098000880EFF30980014908470000FD8D0008AA
:1090A8002DE9F041044600AF002878D0DFF814819C
:1090B800A0F10805454502D33A4B9D4204D94FF427
:1090C800B8713948FBF72CFB54F8043C002B04DB3F
:1090D80040F271113448FBF723FB54F8083C23B1E4
:1090E8004FF4B9713048FBF71BFB54F8043C002BD4
:1090F80055DA54F8082C002A51D123F0004344F8DB
:10910800043CFFF7EDF8294A54F8043C11680B4475
:109118001360274B1B68DB070AD5264B1B685B6867
:1091280033B1F8F737FC214654F8042CF8F7A8FBBC
:10913800214B1A461E461B689D42FBD8964209D011
:10914800464502D3174B9E4204D940F206211648E1
:10915800FBF7E6FA7268B3189D4201BF354654F82A
:10916800043C9B187360696833686A18934214D189
:10917800124A1268934203D05A680A446A601A680D
:109188002A600F4AAE42136818BF35600133136076
:10919800BD46BDE8F041FFF79BB91A46F0E7BDE8C8
:1091A800F08100BF7BA0022034C400086CA000201E
:1091B800EC040020F004002074A0002070A000201F
:1091C80068A000207CA000204FF0FF3200F10803C7
:1091D80080B5C0E9022343600361002300AF036048
:1091E80080BD002380B5036100AF80BD436880B5B2
:1091F8009A684B608A60516099600368086101331E
:1092080000AF036080BDB0B50C6800AF631C0AD125
:1092180003695A684A6091608B6059600368086105
:1092280001330360B0BD00F10802134652681568A7
:10923800A542FAD9EDE70369D0E9011280B58A6041
:109248005160596800AF814208BF5A60002202612C
:1092580018680138186080BD20F0030110F0030081
:10926800C0F1000051F8043B00F1040C4FEACC0CAB
:109278006FF000021CBF22FA0CF213434FF0010CEE
:109288004CEA0C2C4CEA0C4CA3EB0C0222EA03022D
:1092980012EACC1204BF51F8043B0430F4D0C2F1F6
:1092A800000102EA0102B2FA82F2C2F11F0200EBE7
:1092B800D200704738B5054C054DAC4204D054F87F
:1092C800043B9847AC42FAD138BD00BF000000000B
:1092D80000000000032A30B412D941EA0004844691
:1092E8000B46A40721D11946604653F8044B5CF895
:1092F800045BA54219D1043A032AF4D860461946FA
:10930800541E7AB1431E0139021901E09A4209D06C
:1093180013F8010F11F801CF6045F7D0A0EB0C004E
:1093280030BC7047002030BC7047541EEAE700BFCD
:109338000FB400B583B0064B04AA186852F8041B92
:10934800019200F0D3F903B05DF804EB04B0704764
:1093580094C400080CB430B58BB00D4620220446E6
:10936800002102A8F7F77CF90222134B002D06947E
:109378008DF80A2003931DDB10D0013D2C440FAA61
:109388000E9902A80794019200F0B0F9069B0022FA
:109398001A700BB0BDE8304002B070470FAA0E99A2
:1093A80002A80794019200F0A1F90BB0BDE8304083
:1093B80002B070470024E2E705B800082DE9F04143
:1093C800C3F1370805460C46174603F01F065FFA37
:1093D80088F82846214632460023F6F753FF2346ED
:1093E800D2B20C46AC460546092A08EB020188BFF2
:1093F800CAB2B44502F1300207F8012B4FF000025F
:109408009341E6D23846BDE8F08100BF2DE9F0432C
:109418004FF0010E724508DD034601E0252C06D009
:109428009C4613F8014B002CF8D1BDE8F0831C785A
:109438000CF1020C252C01D16346F1E70026AA4F56
:10944800B04609E027FA03F3DB0740F1F4801CF883
:10945800014B002C00F09280A4F12003102BF1D9CD
:1094680063464FF0000CA4F12405152D20D8DFE841
:1094780005F0B21F1F1F1F1FAA1F1F1FAA1F0C0CBA
:109488000C0C0C0C0C0C0C0C6346303C06EB8606E2
:109498004FF0200C04EB460613F8014B002C70D05B
:1094A800BCF11F0F40F2BA80BCF17F0F40F2AE80D2
:1094B800A4F14C052E2D64D80FF2040959F825F0B3
:1094C800D39500088B9500088B9500088B950008AC
:1094D8008B9500088B9500088B9500088B950008E4
:1094E8008B9500088B9500088B9500088B950008D4
:1094F8008B9500088B9500088B9500088B950008C4
:109508008B9500088B9500088B9500088B950008B3
:109518008B9500088B9500088B9500088B950008A3
:109528008B9500088B9500088B9500088B95000893
:10953800059600088B950008D39500088B950008C0
:10954800F59500088B9500088B9500088B95000809
:109558008B9500088B9500088B9500088B95000863
:10956800A19400088B9500088B9500088B9500083E
:109578008B9500088B950008A194000863464FF06E
:10958800000CB8F1000F3FF450AFF0457FF448AF3E
:1095980044F020050B68A5F16506022E40F29F8075
:1095A800612D00F09C80633C102C00F29280DFE873
:1095B80004F0189090909090909090909090909047
:1095C80090901800B046002666E74CF4207C63E7CC
:1095D80063464FF0000CB8F1000FF3D07645F2D196
:1095E8000B6804330EF1010E0B6013E71CF0800FBB
:1095F80018BF4CF4007C4CF0800C4DE71CF4807FC5
:1096080018BF4CF4007C4CF4807C45E74FF0200CEC
:1096180029E713F8014B0026002CB0D0A4F1200C48
:10962800314DBCF1100F25FA0CF54FD815F0010596
:1096380026D09C460BE7A4F124030C2B9ED801A549
:1096480055F823F0D99500088595000885950008F8
:10965800859500088595000885950008819600087D
:10966800859500088595000885950008819600086D
:10967800859500089194000800266346B4460BE7D8
:10968800A4F12409AC464D460C2D3FF678AF0FF2F5
:10969800080959F825F000BFDF95000887950008EC
:1096A8008795000887950008879500088795000822
:1096B8001B9600088795000887950008879500087D
:1096C8001B96000887950008939400084FF0000C3B
:1096D800C9E61CF0800F84D01CF4007F81D00733CA
:1096E80023F0070308337DE7892801002DE9F04FAF
:1096F800837893B047689C07049240F134870B46FF
:1097080083468E460B9213F8010B002800F09286D0
:109718000C464FF0000A05910DE01C4659460AF127
:10972800010AB8470028C0F26A81234613F8010BE2
:10973800002800F06C812528EFD165780234252DAA
:10974800ECD04FF00008C1464646CDF808801F2EE1
:1097580040D97F2E75D9A5F14C032E2B00F25B81E1
:10976800DFE813F00F015901590159015901590155
:109778005901590159015901590159015901590111
:109788005901590159015901590159015901590101
:1097980059015901590159015901590192015901B8
:1097A8000F015901860159015901590159015901FE
:1097B80059015901B5005901590159015901590176
:1097C800B50046F0020614F8015B46F00406002DC9
:1097D80000F08280A5F12003102B32D801A252F8A4
:1097E80023F000BFCF9700084B9800084B9800085B
:1097F8005B9900084B9800084B9800084B980008A4
:10980800D79800084B9800084B9800084B98000818
:10981800CB9700084B9800086B9900084B980008F4
:109828004B9800087B9900087306A5F1300540F1B4
:109838006B8109EB890905EB490914F8015B002DD7
:109848004AD0A5F12403152B85D801A252F823F09C
:10985800B19800085F9700085F9700085F970008B5
:109868005F9700085F970008399A00085F9700081B
:109878005F9700085F970008659A00085F970008DF
:10988800319800083198000831980008319800088C
:10989800319800083198000831980008319800087C
:1098A8003198000831980008B8F1000F00F02181C4
:1098B800049B72060B9300F13581029A0BA9059857
:1098C800FFF7A4FD0B9B1A1D1B680B92029314F85B
:1098D800015B002D7FF43BAF202303950693B8F17D
:1098E800000F06D0049B42460BA905980B93FFF77F
:1098F8008DFDB9F1000F04DA26F040064FF000099B
:10990800B6B2039B002B00F0DA80ED4306F040026C
:1099180005F0200307930B9B073323F0070303F19C
:1099280008010B91D3E90001069B612B00F04B81E4
:10993800002A40F00E81652B00F07C84662B4FF0E6
:10994800060900F05D834B460022652503920895C1
:109958000EE114F8015B46F01006002D7FF43AAFD3
:10996800BAE714F8015B46F00806002D7FF432AF21
:10997800B2E714F8015B46F00106002D7FF42AAF28
:10998800AAE714F8015B46F42076002D7FF4E3AED5
:10999800A2E72D25029B042B00F37C82002302936F
:1099A80028465946B84700280AF1010A27DB9DF8DE
:1099B80034301D0740F14D83AE4E3546DDF81C802E
:1099C80003E0C0B2B847002819DBA94615F8013BE7
:1099D8005946A3EB0800002BF3D1AAEB0606B144C5
:1099E800029DCA464D44A5EB0A0359462020002B88
:1099F8007FF79BAEB84700280AF1010AF3DA9BF813
:109A080002304FF0FF3A43F004038BF8023050461F
:109A180013B0BDE8F08F45F02002A2F1650306926D
:109A2800612A18BF022B94BF01230023039356E732
:109A3800B8F1000F7FF44BAF0B9B750653F8042B5E
:109A48000B937FD4002AC0F2548314F8015B46F0CC
:109A58002006002D00F056830292F2E67006D6D456
:109A680014F8015B46F04006002D7FF4EAAE33E7B8
:109A7800330614F8015B48BF46F4007646F08006CA
:109A8800002D7FF468AE27E7F50514F8015B48BFA1
:109A980046F4007646F48076002D7FF45CAE1BE732
:109AA800002B00F074811A46049B0BA905980B93B0
:109AB800C146FFF7ABFC2023CDF808800693A5F13B
:109AC8006303122B00F25F81DFE813F08D0270014F
:109AD8005D015D015D015D0170015D015D015D017B
:109AE8005D015D01970245025D015D011A025D019C
:109AF800880214F8015B4646029B002DD0D0C1466F
:109B0800CDF80880984665E6029B46F0200603EBF0
:109B1800830305EB4303029314F8015B002D7FF4E4
:109B280090AED9E64A460BA90598FFF76FFC0B9B48
:109B380014F8015B1A1DD3F800900B92002D7FF4E6
:109B480008AEC9E614F8015B002D00F0DB829146EF
:109B580077E6652B00F06483662B00F0518219F0DC
:109B6800FF0340F004851A466525039301230895F1
:109B780001920DF13008039A0092424600F01EFE51
:109B88000C9AC3B20221069302F109030391122B26
:109B980035D89DF8343013F0010503F00C0C3CD196
:109BA800B00760D416F0040040F08A81BCF1000FC1
:109BB80039D0029A032A40F31283033A02923207F9
:109BC8003FF5F7AE6BE1079B46F4C0560DF1300840
:109BD8000093002A00F0CC804B46424601F00AFC74
:109BE800431CDBB24B45069380F2CA8070230C9A63
:109BF8000121089302F109030391122BC9D902F13B
:109C08006303C62B2CD902F2E73140F2CE73994296
:109C180040F25D8104210391BBE7BCF1000F7FF4A2
:109C2800B8AE4FF02D0C16F4405F00F06D82B5040D
:109C380040F1978022EAE2730133BCF1000F1BD197
:109C4800B9F1000F00F0518109F101010B440299AB
:109C5800994200F3CB823005CDF808C026D43CE009
:109C68000221039195E7BCF1000F00F026812B2516
:109C780090E600BF90C50008591CB9F1000F00F02C
:109C8800298109F101030B440299994200F3558394
:109C980000230293604659460992B84700280AF102
:109CA800010A099AFFF6ABAE350513D5594630209F
:109CB8000992B8470028FFF6A2AE079B59460AF159
:109CC800020AC3F1780000F0F800B8470028099AA2
:109CD800FFF695AE300740F1F882B10400F1C68274
:109CE80059469DF835000992B8470028FFF687AE17
:109CF800B9F1000F099A00F32F83F50600F152839A
:109D08000AF1010906925946DDE90723981AC0B2FB
:109D1800B8470028FFF673AE069A002AC0F23F83C0
:109D28002B2059460692B8470028FFF668AE039BD9
:109D3800069A042B00F01782032B09F1020900F0A0
:109D48002682012B40F0368202F13000594609F193
:109D58000109C0B2B8470028BFF642AE4FE60EF17F
:109D6800FF3916F4006F14BF052303230B4464E77F
:109D78004FF0FF33424601F03DFB431CDBB2069334
:109D880003F1FF3932E7069B782B00F079835946B7
:109D98002520B8470028FFF632AE28465946B8476E
:109DA8000028FFF62CAE0AF1020ABEE432060B9B2D
:109DB80040F11483B00540F1A483073323F007036F
:109DC80003F10802D3E900030B9226F01008002BD8
:109DD8001FFA88F20392C0F2418350EA030140F06F
:109DE800458406F040037006069303D5B9F1000FC9
:109DF80000F0E482002001460DF130080A234246B3
:109E0800FFF7DCFA069AA0EB0803002A00F0DC82D0
:109E1800039A4B451E4622F00108B8BF4E461FFA6A
:109E280088F20392039A40F206410A4202F00800BF
:109E380000F0AC8406F10108002800F02683029A9D
:109E4800A2EB0802029206935946039B0AF1010508
:109E580013F0020F14BF2B20202013F4806F18BFBB
:109E68002D20B8470028069BFFF6C9AD994540F359
:109E7800128409EB050A1E46AAEB030A02E05545BF
:109E880000F0C58059463020B847002805F1010583
:109E9800F5DAB4E5043B360702933FF581AD029E3F
:109EA800564402E0B24500F0468359462020B847A0
:109EB80000280AF1010AF5DAA1E54FF02B0CB2E609
:109EC800BCF1000F40F0AD824FF0200CABE603214F
:109ED80003915EE6F00640F1E68202330299994268
:109EE80000F32B82CDF80890D4E6F10640F1E68223
:109EF80001330299994200F37981CDF80890D3E6AD
:109F08000B9B1A1D0B921A68002A00F0F88216F0B3
:109F1800400F1046039214BF49464FF0FF3101F03D
:109F280057FA039A8046029B3007194600F19A8037
:109F3800984580F097801D461646994603E0984557
:109F480080F089801D4659462020B847002805F131
:109F5800FF33F4DA53E546F010061023782516F09F
:109F6800800C0B9A68D016F4007100F03B81073220
:109F780022F0070202F108010B91D2E9000106F074
:109F88004002039250EA010240F0868006F0400247
:109F98001AB1B9F1000F00F019820DF13008002054
:109FA80000214246FFF70AFA06F04002A0EB080338
:109FB800002A00F0438126F017024B4592B2039223
:109FC80080F24582002D40F0A882350740F1AE832B
:109FD800029A5546A2EB090202924AE726F01006B9
:109FE8000A23B6B2BBE70B9B4FF001080CAA191D58
:109FF8001B680B918DF8303095E708230025AEE7F4
:10A00800662546F400564A4611230895B0E53346BE
:10A018000DF1300808EB0306354605E015F8010D8B
:10A02800B8470028FFF6EBACA8455946F6D106EB31
:10A038000A03A3EB0809D3E4111D10680B9116F469
:10A0480080719CD016F4007100F0F281C0B26146B4
:10A0580095E7BD4EB1E40AF1010A32461946CA44F1
:10A06800AAEB050A029402EB08051646144689462F
:10A0780005E014F8010BB8470028FFF6C0ACAC4265
:10A088005946F6D14946AAEB0603A146029CA1EB24
:10A09800080299440292A3E40DF130084246FFF702
:10A0A8008DF906F04002A0EB0803002A40F0C581B4
:10A0B80026F00602F10692B2039240F1C380039A99
:10A0C80002F00802002D40F0188103F10108002A6F
:10A0D80000F03982029AA2EB080202925946302017
:10A0E8000393B84700280AF10105039BBFF6BEAEEB
:10A0F80085E4534214F8015B46F028060293002DCC
:10A108007FF49FAB002542E6B9F1000F069B14BF10
:10A11800CE464FF0010E002B00F0B682581D404489
:10A1280003E013F0FF0500F07F8110F8019D1D4644
:10A13800013BB9F1300FF4D09946EBB20693724562
:10A14800B4BF01230023101DB8BF002316F0100070
:10A1580000F04D81002B3FF402AE46F40056531C2C
:10A16800AEEB030966E5794D5946039209F10309F7
:10A17800A5FB0235AD0905F13000C0B2B84700288B
:10A18800FFF63DAC4FF47A73039A03FB1522704D2A
:10A198005946039209F10109A5FB02356D0905F13C
:10A1A8003000C0B2B8470028FFF629AC6423039AF0
:10A1B80003FB1522674D5946039209F10109A5FBD6
:10A1C8000235ED0805F13000C0B2B8470028FFF6A7
:10A1D80016AC05EB8505039AA2EB4502B4E502909F
:10A1E800FFF7E7BB101D0B901068C8E6CB1A16F0F6
:10A1F800090F02937FF458AD1D4655440994029205
:10A208005446C246E04602E0AC4200F05982594644
:10A218002020B847002804F10104F5DAFFF7EFBB66
:10A2280009F10103DBB2112B28BF112346F4805634
:10A23800FFF78ABB07234FF00609F7E726F0160257
:10A2480092B2039212F0080200F09681029A5546E3
:10A25800D21A02920AE63105E14600F1258216F08B
:10A26800080FCDF808C01E463FF437ADC9F100030A
:10A2780022EAE275914607960393531D069E5B1BDF
:10A2880006949844A9EB0502039B013D30209642B1
:10A2980059460AF1010488BF98F80000AB4200F360
:10A2A8001781B847002808F10108FFF6A8AB6B1C16
:10A2B80001D0A246E6E759462E20B84700280AF101
:10A2C8000204FFF69CABA246DCE7029B002B3FF49E
:10A2D80004AD029D43460292A046554454469A4610
:10A2E80002E0AC4200F0C48059463020B84700284C
:10A2F80004F10104F5DAFFF782BB03F10208002A32
:10A3080000F07281029AA2EB0802029259463020AC
:10A318000393B8470028FFF672AB039B002D00F0AB
:10A328001F81284659460393B84700280AF10205B9
:10A33800039BBFF69BADFFF762BBCB1A16F0090F64
:10A3480002937FF4A7AC57E78CC50008D34D621081
:10A358001F85EB51CDCCCCCC59462E20B8470028D0
:10A36800FFF64DAB099A0126069D09940692AE4266
:10A3780008EB06024FF030005946B8BF5079344612
:10A38800B847002806F10106FFF639AB4E45EEDD69
:10A3980025460AF10209069A099CA944B2E45242E8
:10A3A8002D20BEE459462E200692B84700280AF10F
:10A3B8000209069ABFF6A6ACFFF721BB26F01108E2
:10A3C8001FFA88F3039300231E462BE516F00803B3
:10A3D80000F0168100230DF130081BE61A1DF10567
:10A3E8001B680B9200F192801846DB17EDE4002BF6
:10A3F8003FF4B7ACAA4246F40053C0F24981BCF11D
:10A40800000F00F01981911C029D8D4240F33781A5
:10A41800691A029116F009011E4600F06F81814603
:10A4280038E42025FFF7B6BA4FF0FF39069586E6DF
:10A4380080B2A4E58246FFF7EABA26F007024B4548
:10A4480092B20392C0F26981F1063FF538AE320745
:10A4580040F15781029AD21A0292DBE542F48062F7
:10A468004042039206F0400263EB43010692C3E4C4
:10A478005346A2464446029A9846002302932CE487
:10A48800C5F1780343F0100369E512F0010F029A51
:10A498007DD09045A2EB080180F2E68001EB03092C
:10A4A80001460291CFE4029B8B427FF71BAD5B1AFA
:10A4B80016F0090F02937FF4EDAB9DE602999942DD
:10A4C8003FF794AE3505CDF808903FF5EFAB04E4BF
:10A4D800A146DDE90646B8470028FFF690AAF60629
:10A4E8007FF57EAA01357FF47BAA59462E20B8470E
:10A4F80000280AF10209BFF673AAFFF780BAAE4A2C
:10A5080005E5186804330B93C3175EE4B20540F100
:10A51800A68058B243F3C01357E4494602F0080036
:10A5280082B2002800F02681029A5546A2EB090261
:10A53800894602929AE4002D7FF430AA9DF83430BF
:10A548000295FFF736BA039AD6076ED50299884561
:10A55800A1EB080280F2908003EB02090295D5E690
:10A568000AF1010582E44FF0FF3AFFF750BA112BC8
:10A5780028BF1123FFF7E8B90399C90740F18F8075
:10A5880002988342A0EB030148DB029142E5904523
:10A5980080F2A38026460695029C4546079302E072
:10A5A800A24209DA154659462020B847002805F185
:10A5B8000102F5DAFFF723BA02990AF1010A3446D3
:10A5C8002E468A1AAAEB080A0292B244039AD606C1
:10A5D800DDE906533FF59AAE40F20642039911426F
:10A5E8007FF431AC554641E4039A12F0010F029A08
:10A5F8005FD09045A2EB08010FDB9946029185E6F2
:10A60800029A002A40F3B38026F0170899461FFAE9
:10A6180088F3C84603934B46BCE7102203EB0109B5
:10A62800002A67D00022029270E6029A9045B1DBB8
:10A63800A2EB0802029251E5511C029888427FF76A
:10A648000AAE411A16F0090F02914FD0300549D4CD
:10A6580016F0080FE1461E467FF408AE39E618B238
:10A6680043F3C033FFF7B1BB99461AE7194606F022
:10A6780040030693FFF7C0BB9946029246E681461F
:10A688001E460290FFF706BB1D464FF0FF3956E500
:10A698001E46AE4663E5AA460DF13008BAE4029AB2
:10A6A80093427CDA984675E71E46CDF80890FFF786
:10A6B800FDBA9045FFF66EAFA2EB0802029225E6BE
:10A6C800C446029AD046A246099CBCF1000F7FF40A
:10A6D800DFAACDF808C0FFF7E7BAA2EB080202929A
:10A6E800FFF7B1BB1E46E146FFF7E0BA1E46E1465A
:10A6F8000D4682E555460292FFF7B8BB8946029D92
:10A708007BE59846029A9045FFF644AF029A554673
:10A71800A2EB08020292FFF7A9BB55B926F0170869
:10A7280036071FFA88F203923FF552ACC846002557
:10A73800E8E7F00604D4039A494602F00800EFE679
:10A74800320709F102083FF5DDAD029A9045FFF6A0
:10A7580021AF03935946029B3020A3EB08030293D1
:10A76800B8470028039BBFF6DCADFFF748B90DF1E9
:10A7780030084FE40398C0070BD502988145A0EB39
:10A788000901FFF64BAF0DF13008FEE64946B14628
:10A79800C6E6029A914507DAC8468946FAE6D21A09
:10A7A80055460292FFF762BBA2EB0902554689465D
:10A7B8000292FFF75BBB00BF94C500082DE9F04F7C
:10A7C8009BB0C1F3130504460B92CA0F0E939DF874
:10A7D80090300C9240EA05020D93C1F30A53002B06
:10A7E80008BF002A0CBF012200220A9200F0018152
:10A7F800080D40F2FF718B4200F0ED8004F0010279
:10A808001192002B40F00281AB00012740F2344640
:10A81800DFF89C8543EA947306970593A300049395
:10A8280030460DF1580B00F059FCC71BF61B07EB1F
:10A838000803079730460F9300F058FC0346594623
:10A8480030467D3BA7EB030A00F07AFC241912ABD3
:10A85800AAF141086D41204600932946DDE91623F7
:10A8680000F076FD14AB06460F46204629460093B5
:10A87800DDE9182300F06CFD0022CDF80080DDE949
:10A888001243041951EB0305149B169928BF0122A2
:10A89800D218159B43F1000370181799149247EBCF
:10A8A8000101B0421593B941DDE9180134BF4FF0F9
:10A8B800010C4FF0000C201845EB01011CEB0000C7
:10A8C80041F10001A04271EB050C34BF4FF0010CBF
:10A8D8004FF0000C1CEB020243F1000300F050FDA6
:10A8E800039116998146DDF864C00891DDE917E106
:10A8F800DDE91423099106990293002940F01F828B
:10A90800B019AAF14001009147EB0701231945EB63
:10A91800050AB04271EB070634BF012600269E19CE
:10A92800089B4AF100079842099B71EB0E0134BF5E
:10A9380001200020301A67F10001C01A029B61EB68
:10A948000C0192185B41A64277EB050C34BF4FF01F
:10A95800010C4FF0000C12EB0C0243F1000386428D
:10A9680077EB010634BF01260026921B63F1000332
:10A9780000F006FD8246029120462946CDF8008067
:10A98800DDE9142300F0FCFC079B04460D46012B6F
:10A9980040F254833E2B1E4600F208814FF0FF33ED
:10A9A800A6F12002C6F1200003FA02F203FA06F12A
:10A9B80023FA00F00B461143049A014322EA0302EA
:10A9C800059B23EA01031A434FF00003069308BFCF
:10A9D80001230593EDE00C9B25434FF000000B9AF3
:10A9E80014BF43F0080343F0040313711BB0BDE820
:10A9F800F08F0C9B30210B9C012043F002020023B6
:10AA08006171227123601BB0BDE8F08F54EA050222
:10AA180040F2FE7245F48015A3F2354800EA0200C0
:10AA280014BF01220022002808BF42F001022719A2
:10AA380006924FEA850245EB0506B8F1000F42EA97
:10AA4800947205924FEA84020492C0F21F83404632
:10AA58000DF1580B00F03AFBB8F1030FC8BF0138ED
:10AA6800044607900F9000F041FBA4EB080800F1A2
:10AA78007C035946204603EB080A00F0E1FB12ABC1
:10AA8800384631460093DDE9162300F061FC14AB2B
:10AA980004460D46384631460093DDE9182300F098
:10AAA80057FC0A9ADDE912638719AAF1410651EBAE
:10AAB8000308149B169928BF012208960096D218FD
:10AAC800159B43F1000360181799149245EB010197
:10AAD800A0421593A941DDE9180134BF01260026DB
:10AAE800381848EB0101301841F10001B84271EB08
:10AAF800080634BF01260026B21843F1000300F00F
:10AB08003FFCDDF864E003918146DDE91432DDE9BC
:10AB180017610292169A0992069A002A40F0F1806B
:10AB280014EB040CAAF1400245EB05000092FA1957
:10AB380048EB080AA44570EB0505099D34BF0124BC
:10AB4800002412194AF10004AC45B041029E34BFFA
:10AB580001200020101A64F10005401A65EB0E016F
:10AB6800DB187641BA4274EB080534BF012500258D
:10AB78005D1946F10003824274EB010234BF0122E1
:10AB88000022AA1A63F1000300F0FAFB8246029140
:10AB9800089B384641460093DDE9142300F0F0FB9A
:10ABA800079B04460D46152B40F220820023CDE971
:10ABB80005330D9B002B00F0D8810A2C75F100039A
:10ABC800C0F06E820A2300220120910001309E000D
:10ABD80041EA9371F31842EB0102DB1852419C429F
:10ABE80075EB0201F1D20F9B259AC3181344D20FBB
:10ABF8009342B8BF13460E9A9342A8BF13460993CF
:10AC0800B3FA83F04FF0000E03994009CDF810E035
:10AC180010904846CDE9079E644A4FF0CC33CDF8F2
:10AC280000B000F095FB169F179B5046FF0802994D
:10AC38004FEAD3085D4A47EA4377CDF800B04FF0B2
:10AC4800CC3300F085FB169E179BF6084FEAD30914
:10AC580046EA4376BE4279EB08031ED30A2C75F107
:10AC68000003C0F08B800A23002201204FEA820CE7
:10AC7800013099004CEA937CCB1842EB0C0CDB18A2
:10AC88004CEB0C0C9C4275EB0C016246EED2099B16
:10AC9800984240F3558101230A9329462046434AA6
:10ACA8004FF0CC33CDF800B000F052FB049B06EB1C
:10ACB800860208990133179DBAEB420F069A04934E
:10ACC800B24602F00102169B18BF00223846DB0884
:10ACD800CDF808900692059A43EA45730797ED0860
:10ACE800002914BF002202F00102CDF80C80414671
:10ACF800059203EB8302A4EB42021C46D3B20893ED
:10AD08008AE70998791A089A009268EB0E02844239
:10AD180075EB060634BF01200020081A62F1000115
:10AD2800874278EB010234BF012200229A1A029B63
:10AD380063F1000300F024FB8246029128E7099B97
:10AD4800CDF80080E11A089B65EB0C0C9E42029B33
:10AD580077EB0E0034BF01200020081A6CF10001C7
:10AD6800844275EB010634BF01260026921B63F16D
:10AD7800000300F005FB82460291FDE5099B002BCC
:10AD880000F3DE8054EA050385D1109B002B82D0A6
:10AD98000024DDE9079E2546069B002B51D05B4623
:10ADA800F046A34602991C4635E000BFCDCCCCCC7A
:10ADB800CCFBFFFFBB4A4FF0CC330094B24600F007
:10ADC800C7FA169B294658464FEAD309179BB54A36
:10ADD80049EA43790094DB0803934FF0CC3300F041
:10ADE800B7FA059B179D3946B8F1000F14BF002329
:10ADF80003F0010302970593049B01330493169B08
:10AE0800DB0843EA4573ED0803EB8302ABEB420230
:10AE18009B465FFA82F84FF0CC33A24A5046009422
:10AE280000F096FA169E179F4846F608039946EAD8
:10AE38004776FF0806EB8603BAEB430FBAD0C6463F
:10AE48005C46049A0F9B1344059A9B46029BBEF1ED
:10AE5800050F14BF002202F001029D4208BF5445AD
:10AE68000A9B83F0010303F0010318BF0023002AA3
:10AE780069D014F001017BD1002B40F022810A2C0B
:10AE880075F10002C0F020811A460A23002101262C
:10AE980088009F0040EA9370FB1841EB0001DB1823
:10AEA800304606F1010649419C4275EB0107EFD295
:10AEB800099B9E4201DD002A66D109980FFA8BFE94
:10AEC800B042A8BF304600B2864400280EF1FF3ECB
:10AED8002EDD0B9B411D734A4FF0CC37194403F10B
:10AEE800050C052614EB050848F10008A2FB0839F3
:10AEF80029F0030303EB9903A8EB0308B4EB080458
:10AF080065F1000307FB04F502FB0355A4FB0243AC
:10AF18001D4404F001036408A3FB063944EAC57420
:10AF280013EB08036D08303301F8013D6145D9D1B1
:10AF38000B9B0C9AC3F800E01A711BB0BDE8F08FA8
:10AF4800DDE9079E28E7BBB9BEF1040F94BF0022D4
:10AF580001221146611845F100050A290C4675F1D0
:10AF6800000392D200200126A2E70E9B099347E630
:10AF7800002BEFD04FF0050E069B119A83F00103CA
:10AF88001A43E1D00121E5E70D9B6BB1259A06EB49
:10AF98000B0313440E9A012BB8BF01239A42A8BF92
:10AFA8001A469642099288DD05343E4906464FF016
:10AFB800CC3345F100050BF1010B621942F1000297
:10AFC800A1FB020727F0030000EB9700121AA41A4E
:10AFD80065F1000504FB03F301FB0533A4FB014104
:10AFE8000B4464085D0844EAC37466E7049E14AB26
:10AFF8002C4A009330464FF0CC33059900F0A8F95D
:10B00800149B159A9B0843EA827303EB8303B342AC
:10B018004AD0119E049B1EBB013B059A42F1FF31A9
:10B02800069A981A61F1000100F068F8079B8342BC
:10B038008CBF00230123CDE90563BAE5119B13B941
:10B0480001230593B5E519F1FF334FF00002994646
:10B05800039B63F1000303930123CDE90532A8E5BF
:10B06800981C059B43F1000100F048F8079B8342B8
:10B078008CBF00230123B9EB03039946039B63F1BB
:10B08800000303930023CDE9053392E540F23546EA
:10B0980018F10107A6EB030618BF0127FFF7C0BB8D
:10B0A8000120A0E5CDCCCCCCDDE9040100F026F8E8
:10B0B800079B83428CBF002301230593002306933B
:10B0C80077E54FF0040E57E70126F6E6024B03FB3F
:10B0D80000F0800C704700BF41340100024B03FBB5
:10B0E80000F0000D704700BFFB2E0B00024B03FB66
:10B0F80000F0C00C013070474F93120030B54FF08C
:10B10800CC350E4C4FF0333C05FB00F304FB01310A
:10B11800A0FB043200200A449C457CEB02010CD3BE
:10B12800A64605FB03F1013004FB0211A3FB0E3216
:10B138000A449C457CEB0201F3D230BDCDCCCCCC8B
:10B148002DE9F04F3A4D1A233A4F87B0A5FB002559
:10B158000E46ED0803FB150307EB051753B9D7E9AE
:10B168000023C1E90023D7E90201C6E9020107B0BB
:10B17800BDE8F08F304A02A9044602EBC303D3E9C5
:10B188000089D7E9022340460091494600F0E0F8DB
:10B1980002460B464046494691469846D7E9002361
:10B1A80004AF009700F0D4F8002282468B46DDE910
:10B1B800047317EB090753EB080928BF012232B1C2
:10B1C800029B01330293039B43F100030393204640
:10B1D800FFF78CFF80461A2005FB00F0FFF786FF7B
:10B1E800A8EB00053A464B4600955046594600F0F4
:10B1F800C7F80095114B25096400844653F825309B
:10B208000A4604F01E0438464946E34003F00303A7
:10B2180013EB0C0342F10002C6E90032DDE9022318
:10B2280000F0AEF8C6E9020107B0BDE8F08F00BF34
:10B238004FECC44EC8C60008A0C5000870C6000878
:10B248003F4A00F11903A2FB03232DE9F04FDB0865
:10B258001A263C4F87B003FB06F60D4607EB031B87
:10B26800321A0AD1DBE90023C1E90023DBE9020134
:10B27800C5E9020107B0BDE8F08F4FEA031A324B67
:10B2880002A9044603EBC203D3E90089DBE90223E0
:10B2980040460091494600F05BF857F80A200F46EF
:10B2A800DBF80430013A84464046B84604AF63F1FF
:10B2B80000034946E246009700F04AF8002281461A
:10B2C8008B46DDE9047317EB0A0753EB080828BF20
:10B2D800012232B1029B01330293039B43F1000325
:10B2E80003933046FFF702FF06462046FFF7FEFEAF
:10B2F800361A3A46434600964846594600F040F802
:10B308000096124B26096400844653F826300A46F4
:10B3180004F01E0438464146E34003F003030133BA
:10B3280013EB0C0342F10002C5E90032DDE9022308
:10B3380000F026F8C5E9020107B0BDE8F08F00BFAC
:10B348004FECC44EF0C70008A0C5000898C7000815
:10B358004FF0000C70B58E4605461646A0FB02015C
:10B368006246049CEEFB06126646EEFB032CE3FBEA
:10B37800051692194CF10003C4E9002370BD00BF03
:10B3880010B5029CC4F1400CC4F1200EE04002FA52
:10B398000EFE03FA0CF302FA0CFC43EA0E03C4F1A6
:10B3A800200E01FA0EFE40EA0E00A4F1200E22FA49
:10B3B8000EFEA4F1200221FA04F421FA02F243EA73
:10B3C8000E03104343EA04014CEA000010BD00BF1D
:10B3D80071B1034601EB000C01E0634506D01A4643
:10B3E800013311780029F8D1101A7047181A7047DC
:10B3F800084670472DE9F0430446C1F31305CE0F04
:10B40800184654EA05039DF81CE0C1F30A51167169
:10B4180056D10B1E18BF0123002951D100281360F3
:10B42800C0F25E810C2800F3DA811F461D46C0F188
:10B438000D060124B600711EA6F12108C6F12103EC
:10B4480004FA01F104FA08F824FA03F34C1848EA5C
:10B45800030848EB0809634269EB490C013C49F1D0
:10B46800FF393C4009EA0509A14278EB09090EDBDE
:10B47800C6F1200927FA06F4203E05FA09F944EA3C
:10B48800090402D445FA06F63443E40703D5C9197A
:10B4980045EB08050F463B4005EA0C0C1B0943EA3F
:10B4A8000C734FEA2C1C19090C2803F00F0441EA0D
:10B4B8000C714FEA2C1C2CD0002C00F0148128E0D1
:10B4C80040F2FF73994200F08D81002900F0F78067
:10B4D800A1F2FF31002845F4801527461160C0F21B
:10B4E800F5800C28A3DD230904F00F004FEA251C82
:10B4F80043EA0573092802DDCEF1270108443030FC
:10B50800190903F00F0441EA0C7190744FEA2C1CDE
:10B518000D20092C02DDCEF127031C4430340C2801
:10B528004FEA11155474B8BF0C2001F00F0445EA16
:10B538000C754FEA2C13092C02DDCEF127010C44BF
:10B5480030340B2814744FEA1514B8BF0B2005F0DB
:10B558000F0544EA03741B11092D02DDCEF1270102
:10B568000D444FEA14180A2805F1300504F00F04B9
:10B5780048EA0378B8BF0A201B11D573092C02DDED
:10B58800CEF127010C443034092894734FEA18147B
:10B59800B8BF092008F00F0844EA03741B11B8F17A
:10B5A800090F02DDCEF12701884408F13008082888
:10B5B80082F80D804FEA1418B8BF082004F00F0471
:10B5C80048EA03781B11092C02DDCEF127010C444F
:10B5D8003034072814734FEA1814B8BF072008F04E
:10B5E8000F0844EA03741B11B8F1090F02DDCEF10C
:10B5F800270188442109062808F1300804F00F04BF
:10B6080041EA0371B8BF06201B1182F80B80092C90
:10B6180002DDCEF127052C444FEA1118052804F164
:10B62800300401F00F0148EA0378B8BF05201B1168
:10B638009472092902DDCEF1270421444FEA181437
:10B64800042801F1300108F00F08B8BF042044EACB
:10B6580003744FEA23195172B8F1090F02DDCEF1D4
:10B66800270398442109032808F1300804F00F043F
:10B67800B8BF032041EA09714FEA291382F808800C
:10B68800092C02DDCEF127052C440D09022804F10E
:10B69800300401F00F01B8BF022045EA0375D471E8
:10B6A800092902DDCEF1270E7144012801F130018C
:10B6B800B8BF0120917130355571BDE8F083A1F212
:10B6C800FE31002827461160BFF60BAF230914F09E
:10B6D8000F004FEA251C43EA05737FF40BAFE2E63F
:10B6E800184619469C460D0911F00F044FEA2C170D
:10B6F80045EA0C753B467FF41EAF0B283FF41BAFA1
:10B708000C0A15F00F054FEA2C2644EA0C64334660
:10B718007FF422AF0A283FF41FAF4FEA113814F024
:10B728000F044FEA2C3548EA0C582B467FF426AF15
:10B7380009283FF423AF0C0C18F00F084FEA2C43EC
:10B7480044EA0C447FF42BAF08283FF428AF4FEAB3
:10B75800115814F00F044FEA2C5348EA0C387FF4C0
:10B7680032AF07283FF42FAF0C0E18F00F084FEA3E
:10B778002C6344EA0C247FF437AF06283FF434AF37
:10B78800090F14F00F044FEA2C7341EA0C117FF4EF
:10B798003EAF05283FF43BAF11F00F01E0464FEAFA
:10B7A800EC737FF446AF04283FF443AF1CF00F0856
:10B7B8003C4699467FF450AF03283FF44DAF17F04D
:10B7C8000F0431467FF45CAF02283FF459AF16F0FE
:10B7D8000F017FF465AFC3077FF56DAF60E79C4647
:10B7E80018468CE625434FF0000014BF46F00806C3
:10B7F80046F004061671BDE8F08300BFD1E90432B3
:10B80800934202D05A1C0A61187070470000000069
:10B818004578636565646564205452435F434647D1
:10B828005F454E5452595F534C4F5453004578630B
:10B838006565646564205452435F4346475F454EDF
:10B848005452595F53594D424F4C5F4D41585F4CCC
:10B85800454E475448004576656E742073697A658D
:10B86800206578636565646564005452435F53548A
:10B878005245414D5F504F52545F524541445F44D9
:10B888004154412072657475726E656420657272E8
:10B898006F72005452435F53545245414D5F504FAD
:10B8A80052545F57524954455F4441544120726590
:10B8B8007475726E6564206572726F7200426C6F87
:10B8C800636B696E6720696E2078547261636545A1
:10B8D8006E61626C65004E6F20736C6F7473206CC0
:10B8E80065667420696E20537461636B204D6F6EBA
:10B8F80069746F7200496E76616C6964206576655B
:10B908006E7420636F64650045786365656465647B
:10B9180020495352206E657374696E67004457540A
:10B92800206E6F7420737570706F72746564004454
:10B9380057545F435943434E54206E6F74207375B8
:10B9480070706F7274656400436F756C64206E6FFD
:10B95800742063726561746520547A4374726C0054
:10B968004153534552543A20257320282564290011
:10B97800556E6B6E6F776E206572726F7220636F93
:10B9880064653A20307825303858002357465200ED
:10B998005265636F726465722073746F707065644A
:10B9A80020696E207854726163654572726F7228DF
:10B9B8002E2E2E29210053797374656D20486561F8
:10B9C800700044656661756C740046726565525412
:10B9D8004F53002444554D4D595F444556494345FE
:10B9E8005F4944002444554D4D595F5345535349CD
:10B9F8004F4E5F4944007844666D496E69746961C9
:10BA08006C697A65204572726F72202D20784765BF
:10BA180074556E6971756553657373696F6E4944C2
:10BA280020697320300A002573007844666D496EDA
:10BA3800697469616C697A65204572726F72202D2C
:10BA480020784765744465766963654E616D652045
:10BA5800697320300A007844666D496E69746961BB
:10BA68006C697A65204572726F72202D2078446661
:10BA78006D53657373696F6E496E697469616C693A
:10BA88007A65206661696C65642E0A007844666D83
:10BA9800496E697469616C697A65204572726F7262
:10BAA800202D207844666D4B65726E656C506F7200
:10BAB80074496E697469616C697A65206661696C3C
:10BAC80065642E0A007844666D496E697469616C14
:10BAD800697A65204572726F72202D207844666DF0
:10BAE800416C657274496E697469616C697A652024
:10BAF8006661696C65642E0A007844666D496E69F2
:10BB08007469616C697A65204572726F72202D20A4
:10BB18007844666D456E747279496E697469616CB2
:10BB2800697A65206661696C65642E0A00784466E6
:10BB38006D496E697469616C697A65204572726FC6
:10BB480072202D207844666D436C6F7564496E6968
:10BB58007469616C697A65206661696C65642E0A2E
:10BB6800007844666D496E697469616C697A65200C
:10BB78004572726F72202D207844666D53746F720F
:10BB8800616765496E697469616C697A6520666187
:10BB9800696C65642E0A007844666D416C65727440
:10BBA800496E697469616C697A65204572726F7251
:10BBB800202D207078427566666572206973204E64
:10BBC800554C4C0A004275696C642D4D332D4E6FEF
:10BBD80043440025732061742025733A2575000AB3
:10BBE80044464D20416C6572743A2000414C4552E0
:10BBF800540044464D3A2052657374617274696EFC
:10BC0800672E2E2E0A0A0A00636F726564756D70BE
:10BC18005F656E64004661756C7420657863657055
:10BC280074696F6E2C20434653523A203078253081
:10BC380038580064666D5F74726163652E70736650
:10BC48007300202044464D3A2053746F72696E6722
:10BC58002074686520616C6572742E0A0020204487
:10BC6800464D3A204E6F742079657420696E697468
:10BC780069616C697A65642E20416C65727420690B
:10BC8800676E6F7265642E0A000A44464D3A204575
:10BC980072726F722C2075634461746142756666B6
:10BCA8006572206E6F74206C6172676520656E6FB7
:10BCB800756768210A0A0044464D3A204552524F9A
:10BCC800522C20737461636B206F766572666C6F9B
:10BCD8007720696E20437261736843617463686595
:10BCE800722C2073656520636F6D6D656E742069B5
:10BCF8006E2064666D43726173684361746368653E
:10BD0800722E630A0A0044464D3A205761726E69E2
:10BD18006E672C206D656D6F727920726567696F2B
:10BD28006E2073697A65206973207A65726F210ABB
:10BD38000A000A44464D3A204572726F722C2075EB
:10BD48006E68616E646C65642063617365210A0ABC
:10BD580000747261702E646D70006661756C742E6B
:10BD6800646D700044464D3A204572726F722C2003
:10BD78007844666D416C6572744164645061796C95
:10BD88006F6164206661696C65642E0A0044464DE3
:10BD98003A207844666D416C657274456E6420661D
:10BDA80061696C65642E0A00537461636B20636F6C
:10BDB8007272757074696F6E00433A2F7372632FD5
:10BDC80044656D6F735265706F2F5A65706879722C
:10BDD80044656D6F2F6D6F64756C65732D73746139
:10BDE80067696E672F6D6F64756C65732F64656224
:10BDF80075672F706572636570696F2F44464D2FA4
:10BE080064666D4372617368436174636865722E1A
:10BE180063005461736B20257320657865637574BE
:10BE28006564206D6F7265207468616E2065787036
:10BE3800656374656420282575202525292E0A0048
:10BE48005461736B20257320657865637574656428
:10BE5800206C657373207468616E20657870656303
:10BE680074656420282575202525292E0A0054612B
:10BE7800736B4D6F6E69746F7220616C6572742C90
:10BE8800205461736B2025732C20435055206C6F10
:10BE980061642025752025252C20756E6B6E6F77C3
:10BEA8006E20726561736F6E2E0A000A5B5B204418
:10BEB8006576416C657274204461746120426567DF
:10BEC800696E73205D5D0A002025303258005B5B87
:10BED80020444154413A005B5B20446576416C65DF
:10BEE8007274204461746120456E6465642E204339
:10BEF8006865636B73756D3A202564205D5D0A0083
:10BF080050415353004641494C0044464D543A432E
:10BF18004845434B3A25733A25733A25730A005529
:10BF28004E4B4E4F574E0044464D543A4841524EA0
:10BF38004553535F4641494C3A25733A494E544557
:10BF4800525255505445443A70686173653D2575A1
:10BF58003A726561736F6E3D25750A00454E44005F
:10BF68006D335F6E6F5F636F726564756D700044EB
:10BF7800464D543A53554954455F424547494E3A10
:10BF880025733A253038780A0044464D543A4841DA
:10BF9800524E4553535F4641494C3A5354415445D8
:10BFA8003A494E4445585F4F55545F4F465F52419A
:10BFB8004E47453A25750A0044464D543A424F4F7C
:10BFC800543A25733A253038783A70686173653D7C
:10BFD80025753A696E6465783D25753A7265626FB4
:10BFE8006F74733D25750A0044464D543A535549BC
:10BFF80054455F434F4D504C4554453A25733A25B7
:10C008003038780A0044464D543A524553554D4508
:10C01800443A25753A25730A0044464D543A524528
:10C028005455524E45443A25733A73746172747587
:10C03800703A697073723D25753A636F6E74726FEA
:10C048006C3D307825780A005448524541445F4D8C
:10C058004F4445004D53505F53454C454354454468
:10C068000054524143455F494E495449414C495A4D
:10C078004544004841524E455353005452414345AC
:10C088005F535441525445440044464D205465730F
:10C0980074730054524143455F4348414E4E454CEA
:10C0A8005F524547495354455245440044464D5410
:10C0B8003A424547494E3A25733A25750A005425B0
:10C0C8007520424547494E0044464D543A5245541E
:10C0D80055524E45443A25733A25640A00426F6F1B
:10C0E80074696E6720506572636570696F20467267
:10C0F800656552544F532044464D2074657374202F
:10C108006861726E657373206F6E2051454D5520BE
:10C118006D7073322D616E3338350A0044464D54C4
:10C128003A4841524E4553535F4641494C3A424F73
:10C138004F543A54524143455F494E495449414C42
:10C14800495A450A0044464D543A4841524E4553CF
:10C15800535F4641494C3A424F4F543A44464D5F2B
:10C16800494E495449414C495A450A0044464D54A0
:10C178003A4841524E4553535F4641494C3A424F23
:10C188004F543A54524143455F53544152540A0064
:10C1980044464D54657374730044464D543A4841BF
:10C1A800524E4553535F4641494C3A424F4F543AD9
:10C1B8005441534B5F4352454154450A0044464D50
:10C1C800543A4841524E4553535F4641494C3A42CE
:10C1D8004F4F543A5343484544554C45525F524596
:10C1E8005455524E45440A00546573742031303119
:10C1F8003000433A2F7372632F44656D6F73526535
:10C20800706F2F44656D6F2D4672656552544F539C
:10C218002D51454D552F64666D5F74657374732F8A
:10C228007372632F746573745F636F6E746578746B
:10C23800732E630044464D543A535441525455505A
:10C248005F454E5445523A313030353A6970737211
:10C258003D25753A636F6E74726F6C3D3078257842
:10C268000A00546573742031303035005431303051
:10C278003641204354582048616E646C65722049E9
:10C288005053523D25750054657374203130303653
:10C2980041005465737420313031350046415441B2
:10C2A8004C3A20737461636B206F766572666C6FAD
:10C2B8007720696E2025730A00464154414C3A2084
:10C2C800617373657274696F6E2061742025733AA7
:10C2D800256C750A00433A2F7372632F44656D6F9E
:10C2E800735265706F2F44656D6F2D467265655288
:10C2F800544F532D51454D552F74686972645F70C2
:10C30800617274792F4672656552544F532D4B658F
:10C31800726E656C2F71756575652E6300433A2FD3
:10C328007372632F44656D6F735265706F2F446528
:10C338006D6F2D4672656552544F532D51454D55BD
:10C348002F74686972645F70617274792F467265C0
:10C358006552544F532D4B65726E656C2F74617323
:10C368006B732E630049444C4500546D7251004371
:10C378003A2F7372632F44656D6F735265706F2F18
:10C3880044656D6F2D4672656552544F532D514566
:10C398004D552F74686972645F70617274792F46A5
:10C3A80072656552544F532D4B65726E656C2F74D0
:10C3B800696D6572732E6300546D72205376630045
:10C3C800433A2F7372632F44656D6F735265706FB4
:10C3D8002F44656D6F2D4672656552544F532D512C
:10C3E800454D552F74686972645F70617274792F56
:10C3F8004672656552544F532D4B65726E656C2FAE
:10C40800706F727461626C652F4743432F41524DC0
:10C418005F434D33335F4E545A2F6E6F6E5F7365B3
:10C42800637572652F706F72742E6300433A2F73B1
:10C4380072632F44656D6F735265706F2F44656D1D
:10C448006F2D4672656552544F532D51454D552FEA
:10C4580074686972645F70617274792F4672656579
:10C4680052544F532D4B65726E656C2F706F7274FA
:10C4780061626C652F4D656D4D616E672F686561F2
:10C48800705F342E630063430300000048000020FF
:10C49800006CDC0200366E010024F400001BB700BB
:10C4A80000093D0080841E0060E3160040420F0032
:10C4B80000E02E000070170000A00F0000B80B006D
:10C4C800801A0600400D0300F0490200A086010012
:10C4D800000000000102030400000000000000004A
:10C4E80001020304060708090000024201000000D7
:10C4F80000000242030000000000024206000000A3
:10C508000004024201000000000402420A00000088
:10C518000008024202000000000C02420D00000068
:10C52800000C024202000000000802420A0000005B
:10C538000004024200000000000802420C00000053
:10C54800000402420300000000040242040000004C
:10C558000010024200000000001002420200000029
:10C56800001002420300000001000200040006005F
:10C5780008000A000C0010002000400080000001A4
:10C5880008000000696E66006E616E00286E756CAA
:10C598006C290000000000000100000000000000FD
:10C5A8000500000000000000190000000000000065
:10C5B8007D00000000000000710200000000000083
:10C5C800350C000000000000093D000000000000DC
:10C5D8002D31010000000000E1F505000000000019
:10C5E80065CD1D0000000000F90295000000000064
:10C5F800DD0EE90200000000514A8D0E0000000027
:10C608009573C24800000000E941CC6B01000000AE
:10C618008D49FD1A07000000C16FF2862300000053
:10C62800C52EBCA2B1000000D9E9AC2D78030000EA
:10C638003D9160E45811000031D6E275BC56000007
:10C64800F52E6E4DAEB10100C9EA26836778080061
:10C65800ED95C28F055A2A00A1EDCCCE1BC2D3009E
:10C6680025A4000A8BCA2204000000000000000074
:10C6780000000000000000000000004095596959C2
:10C6880055555455155555560405154110545540E2
:10C69800455155444045504450555545004000408B
:10C6A80040044496655556554540455451411540FA
:10C6B80055915555555540510501000000000000A1
:10C6C8000000000000000000000000000000001052
:10C6D8000000000000000000B9340332B7F4AD14C4
:10C6E80010DB1AB30892540E0D307D951447BA1A10
:10C6F80066088F4D26ADC66DF598BF85E2B7451122
:10C70800CA96853D92BD1DEBFCA11860DCEF521660
:10C718003C92AE220BB8C1B4839D2D5B0562DA1C36
:10C72800304C7E8F4E8BB25B16F4529F8B56A512FF
:10C73800FBD4827643ED8AF08FE7F9311565191835
:10C7480050F19BD94A13EEB4284CF0A686C1251F98
:10C75800035FC270CB9E4916E642889C44EB2014C6
:10C76800B0650836AD6EA58585F0CA14E2FD031ADA
:10C778000B899979D5B13D09D8DA973A35EBCF10BD
:10C78800AC363F5E73BB38CF3E6752FA44AFBA153A
:10C798005445545445550504001004101404400031
:10C7A80000000140555515415404000044000100A3
:10C7B8000000004041000044504445505400555585
:10C7C800545565510040004001000001000501007A
:10C7D800115451515455550500154150000004405D
:10C7E8001001040500000000010000000000000026
:10C7F8000000000000000020345065C05FC9A65248
:10C80800BB13CBAEC440C21806C8DF7100D5A87CE4
:10C81800F56F0FDA58FC27136E4756357D242065CF
:10C8280002C7E768E48CA41DE9E60268D7CD396140
:10C838007977FCC2405BEF16798CDE43FFA751F98C
:10C8480091F3B278F5BDBE11E857E9D6E8BEE87BAA
:10C85800B054AC8F848D751BEA23A499E9F9D38B66
:10C86800B7A3714061DA3E15CEE33ECB73F94808B1
:10C878008C97B427D51B7010A2BFEFB9EB85321582
:10C888004DB44DB49BBB6F1996B6076CF8E7EEAD87
:10C8980036D9B4F59135AE13222218AF4E6A684DD9
:10C8A80091DAAA3D4F40741E9FBD9EE006A1C09834
:10C8B80057C2A7FDA40E90170E7D497173E3208F10
:10C8C800B220D87605143B12853D7434811343B0E9
:08C8D800AD297A5F27F4351C3D
:08C8E000DC39FF7F01000000BC
:10C8E800FFFFFFFFFFFFFFFF01000000FFFFFFFF4B
:10C8F800FFFFFFFF01000000FFFFFFFFFFFFFFFF3B
:10C9080001000000FFFFFFFFFFFFFFFF0100000025
:10C91800EFBEADDEFFFFFFFF0000000000000000DB
:10C92800FFFFFFFF00000000000002004947000869
:10C93800000000000000000000093D001000000099
:04000005080048A502
:00000001FF
