:020000040800F2
:1000000000000C20417C0008C1020008C102000869
:10001000C1020008C1020008C10200082F7C0008CC
:100020000000000000000000000000002DF20008A9
:10003000917C000800000000CDF1000879EE000876
:10004000917C0008917C0008917C0008917C00085C
:10005000917C0008917C0008917C0008917C00084C
:10006000917C0008917C0008917C0008337C00089A
:10007000917C0008917C0008917C0008917C00082C
:10008000917C0008917C0008917C0008917C00081C
:10009000917C0008917C0008917C0008917C00080C
:1000A000917C0008917C0008917C0008917C0008FC
:1000B000917C0008917C0008917C0008917C0008EC
:1000C000917C0008917C0008917C0008917C0008DC
:1000D000917C0008917C0008917C0008917C0008CC
:1000E000917C0008917C0008917C0008917C0008BC
:1000F000917C0008917C0008917C0008917C0008AC
:10010000917C0008917C0008917C0008917C00089B
:10011000917C0008917C0008917C0008917C00088B
:10012000917C0008917C0008917C0008917C00087B
:10013000917C0008917C0008917C0008917C00086B
:10014000917C0008917C0008917C0008917C00085B
:10015000917C0008917C0008917C0008917C00084B
:10016000917C0008917C0008917C0008917C00083B
:10017000917C0008917C0008917C0008917C00082B
:10018000917C0008917C0008917C0008917C00081B
:10019000917C0008917C0008917C0008917C00080B
:1001A000917C0008917C0008917C0008917C0008FB
:1001B000917C0008917C0008917C0008917C0008EB
:1001C000917C0008917C0008917C0008917C0008DB
:1001D000917C0008917C0008917C0008917C0008CB
:1001E000917C0008917C0008917C0008917C0008BB
:1001F000917C0008917C0008917C0008917C0008AB
:10020000917C0008917C0008917C0008917C00089A
:10021000917C0008917C0008917C0008917C00088A
:10022000917C0008917C0008917C0008917C00087A
:08023000917C0008917C00089C
:1002380088B01E4801680091416801918168029167
:10024800C168039101690491CDF814E07146A1F1E8
:10025800040121F001010691EFF3038141F080715F
:1002680007911349C1F800D0EFF3038343F080737B
:10027800EFF30982EFF30881DFF8380085462DE9AE
:10028800FE4FEFF31481C1F340014FF6B872CFF679
:10029800FF7242EA81020B92684605F0A5FE0CB097
:1002A8000349096848698D4608B00047944800200A
:1002B80090480020E44F00202DE9005004F0EAFCAB
:1002C800BDE80050EFF30383EFF30982EFF30881F1
:1002D800DFF820D02DE9FE4F684605F085FEBDE821
:1002E800FE4F8D462DE9005004F002FDBDE8005098
:1002F80070470000E44F0020F1EE101AA0EC200A2D
:1003080001607047A0EC108A704700BF53B94AB922
:10031800002908BF00281CBF4FF0FF314FF0FF3005
:1003280000F06AB9ADF1080C6DE904CE00F006F8EA
:10033800DDF804E0DDE9022304B070472DE9F04759
:100348008C468E46089E154604461946002B40F0FA
:10035800D080724547D9B2FA82F74FB1C7F120036E
:100368000EFA07FCBD40BC4020FA03F343EA0C0C2C
:100378004FEA154EA8B2230CBCFBFEF80EFB18CCB6
:1003880008FB00F943EA0C43994528D9EB1808F112
:10039800FF3204D2994502D9A8F102022B44A3EBFB
:1003A8000903A4B2B3FBFEFC0EFB1C330CFB00F0EC
:1003B80044EA0344A04214D92C190CF1FF3304D2A7
:1003C800A04202D9ACF102032C44241A43EA0240A9
:1003D8001EB1FC40002334607360BDE8F0874246DC
:1003E800DDE76346F1E7002A79D0B2FA82F3002B01
:1003F8003FD01946C1F1200302FA01F500FA01F4D1
:100408002EFA03F20EFA01FE20FA03F3AFB243EA22
:100418000E034FEA154EB2FBFEFC0EFB1C201A0C15
:100428000CFB07F842EA004290455AD9AA180CF189
:10043800FF3004D2904502D9ACF102002A44A2EB65
:1004480008029BB2B2FBFEFC0EFB1C220CFB07F75A
:1004580043EA02439F4246D9EB180CF1FF3204D21B
:100468009F4202D9ACF102022B44DB1B42EA004254
:1004780002E0AEEB020301224FEA154EAFB2200CA8
:10048800B3FBFEFC0EFB1C330CFB07F840EA0343EE
:1004980098452AD9EB180CF1FF3004D2984502D9B7
:1004A800ACF102002B44A3EB0803A4B2B3FBFEFC9F
:1004B8000EFB1C330CFB07F744EA0344A74216D98A
:1004C8002C190CF1FF3304D2A74202D9ACF1020374
:1004D8002C44E41B43EA00400F46114678E71F21ED
:1004E80088E76046ABE76246BFE76046DBE76346FE
:1004F800EFE7734506D916B9002108466DE7C6E946
:10050800000EF9E7B3FA83F787B9734501D382423E
:1005180007D8841A6EEB030301209C461EB90021FC
:100528005BE73846FAE7C6E9004CF8E7C7F1200C64
:10053800BB4000FA07F422FA0CF520FA0CF1BA4095
:100548001D432EFA0CF30EFA07FE4FEA154941EA4D
:100558000E011FFA85FEB3FBF9F809FB18300B0CE6
:1005680008FB0EFA43EA00439A4540D9EB1808F114
:10057800FF3004D29A4502D9A8F102002B44A3EB1C
:100588000A0389B2B3FBF9F809FB183308FB0EFE1E
:1005980041EA03418E452CD9691808F1FF3304D28A
:1005A8008E4502D9A8F10203294443EA0040A1EB91
:1005B8000E01A0FB02984145CE46434602D306D120
:1005C8004C4504D20138B9EB020E68EB0503002E46
:1005D800A5D0B4EB0E0261EB030101FA0CFC22FA80
:1005E80007F3F9404CEA0303C6E9003197E74046B0
:1005F800C5E74346D9E70000704700BF844641EA93
:10060800000313F0030349D1403A23D30B68036076
:100618004B6843608B688360CB68C3600B69036178
:100628004B6943618B698361CB69C3610B6A036260
:100638004B6A43628B6A8362CB6AC3620B6B036348
:100648004B6B43638B6B8363CB6BC363403040312D
:10065800403ADBD230320BD30B6803604B684360FF
:100668008B688360CB68C36010301031103AF3D2C6
:100678000C3205D351F8043B40F8043B043AF9D254
:10068800043208D0D2071CBF11F8013B00F8013B27
:1006980001D30B8803806046704700BF082A13D334
:1006A8008B07B1D010F00303AED0C3F10403D21A04
:1006B800DB071CBF11F8013B00F8013BA4D331F85C
:1006C800023B20F8023B9FE7043AD9D3013A11F8DC
:1006D800013B00F8013BF9D20B7803704B7843706B
:1006E8008B7883706046704770B4840746D0541E78
:1006F800002A41D0CDB2034602E0621EE4B314469C
:1007080003F8015B9A07F8D1032C2ED9CDB245EA3C
:1007180005250F2C45EA054519D9264603F110028F
:10072800103E0F2E42F8105C42F80C5C42F8085C50
:1007380042F8045C02F11002F2D8A4F1100222F08F
:100748000F0204F00F041032032C13440DD91E4677
:100758002246043A032A46F8045BFAD8221F22F0FC
:1007680003020432134404F003042CB1C9B21C443C
:1007780003F8011BA342FBD170BC70471446034623
:10078800C2E7000080B483B000AF7860094A7B6894
:100798001360084B1B6800221A60074B1B6843F460
:1007A8008003054A1360002318460C37BD465DF8E0
:1007B800047B704770000020AC3B002080B485B0FB
:1007C80000AF78600F4A7B6813600023FB6008E085
:1007D8000C4B1B68FA68002143F82210FB680133B0
:1007E800FB60FB68042BF3D9074B1B6843F0080335
:1007F800054A1360002318461437BD465DF8047B8C
:10080800704700BF74000020AC3B002080B483B068
:1008180000AF03463960FB71094B1B68FA7953F83E
:100828002200074B1B68FA793968014443F8221003
:10083800002318460C37BD465DF8047B704700BF9F
:100848007400002080B582B000AF0346FB71FB79CD
:1008580001211846FFF7DAFF034618460837BD4658
:1008680080BD000080B483B000AF03463960FB71DF
:100878000A4B1B68FA7953F822303A689A4205DD28
:10088800064B1B68FA79396843F82210002318468A
:100898000C37BD465DF8047B704700BF740000202C
:1008A80080B500AF1D4B1B6803F00803002B01D176
:1008B800012330E01A4B1B685B68002B06DD08201B
:1008C80000F01EFA164B1B6800225A60144B1B6876
:1008D8001B681C2B06DD092000F012FA104B1B6860
:1008E80000221A600E4B1B689B68002B06DD0A204D
:1008F80000F006FA0A4B1B6800229A60084B1B6836
:10090800DB68002B06DD0E2000F0FAF9044B1B68AB
:100918000022DA600023184680BD00BFAC3B0020EF
:100928007400002080B582B000AF7860044A7B680C
:10093800136000F06FF9034618460837BD4680BDBE
:100948007C00002080B485B000AF7860284A7B68BE
:100958001360274B1B6838221A60254B1B681C2222
:100968005A60234B1B6803229A600023BB602FE068
:100978001F4B1968BA6813465B0013441B010B44EC
:100988000C3300221A600023FB6010E0184B196832
:10099800BA6813465B0013449B00FA681344023399
:1009A8009B000B4400229A60FB680133FB60FB68E4
:1009B800022BEBD90E4B1968BA6813465B00134437
:1009C8001B010B44203300221A70BB680133BB6043
:1009D800BB68372BCCD9074B1B6843F01003054A7B
:1009E8001360002318461437BD465DF8047B704732
:1009F80078000020AC3B002080B58CB000AF786058
:100A0800324B1B68FB624FF00003314B1B6803F04D
:100A18001003002B01D101234BE0EFF310833B625D
:100A28003B6A7B610123FB61FB6983F3108800BF8C
:100A380007F10F03184600F00FF90346002B0AD000
:100A48000120FFF7FFFE7B697B627B6A83F31088D6
:100A580000BF01232DE01F4B1A68FB7B19460B468C
:100A68005B000B441B01083313440433BB61BB69AF
:100A7800BA691A6000233B6108E0BA693B699B00C8
:100A8800134400225A603B6901333B613B69022BE6
:100A9800F3D9BB6900221A61BB6900221A757B6809
:100AA800BA691A607B69BB62BB6A83F3108800BFAE
:100AB8000023064A1168FA6A51404FF0000201D03B
:100AC80004F0A0F818463037BD4680BD1800002055
:100AD800AC3B00207800002080B489B000AF78607B
:100AE8007B681E4A12680C329B1A1D4AA2FB03231C
:100AF8005B09FB72EFF310837B617B69FB60012369
:100B08003B613B6983F3108800BF7B681B68002B3F
:100B180007D1FB68BB61BB6983F3108800BF012361
:100B280015E07B6800221A600E4B1A680D4B1B6893
:100B38009B6BF97AD1540B4B1B689A6B01329A6301
:100B4800FB68FB61FB6983F3108800BF002318462C
:100B58002437BD465DF8047B704700BF780000204D
:100B6800ABAAAAAA7C00002080B485B000AF786048
:100B780039600023BB6017E0104B1968BA68134648
:100B88005B0013441B0108330B440433FB60FB6810
:100B98001B687A689A4204D13B68FA681A60002395
:100BA80006E0BB680133BB60BB68372BE4D901237F
:100BB80018461437BD465DF8047B7047780000205E
:100BC80080B584B000AFF860B9607A60BB68002B6C
:100BD80003D10F4BBB6000237B607B681946002064
:100BE800FFF740FE7B681B2B02D91C237B6002E0C9
:100BF8007B6801337B60FB6814337A68B9681846F0
:100C0800FFF7FCFC002318461037BD4680BD00BF27
:100C1800401B010880B483B000AF00237B600AE06A
:100C28000C4B1A687B68D9B27B6813440A461A7061
:100C38007B6801337B607B68372BF1D9054B1B68D8
:100C480038229A63002318460C37BD465DF8047BAA
:100C5800704700BF7C00002080B485B000AF78608A
:100C6800144B1B689B6B002B01D101231CE0114B1B
:100C78001B681B78FB730F4B1B689A6B013A9A63CE
:100C88000C4B19680B4B1B689A6B0A4B1B688A5CE8
:100C98001A70084B1A68074B1B689B6BFF21D154CD
:100CA8007B68FA7B1A70002318461437BD465DF836
:100CB800047B70477C00002080B483B000AF78606C
:100CC8000D4A7B6813600C4B1B6800221A600A4BA4
:100CD8001B6800225A60084B1B6800229A60074B69
:100CE8001B6843F02003054A1360002318460C379D
:100CF800BD465DF8047B704780000020AC3B0020B7
:100D080080B582B000AF7860124B1B6803F02003F7
:100D1800002B01D1012319E00F4B1B681A687B686F
:100D2800013B22FA03F303F00103002B0DD10A4B18
:100D38001B6819687B68013B01229A40064B1B68B7
:100D48000A431A60786800F047F800231846083705
:100D5800BD4680BDAC3B00208000002080B582B03D
:100D680000AF7860194B1B6803F02003002B01D1FA
:100D7800012327E0164B1B685B68002B21D1144B1D
:100D88001B6819687B68013B01229A40104B1B685D
:100D98000A431A600E4B1B687A685A60786800F03C
:100DA8001BF80346012B03D102F094F9012309E053
:100DB800074B1B689B680749184601F0F1FD02F0D4
:100DC80089F9002318460837BD4680BDAC3B002092
:100DD80080000020441B010880B584B000AF786013
:100DE800244B1B68FB604FF00003234B1B689B6878
:100DF800002B0BD1204B1B68083319461F4802F003
:100E080001FB0346012B01D1012325E007F108036B
:100E18001946786800F036F87B68012B11D07B689A
:100E2800002B10D07B68023B0C2B0CD8124B1B6894
:100E38009B68BA681146184601F0B2FD00BF00234E
:100E48000AE0012308E00C4B1B689B687A680C4990
:100E5800184601F0DBFD0123064A1168FA68514083
:100E68004FF0000201D003F0CDFE18461037BD4602
:100E780080BD00BF18000020800000206C1B010806
:100E8800741B010880B483B000AF786039607B6858
:100E98000E2B5BD801A252F823F000BFE10E000828
:100EA8004D0F0008250F00082D0F0008350F00080A
:100EB8003D0F0008450F00081D0F0008E50E00084B
:100EC800ED0E0008F50E0008FD0E0008050F0008DD
:100ED8000D0F0008150F000801233CE03B68214A6C
:100EE8001A6037E03B68204A1A6033E03B681F4AC3
:100EF8001A602FE03B681E4A1A602BE03B681D4AC7
:100F08001A6027E03B681C4A1A6023E03B681B4ACA
:100F18001A601FE03B68174A1A601BE03B68184AD2
:100F28001A6017E03B68174A1A6013E03B68164AD4
:100F38001A600FE03B68154A1A600BE03B68144AD8
:100F48001A6007E03B68134A1A6003E03B68124ADC
:100F58001A6000BF002318460C37BD465DF8047BB5
:100F6800704700BF901B0108B01B0108DC1B01087B
:100F7800F01B01081C1C0108481C0108641C01081E
:100F8800841C0108981C0108B01C0108C41C010835
:100F9800E01C0108F81C0108741B010880B485B026
:100FA80000AF78600F4A7B6813600023FB6008E09D
:100FB8000C4B1B68FA68002143F83210FB680133B8
:100FC800FB60FB68002BF3D0074B1B6843F0400322
:100FD800054A1360002318461437BD465DF8047BA4
:100FE800704700BF84000020AC3B002090B58BB058
:100FF80000AF786039603E4B1B687B624FF000039E
:101008000023BB600023FB603A4B1B6803F001031D
:10101800002B04D0384B1B685B68002B01D10123DF
:1010280059E0EFF31083BB61BB693B6101237B612E
:101038007B6983F3108800BF304B1B681A68013244
:101048001A602F4B1B681B6807F108020C21184611
:1010580000F074FF0346012B07D13B69FB61FB6974
:1010680083F3108800BF012335E07B689AB2BB6820
:1010780042F4805292B21A80204B1B681A68BB68EF
:1010880092B25A80BC6806F089FC03466360BB686C
:101098005A681C4B1B685B699A4204D2194B1B683F
:1010A800DA680132DA60BA68164B1B6852685A610E
:1010B800BB683A689A60124B1B681868B96807F1F0
:1010C8000C030C2201F052F83B693B623B6A83F344
:1010D800108800BF0023064A11687A6A51404FF011
:1010E800000201D003F08EFD18462C37BD4690BD96
:1010F80018000020AC3B0020A43B00208400002006
:10110800C03B0020B83B002090B58DB000AFF86020
:10111800B9607A603F4B1B68FB624FF00003002305
:101128003B6100237B613C4B1B6803F00103002BF0
:1011380004D03A4B1B685B68002B01D101235CE0AB
:10114800EFF310833B623B6ABB610123FB61FB69E0
:1011580083F3108800BF324B1B681A6801321A608B
:10116800304B1B681B6807F110021021184600F06D
:10117800E5FE0346012B07D1BB697B627B6A83F3DB
:10118800108800BF012338E0FB689AB23B6942F43B
:10119800005292B21A80224B1B681A683B6992B2BD
:1011A8005A803C6906F0FAFB034663603B695A685B
:1011B8001D4B1B685B699A4204D21B4B1B68DA689B
:1011C8000132DA603A69184B1B6852685A613B6908
:1011D800BA689A603B697A68DA60124B1B681868CB
:1011E800396907F11403102200F0C0FFBB69BB6224
:1011F800BB6A83F3108800BF0023064A1168FA6AA5
:1012080051404FF0000201D003F0FCFC184634377F
:10121800BD4690BD18000020AC3B0020A43B002038
:1012280084000020C03B0020B83B002090B58DB062
:1012380000AFF860B9607A603B60414B1B68FB62A5
:101248004FF0000300233B6100237B613D4B1B688B
:1012580003F00103002B04D03B4B1B685B68002B99
:1012680001D101235FE0EFF310833B623B6ABB616E
:101278000123FB61FB6983F3108800BF334B1B68B4
:101288001A6801321A60324B1B681B6807F110029A
:101298001421184600F052FE0346012B07D1BB6902
:1012A8007B627B6A83F3108800BF01233BE0FB6805
:1012B8009AB23B6942F4405292B21A80234B1B689F
:1012C8001A683B6992B25A803C6906F067FB03468C
:1012D80063603B695A681F4B1B685B699A4204D27A
:1012E8001C4B1B68DA680132DA603A69194B1B68D3
:1012F80052685A613B69BA689A603B697A68DA60F1
:101308003B693A681A61124B1B681868396907F11A
:101318001403142200F02AFFBB69BB62BB6A83F383
:10132800108800BF0023064A1168FA6A51404FF03E
:10133800000201D003F066FC18463437BD4690BD64
:1013480018000020AC3B0020A43B002084000020B3
:10135800C03B0020B83B002090B58DB000AFF860CE
:10136800B9607A603B60434B1B68FB624FF0000337
:1013780000233B6100237B613F4B1B6803F00103A3
:10138800002B04D03D4B1B685B68002B01D1012367
:1013980062E0EFF310833B623B6ABB610123FB61B0
:1013A800FB6983F3108800BF354B1B681A6801324C
:1013B8001A60344B1B681B6807F110021821184685
:1013C80000F0BCFD0346012B07D1BB697B627B6A39
:1013D80083F3108800BF01233EE0FB689AB23B69A3
:1013E80042F4804292B21A80254B1B681A683B6906
:1013F80092B25A803C6906F0D1FA034663603B69B1
:101408005A68214B1B685B699A4204D21E4B1B68C1
:10141800DA680132DA603A691B4B1B6852685A6114
:101428003B69BA689A603B697A68DA603B693A68EE
:101438001A613B693A6C5A61124B1B681868396922
:1014480007F11403182200F091FEBB69BB62BB6A66
:1014580083F3108800BF0023064A1168FA6A5140D6
:101468004FF0000201D003F0CDFB18463437BD46DB
:1014780090BD00BF18000020AC3B0020A43B00201A
:1014880084000020C03B0020B83B002090B58DB000
:1014980000AFF860B9607A60434B1B68FB624FF09D
:1014A800000300233B6100237B617B68033323F047
:1014B80003037B607B680833402B01D938237B60AA
:1014C800EFF310833B623B6ABB610123FB61FB695D
:1014D80083F3108800BF354B1B681A6801321A6005
:1014E800334B1B6818687B68083307F110021946EC
:1014F80000F024FD0346012B07D1BB697B627B6AA0
:1015080083F3108800BF012340E0FB681AB27B68B0
:101518009B081BB21B031BB213431AB23B6992B25E
:101528001A80224B1B681A683B6992B25A803C6940
:1015380006F034FA034663603B695A681D4B1B6822
:101548005B699A4204D21B4B1B68DA680132DA6085
:101558003A69184B1B6852685A613B6908337A68C4
:10156800B9681846FFF74AF8114B1B6818683969BB
:101578007B6803F1080207F1140300F0F7FDBB696B
:10158800BB62BB6A83F3108800BF0023064A116858
:10159800FA6A51404FF0000201D003F033FB1846BD
:1015A8003437BD4690BD00BF1800002084000020DD
:1015B800C03B0020B83B002090B58DB000AFF8606C
:1015C800B9607A603B604C4B1B68FB624FF00003CC
:1015D80000233B6100237B613B68033323F0030353
:1015E8003B603B680C33402B01D934233B60434BB1
:1015F8001B6803F00103002B04D0414B1B685B6898
:10160800002B01D1012369E0EFF310833B623B6AB1
:10161800BB610123FB61FB6983F3108800BF394B71
:101628001B681A6801321A60374B1B6818683B68D8
:101638000C3307F11002194600F080FC0346012B19
:1016480007D1BB697B627B6A83F3108800BF0123E3
:1016580044E0FB681AB23B6804339B081BB21B03C7
:101668001BB213431AB23B6992B21A80254B1B680E
:101678001A683B6992B25A803C6906F08FF90346B2
:1016880063603B695A68214B1B685B699A4204D2C4
:101698001E4B1B68DA680132DA603A691B4B1B681B
:1016A80052685A613B69BA689A603B690C333A6878
:1016B80079681846FEF7A2FF134B1B68186839694A
:1016C8003B6803F10C0207F1140300F04FFDBB69FE
:1016D800BB62BB6A83F3108800BF0023064A116807
:1016E800FA6A51404FF0000201D003F08BFA184615
:1016F8003437BD4690BD00BF18000020AC3B002029
:10170800A43B002084000020C03B0020B83B002000
:1017180090B58DB000AFF860B9607A603B604D4B12
:101728001B68FB624FF0000300233B6100237B61D1
:101738003B6C033323F003033B643B6C1033402BB7
:1017480001D930233B64444B1B6803F00103002B91
:1017580004D0424B1B685B68002B01D101236CE06D
:10176800EFF310833B623B6ABB610123FB61FB69BA
:1017780083F3108800BF3A4B1B681A6801321A605D
:10178800384B1B6818683B6C103307F11002194678
:1017980000F0D4FB0346012B07D1BB697B627B6A4F
:1017A80083F3108800BF012347E0FB681AB23B6C43
:1017B80008339B081BB21B031BB213431AB23B69C5
:1017C80092B21A80264B1B681A683B6992B25A80FB
:1017D8003C6906F0E3F8034663603B695A68224BAC
:1017E8001B685B699A4204D21F4B1B68DA68013296
:1017F800DA603A691C4B1B6852685A613B69BA68DF
:101808009A603B697A68DA603B6910333A6C3968E8
:101818001846FEF7F3FE134B1B68186839693B6CD2
:1018280003F1100207F1140300F0A0FCBB69BB62CE
:10183800BB6A83F3108800BF0023064A1168FA6A5E
:1018480051404FF0000201D003F0DCF9184634375C
:10185800BD4690BD18000020AC3B0020A43B0020F2
:1018680084000020C03B0020B83B002090B58FB01A
:1018780000AF78613961FA60BB60BB6C7B604F4B2D
:101888001B687B634FF000030023BB610023FB61EF
:10189800FB6C033323F00303FB64FB6C1433402B12
:1018A80001D92C23FB64464B1B6803F00103002B72
:1018B80004D0444B1B685B68002B01D101236FE007
:1018C800EFF31083BB62BB6A3B6201237B627B6AD6
:1018D80083F3108800BF3C4B1B681A6801321A60FA
:1018E8003A4B1B681868FB6C143307F11802194649
:1018F80000F024FB0346012B07D13B6AFB62FB6A1D
:1019080083F3108800BF01234AE07B691AB2FB6C9D
:101918000C339B081BB21B031BB213431AB2BB69DF
:1019280092B21A80284B1B681A68BB6992B25A8017
:10193800BC6906F033F803466360BB695A68244BF8
:101948001B685B699A4204D2214B1B68DA68013232
:10195800DA60BA691E4B1B6852685A61BB693A69FA
:101968009A60BB69FA68DA60BB69BA681A61BB69D0
:101978001433FA6C79681846FEF740FE134B1B685F
:101988001868B969FB6C03F1140207F11C0300F035
:10199800EDFB3B6A3B633B6B83F3108800BF00237E
:1019A800064A11687A6B51404FF0000201D003F0EB
:1019B80029F918463C37BD4690BD00BF18000020E5
:1019C800AC3B0020A43B002084000020C03B00204A
:1019D800B83B002090B58FB000AF78613961FA60EC
:1019E800BB60FB6C7B60504B1B687B634FF0000354
:1019F8000023BB610023FB613B6D033323F003032A
:101A08003B653B6D1833402B01D928233B65474B79
:101A18001B6803F00103002B04D0454B1B685B686F
:101A2800002B01D1012372E0EFF31083BB62BB6A84
:101A38003B6201237B627B6A83F3108800BF3D4BC6
:101A48001B681A6801321A603B4B1B6818683B6DAB
:101A5800183307F11802194600F070FA0346012BF3
:101A680007D13B6AFB62FB6A83F3108800BF01233E
:101A78004DE07B691AB23B6D10339B081BB21B0308
:101A88001BB213431AB2BB6992B21A80294B1B6866
:101A98001A68BB6992B25A80BC6905F07FFF034699
:101AA8006360BB695A68254B1B685B699A4204D21C
:101AB800224B1B68DA680132DA60BA691F4B1B686F
:101AC80052685A61BB693A699A60BB69FA68DA6018
:101AD800BB69BA681A61BB69BA6C5A61BB691833C9
:101AE8003A6D79681846FEF789FD134B1B6818682C
:101AF800B9693B6D03F1180207F11C0300F036FBCE
:101B08003B6A3B633B6B83F3108800BF0023064AA4
:101B180011687A6B51404FF0000201D003F072F85F
:101B280018463C37BD4690BD18000020AC3B00204D
:101B3800A43B002084000020C03B0020B83B0020CC
:101B480090B58FB000AF78613961FA60BB603B6DCA
:101B58007B60524B1B687B634FF000030023BB6123
:101B68000023FB617B6D033323F003037B657B6DEF
:101B78001C33402B01D924237B65494B1B6803F098
:101B88000103002B04D0474B1B685B68002B01D175
:101B9800012375E0EFF31083BB62BB6A3B6201234C
:101BA8007B627B6A83F3108800BF3F4B1B681A680F
:101BB80001321A603D4B1B6818687B6D1C3307F1B6
:101BC8001802194600F0BAF90346012B07D13B6AFF
:101BD800FB62FB6A83F3108800BF012350E07B6936
:101BE8001AB27B6D14339B081BB21B031BB2134341
:101BF8001AB2BB6992B21A802B4B1B681A68BB6970
:101C080092B25A80BC6905F0C9FE03466360BB699D
:101C18005A68274B1B685B699A4204D2244B1B689D
:101C2800DA680132DA60BA69214B1B6852685A6176
:101C3800BB693A699A60BB69FA68DA60BB69BA68D5
:101C48001A61BB69BA6C5A61BB69FA6C9A61BB6963
:101C58001C337A6D79681846FEF7D0FC134B1B6865
:101C68001868B9697B6D03F11C0207F11C0300F0C9
:101C78007DFA3B6A3B633B6B83F3108800BF00230C
:101C8800064A11687A6B51404FF0000201D002F009
:101C9800B9FF18463C37BD4690BD00BF180000206C
:101CA800AC3B0020A43B002084000020C03B002067
:101CB800B83B002090B58FB000AF78613961FA6009
:101CC800BB607B6D7B60534B1B687B634FF00003ED
:101CD8000023BB610023FB61BB6D033323F00303C7
:101CE800BB65BB6D2033402B01D92023BB654A4B14
:101CF8001B6803F00103002B04D0484B1B685B688A
:101D0800002B01D1012378E0EFF31083BB62BB6A9B
:101D18003B6201237B627B6A83F3108800BF404BE0
:101D28001B681A6801321A603E4B1B681868BB6D45
:101D3800203307F11802194600F000F90346012B79
:101D480007D13B6AFB62FB6A83F3108800BF01235B
:101D580053E07B691AB2BB6D18339B081BB21B0397
:101D68001BB213431AB2BB6992B21A802C4B1B6880
:101D78001A68BB6992B25A80BC6905F00FFE034627
:101D88006360BB695A68284B1B685B699A4204D236
:101D9800254B1B68DA680132DA60BA69224B1B6886
:101DA80052685A61BB693A699A60BB69FA68DA6035
:101DB800BB69BA681A61BB69BA6C5A61BB69FA6CCB
:101DC8009A61BB693A6DDA61BB692033BA6D79688B
:101DD8001846FEF713FC134B1B681868B969BB6DEE
:101DE80003F1200207F11C0300F0C0F93B6A3B63D2
:101DF8003B6B83F3108800BF0023064A11687A6B97
:101E080051404FF0000201D002F0FCFE18463C376A
:101E1800BD4690BD18000020AC3B0020A43B00202C
:101E280084000020C03B0020B83B002080B483B071
:101E380000AF786039607B681B881B0B9BB203F08E
:101E48000F0302339A003B681A60002318460C37C8
:101E5800BD465DF8047B704780B485B000AFF8607C
:101E6800B9607A603B60FB68BA68DA60FB68002298
:101E78001A60FB6800225A60FB683A689A60FB683F
:101E88003A685A61FB687A689A62FB6800229A612C
:101E9800FB680022DA61FB6800221A62064B1B68A5
:101EA80043F08003044A1360002318461437BD46E4
:101EB8005DF8047B704700BFAC3B002080B584B060
:101EC80000AF78601C4B1B68FB604FF000030023D9
:101ED800BB607B685A687B6899687B689B69CB1A8A
:101EE8009A4203D37B6800225A6017E07B689A6A9B
:101EF8007B685B68134407F1080211461846FFF730
:101F080095FF7B685A68BB6813447A689268B3FB8C
:101F1800F2F101FB02F29A1A7B685A600023064A22
:101F28001168FA6851404FF0000201D002F06AFED1
:101F380018461037BD4680BD1800002080B588B00F
:101F480000AFF860B9607A60FB689B683B61FB682A
:101F5800DB68012B40F09380FB681A68FB685B68BC
:101F68009A4241D3FB681B683A69D31ABA689A4205
:101F780014D2FB689A6AFB681B681A447B681A606B
:101F8800FB681A68BB6813443A69B3FBF2F2396913
:101F980001FB02F29A1AFB68DA61E2E0F868FFF7DF
:101FA8008DFFFB685B68043BFB61FA69BB689A427A
:101FB800F4D3FB681B683A69D21AFB689A61FB681C
:101FC80000221A60FB689A6A7B681A60FB681A68C4
:101FD800BB6813443A69B3FBF2F2396901FB02F2B8
:101FE8009A1AFB68DA61BCE0FB685A68FB681B68F0
:101FF800D31A043BFB61FA69BB689A4231D2FB6889
:102008009A68FB681B68D31ABA689A4210D9F868AC
:10201800FFF754FFFB685B68002BF8D0FB689A68F1
:10202800FB681B68D21AFB689A61FB6800221A6079
:10203800F868FFF743FFFB685A68FB681B68D31A08
:10204800043BFB61FA69BB689A42F1D3FB685B68A1
:10205800002B06D1FB689A6AFB681B681A447B68E8
:102068001A60FB689A6AFB681B681A447B681A60E6
:10207800FB681A68BB681A44FB68DA6171E0FB68A0
:102088001B687B61FB685B68BB617A69BB699A42C4
:102098004DD33A697B69D21ABB691344043BFB618F
:1020A800FA69BB689A4204D27B6800221A6001234D
:1020B80058E03A697B69D31ABA689A4213D2FB6826
:1020C8009A6AFB681B681A447B681A607A69BB685D
:1020D80013443A69B3FBF2F2396901FB02F29A1A26
:1020E800FB68DA613DE0BB69FB61FA69BB689A424B
:1020F80004D27B6800221A60012333E03A697B69C5
:10210800D21AFB689A61FB689A6A7B681A60FB6856
:102118009A697B691A44BB6813443A69B3FBF2F2C3
:10212800396901FB02F29A1AFB68DA6119E0BA69A7
:102138007B69D31A043BFB61FA69BB689A4204D2F3
:102148007B6800221A6001230CE0FB689A6AFB682E
:102158001B681A447B681A607A69BB681A44FB6872
:10216800DA61002318462037BD4680BD80B485B0AB
:1021780000AFF860B9607A603B60094B1B68DA68A9
:10218800FB681A62FB68DA69FB681A607A683B6860
:102198001A60002318461437BD465DF8047B704763
:1021A800B83B002080B483B000AF78607B68002221
:1021B8001A607B6800225A607B689A687B685A615B
:1021C8007B6800229A617B680022DA610023184646
:1021D8000C37BD465DF8047B7047000080B483B0BF
:1021E80000AF7860094A7B681360084B1B68FD22C2
:1021F8001A60074B1B6843F48073054A1360002379
:1022080018460C37BD465DF8047B704788000020EF
:10221800AC3B002080B58EB004AF78613961FA60BC
:10222800BB603B6B7B60134B1B687B624FF000030A
:102238003B69BB61FB68FB61BB683B627B680293DF
:102248004FF00043019307F11803009303237A69C1
:102258000021F22000F078F90346064A11687A6AEC
:1022680051404FF0000201D002F0CCFC184628374C
:10227800BD4680BD1800002080B586B000AFF8606C
:10228800B9607A60174B1B687B614FF00003FB68ED
:10229800002B01D1012318E0BB68002B09D0FB6893
:1022A8005B683B613A697B68D31A3B613A69FB68B2
:1022B8005A60BB68002B01D0392300E0EA23B968D3
:1022C8007A681846FEF720FF0023064A11687A69E3
:1022D80051404FF0000201D002F094FC1846183724
:1022E800BD4680BD1800002080B487B000AF78607C
:1022F8001B4A7B6813600023FB6020E0184B1968B9
:10230800FA6813469B001344DB000B447B610023EF
:102318003B6107E07B693A69002143F822103B6979
:1023280001333B613B69072BF4D97B694FF0FF32DE
:102338001A627B6900225A62FB680133FB60FB6802
:10234800002BDBD0074B1B6843F48053054A13600E
:10235800002318461C37BD465DF8047B704700BF54
:102368008C000020AC3B002080B483B000AF7860C4
:102378007B68002B01D101230BE0094A7B681360BD
:10238800074B1B6800221A60054B1B6800225A6025
:10239800002318460C37BD465DF8047B704700BF24
:1023A800F004002090B585B004AF1A4B1B681B6879
:1023B800002B09D1174B1B6800934FF40033002200
:1023C80000211548FFF726FF124B1B685B68002B9E
:1023D8001AD1104B1C68114B0293114B0193002327
:1023E800009300234FF480720E490F480BF054F805
:1023F80003466360074B1B685B68002B04D106200B
:10240800FEF7ACFC012300E0002318460437BD4664
:1024180090BD00BFF0040020081D010890040020B2
:1024280090000020141D01083524000880B582B0F2
:1024380000AF786000F07AFE4FF4FA700BF048FABB
:1024480000BFF7E780B582B000AF786039607B687D
:10245800002B01D1012315E03B68002B01D101239A
:1024680010E03B6800221A60002178680BF0E6FF54
:1024780002463B681A603B681B68002B01D10123A8
:1024880000E0002318460837BD4680BD80B400AF81
:10249800034B1B681B681846BD465DF8047B7047F4
:1024A800F004002080B586B000AFF860B9607A60AB
:1024B8003B603B6823F003037B6100233B6121E021
:1024C8003B697A6902FB03F37A68D118FB683A69B9
:1024D80043F82210FB683A6953F822003B697A698D
:1024E80002FB03F32C337A681A447B692C3BB968E6
:1024F800FFF7B2FC0346012B01D1012306E03B693B
:1025080001333B613B69002BDAD0002318461837AA
:10251800BD4680BD80B584B000AF78600023FB6005
:1025280009E07B68FA6853F822301846FFF73AFE4C
:10253800FB680133FB60FB68002BF2D000231846D0
:102548001037BD4680BD000080B592B002AF7861FB
:102558003961FA60BB60BB6C7B603B6D3B605D4B77
:102568001B68FB634FF00003EFF31083FB62FB6A09
:102578007B620123BB62BB6A83F3108800BF3B699F
:10258800002B1AD007F118031846FEF735FA034650
:10259800002B04D1BB693A691A60002300E00123CB
:1025A800002B07D07B6A3B633B6B83F3108800BF2B
:1025B800012381E03B69FB6112E007F1180318462B
:1025C800FEF71AFA0346012B07D17B6A7B637B6B04
:1025D80083F3108800BF01236EE0BB691B68FB61B1
:1025E80000233B620CE03B6A9B007A681344B9699C
:1025F8001A683B6A9B000B445A603B6A01333B6292
:102608003A6ABB689A42EED3BB691969BB69FA6C2E
:102618000A431A61BA693B681A607B6ABB63BB6B81
:1026280083F3108800BFFB68002B08D0FB681B7879
:10263800002B04D0BB69F968184600F095F8BB6810
:10264800032B36D801A252F823F000BF65260008F4
:10265800712600088326000899260008FB69194698
:102668007869FEF7C3FC26E0FB6919467B681B689E
:102678001A467869FEF748FD1DE0FB6919467B6834
:102688001A687B6804331B687869FEF7CFFD12E08F
:10269800FB6918467B681A687B68043319687B688D
:1026A80008331B6800930B4601467869FEF754FE11
:1026B80001E0012300E00023064A1168FA6B51404B
:1026C8004FF0000201D002F09DFA18464037BD468F
:1026D80080BD00BF1800002080B58AB000AFF86048
:1026E800B9607A601F4B1B687B624FF000030023C0
:1026F8007B610023BB61FB681B687B61FB6814334B
:10270800BB610023FB6102E0FB690133FB61BA692D
:10271800FB6913441B78002B02D0FB697F2BF3D98C
:10272800FB693B627B691946BA693B6A013303203E
:10273800FEF742FF7B697A681946B868FEF7E4FC41
:10274800F868FEF7C9F90346064A11687A6A5140E3
:102758004FF0000201D002F055FA18462837BD465E
:1027680080BD00BF1800002080B586B000AF78603B
:102778003960194B1B687B614FF000030023BB6075
:102788003B68002B01D1154B3B607B681B68BB6025
:102798000023FB6002E0FB680133FB603A68FB68DA
:1027A80013441B78002B02D0FB687F2BF3D9FB68FE
:1027B8003B613A6939687868FEF702FA0346064AC7
:1027C80011687A6951404FF0000201D002F01AFAFC
:1027D80018461837BD4680BD180000201C1D01088A
:1027E80080B58AB004AFF860B9607A603B60104B7E
:1027F8001B687B614FF0000307F11003029300236D
:1028080001933B46009301237A68B968F868FFF79B
:102818009BFE0346064A11687A6951404FF0000250
:1028280001D002F0EFF918461837BD4680BD00BF49
:102838001800002080B58CB000AFF860B9607A60ED
:102848001D4B1B68FB624FF00003EFF310833B62E4
:102858003B6A7B610123FB61FB6983F3108800BF3E
:1028680007F110031946B868FEF77EF90346012BF5
:1028780007D17B697B627B6A83F3108800BF0123E1
:102888000DE03B697A68F9681846FFF725FFB861DB
:102898007B69BB62BB6A83F3108800BFBB69064AC9
:1028A8001168FA6A51404FF0000201D002F0AAF90B
:1028B80018463037BD4680BD1800002080B58AB064
:1028C80000AF78603960254B1B687B624FF00003CE
:1028D800EFF31083BB61BB69FB6001237B617B69FC
:1028E80083F3108800BF07F1080319467868FEF7DC
:1028F8003BF90346012B17D107F108031846FEF7E9
:102908007BF80346002B04D1BB687A681A60002361
:1029180000E00123002B07D0FB68FB61FB6983F310
:10292800108800BF01230CE0BB6839681846FFF720
:102938001BFF3861FB683B623B6A83F3108800BF6A
:102948003B69064A11687A6A51404FF0000201D08B
:1029580002F058F918462837BD4680BD18000020F7
:1029680080B483B000AF78600B4A7B6813600A4B71
:102978001B6800221A60084B1B6800225A60074B2C
:102988001B6843F40043054A1360002318460C37BC
:10299800BD465DF8047B7047F4040020AC3B002082
:1029A80080B586B002AF78603960164B1B6803F4B7
:1029B8000043002B01D101231FE03B68002B01D10C
:1029C800114B3B600023BB6002E0BB680133BB6076
:1029D8003A68BB6813441B78002B02D0BB687F2B76
:1029E800F3D9BB680133FB60002300930023FA6826
:1029F8003968786800F092F8034618461037BD46E3
:102A080080BD00BFAC3B0020201D01080EB480B57E
:102A180087B000AF78607B6A3B60144B1B687B61B2
:102A28004FF00003124B1B6803F40043002B01D145
:102A380001230BE007F12803FB6007F10C031A469A
:102A48003968786800F016F838613B69074A1168F8
:102A58007A6951404FF0000201D002F0D3F81846CD
:102A68001C37BD46BDE8804003B070471800002001
:102A7800AC3B002080B58AB002AFF860B9607A60DC
:102A88000023BB61234B1B6803F40043002B01D1D7
:102A980001233BE0BB68002B01D11F4BBB60002327
:102AA8007B611EE0BA687B6913441B78252B15D11E
:102AB8007B690133BA6813441B78002B0DD07B69FE
:102AC8000133BA6813441B78252B02D0BB69013344
:102AD800BB617B6901337B6100E000BF7B69013327
:102AE8007B61BA687B6913441B78002B02D07B6931
:102AF8007F2BD7D97B690133FB617B680093BB6966
:102B0800FA69B968F86800F009F8034618462037EA
:102B1800BD4680BDAC3B0020201D010880B592B0A9
:102B280006AFF860B9607A603B603B689133BB617F
:102B3800FB68002B13D1734B1B681B68002B0AD151
:102B4800704B1B681946704800F05CFC0346012B6B
:102B580001D10123D1E06B4B1B681B68FB603B680C
:102B6800052B00F2C68001A252F823F08D2B000835
:102B78009D2B0008BF2B0008F32B0008392C0008F8
:102B8800912C0008F9687B68BA68B869FEF714FDEB
:102B98007861B1E0BB6B1B68191DBA6B11601B68CB
:102BA800FB61F9687B680093BB68FA69B869FEF74E
:102BB800AFFD7861A0E0BB6B1B68191DBA6B116093
:102BC8001B68FB61BB6B1B68191DBA6B11601B6826
:102BD8003B62F9687B680193BB6800933B6AFA69BA
:102BE800B869FEF743FE786186E0BB6B1B68191D68
:102BF800BA6B11601B68FB61BB6B1B68191DBA6B54
:102C080011601B683B62BB6B1B68191DBA6B1160B6
:102C18001B687B62F9687B680293BB6801937B6AD7
:102C280000933B6AFA69B869FEF7D4FE786163E0FD
:102C3800BB6B1B68191DBA6B11601B68FB61BB6B12
:102C48001B68191DBA6B11601B683B62BB6B1B6864
:102C5800191DBA6B11601B687B62BB6B1B68191D61
:102C6800BA6B11601B68BB62F9687B680393BB6829
:102C78000293BB6A01937B6A00933B6AFA69B8695D
:102C8800FEF75EFF786137E0BB6B1B68191DBA6BF6
:102C980011601B68FB61BB6B1B68191DBA6B116067
:102CA8001B683B62BB6B1B68191DBA6B11601B6804
:102CB8007B62BB6B1B68191DBA6B11601B68BB621A
:102CC800BB6B1B68191DBA6B11601B68FB62F96846
:102CD8007B680493BB680393FB6A0293BB6A019306
:102CE8007B6A00933B6AFA69B869FEF7E3FF78618B
:102CF80002E001237B6100BF7B6918463037BD467F
:102D080080BD00BFF4040020341D010880B483B0E6
:102D180000AF7860074A7B681360074B1B6843F471
:102D28008023054A1360002318460C37BD465DF81A
:102D3800047B7047F8040020AC3B002080B582B0CB
:102D480000AF6C4B1B68002B01D00023CDE004F0D2
:102D580005FE694B694A1A60674B1B6800221A60B6
:102D6800654B1B6800225A6000237B6009E0624BB8
:102D78001B687A680232002143F822107B6801330D
:102D88007B607B68002BF2D05B4B1B6814331846C2
:102D9800FDF7C8FD0346012B01D10123A5E0564BE1
:102DA8001B6803F5575330331846FDF7EBFC034611
:102DB800012B01D1012398E04F4B1B6803F55753B2
:102DC8003433184600F0DEFB0346012B01D1012302
:102DD8008BE0494B1B685433184600F01FFD03462F
:102DE800012B01D1012380E0434B1B6803F55753A6
:102DF80018331846FDF7E2FC0346012B01D10123E5
:102E080073E03D4B1B6803F557532C331846FFF707
:102E1800E5F90346012B01D1012366E0364B1B6817
:102E280003F54D5304331846FFF770FF0346012B93
:102E380001D1012359E0304B1B6803F55653043385
:102E48001846FEF7ABF80346012B01D101234CE0ED
:102E5800294B1B6803F556530C331846FFF780FDC2
:102E68000346012B01D101233FE0234B1B6803F5E7
:102E7800565314331846FDF71FFF0346012B01D1A3
:102E8800012332E01C4B1B6803F5565320331846C8
:102E9800FFF72AFA0346012B01D1012325E0164B3F
:102EA8001B6803F557531033184600F0F3FA03462E
:102EB800012B01D1012318E00F4B1B6803F5575371
:102EC80008331846FFF750FA0346012B01D10123B6
:102ED8000BE0094B1B684FF0FF32DA60054B1B68AB
:102EE80043F00103034A1360002318460837BD4620
:102EF80080BD00BFAC3B0020A43B0020FC040020A8
:102F080080B584B000AF7860414BFB607B68002BD4
:102F180001D1012378E043F2F02000F061FA034682
:102F2800012B01D101236FE0082000F059FA034674
:102F3800012B01D1012367E0082000F051FA034674
:102F4800012B01D101235FE0324A7B681360314BCA
:102F58001B68314A1A602F4B1B680E229A802D4B32
:102F68001B6841F6A122DA800023BB6013E0FA68EF
:102F7800BB681344274A12681978BB68134418338E
:102F88000A461A70FA68BB6813441B78002B06D0EF
:102F9800BB680133BB60BB68072BE8D900E000BF02
:102FA8001C4B1B6800229A821A4B1B6802229A75D6
:102FB800184B1B680122DA75164B1B680122DA6070
:102FC800144B1B68DA68134B1B6842F44072DA60D2
:102FD800104B1B6800221A610E4B1B6800229A6076
:102FE8000C4B1A680B4B1B6892689A6000F0E4F867
:102FF8000346002B07D0074B1B689A68054B1B68D4
:1030080042F008029A60002318461037BD4680BD7A
:103018003C1D0108A83B00200046535080B586B0EF
:1030280000AF7860294B1B687B614FF0000307F104
:103038000C0300221A605A60FFF780FE0346012B3A
:1030480001D1012334E0FFF7ADF90346012B01D18B
:1030580001232DE07B68022B17D10023BB60BB68DE
:10306800082B0CD107F10C03184600F067F903464A
:10307800002B04D007F10C03184600F09AF9144B02
:103088001B685B68002BE8D011E07B68012B09D135
:1030980001233B7301237B7307F10C03184600F0EF
:1030A80088F904E07B68002B01D0012300E00023AD
:1030B800064A11687A6951404FF0000201D001F0C8
:1030C800A1FD18461837BD4680BD00BF1800002076
:1030D800A43B002080B500AF00F0D0F800231846CC
:1030E80080BD000080B483B000AF786039600E4BBB
:1030F8001B68002B05D07B68002B02D03B68002B97
:1031080001D101230AE0084B1B6803F154027B68D4
:103118001A603B6843F2F0221A60002318460C3705
:10312800BD465DF8047B7047A43B002080B584B0A1
:1031380000AF1E4B1B68FB604FF000033B1D0022D5
:103148001A605A6000233B603B68082B0AD13B1D7C
:10315800184600F0F3F80346002B03D03B1D184631
:1031680000F027F9124B1B6803F00103002B3B68A2
:10317800002BE7DC0E4B1B6803F00103002B06D085
:103188000C4B1B685B68002B01D0FDF789FB002303
:10319800064A1168FA6851404FF0000201D001F068
:1031A80031FD18461037BD4680BD00BF180000200D
:1031B800AC3B0020A43B002080B400AF002318469D
:1031C800BD465DF8047B704780B588B000AF274BDB
:1031D8001B68FB614FF0000300237B600023BB608A
:1031E800234B1B685B68012B33D0224B1B689B6801
:1031F8007B607B68002B03D11E4B1B681E4A9A60BC
:103208001C4B1B685B68BB60BB68002B03D1194B68
:103218001B6800225A60EFF31083BB61BB69FB6037
:1032280001237B617B6983F3108800BF00F0B2FB48
:1032380000F04AF80E4B1B681A6801321A600C4BF2
:103248001B6801225A60FB683B613B6983F3108865
:1032580000E000BF054B1A68FB695A404FF00003B5
:1032680001D001F0CFFC2037BD4680BD18000020FA
:10327800A43B0020B83B0020000E270780B485B08F
:1032880000AF104B1B685B68002B14D0EFF3108362
:10329800FB60FB683B600123BB60BB6883F310885D
:1032A80000BF084B1B6800225A603B687B607B6844
:1032B80083F3108800E000BF1437BD465DF8047B37
:1032C800704700BFA43B002080B584B000AF194B05
:1032D8001B68FB604FF0000300233B6000237B600A
:1032E80010E0154B1B687A6853F822303B603B6846
:1032F8001A467B689B0010333B4443F8082C7B68D4
:1033080001337B607B68002BEBD007F108030422B4
:1033180019460120FEF7BAF800BF064B1A68FB6889
:103328005A404FF0000301D001F06CFC1037BD4645
:1033380080BD00BF18000020B03B002080B485B0DD
:1033480000AF78607B681A787B685B781344DAB2E0
:103358007B689B781344DAB27B68DB781344DAB273
:103368007B681B791344DAB27B685B791344DBB260
:10337800DB43FB817B68DA79FB891B0A9BB2DBB2F2
:103388009A4201D000230EE07B689A79FB89DBB270
:103398009A4201D0002306E07B681B78012B01D9F3
:1033A800002300E0012318461437BD465DF8047B6E
:1033B800704780B582B000AF78607B681B78012BBE
:1033C80009D17B685B78012B02D1FFF7FDFE03E092
:1033D800FFF754FF00E000BF00BF0837BD4680BDBF
:1033E80080B483B000AF78607B6803F00303002BE0
:1033F80014BF01230023DBB218460C37BD465DF825
:10340800047B704780B586B000AF78603960204B88
:103418001B687B614FF0000300233B6107F1080341
:103428001846FDF7E9FA0346012B01D1012322E0F2
:103438000023FB6002E0FB680133FB60FB687A68ED
:1034480013441B78002B02D0FB681B2BF3DDFB68B1
:103458003B61BB683A6979681846FDF7B1FBBA6801
:103468003B681A60BB6819463B6901337A680320D8
:10347800FEF7A2F80346064A11687A6951404FF0F0
:10348800000201D001F0BEFB18461837BD4680BDCA
:103498001800002080B485B000AF78600F4A7B68C0
:1034A80013600023FB6008E00C4B1B68FA680221DC
:1034B80043F82210FB680133FB60FB68002BF3DD47
:1034C800074B1B6843F48013054A13600023184612
:1034D8001437BD465DF8047B704700BFB03B002041
:1034E800AC3B002080B588B000AF7860396001231C
:1034F800FB60214B1B6803F00103002B01D1FB6823
:1035080035E01D4B1B6803F00103002B04D01B4B57
:103518001B685B68002B05D1194B1B687A681A6019
:10352800FB6824E0154B1B6801229A60EFF31083B7
:10353800FB61FB693B610123BB61BB6983F31088B5
:1035480000BF0F4B1B687A681A607B683A68194697
:103558003720FDF7D9FDF860084B1B6802229A60F6
:103568003B697B617B6983F3108800BFFB68184661
:103578002037BD4680BD00BFAC3B0020A43B0020E7
:10358800B03B002080B485B000AF78604D4A7B68BE
:1035980013604C4B1B6800221A600023FB6009E093
:1035A800484B1A68FB689B00134400225A60FB686A
:1035B8000133FB60FB68002BF2D0424B1B680022F2
:1035C8009A600023FB6046E03E4B1968FA68134690
:1035D8005B001344DB000B440C3300221A60394BA8
:1035E8001968FA6813465B001344DB000B44103378
:1035F80000221A60334B1968FA6813465B001344BB
:10360800DB000B44143300221A602E4B1968FA6849
:1036180013465B001344DB000B44183300221A6086
:10362800284B1968FB685A1C13465B001344DB00DF
:103638000B44083300221A60224B1968FB685A1C95
:1036480013465B001344DB000B44043364221A6006
:10365800FB680133FB60FB68042BB5D90023FB60D2
:1036680020E0184B1B680022C3F88420154B1B6808
:10367800002283F88820134B1B680022C3F8A4207B
:10368800104B1B680022C3F8A8200E4B1B680022B1
:10369800C3F8AC200B4B1B680022C3F8B020FB68B2
:1036A8000133FB60FB68042BDBD9074B1B6843F431
:1036B8000003054A1360002318461437BD465DF819
:1036C800047B7047B43B0020AC3B002080B483B03F
:1036D80000AF78607B68002B01D1012304E0054B23
:1036E8001B687A689A60002318460C37BD465DF857
:1036F800047B7047B43B002080B586B000AF78608B
:10370800284B1B687B614FF000030023BB6000233C
:10371800FB6000233B6104F041F90346FB60224B48
:103728001B685A69FB689A4204D91F4B1B68DA6800
:103738000132DA601C4B1B68FA685A61FA681B4B45
:103748001B685B68D31A3B61184B1B68FA685A60A0
:103758007B68002B01D1012317E007F10803194604
:103768007868FEF76FFE0346012B01D101230CE0B8
:10377800BB681B68002B01D1012306E0BB685968B0
:10378800BB683A690A445A600023064A11687A6994
:1037980051404FF0000201D001F034FA18461837B2
:1037A800BD4680BD18000020B83B0020B43B002077
:1037B80080B483B000AF7860164A7B681360154BFD
:1037C8001B6800229A60134B1B6800225A60114B39
:1037D8001B684FF47A721A610E4B1B6800229A61BB
:1037E8000C4B1B680022DA600A4B1B6801221A6026
:1037F800084B1B6800225A61074B1B6843F40013EF
:10380800054A1360002318460C37BD465DF8047B53
:10381800704700BFB83B0020AC3B002080B584B0A7
:1038280000AF78607B68002B01D10123A9E0574ADB
:103838007B681360554B1B680433FB60544AFB6874
:103848001360FB684FF42052C3F8D82A4F4B1B680B
:103858001846FB6803F6DC224FF420530121FEF7DB
:1038680021FE0346012B01D101238AE0FB681033B6
:103878001846FFF745FB0346012B01D1012380E0E1
:10388800FB684C331846FDF75DF80346012B01D160
:10389800012376E0FB6830331846FFF789FF0346BB
:1038A800012B01D101236CE0FB6803F540530A2288
:1038B80083F8DC22FB6803F540530B2283F8DD22F2
:1038C800FB6803F540530C2283F8DE22FB6803F5FE
:1038D80040530D2283F8DF22FB6803F54053712221
:1038E80083F8E022FB6803F54053722283F8E12253
:1038F800FB6803F54053732283F8E222FB6803F563
:103908004053742283F8E322FB6803F54053F12205
:1039180083F8E422FB6803F54053F22283F8E5229A
:10392800FB6803F54053F32283F8E622FB6803F5AE
:103938004053F42283F8E722FB6805221A71FB68DA
:1039480006225A71FB6807229A71FB680822DA710D
:10395800FB6875221A72FB6876225A72FB68772216
:103968009A72FB687822DA72FB68F5221A73FB6890
:10397800F6225A73FB68F7229A73FB68F822DA7307
:10398800002318461037BD4680BD00BFC03B00204D
:10399800BC3B002080B500AF034B1B681846FEF700
:1039A800B9FD0346184680BDC03B002080B586B0EF
:1039B80000AFF860B9607A60094AB968F8680BF036
:1039C8005DFE03467B617B69002B04D07B687A69C6
:1039D8001A60002300E0012318461837BD4680BD51
:1039E800481D010880B586B000AFF860B9607A60FC
:1039F800094AB968F8680BF041FE03467B617B69A8
:103A0800002B04D07B687A691A60002300E0012348
:103A180018461837BD4680BD5C1D010880B500AF4B
:103A28000349044800F008F80346184680BD00BF63
:103A3800B5390008ED39000880B582B000AF78606C
:103A480039604A4B1B68002B05D1494949480BF09E
:103A580003FE012385E07B68002B05D146494548D4
:103A68000BF0FAFD01237CE03B68002B05D14349AC
:103A780040480BF0F1FD012373E03C4B1B6840F616
:103A8800344200211846FCF72FFE3D4A7B6813603C
:103A98003C4A3B681360354B1B680433184601F0F9
:103AA800F3FB0346012B05D1374932480BF0D4FD0F
:103AB800012356E02D4B1B68A433184602F0E0F8AA
:103AC8000346012B05D131492A480BF0C5FD0123D6
:103AD80047E0264B1B6803F50373184600F09CF873
:103AE8000346012B05D12A4922480BF0B5FD0123D5
:103AF80037E01E4B1B6803F57873184601F028FA67
:103B08000346012B05D123491A480BF0A5FD0123D3
:103B180027E0164B1B68B033184600F07DFC0346BF
:103B2800012B05D11C4913480BF096FD012318E021
:103B38000E4B1B68A833184601F07AFE0346012B8A
:103B480005D116490B480BF087FD012309E001F068
:103B580095FF064B1B6801221A60002001F028FC23
:103B6800002318460837BD4680BD00BF000000206E
:103B7800701D01089C1D0108A01D0108D41D010825
:103B8800F8470020FC470020001E0108381E0108E5
:103B9800741E0108A81E0108DC1E0108101F010878
:103BA80080B400AF034B1B681846BD465DF8047B24
:103BB800704700BFC43B002080B582B000AF78607A
:103BC800786801F0B3FE034618460837BD4680BD45
:103BD80080B582B000AF7860786801F0FBFE002302
:103BE80018460837BD4680BD80B582B000AF786002
:103BF800786800F033FC034618460837BD4680BD98
:103C080080B582B000AF7860786800F06FFC002360
:103C180018460837BD4680BD80B582B000AF7860D1
:103C28007B68002B05D10F490F480BF015FD0123C8
:103C380014E00E4A7B6813600C4B1B680022C3F823
:103C4800D0210A4B1B6801221A60084B1B68181DFB
:103C5800074B0122032100F0DDF903461846083717
:103C6800BD4680BD481F0108781F01088048002014
:103C78007C1F010880B586B000AFF860B9607A6033
:103C880001F014FC0346002B01D101234FE02A4B1D
:103C98001B68002B01D1012349E0274B1B681B68D7
:103CA800002B01D1012342E07B68002B01D10123C5
:103CB8003DE0BB68002B01D1012338E0BB681B78CD
:103CC800002B01D1012332E01B4B1B6804337B61BD
:103CD800786900F02FFA7B6903229A717B69FA6888
:103CE8001A6101F0DDFC0346012B01D101231EE01E
:103CF80000233B6112E0BA683B69134419787A697A
:103D08003B6913449C330A461A70BA683B691344EA
:103D18001B78002B06D03B6901333B613B69672B5D
:103D2800E9D900E000BF7B687A691A600023184669
:103D38001837BD4680BD00BF8048002080B586B0DA
:103D480000AFF860B9607A60FB687B6101F0AEFB98
:103D58000346002B01D1012334E01C4B1B68002BC8
:103D680001D101232EE0194B1B681B68002B01D1E0
:103D7800012327E07B69002B01D1012322E0134BAB
:103D88001B685B7B072B04D9042001F0CDFC0123C1
:103D980018E00E4B1B685B7B7A690233DB00134427
:103DA800BA685A60094B1B685B7B7A690233DB008F
:103DB80013447A689A60054B1B685A7B0132D2B269
:103DC8005A73002318461837BD4680BD8048002026
:103DD80080B586B000AFF860B9607A603B60FB6878
:103DE8007B6101F063FB0346002B01D101237AE0DC
:103DF8003F4B1B68002B01D1012374E03C4B1B682F
:103E08001B68002B01D101236DE07B69002B01D1D8
:103E1800012368E0BB68002B01D1012363E07B68C4
:103E2800002B01D101235EE03B68002B01D1012367
:103E380059E03B681B78002B01D1012353E02C4B40
:103E48001B68D3F8D031072B01D901234BE0284B4D
:103E58001968274B1B68D3F8D02113465B0013441D
:103E6800DB000B4403F58873BA681A60204B1968A5
:103E78001F4B1B68D3F8D02113465B001344DB00AB
:103E88000B4403F58A737A681A6000233B611DE0CE
:103E98003A683B691344164A1168154A1268D2F801
:103EA800D021187813465B001344DB00CA183B691D
:103EB800134403F58C7302461A703A683B6913443D
:103EC8001B78002B06D03B6901333B613B690F2B04
:103ED800DED900E000BF064B1B68D3F8D0210132C1
:103EE800C3F8D021002318461837BD4680BD00BF4F
:103EF8008048002080B584B000AF786039607B6866
:103F0800FB6001F0D3FA0346002B01D101231CE02A
:103F1800104B1B68002B01D1012316E00D4B1B68C9
:103F28001B68002B01D101230FE0FB68002B01D196
:103F380001230AE03B68002B01D1012305E0FB685F
:103F480003F19C023B681A60002318461037BD46EF
:103F580080BD00BF8048002080B584B000AF786085
:103F680039607B68FB6001F0A1FA0346002B01D1A0
:103F7800012340E0224B1B68002B01D101233AE0CA
:103F88001F4B1B681B68002B01D1012333E0FB6822
:103F9800002B01D101232EE04FF48471F86800F062
:103FA8002FFA0246FB68C3F808213B6803F48073C4
:103FB800002B0BD01349144800F022F90346002BBC
:103FC80004D1F86800F0B6F8002314E03B6803F465
:103FD8000073002B0BD00D490D4800F011F9034672
:103FE800002B04D1F86800F0A5F8002303E0F86876
:103FF80000F0A0F8012318461037BD4680BD00BF69
:1040080080480020093C0008F13B0008D93B000823
:10401800C13B000880B588B000AFF8607A603B60AB
:104028000B46FB72FB68FB6148237B613C4B1B68BA
:10403800002B05D13B493C480BF00EFB01236AE0FD
:10404800FB69002B05D1394937480BF005FB0123E3
:1040580061E03B68002B05D1354933480BF0FCFA89
:10406800012358E02E4B1B6850221A712C4B1B68F9
:1040780044225A712A4B1B6866229A71284B1B6886
:104088006D22DA71264B1B684FF47F621A81244B2C
:104098001B68FA7A9A72224B1B6808221A737A698B
:1040A8001F4B1B68D2B2DA721D4B1B6868229A73C9
:1040B8001B4B1B687A681A610023BB6112E03A68DF
:1040C800BB6913441978FA69BB69134454330A4627
:1040D8001A703A68BB6913441B78002B06D0BB6979
:1040E8000133BB61BB69472BE9D900E000BFF86920
:1040F80000F020F8FB696D2283F80421FB69662231
:1041080083F80521FB69442283F80621FB695022C4
:1041180083F80721002318462037BD4680BD00BF1D
:1041280080480020881F0108781F0108C01F010867
:10413800F01F010880B485B000AF78607B6800226A
:104148009A717B6800221A610023FB6010E07A688C
:10415800FB680233DB00134400225A607A68FB686C
:104168000233DB00134400229A60FB680133FB60D2
:10417800FB68072BEBD97B6800225A727B68002208
:1041880083F89C200023FB6026E01C4B1968FA6822
:1041980013465B001344DB000B4403F588730022CD
:1041A8001A60164B1968FA6813465B001344DB0063
:1041B8000B4403F58A7300221A60104B1968FA68D9
:1041C80013465B001344DB000B4403F58C73002299
:1041D8001A70FB680133FB60FB68072BD5D9074BC6
:1041E8001B680022C3F8D0217B680022C3F808218D
:1041F80000BF1437BD465DF8047B70478048002037
:10420800B0B58EB004AF786039607A4B1B687B62BA
:104218004FF0000300233B61774B1B6804333B627C
:104228007B68002B01D10123D7E03B68002B01D12B
:104238000123D2E007F110031946386A00F0B4FEF2
:104248000346012B01D10123C7E03A697B68104678
:1042580098470346012B01D10123BEE000237B616F
:10426800B2E0654B19687A6913465B001344DB00BA
:104278000B4403F58A731B68013B604AA2FB0323C6
:10428800DB099BB20133FB810023BB617B699BB2D5
:10429800013398B2584B19687A6913465B00134486
:1042A800DB000B4403F58A731C68534B19687A6961
:1042B80013465B001344DB0003F58C73CA1807F13F
:1042C80010030093134622460146386A00F0BEFEEA
:1042D8000346012B74D03A693B6810469847034659
:1042E800012B01D1012378E00023BB8163E04FF467
:1042F800FA63FB61404B19687A6913465B00134403
:10430800DB000B4403F58A731A68BB69D31AFA6990
:104318009A420DD9384B19687A6913465B001344E1
:10432800DB000B4403F58A731A68BB69D31AFB6177
:104338007B699BB2013398B2BB8901339CB22E4B87
:1043480019687A6913465B001344DB000B4403F5D4
:1043580088731B681A46BB6913441D46264B1968A7
:104368007A6913465B001344DB0003F58C730B4436
:10437800F98907F1100203920293FB6901930095F2
:104388000B4622460146386A00F008FF0346012B17
:104398000DD03A693B68104698470346012B01D176
:1043A80001231AE0BA69FB691344BB6100E000BF4E
:1043B800BB890133BB81BA89FB899A4297D300E054
:1043C80000BF7B6901337B610B4B1B68D3F8D0318D
:1043D8007A699A42FFF445AF0023064A11687A6A5F
:1043E80051404FF0000201D000F00CFC184628376D
:1043F800BD46B0BD1800002080480020D34D621093
:1044080080B483B000AF78603960002318460C3759
:10441800BD465DF8047B704780B582B000AF786018
:104428007B68002B01D1012311E07B680433184617
:1044380001F076FD0346012B01D1012307E0064A6E
:104448007B681360044B1B6801221A60002318461E
:104458000837BD4680BD00BF8448002080B584B0C1
:1044680000AF78601F4B1B68FB604FF00003002310
:10447800FB721D4B1B68002B01D1012325E01A4B51
:104488001B681B68002B01D101231EE001F00EF808
:104498000346002B01D1012317E07B68002B01D1D3
:1044A800012312E007F10B03184601F063F90346F4
:1044B800012B01D1012308E0FB7A002B01D1012354
:1044C80003E0786801F03CFD0346064A1168FA6883
:1044D80051404FF0000201D000F094FB184610370D
:1044E800BD4680BD180000208448002080B584B0F7
:1044F80000AF78601F4B1B68FB604FF00003002380
:10450800FB721D4B1B68002B01D1012325E01A4BC0
:104518001B681B68002B01D101231EE000F0C6FFB9
:104528000346002B01D1012317E07B68002B01D142
:10453800012312E007F10B03184601F01BF90346AB
:10454800012B01D1012308E0FB7A002B01D10123C3
:1045580003E0786801F000FD0346064A1168FA682E
:1045680051404FF0000201D000F04CFB18461037C4
:10457800BD4680BD180000208448002080B400AFEC
:10458800BFF34F8F00BF064BDB6803F4E0620449BA
:10459800044B1343CB60BFF34F8F00BF00BFFDE751
:1045A80000ED00E00400FA050FB407480099016027
:1045B80001994160029981600399C1606146016176
:1045C8000FBC704700BF00009448002080B400AFC3
:1045D8000A4B4FF0FF321A60084B00225A60074B13
:1045E80000221A61054B00229A60044B0022DA600F
:1045F80000BFBD465DF8047B704700BF0400002083
:1046080080B584B000AF234B1B68234A1360214B4D
:104618001B6803F59673204A53601F4B1B68B3F160
:10462800005F0CD31C4B1B681C4A934207D81A4BDB
:104638005B681A4A934202D9174B194A5A601948BB
:104648000AF09EFF7860144B1B6823F003033B605D
:10465800114B5B68BB6013E03B68FB607A681149EB
:10466800F8680AF0CBFF0346002B06D13A687B684E
:1046780013440133084A536006E03B6804333B6047
:104688003A68BB689A42E7D3034B18461037BD46D1
:1046980080BD00BF104B00201C000020FFFF0B2036
:1046A800FCFF0B200C21010890B589B002AF78609F
:1046B800644B1B687B614FF0000300233B610023C0
:1046C800BB607B681B68604A1360604B604A1A6075
:1046D800604B00221A60604B00221A605F4B1B6817
:1046E800002B16DB5D4B9B68184601F075FA3861A4
:1046F8005A4B5A68594BDB6801933B690093134640
:10470800574A802157480AF0B9FF544B1B68FB6091
:1047180009E0554B1B68554A802152480AF0AEFF04
:1047280040F20143FB60524B00221A60514B1B6858
:1047380003F00103002B15D04F4B1B685B68002B5F
:1047480010D04B4B01221A604C4B1B68002B03D135
:104758004A494B48FEF756FE484B1B6841491846E4
:10476800FEF71EF9474948480AF076FF3D49464892
:104778000AF072FF454944480AF06EFFFB68364A62
:1047880038491846FFF776FA0346002B45D107F15A
:104798000803184601F08EFA2F4B1C68BB682021CD
:1047A800184601F043FA03461A4601212046FFF74E
:1047B800C5FA294B18687B681B681A460721FFF75A
:1047C800BDFA264B1B68002B14DB234B1C682021E9
:1047D800386901F02BFA03461A4602212046FFF7F2
:1047E800ADFA1D4B1B681D4AD26804211846FFF715
:1047F800A5FA07E0184B1B681B4A126806211846E1
:10480800FFF79CFA1A4B1B68002B01D000F044F804
:104818001F491D480AF020FF03E01E491A480AF004
:104828001BFF1A4918480AF017FF00BF054B1A6802
:104838007B695A404FF0000301D000F0E3F91C37C0
:10484800BD4690BD18000020104B0020B048002045
:10485800B84800208C480020884800200400002028
:10486800C82001080048002028ED00E01C210108AC
:10487800AC480020AC3B0020A43B0020A848002006
:10488800EC200108D4200108E4200108E8200108F0
:104898003C2101085821010880B584B000AF124BB3
:1048A8001B68FB604FF0000300237B600023BB60A4
:1048B80007F108023B1D11461846FEF713FC0B4B87
:1048C80018687968BA680A4BFFF782FA00BF064B86
:1048D8001A68FB685A404FF0000301D000F092F9C3
:1048E8001037BD4680BD00BF180000208848002052
:1048F8008421010880B586B000AFF8600B467A6065
:10490800FB722A4B1B681A46294BD31A7B61FB7A28
:104918007A6803FB02F27B691344B3F5167F07D369
:10492800244B01221A60244924480AF095FE39E0F4
:10493800234B1B68234A934205D023491F480AF09A
:104948008BFE00BFFDE77B68002B04D11F491B4885
:104958000AF082FE26E0FB7A042B19D0042B1CDC1B
:10496800012B02D0022B0ED017E0104B1B687A687F
:10497800F9681846FBF742FE0C4B1A687B6813442B
:104988000A4A13600EE07968F86800F023F809E035
:104998007968F86800F056F804E00D4907480AF00D
:1049A8005BFE00BF1837BD4680BD00BFB048002081
:1049B800B84800208C48002094210108E420010810
:1049C800344B0020ED55CEACC42101081422010857
:1049D8004022010880B586B000AF78603960174B77
:1049E8001B687B614FF0000300233B6114E07B6888
:1049F8009A1C7A601B88FB81114B1B6807F10E011A
:104A080002221846FBF7FAFD0D4B1B6802330C4ACD
:104A180013603B6901333B613A693B689A42E6D3CC
:104A280000BF064B1A687B695A404FF0000301D05B
:104A380000F0E8F81837BD4680BD00BF1800002018
:104A4800B048002080B586B000AF78603960174B59
:104A58001B687B614FF0000300233B6114E07B6817
:104A68001A1D7A601B68FB60114B1B6807F10C016B
:104A780004221846FBF7C2FD0D4B1B6804330C4A91
:104A880013603B6901333B613A693B689A42E6D35C
:104A980000BF064B1A687B695A404FF0000301D0EB
:104AA80000F0B0F81837BD4680BD00BF18000020E0
:104AB800B048002080B584B000AF00237B60424B33
:104AC8001B68002B42D0414B1B681A46404BD31A37
:104AD800BB60404B1B68002B01DB3F4B00E03F4BAA
:104AE800FB603F4B1B68002B0DD1374B1868FB68E8
:104AF800BA683749FFF76CF90346002B03D03949E8
:104B080039480AF0A9FD394B1B68002B10D0384BE7
:104B18001B6803F00103002B0AD0364B1B685B6847
:104B2800002B05D0334B1B6800225A6001237B60A1
:104B3800254B1B684FF4E0611846FFF70DFA034652
:104B4800002B03D02C4928480AF086FD214B1B680E
:104B5800B3F1FF3F1DD01F4B1B69012B0FD1274914
:104B680021480AF079FD00233B6002E03B680133ED
:104B78003B603B68224A9342F8DDFFF7FFFC7B6805
:104B8800002B03D01B4B1B6801225A60FFF71EFD48
:104B98000FE01A4914480AF05FFD00233B6002E069
:104BA8003B6801333B603B68154A9342F8DDFFF7E9
:104BB800E5FC054B00221A600C4B00221A60012309
:104BC80018461037BD4680BD88480020B0480020F0
:104BD800B848002004000020602201086C22010867
:104BE8008C48002078220108E4200108AC48002005
:104BF800AC3B0020A43B0020A4220108F4200108BB
:104C08003F420F0080B500AFFFF7CEFC104B0522E6
:104C18001A600F4B0F4A5A600D4B0F4A9A600C4BA3
:104C280040F2ED12DA600A4B01221A61FEF7B8FF72
:104C38000346002B06D000F02DF8FBF7F9FA00F038
:104C480057F802E0FFF7C2FC00BF00BFFDE700BF56
:104C580004000020C0220108D422010880B483B0D7
:104C680000AFEFF305833B603B68002B01D00023C6
:104C78000AE0EFF314837B607B6803F00203002BE8
:104C880001D0012300E0002318460C37BD465DF82B
:104C9800047B704780B584B000AFFFF7DFFF0346A1
:104CA800012B0ED1EFF30B837B607B680E4A1360F8
:104CB80000233B603B6883F30B8800BFBFF36F8F13
:104CC8000EE0EFF30A83FB60FB68084A13600023D9
:104CD800BB60BB6883F30A8800BFBFF36F8F00BF58
:104CE80000BF1037BD4680BD144B0020184B002074
:104CF80080B582B000AFFFF7B1FF0346012B09D1A1
:104D08000B4B1B683B603B6883F30B8800BFBFF30A
:104D18006F8F09E0074B1B687B607B6883F30A8809
:104D280000BFBFF36F8F00BF00BF0837BD4680BD0F
:104D3800144B0020184B002080B400AF20231846E5
:104D4800BD465DF8047B704790B58FB000AF044650
:104D5800084611461A462346FB820346BB820B4689
:104D68007B8213463B82FB6CFB603B6DBB60BB6D7B
:104D78007B60754B1B687B634FF00003734B1B68AC
:104D88000433BB620023FB610023FB6200233B6208
:104D980000237B62FB68002B01D10123C6E0FB687E
:104DA8001B78002B01D10123C0E0BB68002B01D187
:104DB8000123BBE07B6D002B01D10123B6E07B68AA
:104DC800002B01D10123B1E07B8A002B01D1012303
:104DD800ACE07A8A3B8A9A4201D90123A6E007F11E
:104DE8001C03184600F088FB0346012B01D1012360
:104DF8009CE007F12003184600F070FC0346012BE5
:104E080001D1012392E007F12403184600F0E2FBE8
:104E18000346012B01D1012388E0BB6AD1221A7015
:104E2800BB6AD2225A70BB6AD3229A70BB6AD42258
:104E3800DA70BB6A4FF47F629A80BB6A0122DA801B
:104E4800BB6AFA8A1A81BB6ABA8A5A81BB6A7A8AA9
:104E58009A81BB6A3A8ADA813A6ABB6A1A61BB6A82
:104E680020229A82BB6A2022DA82BB6C9AB2BB6A81
:104E78001A83BB6A7A6DDA61FB6A2033FB62334BB3
:104E88001B6804331A46FB6A13441846FB69202240
:104E98001946FBF7B3FBFB6A2033FB622B4B1B68FD
:104EA80004331A46FB6A134418467B6A20221946C3
:104EB800FBF7A4FBFB6A2033FB62244B1B6804331B
:104EC8001A46FB6A1344BA6CF9681846FBF796FB56
:104ED800FA6ABB6C1344FB621C4B1B6804331A460A
:104EE800FB6A13447A6DB9681846FBF787FBFA6AC0
:104EF8007B6D1344FB62154B1B6804331A46FB6A2F
:104F080013443B63BB6ADA783B6B1A70BB6A9A78C6
:104F18003B6B5A70BB6A5A783B6B9A70BB6A1A78BB
:104F28003B6BDA707B68BA6A1A600023064A11681C
:104F38007A6B51404FF0000201D0FFF763FE18462C
:104F48003C37BD4690BD00BF180000201C4B002018
:104F580080B582B000AF78607B68002B01D1012357
:104F68001BE0104A7B681360FFF7E6FE034603F573
:104F7800DC73B3F5056F01D901230EE0FFF7DCFE02
:104F8800034603F62403B3F5056F01D9012304E0B2
:104F9800044B1B6801221A60002318460837BD46D7
:104FA80080BD00BF1C4B002080B58AB006AF78607A
:104FB8003960244B1B68FB604FF000030023BB6083
:104FC800214B1B68002B01D101232EE01E4B1B68CF
:104FD8001B68002B01D1012327E07B68002B01D13E
:104FE800012322E007F1080319467868FEF782FFDB
:104FF8000346012B01D1012317E0BB683A680492EC
:105008004FF4867203927A680292019368230093A0
:1050180001230122002141F21250FFF795FE0346B9
:10502800012B01D1012300E00023064A1168FA6828
:1050380051404FF0000201D0FFF7E4FD1846103749
:10504800BD4680BD180000201C4B002080B598B0DC
:1050580006AF7861FA60BB600B467B823B6D7B6074
:105068004C4B1B687B644FF0000307F1200324229C
:1050780000211846FBF738FB474B1B68002B01D172
:10508800012379E0444B1B681B68002B01D10123E5
:1050980072E07B69002B01D101236DE0FB68002BD6
:1050A80001D1012368E0BB68002B01D1012363E033
:1050B800BB681B78002B01D101235DE07B68002BC6
:1050C80001D1012358E0502387F82030442387F882
:1050D8002130612387F82230502387F823304FF49A
:1050E8007F63BB84032387F82630102387F8273093
:1050F800FB68BB620023FB6113E0BA68FB691344D9
:10510800197807F12C02FB6913440A461A7007F153
:105118002C02FB6913441B78002B06D0FB69013372
:10512800FB61FB690F2BE8D900E000BF502387F82B
:105138003C30612387F83D30442387F83E305023C4
:1051480087F83F3000233B64798A7B6804932423E3
:10515800039307F120030293BB6801931023009384
:105168000123012244F21860FFF7EEFD0346012BEC
:1051780001D1012300E00023064A11687A6C5140EE
:105188004FF0000201D0FFF73DFD18464837BD46F5
:1051980080BD00BF180000201C4B002080B58AB0DD
:1051A80006AFF860084611461A4603467B810B464F
:1051B8003B811346FB80174B1B68002B01D1012351
:1051C80023E0144B1B681B68002B01D101231CE052
:1051D800FB68002B01D1012317E0F8883A89798907
:1051E8007B6A0493FB690393BB6902933B6A01934F
:1051F80010230093034648F27130FFF7A5FD0346DC
:10520800012B01D1012300E0002318461037BD46C9
:1052180080BD00BF1C4B002080B485B000AF786013
:105228003960184B1B68002B01D1012323E0154B73
:105238001B681B68002B01D101231CE07B68002B35
:1052480001D1012317E03B68002B01D1012312E0B3
:105258007B68FB60FB689B8A1A46FB68DB8A134401
:10526800FA68128B1A44FB68DB69134403F12402C1
:105278003B681A60002318461437BD465DF8047B66
:10528800704700BF1C4B002080B586B000AF786027
:10529800424B1B687B614FF000037B68002B01D1F8
:1052A80001236EE03E4A7B6813603D4B1B68002279
:1052B800C3F89C203A4B1B680122DA60384B1B6804
:1052C80000221A72364B1B6801225A72344B1B6833
:1052D80001229A72324B1B6801221A61304B1B68FB
:1052E800304A5A602E4B1B689B7A002B1CD12E4BE0
:1052F8001B68002B01D1012343E02B4B1B68284A74
:10530800126802F17C0007F10C022021984703463D
:10531800012B01D1012334E0214B1B6893F87C3029
:10532800002B06D101232CE01D4B1B68002283F8BB
:105338007C201B4B1B68002283F85C2000233B6108
:1053480015E0174B1A6819493B690B4419783B69F2
:10535800134414330A461A70114B1A683B691344F4
:1053680014331B78002B06D03B6901333B613B6942
:105378003F2BE6D900E000BF094B1B6801221A60E9
:105388000023064A11687A6951404FF0000201D0A3
:10539800FFF738FC18461837BD4680BD18000020B6
:1053A800204B002003922871F84700203023010881
:1053B80080B588B000AF7860374B1B68FB614FF051
:1053C800000307F1140300221A605A60334BFB6094
:1053D80007F114033B61324B1B68002B01D10123F9
:1053E8004DE02F4B1B681B68002B01D1012346E0C1
:1053F800FEF7D6FB0346002B01D101233FE0284BE3
:105408001B685B68274A934201D1002337E007F104
:1054180014030821184600F05BFA0346002B0CD150
:1054280007F10C0207F114031146184600F0EAF9D7
:105438000346012B01D1194BFB60FB68174A9342C5
:1054480006D07B68012B0FD1FB68174A93420BD11A
:105458003B6901221A603B69124A5A60082138697F
:1054680000F008FA0F4BFB60FB680F4A934201D12A
:10547800012304E00A4B1B680A4A5A600023064AC3
:105488001168FA6951404FF0000201D0FFF7BAFBEA
:1054980018462037BD4680BD180000207152109371
:1054A800204B0020252715150392287180B500AFE1
:1054B8000F4B1B68002B01D1002316E00C4B1B6817
:1054C8001B68002B01D100230FE0FEF769FB0346A0
:1054D800002B01D1002308E0054B1B685B68054AD7
:1054E80093420CBF01230023DBB2184680BD00BFE6
:1054F800204B00202527151580B584B000AF7860B3
:10550800314B1B68FB604FF000030023BB602F4B3F
:105518001B68002B01D1012349E02C4B1B681B6839
:10552800002B01D1012342E07B68002B01D101232C
:105538003DE0264B1B6893F87C30002B30D1234B81
:105548001B689B7A012B29D1214B1B68002B01D1A9
:1055580001232CE01E4B1B681C4A126802F17C00D8
:1055680007F108021F2198470346012B01D10123A7
:105578001DE0164B1B6893F87C30002B01D10123EA
:1055880015E0BB681F2B01D9012310E00F4B1A68E7
:10559800BB681344002283F87C2001E0012306E065
:1055A8000A4B1B6803F17C027B681A600023064AD9
:1055B8001168FA6851404FF0000201D0FFF722FB52
:1055C80018461037BD4680BD18000020204B00202B
:1055D800F847002080B584B000AF78602D4B1B6879
:1055E800FB604FF000030023BB602B4B1B68002BB4
:1055F80001D1012341E0284B1B681B68002B01D116
:1056080001233AE07B68002B01D1012335E0224BCE
:105618001B6893F85C30002B28D1204B1B68002BAB
:1056280001D1012329E01D4B1B681B4A126802F1B6
:105638005C0007F108021F2198470346012B01D19E
:1056480001231AE0144B1B6893F85C30002B01D13E
:10565800012312E0BB681F2B01D901230DE00E4B7B
:105668001A68BB681344002283F85C200A4B1B6845
:1056780003F15C027B681A600023064A1168FA6825
:1056880051404FF0000201D0FFF7BCFA184610371E
:10569800BD4680BD18000020204B0020FC4700209C
:1056A80080B400AF0C4B1B68002B01D101230EE026
:1056B800094B1B681B68002B01D1012307E0064B2F
:1056C8001B68D3F89C200132C3F89C20002318469D
:1056D800BD465DF8047B7047204B002080B483B042
:1056E80000AF78600F4B1B68002B01D1012312E03B
:1056F8000C4B1B681B68002B01D101230BE07B6856
:10570800002B01D1012306E0064B1B68D3F89C202F
:105718007B681A60002318460C37BD465DF8047B89
:10572800704700BF204B002080B483B000AF786082
:105738000F4B1B68002B01D1012312E00C4B1B6897
:105748001B68002B01D101230BE0094B1B681B6967
:10575800012B01D0012304E0054B1B687A681A610C
:10576800002318460C37BD465DF8047B704700BF20
:10577800204B002080B483B000AF78600E4B1B68CC
:10578800002B01D1012311E00B4B1B681B68002B78
:1057980001D101230AE07B68002B01D1012305E038
:1057A800054B1B685A7A7B681A70002318460C3719
:1057B800BD465DF8047B7047204B002080B483B061
:1057C80000AF78600E4B1B68002B01D1012311E05C
:1057D8000B4B1B681B68002B01D101230AE07B6877
:1057E800002B01D1012305E0054B1B681A7A7B6861
:1057F8001A70002318460C37BD465DF8047B7047C5
:10580800204B002080B483B000AF786039607B689B
:105818001B68012B01D0012304E07B685A683B68B0
:105828001A60002318460C37BD465DF8047B7047A4
:1058380080B582B000AF78607B68002B01D101236E
:1058480012E00B4A7B681360094B1B680433184647
:1058580000F08EFB0346012B01D1012304E0044B29
:105868001B6801221A60002318460837BD4680BD10
:10587800244B002080B582B000AF78603960134BAC
:105888001B68002B01D101231CE0104B1B681B680F
:10589800002B01D1012315E0FFF708FE0346002B7A
:1058A80001D101230EE07B68002B01D1012309E01F
:1058B8003B68002B01D1012304E03968786800F0C7
:1058C80062FB034618460837BD4680BD244B0020BE
:1058D80080B582B000AF78603960134B1B68002B2D
:1058E80001D101231CE0104B1B681B68002B01D160
:1058F800012315E0FFF7DAFD0346002B01D1012350
:105908000EE07B68002B01D1012309E03B68002BE6
:1059180001D1012304E03968786800F040FB0346B0
:1059280018460837BD4680BD244B002080B584B09A
:1059380000AF7860254B1B68FB604FF00003022323
:10594800FB72234B1B68002B01D1012331E0204B54
:105958001B681B68002B01D101232AE0FFF7A6FD75
:105968000346002B01D1012323E07B68002B01D1E2
:1059780001231EE007F10B031846FFF71FFF03463C
:10598800012B01D1012314E0FB7A002B01D1012363
:105998000FE0FB7A012B0CBF01230023DBB2194671
:1059A800786800F008FB0346012B01D1012300E0D1
:1059B8000023064A1168FA6851404FF0000201D0EE
:1059C800FFF720F918461037BD4680BD18000020A3
:1059D800244B002080B584B000AF7860254B1B684D
:1059E800FB604FF000030223FB72234B1B68002B64
:1059F80001D1012331E0204B1B681B68002B01D12A
:105A080001232AE0FFF752FD0346002B01D10123B1
:105A180023E07B68002B01D101231EE007F10B0373
:105A28001846FFF7CBFE0346012B01D1012314E0F2
:105A3800FB7A002B01D101230FE0FB7A012B0CBF6D
:105A480001230023DBB21946786800F0C0FA034648
:105A5800012B01D1012300E00023064A1168FA68EE
:105A680051404FF0000201D0FFF7CCF8184610372C
:105A7800BD4680BD18000020244B002080B500AF33
:105A88000248FDF723FE0346184680BD995A0008D0
:105A980090B589B002AF7860454B1B687B614FF0C9
:105AA80000030023FB6000233B617B681A6A7B6864
:105AB8009B6A9A420BD97B681A1D7B681B6A009304
:105AC80013463C4A80213C4809F0D8FD1CE07B681D
:105AD8001A6A7B685B6A9A420BD27B681A1D7B68DC
:105AE8001B6A00931346354A8021334809F0C6FDE6
:105AF8000AE07B681A1D7B681B6A00931346304ACC
:105B080080212D4809F0BAFD07F108031A462A49F1
:105B18000620FEF7AFF80346002B3BD1294B1B6844
:105B2800002B03D127492848FDF76CFC254B1B683F
:105B380021491846FCF734FFFDF7CCFA07F11002AB
:105B480007F10C0311461846FDF7CCFAB868F96856
:105B58003A691E4BFEF73CF9BC687B6804331C218C
:105B6800184600F063F803461A4601212046FEF75E
:105B7800E5F8BB684FF4E0611846FEF7EDF9034617
:105B8800002B03D01249134809F066FD0120FDF7E8
:105B980045FA00E000BF064B1A687B695A404FF08F
:105BA800000301D0FFF72EF81C37BD4690BD00BF9B
:105BB800180000203C230108004800206C2301083D
:105BC8009C230108284B0020DC230108E42301085A
:105BD800F42301081024010880B586B000AF78606E
:105BE800786809F0CDFC78617B69002B19D07B6956
:105BF8003B6113E03B69013B7A6813441B78FB73F4
:105C0800FB7B2F2B02D0FB7B5C2B04D17A683B6992
:105C180013447B6005E03B69013B3B613B69002B1A
:105C2800E8D17B6818461837BD4680BD80B485B07A
:105C380000AF786039600023BB607B68002B17D009
:105C48000023FB600AE07A68FB6813441B781A4655
:105C5800BB681344BB60FB680133FB607A68FB6870
:105C680013441B78002B03D0FA683B689A42EAD3A6
:105C7800BB6818461437BD465DF8047B70470000C2
:105C880080B483B000AF78607B68002B01D101231A
:105C980007E0074A7B681360054B1B6800221A60FF
:105CA800002318460C37BD465DF8047B704700BFDB
:105CB8002C4B002080B584B000AF78600023FB60D7
:105CC8007B68002B01D101230EE008F09DFCF860F1
:105CD800FB68002B01D1012306E0F86808F008F8FA
:105CE80002467B681A60002318461037BD4680BDFF
:105CF80080B489B000AF0346B9607A60FB81FB8944
:105D0800FB820023FB6126E0BA68FB6913441B7819
:105D18001A46FB8A53409BB2DBB23B833B8B1B0189
:105D28009AB23B8B53409BB2DBB27B83FB8A1B0A44
:105D38009AB27B8B1B029BB253409AB27B8BDB00DF
:105D48009BB253409AB27B8B1B099BB25340FB8298
:105D5800FB690133FB61FA697B689A42D4D3FB8AF9
:105D680018462437BD465DF8047B704780B58AB075
:105D780000AF0346B9607A60FB81374B1B687B62D2
:105D88004FF000037A68FB89B9681846FFF7B0FF3F
:105D980003467B8200237B6139E07B69BA68134440
:105DA8001B787B747B7C07F118002C4A0A2109F0C8
:105DB80065FC79692A4B83FB0123DA10CB17D21AC9
:105DC80013469B0013449B00CA1A002A03D1254995
:105DD800254809F041FC07F118031946224809F043
:105DE8003BFC7B69591C1E4B83FB0123DA10CB1744
:105DF800D21A13469B0013449B00CA1A002A03D1E7
:105E08001A49194809F028FC7B6901337B617A69D2
:105E18007B689A42C1DB7969114B83FB0123DA1055
:105E2800CB17D21A13469B0013449B00CA1A002AA8
:105E380003D00E490C4809F00FFC7B8A064A11680A
:105E48007A6A51404FF0000201D0FEF7DBFE184697
:105E58002837BD4680BD00BF180000201424010863
:105E6800676666661C240108282401082C2401089A
:105E780080B586B000AF7860244B1B687B614FF01B
:105E88000003234B1B68002B01D1012330E07B6802
:105E9800002B01D101232BE007F110031946786884
:105EA800FFF7BAF90346012B01D1012320E03B6932
:105EB800B3F5803F01D301231AE01649164809F0CB
:105EC800CBFB3B691A4679680020FFF74FFF034672
:105ED800FB810F4B1B681846FB89104A502109F0BB
:105EE800CDFB0B4B1B6819460B4809F0B5FB00238B
:105EF800064A11687A6951404FF0000201D0FEF756
:105F080081FE18461837BD4680BD00BF1800002026
:105F1800304B0020342401082824010854240108A7
:105F280080B483B000AF7860044A7B6813600023B4
:105F380018460C37BD465DF8047B7047304B00208F
:105F480080B582B000AF78607868FFF791FF0346AC
:105F580018460837BD4680BD80B582B000AF78606E
:105F68007868FFF785FF034618460837BD4680BDA9
:105F780080B483B000AF7860002318460C37BD4664
:105F88005DF8047B704780B483B000AF78603960F7
:105F9800012318460C37BD465DF8047B704780B472
:105FA80083B000AF78603960012318460C37BD46CE
:105FB8005DF8047B704780B483B000AF78603960C7
:105FC800012318460C37BD465DF8047B704780B442
:105FD80083B000AF78603960012318460C37BD469E
:105FE8005DF8047B7047000080B588B000AF78602A
:105FF8003B4B1B68FB614FF0000307F1080379680E
:10600800184600F06FF807F10803184600F0AAF8E0
:1060180007F10803184600F0E0F807F108031846EE
:1060280000F00AF900F016F907F108030C331846D6
:10603800FEF73AFB00F01CF907F10803184600F0D8
:1060480023F907F10803184600F02DF907F10803B2
:10605800184600F037F907F10803184600F042F92E
:1060680007F10803184600F04DF907F10803184630
:1060780000F057F907F10803184600F062F93B6988
:1060880003F00103002B04D007F10803184600F0C1
:1060980067F9FEF7B5FA0346184600F0A3F900F0D1
:1060A800F9F90346002B01D100F014FA00F0C8F901
:1060B800FEF700FD0346002BB4D007F1080318468D
:1060C80000F038FA00BF064B1A68FB695A404FF0D7
:1060D800000301D0FEF796FD2037BD4680BD00BF06
:1060E80018000020B0B588B000AF786039603B6810
:1060F800FB60386800F016F80346BB61BB691846B8
:1061080000F025F803463B6100237B617B681D4650
:1061180007F10C040FCC0FC523682B607868203773
:10612800BD46B0BD80B483B000AF78607B68DB6AE1
:1061380003F00403002B02D07B685B6801E07B68F6
:106148001B6818460C37BD465DF8047B704780B461
:1061580083B000AF78607B6818460C37BD465DF8A1
:10616800047B704780B582B000AF78607B68DB68DD
:1061780003F120027B68DA60786800F018F80346BB
:10618800002B05D07B68DB6803F148027B68DA6086
:106198007B68DA687B685B68DB69DB0903F004030A
:1061A8001A437B68DA6000BF0837BD4680BD80B4FB
:1061B80085B000AF78607B681B68DB6A03F010036A
:1061C800002B0CBF01230023DBB2FB60FB681846E1
:1061D8001437BD465DF8047B704780B582B000AFC8
:1061E800786000F00DF80346002B05D07B689B68AB
:1061F80043F001027B689A6000BF0837BD4680BD46
:1062080080B483B000AF0A4B1B681B687B60094BE6
:106218001A687B681A40074B1B689A420CBF012317
:106228000023DBB218460C37BD465DF8047B704787
:1062380054000020F032010880B483B000AF7860C9
:106248007B6800221A6100BF0C37BD465DF8047BED
:106258007047000080B400AF034B044A1A6000BFC7
:10626800BD465DF8047B7047344B0020ED55CEAC3D
:1062780080B500AF042201210248FEF73BFB00BFB6
:1062880080BD00BFF432010880B582B000AF7860ED
:106298007B680833042201211846FEF72BFB00BF58
:1062A8000837BD4680BD80B582B000AF78607B6896
:1062B8005B68102201211846FEF71CFB00BF083757
:1062C800BD4680BD80B582B000AF78607B681B6832
:1062D8000C33202201211846FEF70CFB00BF0837BB
:1062E800BD4680BD80B582B000AF78607B685B68D2
:1062F8001033042201211846FEF7FCFA00BF0837C4
:10630800BD4680BD80B582B000AF78607B680C3335
:10631800042201211846FEF7EDFA00BF0837BD46F2
:1063280080BD80B582B000AF78607B685B6814334D
:106338000C2201211846FEF7DDFA00BF0837BD46DA
:1063480080BD80B582B000AF78607B681B680C2286
:1063580001211846FEF7CEFA00BF0837BD4680BDBA
:1063680080B5A4B000AF78601D4B1B68C7F88C30AF
:106378004FF000037868FFF71AFF0346002B15D08B
:1063880007F1080340331846F9F7BCFF7B685B68E0
:1063980003F1200107F1080340221846FAF72EF905
:1063A8007B685B681B6EC7F8883004E007F1080358
:1063B8001846F9F7A1FF07F10803842201211846BE
:1063C800FEF798FA00BF064B1A68D7F88C305A4087
:1063D8004FF0000301D0FEF715FC9037BD4680BD95
:1063E8001800002080B584B000AF78601CE0082257
:1063F80001217868FEF77EFA7B685A687B681B681B
:10640800D31A7A68127AB3FBF2F3FB607B681B68D5
:106418001846FFF79CFE7B681B7AFA681946FEF758
:1064280069FA7B680C337B607B68002B04D07B683F
:106438001B68B3F1FF3FDAD100BF1037BD4680BDFE
:1064480080B582B000AF0F4B1B687B604FF0000334
:106458000D4B1B680D4A934207D00D4B3B603B46E2
:10646800042201211846FEF745FA00BF054B1A68B9
:106478007B685A404FF0000301D0FEF7C3FB083792
:10648800BD4680BD18000020344B0020ED55CEAC31
:10649800ACCE55ED80B485B000AF0C4B1B681B68C3
:1064A8007B607B6803F47023BB60094B1B68BA6888
:1064B8009A420CBF01230023DBB2FB60FB6818463D
:1064C8001437BD465DF8047B704700BF4C000020C0
:1064D800F832010880B588B000AF144B1B68FB6127
:1064E8004FF00003124B1B683B603B687B603B68C6
:1064F8001433BB6004233B734FF0FF333B614FF011
:10650800FF337B6101233B763B1D1846FFF76AFF8B
:1065180000BF064B1A68FB695A404FF0000301D0D0
:10652800FEF770FB2037BD4680BD00BF1800002075
:106538005000002080B483B000AF78607B681B698E
:10654800002B06D07B685B689A697B685B680232BF
:106558009A6100BF0C37BD465DF8047B70470000A8
:1065680080B400AFBFF34F8F00BF064BDB6803F466
:10657800E0620449044B1343CB60BFF34F8F00BF65
:1065880000BFFDE700ED00E00400FA0580B584B027
:1065980000AFF8600B467A60FB72FB7A002B01D0E3
:1065A800054A00E0054A7B68F968054809F054F88F
:1065B80000BF1037BD4680BD80240108882401082B
:1065C8009024010880B483B000AF074B7B607B68E0
:1065D800002B01D07B6800E0012318460C37BD462C
:1065E8005DF8047B704700BF9FFBB39280B584B011
:1065F80000AF214B1B6803F00103002B0DD1FCF702
:106608009DFB78607B68002B0CBF01230023DBB265
:106618001A4A19461A48FFF7B9FF174B1B6803F0C7
:106628000103002B04D0174B1B685B68002B0ED1AD
:106638000120FCF7F3FCB860BB68002B0CBF0123FA
:106648000023DBB2104A19460D48FFF79FFF0F4998
:106658000F48FCF7D7FEF860FB68002B0CBF01233E
:106668000023DBB20B4A19460548FFF78FFF00BF2E
:106678001037BD4680BD00BFAC3B0020C0240108D8
:10668800D4240108A43B0020DC240108E44F0020A6
:10669800EC240108F824010880B400AF034B1B6800
:1066A8001846BD465DF8047B704700BFE44F0020E4
:1066B80080B584B000AF78601A4BBB607B689B697B
:1066C800FB607B685B68022B06D87B685B68164AB0
:1066D8001B0113441B68BB607B685B69FA68B96877
:1066E800124808F0B9FFFB68062B08D07B685B6886
:1066F800022B04D87B685B685A1C7B685A607B68ED
:1067080000229A607B680122DA607B6800225A6165
:106718007B6800229A61786800F092FB00BF10370E
:10672800BD4680BD14250108FC3201081C2501085E
:1067380080B586B000AF78607B685B68022B06D8AE
:106748007B685B68574A1B0113441B6800E0564B83
:10675800FB607B68DB68023B052B00F29E8001A290
:1067680052F823F085680008A36800086F680008DD
:10677800A7670008856700089B6800087B689B6816
:10678800FA681946494808F067FF7B6800229A6052
:106798007B680122DA60786800F052FB7EE07B6853
:1067A8005B68022B4FD87B685B683E4A1B01134429
:1067B80004331A687B689B689A4244D17B685B689B
:1067C8001B01384A13443B617B689B687B613B69CA
:1067D80019687B685A697B689B69354808F03CFFF3
:1067E8003B6918687B685B69002B0CBF0123002399
:1067F800DBB2304A1946FFF7C9FE3B6918687B6867
:106808009B6903F00203002B0CBF01230023DBB2BA
:10681800294A1946FFF7BAFE7B685B685A1C7B68F1
:106828005A607B685B68022B06D87B685B681D4AE8
:106838001B0113441B6800E01B4BFB60FA68796975
:106848001A4808F009FF7B6800229A607B680122D9
:10685800DA607B6800225A617B6800229A61786856
:1068680000F0EEFA1AE07B684FF0FF325A617B685D
:1068780004229A617868FFF71BFF0FE07B684FF0EE
:10688800FF325A617B6802229A617868FFF710FF2D
:1068980004E07868FFF70CFF00E000BF00BF18377E
:1068A800BD4680BDFC320108542501085825010861
:1068B8006C2501089C250108A825010880B584B02D
:1068C80000AF786039603B685A687B689A607B687B
:1068D8000322DA607B681B695A1C7B681A617B6833
:1068E80000225A617B6800229A61786800F0A8FA51
:1068F8003B681B681946084808F0AEFE0023FB6099
:1069080003E000BFFB680133FB60FB6842F20F72D3
:106918009342F6D9FFF724FEB825010890B595B043
:1069280002AF7860824B1B687B644FF00003814B99
:1069380007F134040FCB07C4237007F11803184676
:1069480000F03EFA034683F00103DBB2002B11D0BE
:10695800FFF738FE0346184600F0EAFA07F1180375
:10696800184600F02DFABB691A467349734808F0B7
:1069780073FE25E0FB69032B16D9FB69194670489D
:1069880008F06AFEFFF71EFE0346184600F0D0FA2C
:1069980007F11803184600F013FABB691A4666494E
:1069A800664808F059FE0BE0B969786AFB69BA6A6B
:1069B8000192009303460A465F49624808F04CFE7C
:1069C8007B6A082B08D1BB691A465B495E4808F008
:1069D80043FE002006F0D0FE07F118031846FFF723
:1069E800A7FEFFF703FE80E0FB691B01574A13442B
:1069F800FB60FB681B68FA691946554808F02CFECD
:106A0800FB681B7A012B05D107F11803F9681846B2
:106A1800FFF754FFFFF740FEFB685B681A464D49D5
:106A2800FBF7F4FFFB685B683B620023FB62002313
:106A38003B63FB681B7A022B03D0FB681B7A032B92
:106A48002AD1FB681B7A022B01D1434B00E0434B50
:106A58007B61FB690133FB6106237B62BB6A0133FF
:106A6800BB6207F11803184600F0EAF9FB681B68D7
:106A78007A6919463A4808F0EFFDFB68DB68FA685E
:106A88001268104698473861FB681B683A691946CE
:106A9800344808F0E1FD17E002237B6207F1180390
:106AA800184600F0CDF9FB68DB68FA6812681046F2
:106AB80098473861FB681B683A6919462A4808F004
:106AC800CBFDFB690133FB6100233B6201237B6241
:106AD8000023FB6200233B6307F11803184600F00C
:106AE800AFF94FF4967006F0F3FEFB69022B7FF6C0
:106AF8007BAF08237B6200233B6207F1180318462B
:106B080000F09EF9BB691A460B490F4808F0A4FD2E
:106B1800002006F031FE00BF054B1A687B6C5A4016
:106B28004FF0000301D0FEF76DF84C37BD4690BD1D
:106B38001800002014270108DC250108E4250108B5
:106B4800002601083026010860260108FC320108E9
:106B58008026010894260108A0260108A426010819
:106B6800AC260108C8260108FC26010880B586B0B5
:106B780004AF254808F070FD00F0F4FCFCF7DEF8DF
:106B88000346002B05D0214808F066FD4FF0FF337F
:106B980036E0FCF743FF0346002B05D01C4808F0FD
:106BA8005BFD4FF0FF332BE00120FCF737FA03467B
:106BB800002B05D0174808F04FFD4FF0FF331FE0BA
:106BC80000F036FD144B0293144B019303230093FA
:106BD80000234FF480521249124806F05DFC786099
:106BE8007B68002B05D1104808F036FD4FF0FF33C5
:106BF80006E006F01DFF0D4808F02EFD4FF0FF33AC
:106C080018460837BD4680BD2427010864270108B7
:106C180090270108B8270108E84F002048500020B5
:106C2800DC27010825690008E82701080C28010865
:106C380080B58AB000AF7860154B1B687B624FF057
:106C4800000307F10803184600F0BAF8034683F07A
:106C58000103DBB2002B0ED17B69082B0BD07B68BC
:106C6800FB617B693B6207237B6107F108031846D8
:106C780000F0E6F800E000BF054B1A687B6A5A404E
:106C88004FF0000301D0FDF7BDFF2837BD4680BD9A
:106C98001800002080B483B000AF78607B681A6861
:106CA8007B685B685A407B689B685A407B68DB68F6
:106CB8005A407B681B695A407B685B695A407B680D
:106CC8009B695A407B68DB695A407B681B6A5A405B
:106CD8007B685B6A5A40044B534018460C37BD46E4
:106CE8005DF8047B704700BFE5713CA980B483B0B0
:106CF80000AF7860184B1A687B681A60164B5A68A0
:106D08007B685A60144B9A687B689A60124BDA6801
:106D18007B68DA60104B1A697B681A610E4B5A69F6
:106D28007B685A610C4B9A697B689A610A4BDA69ED
:106D38007B68DA61084B1A6A7B681A62064B5A6AE2
:106D48007B685A62044B9A6A7B689A6200BF0C3768
:106D5800BD465DF8047B7047A0A0022090B583B0C3
:106D680000AF78607B681B68134A934208D17B6840
:106D78005B68022B04D17B689B68104A934201D060
:106D8800002314E07B689B69002B03D07B689B6918
:106D9800082B01D900230AE07B689C6A7868FFF712
:106DA80079FF03469C420CBF01230023DBB218463F
:106DB8000C37BD4690BD00BF4D465444D0BDE6D605
:106DC80080B58EB000AF78601C4B1B687B634FF0BA
:106DD800000307F108031846FFF788FF07F10803C7
:106DE8001846FFF7BBFF034683F00103DBB2002B15
:106DF80001D0002315E07A697B681A60BA697B685C
:106E08005A60FA697B689A603A6A7B68DA607A6ADB
:106E18007B681A61BA6A7B685A61FA6A7B689A6108
:106E28000123064A11687A6B51404FF0000201D0E5
:106E3800FDF7E8FE18463837BD4680BD180000202B
:106E480080B590B000AF7860354B1B68FB634FF09E
:106E5800000307F110032C2200211846F9F744FC1F
:106E6800304B3B6102237B612F4BBB617B681B6806
:106E7800FB617B685B683B627B689B687B627B68C5
:106E8800DB68BB627B681B69FB627B685B693B6391
:106E98007B689B697B6307F110031846FFF7FAFECE
:106EA8000346BB63EFF31083FB60FB68BB6072B6FD
:106EB80000BF1E4B00229A623B691C4A13607B6923
:106EC8001A4A5360BB69194A9360FB69174AD36031
:106ED8003B6A164A13617B6A144A5361BB6A134AB8
:106EE8009361FB6A114AD3613B6B104A13627B6B57
:106EF8000E4A5362BB6B0D4A9362BB68002B01D1EB
:106F080062B600BF00BF064B1A68FB6B5A404FF0D1
:106F1800000301D0FDF776FE4037BD4680BD00BFB7
:106F2800180000204D465444D0BDE6D6A0A002204B
:106F380080B58AB000AF7860124B1B687B624FF057
:106F4800000307F1080300221A605A609A60DA60A9
:106F58001A615A619A617B68BB6001237B6107F102
:106F680008031846FFF76CFF00BF064B1A687B6AD8
:106F78005A404FF0000301D0FDF744FE2837BD46C4
:106F880080BD00BF1800002080B58AB000AF7860CF
:106F9800154B1B687B624FF0000307F10803184686
:106FA800FFF70EFF034683F00103DBB2002B0ED17F
:106FB8007B69032B0BD13B697A689A4207D104237A
:106FC8007B6107F108031846FFF73AFF00E000BFAE
:106FD800054B1A687B6A5A404FF0000301D0FDF751
:106FE80011FE2837BD4680BD1800002080B58CB042
:106FF80000AFF860B9607A60174B1B68FB624FF00E
:10700800000307F110031846FFF7DAFE034683F082
:107018000103DBB2002B12D1FB69042B0FD1BB6932
:10702800FA689A420BD1BB687B627B68BB62052316
:10703800FB6107F110031846FFF702FF00E000BFED
:10704800054B1A68FB6A5A404FF0000301D0FDF760
:10705800D9FD3037BD4680BD1800002080B586B008
:1070680000AFF860B9607A603B60FA68BB681A44A0
:107078007B681A443B681A443B6A1A447B6A134487
:107088003B61FA687B685A403B6A53407B61FDF775
:107098008BFA144B40F2E9321A60124B124A5A60CA
:1070A800104B124A9A600F4B1A22DA600D4B0022DD
:1070B8001A61FCF775FD0346002B06D0FDF7EAFDC3
:1070C800F9F7B6F8FDF714FE01E0FDF77FFA3A6923
:1070D8007B695340064A1360054B1B6818461837EE
:1070E800BD4680BD04000020602801086C28010806
:1070F8004890002080B588B002AFF860B9607A6027
:107108003B600A233B61FFF7C7FA03460D4918465F
:10711800FBF746FC7B6A01933B6A00933B687A68FD
:10712800B968F868FFF79AFF78613A69064B1B68F7
:107138005340054A13603A697B6913441846183767
:10714800BD4680BDB42801084890002080B588B0AD
:1071580002AFF860B9607A603B6064233B61FFF777
:107168009BFA03460D491846FBF71AFC7B6A019304
:107178003B6A00933B687A68B968F868FFF7BAFF1A
:1071880078613A69064B1B681344054A13603A69EB
:107198007B69534018461837BD4680BDD42801087E
:1071A8004890002080B584B002AFFFF775FA034617
:1071B800012211491846FBF729FCFFF76DFA03462F
:1071C80006220E491846FBF721FC062301930523E6
:1071D80000930423032202210120FFF7B7FF786000
:1071E800074B1A687B685340054A13607B6818464A
:1071F8000837BD4680BD00BFF82801080C290108E2
:107208004890002080B582B000AF7860FFF7CAFFD1
:10721800002318460837BD4680BD000080B584B0FD
:1072280000AFF860B9607A603B60FDF7BDF9154BB7
:1072380040F2EB321A60134B134A5A60114B134A4F
:107248009A60104BA922DA600E4B00221A61FCF7F3
:10725800A7FC0346002B06D0FDF71CFDF8F7E8FF56
:10726800FDF746FD01E0FDF7B1F9FA68BB685A4041
:107278007B685A403B685340054A136000BF10378B
:10728800BD4680BD04000020102A01086C280108B2
:107298004890002080B500AFFFF7FEF90346164975
:1072A8001846FBF77DFBFFF7F7F903461349184625
:1072B800FBF776FBFFF7F0F9034611491846FBF791
:1072C8006FFBFFF7E9F903460E491846FBF768FB21
:1072D800FFF7E2F903460C491846FBF761FB282340
:1072E8001E2214210A20FFF799FF084B1B6801335F
:1072F800064A136000BF80BD1C2A0108302A010815
:10730800442A0108582A01086C2A010848900020DC
:1073180080B582B000AF7860FFF7BCFF0023184645
:107328000837BD4680BD000090B587B000AFF86053
:10733800C7E9002364237B61FDF736F9214B4FF43D
:107348007D721A601F4B204A5A601E4B1F4A9A6072
:107358001C4B40F25F12DA601A4B00221A61FCF7EC
:107368001FFC0346002B06D0FDF794FCF8F760FFDE
:10737800FDF7BEFC01E0FDF729F93A68FB6882EAEF
:107388000304D7E900014FF000024FF000030A00A0
:107398000023134684EA0302BB6A1B685340FA6A57
:1073A80012785A403B8E5A407B6B1B685A407B6967
:1073B8005340074A1360064B1B6818461C37BD46E6
:1073C80090BD00BF04000020342C01086C2801087F
:1073D8004890002080B58AB004AFF860C7E9002360
:1073E800FFF75AF90346FA6811491846FBF70EFBEE
:1073F800FFF752F93B8D1A460E49FBF707FBFB6A6C
:1074080003933B8D02937B6A01933B6A0093D7E910
:107418000023F868FFF788FF7861074B1A687B69D3
:107428005340054A13607B6918461837BD4680BD2E
:10743800402C0108582C010848900020000000004A
:1074480080B5A0B004AF786039601D4B1B68FB663F
:107458004FF000030123FB601823BB66FFF71CF9FC
:10746800034618491846FBF79BFAFFF715F9034638
:1074780015491846FBF794FA3B68039314230293C3
:10748800124B01937B6800930BA3D3E900230A20D6
:10749800FFF7A0FF0246FB681A44BB6E1344084A74
:1074A8001168FA6E51404FF0000201D0FDF7AAFBB7
:1074B80018467037BD4680BD00F2052A010000005D
:1074C800180000206C2C0108882C0108AC2C01083D
:1074D80080B584B000AF78603960C823BB60FFF71F
:1074E800DBF803460A491846FBF75AFA3968786800
:1074F800FFF7A6FFF860BA68064B1B685340054AB9
:107508001360BA68FB68134418461037BD4680BD3F
:10751800B82C01084890002080B582B000AF084917
:107528000848FFF7D5FF7860074B1A687B68134453
:10753800054A13607B6818460837BD4680BD00BF02
:107548003C3301082C3301084890002080B582B0F4
:1075580000AF7860FFF7E0FF002318460837BD4604
:1075680080BD000080B58CB000AF2D4B1B68FB625E
:107578004FF0000307F110031846FFF721FC0346FC
:1075880083F00103DBB2002B3CD1FB69032B39D11B
:10759800BB6940F2F232934234D140F2F230FFF745
:1075A800F3FCEFF30583FB60FB683B60EFF31483A8
:1075B800BB60BB687B60FCF7F7FF1A4B40F2F23206
:1075C8001A60184B184A5A60164B184A9A60154B9D
:1075D8001522DA60134B01221A61FCF7E1FA03461F
:1075E800002B06D0FDF756FBF8F722FEFDF780FBCF
:1075F80001E0FCF7EBFF7A68396840F2F230FFF7F8
:10760800F5FC00E000BF064B1A68FB6A5A404FF0D1
:10761800000301D0FDF7F6FA3037BD4680BD00BF44
:107628001800002004000020082D0108142D01086E
:1076380080B58CB000AF2F4B1B68FB624FF0000386
:1076480007F110031846FFF7BBFB034683F001035D
:10765800DBB2002B41D1FB69032B3ED1BB6940F261
:10766800ED32934239D140F2ED30FFF78DFCEFF364
:107678000583FB60FB683B60EFF31483BB60BB686A
:107688007B607A6839681C4807F0E6FFFCF78CFFD6
:107698001A4B40F2ED321A60184B194A5A60174BD0
:1076A800184A9A60154B2A22DA60144B00221A6194
:1076B800FCF776FA0346002B06D0FDF7EBFAF8F74D
:1076C800B7FDFDF715FB01E0FCF780FF7A68396824
:1076D80040F2ED30FFF78AFC00E000BF054B1A6866
:1076E800FB6A5A404FF0000301D0FDF78BFA3037A0
:1076F800BD4680BD18000020582D01080400002058
:10770800882D0108142D010880B582B000AFEFF371
:1077180005837B607B68184A1360FEF7BDFF164B34
:107728001B681A461549FBF771F9FCF73DFF144B26
:1077380040F2EE321A60124B124A5A60104B124A4B
:107748009A600F4B3722DA600D4B00221A61FCF762
:1077580027FA0346002B06D0FDF79CFAF8F768FDD8
:10776800FDF7C6FA01E0FCF731FF084B01221A7059
:1077780000BF0837BD4680BD4C900020942D0108FD
:1077880004000020B02D0108142D0108509000209D
:1077980080B500AF00F0C4F800F0D8F9FFF7E6F9BB
:1077A8000346184680BD000080B400AFBFF34F8F7A
:1077B80000BF064BDB6803F4E0620449044B134343
:1077C800CB60BFF34F8F00BF00BFFDE700ED00E0C7
:1077D8000400FA0580B483B000AF7860002318462F
:1077E8000C37BD465DF8047B7047000080B582B059
:1077F80000AF124BD3F89430104A43F00403C2F898
:1078080094300E4BD3F8943003F004033B603B688C
:107818000A4BD3F8A830094A43F00203C2F8A8304B
:10782800064BD3F8A83003F002037B607B6800F0B6
:10783800B5FD00BF0837BD4680BD00BF000C02463D
:1078480080B5A0B000AF354B1B68FB674FF0000355
:107858003B1D00221A605A609A60DA601A615A6108
:1078680007F11C03602200211846F8F73DFF4FF48A
:10787800403000F007FD0346002B02D04FF0FF33E5
:107888003FE01023FB610123BB631023FB6300234C
:107898003B6402237B650123BB654FF400533B66C1
:1078A8000323FB650F237B660223BB660223FB666B
:1078B80002233B670C237B670023BB6707F11C038C
:1078C800184600F07BFD0346002B02D04FF0FF3333
:1078D80017E01F237B600323BB600023FB600023AA
:1078E8003B6100237B610023BB613B1D03211846DC
:1078F80001F034FC0346002B01D1002301E04FF0D6
:10790800FF33064A1168FA6F51404FF0000201D068
:10791800FDF778F918468037BD4680BD180000206D
:1079280080B500AF00F0EAF9FFF78AFF0346002BA5
:1079380001D000BFFDE7002000F074FC00F092FCCD
:10794800054B4FF000629A60BFF34F8F00BFBFF343
:107958006F8F00BF00BF80BD00ED00E080B400AFB6
:107968000C4BDB680B4A43F08073D3600A4B002250
:107978005A60094B1B68084A43F001031360BFF3C0
:107988004F8F00BFBFF36F8F00BF00BFBD465DF8CC
:10799800047B7047F0ED00E0001000E080B400AF19
:1079A800034B5B681846BD465DF8047B704700BF13
:1079B800001000E080B485B000AFF860B9607A606C
:1079C800FB68074A1A60BB68064A1A607B684FF46E
:1079D80080721A6000BF1437BD465DF8047B70479B
:1079E80054900020B490002080B485B000AFF860B7
:1079F800B9607A60FB68074A1A60BB68064A1A6071
:107A08007B684FF400721A6000BF1437BD465DF8FA
:107A1800047B7047B49400201495002080B582B090
:107A280000AF786039603968044807F015FE052012
:107A3800FFF7FEF807F0B0FBFFF7B6FEF4300108D9
:107A480080B582B000AF786039603A6879680548D7
:107A580007F002FE0120FFF7EBF807F09DFBFFF7A8
:107A6800A3FE00BF1431010880B5BEB000AF786036
:107A7800324B1B68C7F8F4304FF0000307F11403CA
:107A880000221A605A609A60DA601A6107F12803C6
:107A9800C82200211846F8F727FE7B681B68284A89
:107AA80093423CD14FF001024FF00003C7E90A238B
:107AB8000023BB6707F12803184601F01FFF214B7D
:107AC800D3F8A4301F4A43F48043C2F8A4301D4BB6
:107AD800D3F8A43003F48043FB60FB68194BD3F858
:107AE8008C30184A43F00103C2F88C30154BD3F898
:107AF8008C3003F001033B613B694FF4C0637B6149
:107B08000223BB610023FB6102233B6207237B62E4
:107B180007F1140319460C4800F0ACF900E000BF67
:107B2800064B1A68D7F8F4305A404FF0000301D0DA
:107B3800FDF768F8F837BD4680BD00BF1800002083
:107B480000380140000C02460000024280B500AF38
:107B5800184B194A1A60174B4FF4E1225A60154B1B
:107B680000229A60134B0022DA60124B00221A613D
:107B7800104B0C225A610F4B00229A610D4B0022C8
:107B8800DA610C4B00221A620A4B00225A62094B36
:107B980000229A62074804F0A1FB0346002B06D195
:107BA800044805F031F80346002B00D100E0FEE759
:107BB80080BD00BF149D00200038014080B584B00E
:107BC80000AF0346FB710E4B1B68FB604FF00003D0
:107BD800FB79FB7207F10B014FF0FF3301220948D3
:107BE80004F0CAFB00BF064B1A68FB685A404FF006
:107BF800000301D0FDF706F81037BD4680BD00BF71
:107C080018000020149D002080B582B000AF034604
:107C18003960FB71FB791846FFF7D0FFFB791846EE
:107C28000837BD4680BDF8F747BB80B500AFFFF702
:107C38006BFD00BF80BD0000DFF834D000F026F8EF
:107C4800002103E00B4B5B58435004310A480B4BAF
:107C580042189A42F6D30A4A02E0002342F8043B4B
:107C6800084B9A42F9D307F0B9FCFFF791FDFEE7FC
:107C780000000C2090370108000000207000002050
:107C880070000020A0A00220FEE7000080B400AF32
:107C9800184BD3F88830174A43F47003C2F8883079
:107CA800154B01221A60144B0022DA61124B002294
:107CB8001A62114B00225A620F4B1B680E4A23F0BE
:107CC800A85323F4102313600B4B00229A620A4B2B
:107CD8001B68094A23F480231360074B00221A65A6
:107CE800044B4FF000629A6000BFBD465DF8047B0C
:107CF800704700BF00ED00E0000C024680B500AF01
:107D0800032000F053F801F01BFC02460C4B1B6AE1
:107D180003F00F030B49CB5C22FA03F30A4A136002
:107D2800042000F04FF80020FFF754FD0346002B15
:107D380001D0012302E0FFF759FD0023184680BD5A
:107D4800000C0246443301086800002080B400AFEC
:107D5800034B1B681846BD465DF8047B704700BF9F
:107D68009C9D002080B485B000AF78607B6803F0EC
:107D78000703BB600C4BDB68FB60FA684FF6FF0338
:107D88001340FB60BB681A02FB68134343F0BF63F0
:107D980043F40033FB60044AFB68D36000BF143728
:107DA800BD465DF8047B704700ED00E080B582B009
:107DB80000AF78607868FFF7D5FF00BF0837BD4689
:107DC80080BD000080B483B000AF78607B68042B6E
:107DD80044D801A252F823F0037E0008217E00084F
:107DE800437E0008657E0008F57D00081F4B1B6870
:107DF8001E4A43F00403136031E01C4B1B681B4A06
:107E080023F0040313601A4BD3F8E030184A23F424
:107E18004003C2F8E03022E0144B1B68134A23F0F9
:107E280004031360124BD3F8E03023F44003104AE4
:107E380043F48003C2F8E03011E00C4B1B680B4A96
:107E480023F0040313600A4BD3F8E03023F4400313
:107E5800074A43F40003C2F8E03000E000BF00BF67
:107E68000C37BD465DF8047B704700BF10E000E0AA
:107E7800000C024680B489B000AF786039600023F6
:107E88007B617B68BB61BAE13B681A6801217B6949
:107E980001FA03F31340FB617B693B61FB69002B2B
:107EA80000F0AA817B68554A93425DD17B681B68C4
:107EB800FB6001227B6902FA03F3DB43FA68134093
:107EC800FB603B685B6803F001027B6902FA03F31D
:107ED800FA681343FB607B68FA681A60484A7B6952
:107EE80052F83330BB61464A7B69DB0013445B6858
:107EF8003B613B69DA08BB69083253F82230FB6002
:107F08003B6903F007039B000F2202FA03F3DB43EC
:107F1800FA681340FB603B6903F007039B000B22E0
:107F280002FA03F3FA681343FB603B69DA08BB699A
:107F38000832F96843F82210BB691B68FB603B698B
:107F48005B00032202FA03F3DB43FA681340FB6089
:107F58003B695B00022202FA03F3FA681343FB60F1
:107F6800BB69FA681A6067E03B685B68022B03D05C
:107F78003B685B68122B45D17B69DA087B6808325D
:107F880053F82230FB607B6903F007039B000F2244
:107F980002FA03F3DB43FA681340FB603B681B6992
:107FA80003F00F027B6903F007039B0002FA03F357
:107FB800FA681343FB607B69DA087B680832F96862
:107FC80043F82210BB691B68FB603B695B00032216
:107FD80002FA03F3DB43FA681340FB603B685B6813
:107FE80003F003023B695B0002FA03F3FA681343E8
:107FF800FB60BB69FA681A601EE000BF0000024619
:108008009C330108BB691B68FB603B695B0003226A
:1080180002FA03F3DB43FA681340FB603B685B68D2
:1080280003F003023B695B0002FA03F3FA681343A7
:10803800FB60BB69FA681A603B685B68012B0BD070
:108048003B685B68022B07D03B685B68112B03D049
:108058003B685B68122B30D1BB699B68FB603B694E
:108068005B00032202FA03F3DB43FA681340FB6068
:108078003B68DA683B695B0002FA03F3FA6813436A
:10808800FB60BB69FA689A60BB695B68FB600122A8
:108098003B6902FA03F3DB43FA681340FB603B6871
:1080A8005B681B0903F001023B6902FA03F3FA68F3
:1080B8001343FB60BB69FA685A603B685B68032B33
:1080C80017D0BB69DB68FB603B695B00032202FADF
:1080D80003F3DB43FA681340FB603B689A683B692B
:1080E8005B0002FA03F3FA681343FB60BB69FA68A2
:1080F800DA603B685B6803F08053002B7CD0474A0A
:108108007B699B08183352F82330FB607B6903F0C6
:108118000303DB000F2202FA03F3DB43FA68134080
:10812800FB607B689A0A3E4B13407A6902F00302AF
:10813800D2009340FA681343FB6038497B699B0877
:108148001833FA6841F82320344B1B68FB60FB693D
:10815800DB43FA681340FB603B685B6803F48013F9
:10816800002B03D0FA68FB691343FB602B4AFB68BA
:1081780013602A4B5B68FB60FB69DB43FA681340BA
:10818800FB603B685B6803F40013002B03D0FA68BC
:10819800FB691343FB60214AFB6853601F4BD3F80C
:1081A8008430FB60FB69DB43FA681340FB603B6883
:1081B8005B6803F40033002B03D0FA68FB691343B0
:1081C800FB60164AFB68C2F88430144BD3F8803041
:1081D800FB60FB69DB43FA681340FB603B685B6844
:1081E80003F48033002B03D0FA68FB691343FB6068
:1081F8000A4AFB68C2F880307B6901337B613B68BF
:108208001A687B6922FA03F3002B7FF43DAE00BFA6
:1082180000BF2437BD465DF8047B70470020024646
:108228007F7F2F0080B485B000AF78600023FB7398
:108238000B4B1B6803F00103002B02D00123FB73D7
:1082480007E0074B1B6823F0040205497B681343CA
:108258000B60FB7B18461437BD465DF8047B7047FE
:108268000004034080B400AF054B1B68044A43F088
:108278000103136000231846BD465DF8047B704770
:108288000004034080B485B000AF7860394BDB6BE5
:1082980003F44033FB60FA687B689A420BD17B6831
:1082A800B3F5803F05D9334BDB68324A43F480236A
:1082B800D360002357E07B68B3F5803F0AD92D4B84
:1082C800DB6823F4E0227B6813432A4A43F48023C3
:1082D800D36007E0274BDB6823F4E02225497B685D
:1082E8001343CB60244B1B68244AA2FB03239B093E
:1082F800322202FB03F3214AA2FB03239B09013329
:10830800BB6002E0BB68013BBB601A4BDB6803F44F
:108318000043002B02D1BB68002BF3D1BB68002BB4
:108328001BD0154B1B68154AA2FB03239B0932225D
:1083380002FB03F3114AA2FB03239B090133BB6031
:1083480002E0BB68013BBB600A4BDB6B03F40043F4
:10835800002B02D1BB68002BF3D1BB68002B01D1E5
:10836800032300E0002318461437BD465DF8047B5C
:10837800704700BF0008024668000020D34D621015
:1083880080B400AF044BDB6B03F440331846BD46A2
:108398005DF8047B704700BF0008024680B400AF58
:1083A800054BDB6A044A43F00103D36200BFBD46B4
:1083B8005DF8047B704700BF0008024680B58EB0A8
:1083C80000AF78600023FB737B68002B02D1012388
:1083D80000F0BDBE974BDB6903F00C033B62954B85
:1083E8009B6A03F003037B627B681B6803F010033E
:1083F800002B00F069813B6A002B07D03B6A0C2BED
:1084080040F0DB807B6A012B40F0D7807B68DB691A
:10841800002B02D1012300F09ABE7B685A6A854B73
:108428009B6803F40003002B04D0824B9B6803F085
:10843800704305E07F4BD3F8F4301B0403F070431E
:10844800934255D23B6A002B0AD17B685B6A184677
:1084580001F0CEF90346002B02D0012300F077BECD
:10846800744B9B68734A43F400039360714B9B6899
:1084780023F070427B685B6A6E4913438B607B68AC
:108488005B6AB3F1404F09D36A4BDB6823F01F02E4
:108498007B681B6A67491343CB607EE07B685B6A35
:1084A800002B0ADA634BDB6823F478727B681B6A5B
:1084B8005B0160491343CB606FE07B685B6AB3F193
:1084C800804F0AD35B4BDB6823F4F8427B681B6A56
:1084D8009B0258491343CB605FE0564BDB6823F49B
:1084E80078227B681B6ADB0352491343CB6054E054
:1084F800504B9B684F4A43F4000393604D4B9B6875
:1085080023F070427B685B6A4A4913438B607B683F
:108518005B6AB3F1404F09D3464BDB6823F01F0277
:108528007B681B6A43491343CB6028E07B685B6A1E
:10853800002B0ADA3F4BDB6823F478727B681B6AEE
:108548005B013C491343CB6019E07B685B6AB3F17C
:10855800804F0AD3374BDB6823F4F8427B681B6AE9
:108568009B0234491343CB6009E0324BDB6823F4A8
:1085780078227B681B6ADB032E491343CB603B6A76
:10858800002B0AD17B685B6A184601F031F9034673
:10859800002B02D0012300F0DABD01F0D3F8264BFE
:1085A8001B681846FFF716F90346FB74FB7C002B83
:1085B80000F08980FB7C00F0CABD7B68DB69002B7A
:1085C80066D01C4B1B681B4A43F001031360FFF77E
:1085D800BDFBB86209E0FFF7B9FB0246BB6AD31AD4
:1085E800022B02D9032300F0B2BD124B1B6803F023
:1085F8000403002BEFD00F4B9B680E4A43F4000393
:1086080093600C4B9B6823F070427B685B6A094956
:1086180013438B607B685B6AB3F1404F0ED3054B05
:10862800DB6823F01F027B681B6A02491343CB6097
:108638004AE000BF000C02466C0000207B685B6AC1
:10864800002B0ADA984BDB6823F478727B681B6A84
:108658005B0195491343CB6036E07B685B6AB3F1F5
:10866800804F0AD3904BDB6823F4F8427B681B6A7F
:108678009B028D491343CB6026E08B4BDB6823F4C8
:1086880078227B681B6ADB0387491343CB601BE0B6
:10869800854B1B68844A23F001031360FFF756FBE0
:1086A800B86209E0FFF752FB0246BB6AD31A022BF5
:1086B80002D9032300F04BBD7B4B1B6803F0040376
:1086C800002BEFD100E000BF7B681B6803F00103BB
:1086D800002B00F08B803B6A082B05D03B6A0C2BE3
:1086E80009D17B6A032B06D17B685B68002B7DD19F
:1086F800012300F02CBD7B685B68B3F5803F06D191
:10870800694B1B68684A43F48033136041E07B6817
:108718005B68B3F5A02F12D1634B1B68624A43F420
:1087280080231360604B1B685F4A23F48013136037
:108738005D4B1B685C4A43F48033136029E07B6817
:108748005B68B3F5A81F12D1574B1B68564A43F410
:1087580080231360544B1B68534A43F480131360FF
:10876800514B1B68504A43F48033136011E04E4B61
:108778001B684D4A23F4803313604B4B1B684A4AED
:1087880023F480231360484B1B68474A23F4801363
:1087980013607B685B68002B14D0FFF7D7FAB862C8
:1087A80009E0FFF7D3FA0246BB6AD31A642B02D951
:1087B800032300F0CCBC3C4B1B6803F40033002BB4
:1087C800EFD013E0FFF7C2FAB86209E0FFF7BEFA8C
:1087D8000246BB6AD31A642B02D9032300F0B7BC44
:1087E800314B1B6803F40033002BEFD17B681B6807
:1087F80003F00203002B5FD03B6A042B05D03B6AD1
:108808000C2B14D17B6A022B11D17B68DB68002BFF
:1088180002D1012300F09BBC234B1B6923F4F812FF
:108828007B681B691B04204913430B6144E07B6888
:10883800DB68002B24D01C4B1B681B4A43F4807355
:108848001360FFF783FAB86209E0FFF77FFA024680
:10885800BB6AD31A022B02D9032300F078BC124B4F
:108868001B6803F48063002BEFD00F4B1B6923F4C4
:10887800F8127B681B691B040B4913430B611BE04F
:10888800094B1B68084A23F480731360FFF75EFAEC
:10889800B8620BE0FFF75AFA0246BB6AD31A022BFA
:1088A80004D9032300F053BC000C0246AD4B1B68EF
:1088B80003F48063002BEDD17B681B6803F0080389
:1088C800002B00F0C58000233B74A64BD3F89430EE
:1088D80003F00403002B10D1A24BD3F89430A14A23
:1088E80043F00403C2F894309E4BD3F8943003F05D
:1088F80004037B617B6901233B749B4B9B6A03F0F8
:108908000103002B19D1984B9B6A974A43F0010346
:108918009362FFF71BFAB86209E0FFF717FA0246FD
:10892800BB6AD31A022B02D9032300F010BC8E4B6A
:108938009B6A03F00103002BEFD07B685B69002B77
:108948005FD0884BD3F8F030FB627B689A69FB6A8A
:1089580003F080539A4237D0FB6A03F00063002B80
:1089680006D0FB6A03F08063002B01D10123EEE3FC
:10897800FB6A03F08063002B1BD07A4BD3F8F030EE
:10898800784A23F0A053C2F8F030FFF7DFF9B86255
:1089980008E0FFF7DBF90246BB6AD31A052B01D9B9
:1089A8000323D4E36F4BD3F8F03003F00063002BBC
:1089B800EFD16C4BD3F8F03023F080527B689B6981
:1089C80068491343C1F8F030664BD3F8F030654A74
:1089D80043F08063C2F8F030FFF7B8F9B86208E0F6
:1089E800FFF7B4F90246BB6AD31A052B01D9032352
:1089F800ADE35C4BD3F8F03003F00063002BEFD00D
:108A08001BE0584BD3F8F030564A23F0A053C2F875
:108A1800F030FFF79BF9B86208E0FFF797F90246D4
:108A2800BB6AD31A052B01D9032390E34D4BD3F826
:108A3800F03003F00063002BEFD13B7C012B07D112
:108A4800484BD3F89430474A23F00403C2F89430D3
:108A58007B681B6803F00403002B00F00F810023E0
:108A68007B74404BD3F8943003F00403002B10D1EF
:108A78003C4BD3F894303B4A43F00403C2F894309B
:108A8800384BD3F8943003F00403BB61BB6901236E
:108A98007B74354B9B6A03F00103002B18D1324BD2
:108AA8009B6A314A43F001039362FFF74FF9B862BA
:108AB80008E0FFF74BF90246BB6AD31A022B01D92B
:108AC800032344E3284B9B6A03F00103002BF0D0F7
:108AD8007B689B6803F00103002B1FD07B689B68B1
:108AE80003F00403002B10D01E4BD3F8F0301D4ABE
:108AF80043F00403C2F8F0301A4BD3F8F030194AA7
:108B080043F00103C2F8F03018E0164BD3F8F03008
:108B1800144A43F00103C2F8F0300FE0114BD3F8C8
:108B2800F030104A23F00103C2F8F0300D4BD3F8AF
:108B3800F0300C4A23F00403C2F8F0307B689B68DD
:108B4800002B58D0FFF702F9B8620FE0FFF7FEF8E4
:108B58000246BB6AD31A41F28832934206D90323EC
:108B6800F5E200BF000C0246000802469C4BD3F811
:108B7800F03003F00203002BE8D07B689B6803F019
:108B88008003002B1BD0964BD3F8F030944A43F067
:108B98008003C2F8F0300AE0FFF7D8F80246BB6A53
:108BA800D31A41F28832934201D90323CFE28C4B86
:108BB800D3F8F03003F40063002BEDD053E0884B7A
:108BC800D3F8F030864A23F08003C2F8F0300AE088
:108BD800FFF7BCF80246BB6AD31A41F288329342C7
:108BE80001D90323B3E27E4BD3F8F03003F40063DA
:108BF800002BEDD137E0FFF7A9F8B8620AE0FFF7DC
:108C0800A5F80246BB6AD31A41F28832934201D9C9
:108C180003239CE2724BD3F8F03003F00203002BDD
:108C2800EDD16F4BD3F8F03003F08003002B1AD04E
:108C38006B4BD3F8F0306A4A23F08003C2F8F03067
:108C48000AE0FFF783F80246BB6AD31A41F288327A
:108C5800934201D903237AE2614BD3F8F03003F44D
:108C68000063002BEDD17B7C012B07D15C4BD3F843
:108C780094305B4A23F00403C2F894307B681B6885
:108C880003F02003002B36D07B68DB6A002B19D059
:108C9800534B1B68524A43F480531360FFF756F84E
:108CA800B86208E0FFF752F80246BB6AD31A022BF3
:108CB80001D903234BE24A4B1B6803F40053002BF2
:108CC800F0D018E0464B1B68454A23F480531360E4
:108CD800FFF73CF8B86208E0FFF738F80246BB6ACD
:108CE800D31A022B01D9032331E23D4B1B6803F44D
:108CF8000053002BF0D17B681B6803F08003002B26
:108D080036D07B681B6B002B19D0354B1B68344A57
:108D180043F480431360FFF719F8B86208E0FFF7DF
:108D280015F80246BB6AD31A022B01D903230EE2B7
:108D38002B4B1B6803F40043002BF0D018E0284BA2
:108D48001B68274A23F480431360FEF7FFFFB862CD
:108D580008E0FEF7FBFF0246BB6AD31A022B01D9D3
:108D68000323F4E11E4B1B6803F40043002BF0D1EE
:108D78007B681B6803F04003002B00F080807B6851
:108D88005B6B002B62D0164B9B68154A43F40003BB
:108D98009360134B9B6823F070627B689B6A104951
:108DA80013438B607B685B6AB3F1404F09D30C4B6C
:108DB800DB6823F01F027B681B6A09491343CB60F9
:108DC8002AE07B685B6A002B0CDA054BDB6823F42E
:108DD80078727B681B6A5B0101491343CB601BE017
:108DE800000C02467B685B6AB3F1804F0AD39F4B45
:108DF800DB6823F4F8427B681B6A9B029B49134398
:108E0800CB6009E0994BDB6823F478227B681B6A06
:108E1800DB0396491343CB60944B1B68934A43F09A
:108E280010031360FEF792FFB86208E0FEF78EFFAA
:108E38000246BB6AD31A022B01D9032387E18B4B65
:108E48001B6803F02003002BF0D018E0874B1B6849
:108E5800864A23F010031360FEF778FFB86208E033
:108E6800FEF774FF0246BB6AD31A022B01D903230B
:108E78006DE17E4B1B6803F02003002BF0D17B686B
:108E88009B6B002B00F062810023BB74774BDB697E
:108E980003F00C030C2B00F0EF807B689B6B022B1C
:108EA80040F0C180714B1B68704A23F080731360D7
:108EB800FEF74CFFB86208E0FEF748FF0246BB6ABF
:108EC800D31A022B01D9032341E1684B1B6803F035
:108ED8000073002BF0D1654BD3F8943003F00403F2
:108EE800002B10D1614BD3F89430604A43F004034F
:108EF800C2F894305D4BD3F8943003F00403FB615F
:108F0800FB690123BB745A4BDB6803F48023B3F578
:108F1800802F01D10123FB73554BDB68544A23F49E
:108F28008023D360514B9B6A23F47F4323F00303D0
:108F38007A68D16B7A68126C013A120211437A6826
:108F4800526C0A43494913438B62484B5A6B494B4D
:108F580013407A68926C013AC2F308017A68D26CBD
:108F6800013A520292B211437A68126D013A120420
:108F780002F4FE0211437A68526D013A120602F0B9
:108F8800FE420A43394913434B63384B9B6A374ABD
:108F980023F0100393627B68DB6D344ADB00936334
:108FA800324B9B6A314A43F0100393622F4B9B6A02
:108FB80023F00C027B689B6D2C4913438B62FB7B6F
:108FC800012B05D12A4BDB68294A43F48023D3605F
:108FD800BB7C012B07D1254BD3F89430234A23F0CF
:108FE8000403C2F89430214B1B68204A43F0807375
:108FF8001360FEF7ABFEB86208E0FEF7A7FE024674
:10900800BB6AD31A022B01D90323A0E0174B1B68B4
:1090180003F00073002BF0D0144B9B6A134A43F4FF
:109028008023936292E0114B1B68104A23F08073EF
:109038001360FEF78BFEB86208E0FEF787FE024673
:10904800BB6AD31A022B01D9032380E0074B1B68A4
:1090580003F00073002BF0D1044B9B6A034A23F4FE
:10906800E02323F00303936270E000BF000C024684
:109078000008024600008080374B9B6A3B63364BF2
:109088005B6B7B637B689B6B012B39D03B6B03F07D
:1090980003027B68DB6B9A4232D13B6B1B0A03F0FD
:1090A8000F027B681B6C013B9A4229D13B6B03F48E
:1090B80070427B685B6C9A4222D17B6BC3F30802D7
:1090C8007B689B6C013B9A421AD17B6B5B0A03F06D
:1090D8007F027B68DB6C013B9A4211D17B6B1B0CD6
:1090E80003F07F027B681B6D013B9A4208D17B6BC2
:1090F8001B0E03F07F027B685B6D013B9A4201D037
:10910800012324E0144B9B6BDB08C3F30C027B6840
:10911800DB6D9A421AD0104B9B6A0F4A23F010035A
:109128009362FEF713FEB86200BFFEF70FFE024619
:10913800BB6A9342F9D07B68DB6D074ADB00936317
:10914800054B9B6A044A43F01003936200231846B8
:109158003837BD4680BD00BF000C024680B586B0DA
:1091680000AF786039607B68002B01D10123D9E119
:109178009B4B1B6803F00F033A689A4210D9984B2F
:109188001B6823F00F0296493B6813430B60944B0E
:109198001B6803F00F033A689A4201D00123C1E12A
:1091A8007B681B6803F01003002B10D07B685A699A
:1091B8008C4B5B6A03F070039A4208D9894B5B6A4F
:1091C80023F070027B685B69864913434B627B68B6
:1091D8001B6803F00803002B12D07B681A69814BC7
:1091E8001B6A1B0903F070039A4209D97D4B1B6A5D
:1091F80023F4E0627B681B691B017A4913430B6205
:109208007B681B6803F00403002B10D07B68DA68C6
:10921800744B1B6A03F070039A4208D9714B1B6A9E
:1092280023F070027B68DB686E4913430B627B682E
:109238001B6803F00203002B10D07B689A68694B07
:109248001B6A03F00F039A4208D9664B1B6A23F086
:109258000F027B689B68634913430B627B681B683A
:1092680003F00103002B00F0D2800023BB737B685E
:109278005B68032B43D15B4BD3F8943003F00403B2
:10928800002B10D1574BD3F89430564A43F00403BF
:10929800C2F89430534BD3F8943003F004033B6185
:1092A8003B690123BB73FEF751FD78614E4BDB68C8
:1092B80003F48023002B0FD008E0FEF747FD024699
:1092C8007B69D31A022B01D903232BE1464BDB68B8
:1092D80003F48043002BF0D0BB7B012B07D1414B1B
:1092E800D3F894303F4A23F00403C2F894303D4B3E
:1092F8001B6803F00073002B21D1012312E17B6866
:109308005B68022B07D1374B1B6803F40033002B33
:1093180015D1012306E17B685B68002B07D1314B2F
:109328001B6803F00403002B09D10123FAE02D4B3D
:109338001B6803F48063002B01D10123F2E0294B61
:10934800DB6923F003027B685B6826491343CB6122
:10935800FEF7FCFC78617B685B68032B12D10AE09E
:10936800FEF7F4FC02467B69D31A41F28832934235
:1093780001D90323D6E01B4BDB6903F00C030C2B4C
:10938800EED144E07B685B68022B12D10AE0FEF75D
:10939800DDFC02467B69D31A41F28832934201D937
:1093A8000323BFE00F4BDB6903F00C03082BEED15E
:1093B8002DE07B685B68002B23D10AE0FEF7C6FC32
:1093C80002467B69D31A41F28832934201D90323BA
:1093D800A8E0044BDB6903F00C03002BEED116E088
:1093E80000200240000C024600080246FEF7AEFCD0
:1093F80002467B69D31A41F28832934201D903238A
:1094080090E04A4BDB6903F00C03042BEED17B6838
:109418001B6803F00203002B10D07B689A68434B4B
:109428001B6A03F00F039A4208D2404B1B6A23F0D1
:109438000F027B689B683D4913430B623C4B1B68DA
:1094480003F00F033A689A4210D2394B1B6823F095
:109458000F0237493B6813430B60354B1B6803F019
:109468000F033A689A4201D001235BE07B681B68CE
:1094780003F00403002B10D07B68DA682B4B1B6ABF
:1094880003F070039A4208D2284B1B6A23F070023B
:109498007B68DB68254913430B627B681B6803F014
:1094A8000803002B12D07B681A69204B1B6A1B0922
:1094B80003F070039A4209D21C4B1B6A23F4E06242
:1094C8007B681B691B01194913430B627B681B6886
:1094D80003F01003002B10D07B685A69134B5B6AAA
:1094E80003F070039A4208D2104B5B6A23F07002B3
:1094F8007B685B690D4913434B6200F021F8024613
:109508000A4B1B6A03F00F030A49CB5C22FA03F3E8
:10951800094A1360094B1B681846FEF75BF90346B6
:10952800FB73FB7B18461837BD4680BD000C02460E
:109538000020024044330108680000206C0000202D
:1095480080B48BB000AF00233B6000237B60784B76
:10955800DB6903F00C03FB60754B9B6A03F00303A4
:109568003B61FB68002B05D0FB680C2B21D13B69C4
:10957800012B1ED16E4B9B6803F40003002B07D10F
:109588006B4BD3F8F4301B0B03F00F033B6005E083
:10959800674B9B681B0F03F00F033B60654A3B68F2
:1095A80052F823303B60FB68002B10D13B687B608E
:1095B8000DE05F4BDB6903F00C03042B02D15E4B1B
:1095C8007B6004E0FB68082B01D15B4B7B60FB6888
:1095D8000C2B40F0A580564B9B6A03F003037B617C
:1095E800534B9B6A1B0A03F00F030133BB61504BBB
:1095F8009B6A1B0903F00103FB614D4B9B6BDB0866
:10960800C3F30C03FA6902FB03F307EE903AF8EE92
:10961800677AC7ED087A7B69022B03D07B69032B35
:1096280022D043E0BB6907EE903AF8EE677ADFEDA7
:10963800436A86EEA77A3E4B5B6BC3F3080307EEDB
:10964800903AF8EE676A97ED086ADFED3D5AC6EE84
:10965800257A76EEA77AF7EE006A77EEA67A67EEB5
:10966800277AC7ED027A46E0BB6907EE903AF8EE32
:10967800677ADFED326A86EEA77A2D4B5B6BC3F310
:10968800080307EE903AF8EE676A97ED086ADFED8F
:109698002C5AC6EE257A76EEA77AF7EE006A77EEB0
:1096A800A67A67EE277AC7ED027A24E03B6807EED0
:1096B800903AF8EE676ABB6907EE903AF8EE677A77
:1096C80086EEA77A1A4B5B6BC3F3080307EE903A52
:1096D800F8EE676A97ED086ADFED195AC6EE257A43
:1096E80076EEA77AF7EE006A77EEA67A67EE277A23
:1096F800C7ED027A00BF0E4B5B6B1B0E03F07F03B6
:1097080001337B627B6A07EE903AB8EE677AD7ED51
:10971800026AC6EE877AFCEEE77A17EE903A7B602B
:109728007B6818462C37BD465DF8047B704700BF40
:10973800000C02465C3301080024F4000024744B3A
:109748000000004680B500AFFFF7FAFE0246074B5F
:109758001B6A03F00F030649CB5C22FA03F3054AA0
:109768001360044B1B68184680BD00BF000C0246FE
:10977800443301086800002080B500AFFFF7E2FF1E
:109788000246054B1B6A1B0903F007030349CB5C20
:1097980022FA03F3184680BD000C02465433010830
:1097A80080B500AFFFF7CEFF0246054B1B6A1B0AC8
:1097B80003F007030349CB5C22FA03F3184680BD84
:1097C800000C02465433010880B500AFFFF7BAFF1A
:1097D8000246054B5B6A1B0903F007030349CB5C90
:1097E80022FA03F3184680BD000C024654330108E0
:1097F80080B586B000AF78603E4BD3F8943003F064
:109808000403002B03D0FEF7BBFD386119E0394B88
:10981800D3F89430374A43F00403C2F89430354BF8
:10982800D3F8943003F00403FB60FB68FEF7A8FD4F
:109838003861304BD3F894302E4A23F00403C2F831
:1098480094303B69B3F5403F03D03B69B3F5003F23
:1098580009D17B68B3F1805F02D201237B6133E0D9
:1098680000237B6130E07B68B3F1805F08D23B69FD
:10987800B3F5803F02D103237B6125E0012335E066
:109888007B68B3F1005F0FD93B69002B09D17B6876
:10989800B3F1405F02D900237B6115E001237B61AE
:1098A80012E000237B610FE07B68B3F1805F09D190
:1098B8003B69B3F5803F02D101237B6104E00223B9
:1098C8007B6101E001237B610B4B1B6823F00F02D6
:1098D80009497B6913430B60074B1B6803F00F03AF
:1098E8007A699A4201D0012300E00023184618370C
:1098F800BD4680BD000C0246002002402DE9B04F55
:10990800BAB000AFC7F8D400002387F8D9300023D5
:1099180087F8DA30D7F8D430D3E9002302F001040D
:10992800002554EA05030BD0CB4BD3F8E03023F0E5
:109938000301D7F8D4301B6DC74A0B43C2F8E03097
:10994800D7F8D430D3E9002302F002084FF0000919
:1099580058EA09030BD0C04BD3F8E03023F00C01D0
:10996800D7F8D4305B6DBC4A0B43C2F8E030D7F867
:10997800D430D3E9002302F0040A4FF0000B5AEA6E
:109988000B030BD0B44BD3F8E03023F03001D7F8F9
:10999800D4309B6DB04A0B43C2F8E030D7F8D430CE
:1099A800D3E9002302F00803C7F8C8300023C7F83A
:1099B800CC30D7E932120B4613430BD0A64BD3F861
:1099C800E03023F0C001D7F8D430DB6DA24A0B4356
:1099D800C2F8E030D7F8D430D3E9002302F01003FE
:1099E800C7F8C0300023C7F8C430D7E930120B4697
:1099F80013430BD0984BD3F8E03023F44071D7F8D9
:109A0800D4301B6E944A0B43C2F8E030D7F8D430F8
:109A1800D3E9002302F02003C7F8B8300023C7F8C1
:109A2800BC30D7E92E120B4613430BD08A4BD3F820
:109A3800E83023F00701D7F8D4305B6E864A0B4331
:109A4800C2F8E830D7F8D430D3E9002302F0400355
:109A5800C7F8B0300023C7F8B430D7E92C120B464A
:109A680013430BD07C4BD3F8E03023F44061D7F894
:109A7800D4309B6E784A0B43C2F8E030D7F8D43024
:109A8800D3E9002302F08003C7F8A8300023C7F801
:109A9800AC30D7E92A120B4613430BD06E4BD3F8E0
:109AA800E03023F44051D7F8D430DB6E6A4A0B43D8
:109AB800C2F8E030D7F8D430D3E9002302F4807339
:109AC800C7F8A0300023C7F8A430D7E928120B46FE
:109AD80013430BD0604BD3F8E83023F0C001D7F81C
:109AE800D4301B6F5C4A0B43C2F8E830D7F8D43047
:109AF800D3E9002302F48003C7F898300023C7F89D
:109B08009C30D7E926120B4613430BD0524BD3F89F
:109B1800E03023F44041D7F8D4305B6F4E4A0B4312
:109B2800C2F8E030D7F8D430D3E9002302F4007348
:109B3800C7F890300023C7F89430D7E924120B46B1
:109B480013430BD0444BD3F8E83023F44061D7F8E3
:109B5800D4309B6F404A0B43C2F8E830D7F8D43072
:109B6800D3E9002302F48063C7F888300023C7F8DC
:109B78008C30D7E922120B4613430BD0364BD3F85F
:109B8800E03023F44021D7F8D430DB6F324A0B435E
:109B9800C2F8E030D7F8D430D3E9002302F40063E8
:109BA800C7F880300023C7F88430D7E920120B4665
:109BB80013430CD0284BD3F8E83023F44071D7F87E
:109BC800D430D3F88030244A0B43C2F8E830D7F8B1
:109BD800D430D3E9002302F40053BB670023FB67AA
:109BE800D7E91E120B4613434FD0D7F8D430D3F819
:109BF8009030802B2DD0802B27D8602B2ED0602B37
:109C080023D8402B06D0402B1FD8002B09D0202B5F
:109C180011D01AE0104B9B6A0F4A43F480339362C9
:109C28001DE0D7F8D4300833184602F027FA034667
:109C380087F8D93013E0D7F8D4302C33184602F01F
:109C4800B5FA034687F8D93009E0012387F8D930F7
:109C580005E000BF03E000BF000C024600BF97F814
:109C6800D930002B0DD1B64BD3F8E43023F0E00106
:109C7800D7F8D430D3F89030B14A0B43C2F8E43067
:109C880003E097F8D93087F8DA30D7F8D430D3E939
:109C9800002302F480433B6700237B67D7E91C124B
:109CA8000B46134353D0D7F8D430D3F89430B3F5D8
:109CB800806F33D0B3F5806F2CD8B3F5407F2FD0A9
:109CC800B3F5407F26D8B3F5007F08D0B3F5007F01
:109CD80020D8002B0AD0B3F5807F11D01AE0984B1A
:109CE8009B6A974A43F4803393621AE0D7F8D430DA
:109CF8000833184602F0C2F9034687F8D93010E055
:109D0800D7F8D4302C33184602F050FA034687F8B7
:109D1800D93006E0012387F8D93002E000BF00E01F
:109D280000BF97F8D930002B0DD1854BD3F8E4301C
:109D380023F4E061D7F8D430D3F89430804A0B4349
:109D4800C2F8E43003E097F8D93087F8DA30D7F86A
:109D5800D430D3E9002302F40043BB660023FB663A
:109D6800D7E91A120B46134346D0D7F8D430D3F8A4
:109D7800A830B3F5A04F28D0B3F5A04F21D8B3F53C
:109D8800804F22D0B3F5804F1BD8B3F5405F1CD06D
:109D9800B3F5405F15D8B3F5005F08D0B3F5005FA1
:109DA8000FD8002B11D0B3F5805F0ED009E0D7F89B
:109DB800D4300833184602F061F9034687F8D930E1
:109DC80004E0012387F8D93000E000BF97F8D930C4
:109DD800002B0DD15A4BD3F8E83023F4E041D7F8E3
:109DE800D430D3F8A830564A0B43C2F8E83003E021
:109DF80097F8D93087F8DA30D7F8D430D3E9002388
:109E080002F480333B6600237B66D7E918120B46C1
:109E180013433FD0D7F8D430D3F88830042B1ED85A
:109E280001A252F823F000BF6F9E0008459E00086B
:109E3800539E00086F9E00086F9E0008404B9B6A67
:109E48003F4A43F4803393620EE0D7F8D4302C3382
:109E5800184602F0ABF9034687F8D93004E001232D
:109E680087F8D93000E000BF97F8D930002B0DD122
:109E7800334BD3F8E43023F00701D7F8D430D3F8C4
:109E880088302F4A0B43C2F8E43003E097F8D93002
:109E980087F8DA30D7F8D430D3E9002302F4003356
:109EA800BB650023FB65D7E916120B4613434DD05B
:109EB800D7F8D430D3F88C30B3F5802F28D0B3F549
:109EC800802F21D8B3F5403F24D0B3F5403F1BD8AD
:109ED800B3F5003F0ED0B3F5003F15D8002B1BD0CB
:109EE800B3F5803F10D1164B9B6A154A43F4803373
:109EF800936212E0D7F8D4302C33184602F056F9A2
:109F0800034687F8D93008E0012387F8D93004E000
:109F180000BF02E000BF00E000BF97F8D930002B77
:109F280010D1074BD3F8E83023F4E021D7F8D43028
:109F3800D3F88C30024A0B43C2F8E83006E000BF81
:109F4800000C024697F8D93087F8DA30D7F8D430C1
:109F5800D3E9002302F480233B6500237B65D7E91E
:109F680014120B46134300F0B580002387F8DB304A
:109F78009D4BD3F8943003F00403002B13D19A4B74
:109F8800D3F89430984A43F00403C2F89430964BBF
:109F9800D3F8943003F00403C7F8DC30D7F8DC308A
:109FA800012387F8DB30914B9B6A904A43F0010309
:109FB8009362FDF7CBFEC7F8E4000BE0FDF7C6FEA1
:109FC8000246D7F8E430D31A022B03D9032387F8C3
:109FD800D93005E0854B9B6A03F00103002BEDD0D7
:109FE80097F8D930002B65D17F4BD3F8F03003F4C4
:109FF8004073C7F8E030D7F8E030002B23D0D7F80B
:10A00800D430D3F8C020D7F8E03093421BD0764B39
:10A01800D3F8F03023F44073C7F8E030724BD3F82C
:10A02800F030714A43F48033C2F8F0306E4BD3F805
:10A03800F0306D4A23F48033C2F8F0306A4AD7F81A
:10A04800E030C2F8F030D7F8E03003F00103002B1D
:10A0580019D0FDF77BFEC7F8E4000DE0FDF776FEAA
:10A068000246D7F8E430D21A41F288339A4203D92B
:10A07800032387F8D93006E05B4BD3F8F03003F0C0
:10A088000203002BEAD097F8D930002B0DD1564B9C
:10A09800D3F8F03023F44071D7F8D430D3F8C03077
:10A0A800514A0B43C2F8F03008E097F8D93087F8E6
:10A0B800DA3003E097F8D93087F8DA3097F8DB30F0
:10A0C800012B07D1484BD3F89430474A23F00403B7
:10A0D800C2F89430D7F8D430D3E9002302F48013BF
:10A0E800BB640023FB64D7E912120B46134342D02A
:10A0F800D7F8D430D3F8A030B3F1406F22D0B3F101
:10A10800406F1BD8B3F1006F11D0B3F1006F15D8B1
:10A11800002B19D0B3F1806F10D1D7F8D4300833A1
:10A12800184601F0ABFF034687F8D9300DE02E4BF7
:10A138009B6A2D4A43F40033936206E0012387F8B3
:10A14800D93002E000BF00E000BF97F8D930002BFB
:10A158000DD1254BD3F8E03023F04061D7F8D43047
:10A16800D3F8A030204A0B43C2F8E03003E097F858
:10A17800D93087F8DA30D7F8D430D3E9002302F49D
:10A1880000233B6400237B64D7E910120B4613437A
:10A1980032D0D7F8D430D3F89830B3F5005F0BD06D
:10A1A800B3F5005F04D8002B08D0B3F5805F07D063
:10A1B800012387F8D93004E000BF02E000BF00E0C7
:10A1C80000BF97F8D930002B12D1074BD3F8E430F1
:10A1D80023F44051D7F8D430D3F89830024A0B43CF
:10A1E800C2F8E43008E000BF000C0246000802464E
:10A1F80097F8D93087F8DA30D7F8D430D3E9002384
:10A2080002F48053BB630023FB63D7E90E120B46AD
:10A2180013430CD0984BD3F8E43023F40061D7F8FB
:10A22800D430D3F89C30944A0B43C2F8E430D7F8C2
:10A23800D430D3E9002302F400133B6300237B638B
:10A24800D7E90C120B46134319D0D7F8D430D3F8FA
:10A25800A430B3F5804F05D1874B9B6A864A43F4F7
:10A2680080339362844BD3F8E43023F48041D7F8E9
:10A27800D430D3F8A430804A0B43C2F8E430D7F87E
:10A28800D430D3E9002302F40003BB620023FB624D
:10A29800D7E90A120B4613430CD0774BD3F8E030BA
:10A2A80023F44012D7F8D430D3F8B43072491343AA
:10A2B800C1F8E030D7F8D430D3E9002302F0807336
:10A2C8003B6200237B62D7E908120B4613430CD08C
:10A2D800694BD3F8E03023F44032D7F8D430D3F8C0
:10A2E800B83065491343C1F8E030D7F8D430D3E922
:10A2F800002302F00073BB610023FB61D7E906125B
:10A308000B4613430CD05C4BD3F8E83023F018020B
:10A31800D7F8D430D3F8BC3057491343C1F8E830E4
:10A32800D7F8D430D3E9002302F080633B610023DF
:10A338007B61D7E904120B46134332D0D7F8D430E7
:10A34800D3F8B030B3F5001F05D14B4B9B6A4A4A8E
:10A3580043F400339362D7F8D430D3F8B030B3F570
:10A36800401F08D1D7F8D4300833184601F086FECC
:10A37800034687F8D93097F8D930002B0DD13E4BDA
:10A38800D3F8E43023F44012D7F8D430D3F8B030FF
:10A3980039491343C1F8E43003E097F8D93087F816
:10A3A800DA30D7F8D430D3E9002302F00063BB6079
:10A3B8000023FB60D7E902120B4613433AD0D7F8C3
:10A3C800D430D3F88430B3F1007F0ED0B3F1007FDE
:10A3D80015D8002B17D0B3F1807F10D1264B9B6A7C
:10A3E800254A43F4003393620EE0D7F8D43008339B
:10A3F800184601F043FE034687F8D93004E00123EC
:10A4080087F8D93000E000BF97F8D930002B0DD17C
:10A41800194BD3F8E03023F04072D7F8D430D3F892
:10A42800843015491343C1F8E03003E097F8D93078
:10A4380087F8DA30D7F8D430D3E9002302F0805314
:10A448003B6000237B60D7E900120B4613430CD016
:10A45800094BD3F8E83023F40042D7F8D430D3F8C6
:10A46800AC3005491343C1F8E83097F8DA3018469C
:10A47800E837BD46BDE8B08F000C024680B489B00D
:10A4880000AF7860A64B5B6BC3F30803FB60A44B7B
:10A498009B6A03F003033B61A14B9B6A1B0A03F011
:10A4A8000F0301337B619E4B9B6A1B0903F0010379
:10A4B800BB619B4B9B6BDB08C3F30C03BA6902FBC4
:10A4C80003F307EE903AF8EE677AC7ED077A3B692F
:10A4D800032B62D03B69032B00F281803B69012B7F
:10A4E80024D03B69022B7AD17B6907EE903AF8EECB
:10A4F800677ADFED8C6A86EEA77A894B5B6BC3F3CC
:10A50800080307EE903AF8EE676A97ED076ADFED01
:10A51800865AC6EE257A76EEA77AF7EE006A77EEC7
:10A52800A67A67EE277AC7ED027A8FE07C4B9B68A4
:10A5380003F40003002B05D0794B9B681B0F03F035
:10A548000F0306E0764BD3F8F4301B041B0F03F01F
:10A558000F03764A52F8233007EE903AF8EE676A0E
:10A568007B6907EE903AF8EE677A86EEA77AFB6881
:10A5780007EE903AF8EE676A97ED076ADFED6A5AD8
:10A58800C6EE257A76EEA77AF7EE006A77EEA67A17
:10A5980067EE277AC7ED027A58E07B6907EE903AB2
:10A5A800F8EE677ADFED5F6A86EEA77A5C4B5B6B45
:10A5B800C3F3080307EE903AF8EE676A97ED076A67
:10A5C800DFED595AC6EE257A76EEA77AF7EE006ADD
:10A5D80077EEA67A67EE277AC7ED027A36E0504B17
:10A5E8009B6803F40003002B05D04D4B9B681B0FA1
:10A5F80003F00F0306E04A4BD3F8F4301B041B0F9B
:10A6080003F00F03494A52F8233007EE903AF8EE68
:10A61800676A7B6907EE903AF8EE677A86EEA77A62
:10A62800FB6807EE903AF8EE676A97ED076ADFED88
:10A638003E5AC6EE257A76EEA77AF7EE006A77EEEE
:10A64800A67A67EE277AC7ED027A00BF344B9B6A79
:10A6580003F48033002B17D0314B5B6B5B0A03F09C
:10A668007F0307EE903AF8EE677AB7EE007A37EE96
:10A67800877AD7ED026AC6EE877AFCEEE77A17EE9C
:10A68800902A7B681A6002E07B6800221A60244BDB
:10A698009B6A03F40033002B17D0214B5B6B1B0C18
:10A6A80003F07F0307EE903AF8EE677AB7EE007A88
:10A6B80037EE877AD7ED026AC6EE877AFCEEE77A3C
:10A6C80017EE902A7B685A6002E07B6800225A6085
:10A6D800134B9B6A03F48023002B17D0104B5B6B42
:10A6E8001B0E03F07F0307EE903AF8EE677AB7EE99
:10A6F800007A37EE877AD7ED026AC6EE877AFCEEE3
:10A70800E77A17EE902A7B689A6002E07B6800225D
:10A718009A6000BF2437BD465DF8047B704700BFD0
:10A72800000C02460024744B000000465C3301080C
:10A7380080B489B000AF7860A64BDB6BC3F3080325
:10A74800FB60A44BDB6A03F003033B61A14BDB6AAC
:10A758001B0A03F00F0301337B619E4BDB6A1B0965
:10A7680003F00103BB619B4B1B6CDB08C3F30C03B9
:10A77800BA6902FB03F307EE903AF8EE677AC7ED81
:10A78800077A3B69032B62D03B69032B00F2818077
:10A798003B69012B24D03B69022B7AD17B6907EEF8
:10A7A800903AF8EE677ADFED8C6A86EEA77A894BE5
:10A7B800DB6BC3F3080307EE903AF8EE676A97ED90
:10A7C800076ADFED865AC6EE257A76EEA77AF7EEA7
:10A7D800006A77EEA67A67EE277AC7ED027A8FE0ED
:10A7E8007C4B9B6803F40003002B05D0794B9B68D6
:10A7F8001B0F03F00F0306E0764BD3F8F4301B046D
:10A808001B0F03F00F03764A52F8233007EE903AF5
:10A81800F8EE676A7B6907EE903AF8EE677A86EE9B
:10A82800A77AFB6807EE903AF8EE676A97ED076A31
:10A83800DFED6A5AC6EE257A76EEA77AF7EE006A59
:10A8480077EEA67A67EE277AC7ED027A58E07B6939
:10A8580007EE903AF8EE677ADFED5F6A86EEA77A40
:10A868005C4BDB6BC3F3080307EE903AF8EE676ABC
:10A8780097ED076ADFED595AC6EE257A76EEA77A84
:10A88800F7EE006A77EEA67A67EE277AC7ED027AC6
:10A8980036E0504B9B6803F40003002B05D04D4B6A
:10A8A8009B681B0F03F00F0306E04A4BD3F8F43004
:10A8B8001B041B0F03F00F03494A52F8233007EE1D
:10A8C800903AF8EE676A7B6907EE903AF8EE677A95
:10A8D80086EEA77AFB6807EE903AF8EE676A97ED7E
:10A8E800076ADFED3E5AC6EE257A76EEA77AF7EECE
:10A8F800006A77EEA67A67EE277AC7ED027A00BF7C
:10A90800344BDB6A03F48033002B17D0314BDB6BFD
:10A918005B0A03F07F0307EE903AF8EE677AB7EE2A
:10A92800007A37EE877AD7ED026AC6EE877AFCEEB0
:10A93800E77A17EE902A7B681A6002E07B680022AB
:10A948001A60244BDB6A03F40033002B17D0214B29
:10A95800DB6B1B0C03F07F0307EE903AF8EE677A87
:10A96800B7EE007A37EE877AD7ED026AC6EE877AB5
:10A97800FCEEE77A17EE902A7B685A6002E07B6863
:10A9880000225A60134BDB6A03F48023002B17D094
:10A99800104BDB6B1B0E03F07F0307EE903AF8EECB
:10A9A800677AB7EE007A37EE877AD7ED026AC6EE95
:10A9B800877AFCEEE77A17EE902A7B689A6002E0C5
:10A9C8007B6800229A6000BF2437BD465DF8047B8F
:10A9D800704700BF000C02460024744B000000467C
:10A9E8005C33010880B489B000AF7860A64B5B6C1B
:10A9F800C3F30803FB60A44B1B6B03F003033B6129
:10AA0800A14B1B6B1B0A03F00F0301337B619E4BA9
:10AA18001B6B1B0903F00103BB619B4B9B6CDB08A1
:10AA2800C3F30C03BA6902FB03F307EE903AF8EE9E
:10AA3800677AC7ED077A3B69032B62D03B69032B22
:10AA480000F281803B69012B24D03B69022B7AD12B
:10AA58007B6907EE903AF8EE677ADFED8C6A86EE4E
:10AA6800A77A894B5B6CC3F3080307EE903AF8EEBC
:10AA7800676A97ED076ADFED865AC6EE257A76EEA5
:10AA8800A77AF7EE006A77EEA67A67EE277AC7ED1F
:10AA9800027A8FE07C4B9B6803F40003002B05D0FF
:10AAA800794B9B681B0F03F00F0306E0764BD3F836
:10AAB800F4301B041B0F03F00F03764A52F82330BF
:10AAC80007EE903AF8EE676A7B6907EE903AF8EE7F
:10AAD800677A86EEA77AFB6807EE903AF8EE676A1F
:10AAE80097ED076ADFED6A5AC6EE257A76EEA77A01
:10AAF800F7EE006A77EEA67A67EE277AC7ED027A54
:10AB080058E07B6907EE903AF8EE677ADFED5F6A06
:10AB180086EEA77A5C4B5B6CC3F3080307EE903AAA
:10AB2800F8EE676A97ED076ADFED595AC6EE257A9F
:10AB380076EEA77AF7EE006A77EEA67A67EE277ABE
:10AB4800C7ED027A36E0504B9B6803F40003002BF4
:10AB580005D04D4B9B681B0F03F00F0306E04A4BD3
:10AB6800D3F8F4301B041B0F03F00F03494A52F8C3
:10AB7800233007EE903AF8EE676A7B6907EE903A61
:10AB8800F8EE677A86EEA77AFB6807EE903AF8EE59
:10AB9800676A97ED076ADFED3E5AC6EE257A76EECC
:10ABA800A77AF7EE006A77EEA67A67EE277AC7EDFE
:10ABB800027A00BF344B1B6B03F48033002B17D091
:10ABC800314B5B6C5B0A03F07F0307EE903AF8EEBB
:10ABD800677AB7EE007A37EE877AD7ED026AC6EE63
:10ABE800877AFCEEE77A17EE902A7B681A6002E013
:10ABF8007B6800221A60244B1B6B03F40033002B84
:10AC080017D0214B5B6C1B0C03F07F0307EE903AC7
:10AC1800F8EE677AB7EE007A37EE877AD7ED026AF0
:10AC2800C6EE877AFCEEE77A17EE902A7B685A60C0
:10AC380002E07B6800225A60134B1B6B03F48023ED
:10AC4800002B17D0104B5B6C1B0E03F07F0307EE35
:10AC5800903AF8EE677AB7EE007A37EE877AD7ED52
:10AC6800026AC6EE877AFCEEE77A17EE902A7B68CE
:10AC78009A6002E07B6800229A6000BF2437BD46D4
:10AC88005DF8047B704700BF000C02460024744B3B
:10AC9800000000465C33010880B58EB000AFC7E9FC
:10ACA80000019A4B1B687B634FF00003D7E9002330
:10ACB800A2F580210B4345D1954BD3F8F03003F42E
:10ACC8004073FB60924BD3F8F03003F00203022B81
:10ACD80008D1FB68B3F5807F04D14FF40043BB6013
:10ACE80001F0B3B98A4BD3F8F03003F00063B3F145
:10ACF800006F14D1FB68B3F5007F10D1844BD3F8F3
:10AD0800F03003F08053B3F1805F03D1FA23BB60C6
:10AD180001F09BB94FF4FA43BB6001F096B97C4B44
:10AD28001B6803F40033B3F5003F07D1FB68B3F5A4
:10AD3800407F03D1774BBB6001F087B90023BB602C
:10AD480001F083B9D7E90023A2F500510B4351D193
:10AD58006F4BD3F8E43003F0E003FB60FB68802B13
:10AD680035D0FB68802B41D8FB68602B2AD0FB6864
:10AD7800602B3BD8FB68402B09D0FB68402B35D8AB
:10AD8800FB68002B0CD0FB68202B12D02EE007F1BB
:10AD980010031846FFF772FB3B69BB6001F055B919
:10ADA80007F11C031846FFF7C3FCFB69BB6001F001
:10ADB8004CB907F128031846FFF714FEBB6ABB60BD
:10ADC80001F043B94BF68033BB6001F03EB9504BFC
:10ADD8001B6803F48063B3F5806F03D14E4BBB60EF
:10ADE80001F033B90023BB6001F02FB90023BB6029
:10ADF80001F02BB9D7E90023A2F580410B4358D1C4
:10AE0800434BD3F8E43003F4E063FB60FB68B3F52D
:10AE1800806F3BD0FB68B3F5806F46D8FB68B3F50D
:10AE2800407F2ED0FB68B3F5407F3ED8FB68B3F572
:10AE3800007F0BD0FB68B3F5007F36D8FB68002B8A
:10AE48000DD0FB68B3F5807F12D02EE007F1100318
:10AE58001846FFF713FB3B69BB6001F0F6B807F132
:10AE68001C031846FFF764FCFB69BB6001F0EDB8F2
:10AE780007F128031846FFF7B5FDBB6ABB6001F070
:10AE8800E4B84BF68033BB6001F0DFB8204B1B6899
:10AE980003F48063B3F5806F03D11F4BBB6001F0EF
:10AEA800D4B80023BB6001F0D0B80023BB6001F028
:10AEB800CCB8D7E90023A2F580510B4330D1144B0D
:10AEC800D3F8E43003F40063FB60114B1B6803F410
:10AED8008063B3F5806F06D1FB68002B03D10E4B5E
:10AEE800BB6001F0B2B80A4B1B6803F48063B3F58A
:10AEF800806F07D1FB68B3F5006F03D1074BBB60C8
:10AF080001F0A3B80023BB6001F09FB8180000202F
:10AF1800000C024620A107000024F40000127A0069
:10AF2800D7E90023A2F580110B4365D1A84BD3F8CC
:10AF3800E03003F04063FB60FB68B3F1406F34D04E
:10AF4800FB68B3F1406F53D8FB68B3F1006F0BD0C7
:10AF5800FB68B3F1006F4BD8FB68002B16D0FB6879
:10AF6800B3F1806F09D043E007F110031846FFF7EB
:10AF780085FA7B69BB6001F068B807F11C031846C5
:10AF8800FFF7D6FB3B6ABB6001F05FB8904B1B68CC
:10AF980003F40053B3F5005F03D18E4BBB6001F09F
:10AFA80054B80023BB6001F050B8894B1B6803F00C
:10AFB8002003202B18D1864B9B6803F40003002B39
:10AFC80005D0834B9B681B0E03F00F0306E0804BF4
:10AFD800D3F8F4301B041B0E03F00F037E4A52F81B
:10AFE8002330BB6001F031B80023BB6001F02DB8FD
:10AFF8000023BB6001F029B8D7E90023A2F50011AE
:10B008000B437FD1724BD3F8E43003F48043FB60E9
:10B01800FB68002B65D16E4BD3F8E03003F040633A
:10B02800FB60FB68B3F1406F34D0FB68B3F1406F4D
:10B0380053D8FB68B3F1006F0BD0FB68B3F1006F16
:10B048004BD8FB68002B16D0FB68B3F1806F09D092
:10B0580043E007F110031846FFF710FA7B69BB605D
:10B0680000F0F3BF07F11C031846FFF761FB3B6ACA
:10B07800BB6000F0EABF564B1B6803F40053B3F5FE
:10B08800005F03D1534BBB6000F0DFBF0023BB6000
:10B0980000F0DBBF4E4B1B6803F02003202B18D1B8
:10B0A8004B4B9B6803F40003002B05D0484B9B686F
:10B0B8001B0E03F00F0306E0454BD3F8F4301B04D6
:10B0C8001B0E03F00F03444A52F82330BB6000F014
:10B0D800BCBF0023BB6000F0B8BF0023BB6000F01A
:10B0E800B4BFFB68B3F5804F08D107F110031846C9
:10B0F800FFF7C4F93B69BB6000F0A7BF0023BB6042
:10B1080000F0A3BFD7E90023511E0B4336D1304BC3
:10B11800D3F8E03003F00303FB60FB68002B04D195
:10B12800FEF73EFBB86000F090BFFB68012B04D12E
:10B13800FEF706FAB86000F088BF254B1B6803F4D9
:10B148008063B3F5806F06D1FB68022B03D1234BD4
:10B15800BB6000F07ABF1E4BD3F8F03003F0020357
:10B16800022B07D1FB68032B04D14FF40043BB60CB
:10B1780000F06BBF0023BB6000F067BFD7E9002376
:10B18800911E0B433FD1124BD3F8E03003F00C0370
:10B19800FB60FB68002B04D1FEF7EEFAB86000F004
:10B1A80054BFFB68042B04D1FEF7CAF9B86000F05D
:10B1B8004CBF074B1B6803F48063B3F5806F0FD156
:10B1C800FB68082B0CD1054BBB6000F03EBF00BFED
:10B1D800000C0246006CDC025C3301080024F40019
:10B1E800AA4BD3F8F03003F00203022B07D1FB6817
:10B1F8000C2B04D14FF40043BB6000F026BF0023A2
:10B20800BB6000F022BFD7E90023111F0B4336D1E2
:10B218009E4BD3F8E03003F03003FB60FB68002B53
:10B2280004D1FEF7A9FAB86000F00FBFFB68102B35
:10B2380004D1FEF785F9B86000F007BF934B1B688F
:10B2480003F48063B3F5806F06D1FB68202B03D12C
:10B258008F4BBB6000F0F9BE8C4BD3F8F03003F095
:10B268000203022B07D1FB68302B04D14FF40043B3
:10B27800BB6000F0EABE0023BB6000F0E6BED7E981
:10B288000023A2F108010B4336D1804BD3F8E030FC
:10B2980003F0C003FB60FB68002B04D1FEF76CFAD7
:10B2A800B86000F0D2BEFB68402B04D1FEF748F925
:10B2B800B86000F0CABE754B1B6803F48063B3F531
:10B2C800806F06D1FB68802B03D1714BBB6000F007
:10B2D800BCBE6E4BD3F8F03003F00203022B07D14B
:10B2E800FB68C02B04D14FF40043BB6000F0ADBE37
:10B2F8000023BB6000F0A9BED7E90023A2F110012A
:10B308000B4339D1614BD3F8E03003F44073FB6051
:10B31800FB68002B04D1FEF72FFAB86000F095BE49
:10B32800FB68B3F5807F04D1FEF70AF9B86000F036
:10B338008CBE564B1B6803F48063B3F5806F07D14E
:10B34800FB68B3F5007F03D1514BBB6000F07DBEB5
:10B358004E4BD3F8F03003F00203022B08D1FB6800
:10B36800B3F5407F04D14FF40043BB6000F06DBEDD
:10B378000023BB6000F069BED7E90023A2F12001D9
:10B388000B4358D1414BD3F8E83003F00703FB6077
:10B39800FB68002B04D1FEF717FAB86000F055BE21
:10B3A800FB68012B04D1FEF7CBF8B86000F04DBE66
:10B3B800364B1B6803F48063B3F5806F06D1FB68D6
:10B3C800022B03D1324BBB6000F03FBE2F4BD3F8AA
:10B3D800F03003F00203022B07D1FB68032B04D1E2
:10B3E8004FF40043BB6000F030BE284B1B6803F0ED
:10B3F8002003202B1BD1FB68042B18D1234B9B68FF
:10B4080003F40003002B05D0204B9B681B0E03F0B0
:10B418000F0306E01D4BD3F8F4301B041B0E03F09A
:10B428000F031C4A52F82330BB6000F00EBE002305
:10B43800BB6000F00ABED7E90023A2F500410B4328
:10B4480073D1124BD3F8E83003F4E043FB60FB6898
:10B45800B3F5805F04D1FEF773F8B86000F0F5BD6E
:10B46800FB68B3F5005F08D107F11C031846FFF726
:10B478005FF97B6ABB6000F0E8BDFB68002B0BD16D
:10B48800FEF760F9B86000F0E0BD00BF000C0246AE
:10B498000024F4005C330108FB68B3F5A04F22D107
:10B4A800B04B1B6803F02003202B18D1AD4B9B68D1
:10B4B80003F40003002B05D0AA4B9B681B0E03F076
:10B4C8000F0306E0A74BD3F8F4301B041B0E03F060
:10B4D8000F03A54A52F82330BB6000F0B6BD002325
:10B4E800BB6000F0B2BD9F4B1B6803F40033B3F59B
:10B4F800003F07D1FB68B3F5405F03D19B4BBB60AE
:10B5080000F0A3BD974B1B6803F48063B3F5806F0D
:10B5180007D1FB68B3F5804F03D1944BBB6000F0B3
:10B5280094BD0023BB6000F090BDD7E90023A2F5CD
:10B5380080310B4359D18B4BD3F8E43003F0070328
:10B54800FB60FB68042B4CD801A252F823F000BF23
:10B5580091B500086DB500087FB500089BB50008D7
:10B56800A5B5000807F110031846FEF787FF3B69E9
:10B57800BB6000F06ABD07F128031846FFF732FAEE
:10B58800FB6ABB6000F061BDFEF7DCF8B86000F054
:10B598005CBD4BF68033BB6000F057BD714B1B6838
:10B5A80003F02003202B18D16E4B9B6803F4000393
:10B5B800002B05D06B4B9B681B0E03F00F0306E0B6
:10B5C800684BD3F8F4301B041B0E03F00F03664AD4
:10B5D80052F82330BB6000F038BD0023BB6000F098
:10B5E80034BD0023BB6000F030BDD7E90023A2F5CD
:10B5F80000310B4367D15B4BD3F8E83003F4E02309
:10B60800FB60FB68B3F5802F36D0FB68B3F5802F5D
:10B6180055D8FB68B3F5403F29D0FB68B3F5403FE8
:10B628004DD8FB68B3F5003F13D0FB68B3F5003F76
:10B6380045D8FB68002B15D0FB68B3F5803F3ED199
:10B6480007F110031846FEF719FF3B69BB6000F0CD
:10B65800FCBC07F128031846FFF7C4F9FB6ABB6076
:10B6680000F0F3BCFEF76EF8B86000F0EEBC4BF6E5
:10B678008033BB6000F0E9BC3A4B1B6803F0200341
:10B68800202B18D1374B9B6803F40003002B05D0FF
:10B69800344B9B681B0E03F00F0306E0314BD3F8C5
:10B6A800F4301B041B0E03F00F032F4A52F823300B
:10B6B800BB6000F0CABC0023BB6000F0C6BC00231E
:10B6C800BB6000F0C2BCD7E90023A2F140010B43E4
:10B6D80052D1244BD3F8E03003F44063FB60FB689D
:10B6E800002B04D1FEF748F8B86000F0AEBCFB6848
:10B6F800B3F5806F04D1FDF723FFB86000F0A5BC57
:10B70800184B1B6803F48063B3F5806F07D1FB689F
:10B71800B3F5006F03D1154BBB6000F096BC114B1D
:10B728001B6803F02003202B22D1FB68B3F5406F80
:10B738001ED10C4B9B6803F40003002B05D0094B6A
:10B748009B681B0E03F00F0306E0064BD3F8F4309A
:10B758001B041B0E03F00F03034A52F82330BB608F
:10B7680000F073BC000C02465C3301080024F400AE
:10B778000023BB6000F069BCD7E90023A2F1800177
:10B788000B434CD19E4BD3F8E03003F44053FB609D
:10B79800FB68002B04D1FDF7EFFFB86000F055BC43
:10B7A800FB68B3F5805F04D1FDF7CAFEB86000F00E
:10B7B8004CBC934B1B6803F48063B3F5806F07D1CF
:10B7C800FB68B3F5005F03D18E4BBB6000F03DBC56
:10B7D8008B4B1B6803F02003202B1CD1FB68B3F5AF
:10B7E800405F18D1864B9B6803F40003002B05D0FB
:10B7F800834B9B681B0E03F00F0306E0804BD3F8C6
:10B80800F4301B041B0E03F00F037F4A52F8233059
:10B81800BB6000F01ABC0023BB6000F016BCD7E97F
:10B828000023A2F580710B4351D1754BD3F8E83052
:10B8380003F0C003FB60FB68C02B24D0FB68C02B5F
:10B8480042D8FB68802B0DD0FB68802B3CD8FB6866
:10B85800002B03D0FB68402B11D035E0FDF7B4FF77
:10B86800B860F2E3664B1B6803F48063B3F5806F3E
:10B8780002D1644BBB60E8E30023BB60E5E3FDF75E
:10B888005FFEB860E1E35E4B1B6803F02003202BEA
:10B8980017D15B4B9B6803F40003002B05D0584B72
:10B8A8009B681B0E03F00F0306E0554BD3F8F430EA
:10B8B8001B041B0E03F00F03534A52F82330BB60DE
:10B8C800C3E30023BB60C0E30023BB60BDE3D7E94B
:10B8D8000023A2F580010B4347D1494BD3F8E03050
:10B8E80003F44043FB60FB68002B03D1FDF744FFE2
:10B8F800B860AAE3FB68B3F5804F03D1FDF720FEDB
:10B90800B860A2E33E4B1B6803F48063B3F5806F15
:10B9180006D1FB68B3F5004F02D13A4BBB6094E304
:10B92800374B1B6803F02003202B1BD1FB68B3F5B2
:10B93800404F17D1324B9B6803F40003002B05D00E
:10B948002F4B9B681B0E03F00F0306E02C4BD3F81C
:10B95800F4301B041B0E03F00F032B4A52F823305C
:10B96800BB6072E30023BB606FE3D7E90023A2F555
:10B9780000610B436AD1224BD3F8E83003F44073DB
:10B98800FB60FB68002B20D11D4B1B6803F02003D4
:10B99800202B17D11A4B9B6803F40003002B05D00A
:10B9A800174B9B681B0E03F00F0306E0144BD3F8EC
:10B9B800F4301B041B0E03F00F03134A52F8233014
:10B9C800BB6042E30023BB603FE30D4BD3F8F0308C
:10B9D80003F00063B3F1006F18D1FB68B3F5807F03
:10B9E80014D1074BD3F8F03003F08053B3F1805FE4
:10B9F80002D1FA23BB6028E34FF4FA43BB6024E387
:10BA0800000C02460024F4005C330108A14B1B68BB
:10BA180003F48063B3F5806F06D1FB68B3F5007F4C
:10BA280002D19D4BBB6010E39A4BD3F8F03003F082
:10BA38000203022B07D1FB68B3F5407F03D14FF413
:10BA48000043BB6001E30023BB60FEE2D7E90023AB
:10BA5800A2F500710B4364D18E4BD3F8E83003F4A0
:10BA68004063FB60FB68002B20D18A4B1B6803F006
:10BA78002003202B17D1874B9B6803F40003002B6E
:10BA880005D0844B9B681B0E03F00F0306E0814B27
:10BA9800D3F8F4301B041B0E03F00F037F4A52F84F
:10BAA8002330BB60D1E20023BB60CEE2794BD3F8F0
:10BAB800F03003F00063B3F1006F12D1FB68B3F507
:10BAC800806F0ED1734BD3F8F03003F08053B3F18D
:10BAD800805F02D1FA23BB60B7E24FF4FA43BB6040
:10BAE800B3E26C4B1B6803F48063B3F5806F06D137
:10BAF800FB68B3F5006F02D1674BBB60A5E2654BED
:10BB0800D3F8F03003F00203022B07D1FB68B3F53A
:10BB1800406F03D14FF40043BB6096E20023BB6043
:10BB280093E2D7E90023A2F580610B4347D1594B33
:10BB3800D3F8E03003F44023FB60FB68002B03D10B
:10BB4800FDF71AFEB86080E2524BD3F8F03003F0EC
:10BB58000063B3F1006F12D1FB68B3F5802F0ED1EB
:10BB68004C4BD3F8F03003F08053B3F1805F02D12F
:10BB7800FA23BB6069E24FF4FA43BB6065E2454BC8
:10BB88001B6803F48063B3F5806F06D1FB68B3F5D7
:10BB9800002F02D1404BBB6057E23E4BD3F8F03048
:10BBA80003F00203022B07D1FB68B3F5402F03D142
:10BBB8004FF40043BB6048E20023BB6045E2D7E98D
:10BBC800002302F178410B432DD1324BD3F8E030FA
:10BBD80003F04073FB602F4B1B6803F40033B3F58D
:10BBE800003F05D1FB68002B02D12B4BBB602CE238
:10BBF800FB68B3F1807F07D107F110031846FEF701
:10BC08003DFC7B69BB6020E2FB68B3F1007F07D194
:10BC180007F11C031846FEF78BFDFB69BB6014E2B5
:10BC28000023BB6011E2D7E90023A2F500010B4312
:10BC38005DD1184BD3F8E03003F44013FB60FB6888
:10BC4800B3F5401F2FD0FB68B3F5401F4CD8FB68F5
:10BC5800B3F5001F13D0FB68B3F5001F44D8FB6889
:10BC6800002B04D0FB68B3F5801F04D03CE0FDF73F
:10BC780097FDB860E9E1FDF763FCB860E5E1054BC5
:10BC88001B6803F48063B3F5806F09D1024BBB6076
:10BC9800DBE100BF000C02460024F4005C3301081D
:10BCA8000023BB60D1E1AB4B1B6803F02003202BC2
:10BCB80017D1A84B9B6803F40003002B05D0A54BB4
:10BCC8009B681B0E03F00F0306E0A24BD3F8F43079
:10BCD8001B041B0E03F00F039F4A52F82330BB606E
:10BCE800B3E10023BB60B0E10023BB60ADE1D7E95D
:10BCF800002302F17F410B4356D1964BD3F8E03035
:10BD080003F44033FB60FB68B3F5403F28D0FB6881
:10BD1800B3F5403F45D8FB68B3F5003F13D0FB6847
:10BD2800B3F5003F3DD8FB68002B04D0FB68B3F5A2
:10BD3800803F04D035E0FDF71FFDB86085E1FDF7D1
:10BD4800FFFBB86081E1834B1B6803F48063B3F5A4
:10BD5800806F02D1814BBB6077E10023BB6074E147
:10BD68007C4B1B6803F02003202B17D1794B9B6871
:10BD780003F40003002B05D0764B9B681B0E03F0E1
:10BD88000F0306E0734BD3F8F4301B041B0E03F0CB
:10BD98000F03714A52F82330BB6056E10023BB60A1
:10BDA80053E10023BB6050E1D7E9002302F17E4153
:10BDB8000B4376D1674BD3F8E83003F01803FB60E8
:10BDC800FB68182B6AD801A252F823F039BE000884
:10BDD800A5BE0008A5BE0008A5BE0008A5BE0008AF
:10BDE800A5BE0008A5BE0008A5BE000841BE000803
:10BDF800A5BE0008A5BE0008A5BE0008A5BE00088F
:10BE0800A5BE0008A5BE0008A5BE000849BE0008DA
:10BE1800A5BE0008A5BE0008A5BE0008A5BE00086E
:10BE2800A5BE0008A5BE0008A5BE000863BE0008A0
:10BE3800FDF7CAFCB86008E1FDF782FBB86004E1D1
:10BE4800444B1B6803F48063B3F5806F02D1434B06
:10BE5800BB60FAE00023BB60F7E03E4B1B6803F0D1
:10BE68002003202B17D13B4B9B6803F40003002BC6
:10BE780005D0384B9B681B0E03F00F0306E0354BCB
:10BE8800D3F8F4301B041B0E03F00F03324A52F8A8
:10BE98002330BB60D9E00023BB60D6E00023BB6041
:10BEA800D3E0D7E9002302F17C410B435BD1294B56
:10BEB800D3F8E43003F44013FB60FB68B3F5401F8C
:10BEC80013D0FB68B3F5401F4AD8FB68B3F5001FD1
:10BED80013D0FB68B3F5001F42D8FB68002B14D0C1
:10BEE800FB68B3F5801F14D03AE007F11C0318462D
:10BEF800FEF71EFC3B6ABB60A7E007F1100318467B
:10BF0800FEF7BCFA7B69BB609FE0FDF719FBB860E0
:10BF18009BE0104B1B6803F02003202B17D10D4B1F
:10BF28009B6803F40003002B05D00A4B9B681B0E8B
:10BF380003F00F0306E0074BD3F8F4301B041B0E85
:10BF480003F00F03044A52F82330BB607DE000235E
:10BF5800BB607AE0000C02465C3301080024F40060
:10BF68000023BB6071E0D7E9002302F170410B4365
:10BF780031D13D4BD3F8E83003F40043FB603A4B32
:10BF8800D3F8F03003F00203022B06D1FB68002B34
:10BF980003D14FF40043BB6057E0334BD3F8F03084
:10BFA80003F00063B3F1006F12D1FB68B3F5004FE3
:10BFB8000ED12D4BD3F8F03003F08053B3F1805FEE
:10BFC80002D1FA23BB6040E04FF4FA43BB603CE087
:10BFD8000023BB6039E0D7E90023A2F500210B4319
:10BFE80031D1214BD3F8E43003F44053FB601E4BAE
:10BFF8001B6803F40053B3F5005F05D1FB68002B01
:10C0080002D11A4BBB6020E0174B1B6803F40053A6
:10C01800B3F5005F06D1FB68B3F5805F02D1144B1E
:10C02800BB6012E0104B1B6803F48063B3F5806FAC
:10C0380006D1FB68B3F5005F02D10E4BBB6004E08C
:10C048000023BB6001E00023BB60BB680A4A11689B
:10C058007A6B51404FF0000201D0F8F7D3FD184633
:10C068003837BD4680BD00BF000C0246006CDC02BC
:10C0780000366E010024F4001800002080B584B05A
:10C0880000AF7860474B1B68464A23F08063136013
:10C09800FBF75CFEF86008E0FBF758FE0246FB6819
:10C0A800D31A022B01D9032377E03E4B1B6803F018
:10C0B8000063002BF0D13B4BDB6A23F4706323F061
:10C0C80003037A6811687A685268013A12020A43CF
:10C0D80034491343CB62334BDA6B334B13407A68E2
:10C0E8009268013AC2F308017A68D268013A5202AA
:10C0F80092B211437A681269013A120402F4FE02FC
:10C1080011437A685269013A120602F0FE420A4364
:10C1180024491343CB63234BDB6A23F00C027B686F
:10C128009B6920491343CB621E4BDA6A7B681B6A02
:10C138001C491343CB621B4BDB6A1A4A23F01003DA
:10C14800D362184B1B6C23F47F4323F0F8037A68FF
:10C15800D269D200134913430B64124BDB6A114AAC
:10C1680043F01003D3620F4B1B680E4A43F0806301
:10C178001360FBF7EBFDF86008E0FBF7E7FD02460C
:10C18800FB68D31A022B01D9032306E0054B1B6871
:10C1980003F00063002BF0D0002318461037BD468B
:10C1A80080BD00BF000C02460000808080B584B0CE
:10C1B80000AF7860474B1B68464A23F080531360F2
:10C1C800FBF7C4FDF86008E0FBF7C0FD0246FB681A
:10C1D800D31A022B01D9032377E03E4B1B6803F0E7
:10C1E8000053002BF0D13B4B1B6B23F4706323F0FF
:10C1F80003037A6811687A685268013A12020A439E
:10C20800344913430B63334B5A6C334B13407A68EE
:10C218009268013AC2F308017A68D268013A520278
:10C2280092B211437A681269013A120402F4FE02CA
:10C2380011437A685269013A120602F0FE420A4333
:10C24800244913434B64234B1B6B23F00C027B687C
:10C258009B69204913430B631E4B1A6B7B681B6A4F
:10C268001C4913430B631B4B1B6B1A4A23F0100327
:10C278001363184B9B6C23F47F4323F0F8037A680D
:10C28800D269D200134913438B64124B1B6B114ABA
:10C2980043F0100313630F4B1B680E4A43F080539F
:10C2A8001360FBF753FDF86008E0FBF74FFD02460B
:10C2B800FB68D31A022B01D9032306E0054B1B6840
:10C2C80003F00053002BF0D0002318461037BD466A
:10C2D80080BD00BF000C02460000808080B582B09F
:10C2E80000AF78607B68002B01D1012340E07B68B8
:10C2F800DB6F002B06D17B68002283F878207868F2
:10C30800FBF7B2FB7B682422DA677B681B681A6834
:10C318007B681B6822F001021A607B689B6A002B0D
:10C3280002D0786800F064FA786800F0BFF8034635
:10C33800012B01D101231BE07B681B685A687B68CD
:10C348001B6822F490425A607B681B689A687B6875
:10C358001B6822F02A029A607B681B681A687B684F
:10C368001B6842F001021A60786800F0D2FA0346AE
:10C3780018460837BD4680BD80B58AB002AFF86060
:10C38800B9603B601346FB80FB68DB6F202B40F0F5
:10C398008780BB68002B02D0FB88002B01D10123CA
:10C3A8007FE0FB681B689B6803F08003802B07D144
:10C3B800FB681B689A68FB681B6822F080029A6019
:10C3C800FB680022C3F88420FB682122DA67FBF7A8
:10C3D800BDFCF861FB68FA88A3F85020FB68FA886E
:10C3E800A3F85220FB689B68B3F5805F08D1FB680F
:10C3F8001B69002B04D100237B61BB68BB6103E090
:10C40800BB687B610023BB612FE03B680093FB693D
:10C4180000228021F86800F024FB0346002B04D09A
:10C42800FB682022DA6703233BE07B69002B0BD1F2
:10C43800BB691B881A46FB681B68C2F308029A622C
:10C44800BB690233BB6107E07B691A78FB681B682C
:10C458009A627B6901337B61FB68B3F852309BB207
:10C46800013B9AB2FB68A3F85220FB68B3F852303C
:10C478009BB2002BC9D13B680093FB690022402185
:10C48800F86800F0EEFA0346002B04D0FB6820227F
:10C49800DA67032305E0FB682022DA67002300E05F
:10C4A800022318462037BD4680BD00002DE9B04F55
:10C4B80092B000AFF862002387F83130FB6A1A683F
:10C4C8007E4B9A42FB6A9A68FB6A1B691A43FB6AAD
:10C4D8005B691A43FB6ADB6913437B63FB6A1B686E
:10C4E8001B6877491940FB6A1A687B6B0B4313601A
:10C4F800FB6A1B685B6823F44050FB6AD968FB6AD7
:10C508001A6840EA01035360FB6A9B697B63FB6A14
:10C518001A686A4B9A4209D0FB6A1A68694B9A42B0
:10C5280004D0FB6A1A6A7B6B13437B63FB6A1B6844
:10C538009B6823F06E4121F43061FB6A1A687B6BBB
:10C548000B439360FB6A1B68DB6A23F00F00FB6AEE
:10C55800596AFB6A1A6840EA0103D362FB6A1A68DF
:10C56800594B9A4202D10123BB6329E0FB6A1A683E
:10C57800564B9A4202D10223BB6321E0FB6A1A6838
:10C58800534B9A4202D10423BB6319E0FB6A1A6831
:10C59800504B9A4202D10823BB6311E0FB6A1A6828
:10C5A8004D4B9A4202D11023BB6309E0FB6A1A681B
:10C5B800424B9A4202D12023BB6301E00023BB63B4
:10C5C800FB6A1A683D4B9A4205D0FB6A1A683D4BD4
:10C5D8009A4240F08580BB6B00223B627A62D7E9C1
:10C5E8000801FEF759FBF863FB6B002B00F0E880AD
:10C5F800FB6A5B6A394A32F813301A46FB6BB3FBA5
:10C60800F2F37B64FB6A5A6813465B0013447A6C46
:10C618009A4205D3FB6A5B681B037A6C9A4203D97A
:10C62800012387F8313048E0FB6B0022BB61FA61D7
:10C63800FB6A5B6A294A32F813309BB200223B61DD
:10C648007A61D7E90423D7E90601F3F75FFE0246CA
:10C658000B46104619464FF000024FF000030B023C
:10C6680043EA10630202F96A4968490800200C4647
:10C67800054612EB040843EB0509FB6A5B680022D8
:10C68800BB60FA60D7E9022340464946F3F73EFE0D
:10C6980002460B4613463B643B6CB3F5407F08D318
:10C6A8003B6CB3F5801F04D2FB6A1B683A6CDA60F6
:10C6B80003E0012387F8313082E081E0002400465E
:10C6C800F369FFCF002400560038014000440040C1
:10C6D80000480040004C0040005000401C34010855
:10C6E800FB6ADB69B3F5004F3CD1BB6B00223B60B2
:10C6F8007A60D7E90001FEF7CFFAF863FB6B002BED
:10C708005ED0FB6A5B6A394A32F813301A46FB6B13
:10C71800B3FBF2F35A00FB6A5B685B081A44FB6AD6
:10C728005B68B2FBF3F33B643B6C0F2B16D93B6C95
:10C73800B3F5803F12D23B6C9BB223F00F037B868C
:10C748003B6C5B089BB203F007039AB27B8E1343E2
:10C758007B86FB6A1B687A8EDA6031E0012387F8F2
:10C7680031302DE0BB6B00229A469346504659461D
:10C77800FEF792FAF863FB6B002B21D0FB6A5B6A29
:10C788001A4A32F813301A46FB6BB3FBF2F2FB6A13
:10C798005B685B081A44FB6A5B68B2FBF3F33B64B3
:10C7A8003B6C0F2B09D93B6CB3F5803F05D23B6C32
:10C7B8009AB2FB6A1B68DA6002E0012387F831301D
:10C7C800FB6A0122A3F86620FB6A0122A3F8642011
:10C7D800FB6A00221A67FB6A00225A6797F8313011
:10C7E80018464837BD46BDE8B08F00BF1C34010865
:10C7F80080B483B000AF78607B689B6A03F008035D
:10C80800002B0AD07B681B685B6823F400417B68B7
:10C818009A6B7B681B680A435A607B689B6A03F0C3
:10C828000103002B0AD07B681B685B6823F4003186
:10C838007B68DA6A7B681B680A435A607B689B6A74
:10C8480003F00203002B0AD07B681B685B6823F4A3
:10C8580080317B681A6B7B681B680A435A607B6867
:10C868009B6A03F00403002B0AD07B681B685B6893
:10C8780023F480217B685A6B7B681B680A435A60E3
:10C888007B689B6A03F01003002B0AD07B681B6847
:10C898009B6823F480517B68DA6B7B681B680A43CA
:10C8A8009A607B689B6A03F04003002B1AD07B6870
:10C8B8001B685B6823F480117B681A6C7B681B68B3
:10C8C8000A435A607B681B6CB3F5801F0AD17B68EA
:10C8D8001B685B6823F4C0017B685A6C7B681B6823
:10C8E8000A435A607B689B6A03F08003002B0AD0D6
:10C8F8007B681B685B6823F400217B689A6C7B6803
:10C908001B680A435A6000BF0C37BD465DF8047BBC
:10C91800704780B598B002AF78607B680022C3F892
:10C928008420FBF713FAF8607B681B681B6803F028
:10C938000803082B2ED16FF07E430093FB6800227A
:10C948004FF40011786800F08CF80346002B21D0D2
:10C958007B681B68BB62BB6A53E8003FFB62FB6AEB
:10C9680023F080033B617B681B681A463B69FB61C7
:10C978003A62396AFA6941E800237B627B6A002BD4
:10C98800E6D17B682022DA677B68002283F878206A
:10C99800032362E07B681B681B6803F00403042B15
:10C9A80049D16FF07E430093FB6800224FF4800169
:10C9B800786800F056F80346002B3CD07B681B686B
:10C9C800FB63FB6B53E8003F3B643B6C23F49073C1
:10C9D8007B617B681B681A467B693B637A63796B6A
:10C9E8003A6B41E80023BB63BB6B002BE6D17B6845
:10C9F8001B6808333B653B6D53E8003F7B657B6DE7
:10CA080023F00103BB617B681B680833BA697A6449
:10CA1800BB64B96C7A6C41E80023FB64FB6C002BA7
:10CA2800E5D17B682022C3F880207B68002283F848
:10CA38007820032311E07B682022DA677B682022B4
:10CA4800C3F880207B6800229A667B680022DA6639
:10CA58007B68002283F87820002318465837BD46A3
:10CA680080BD80B584B000AFF860B9603B60134604
:10CA7800FB714FE0BB69B3F1FF3F4BD0FBF766F9A1
:10CA880002463B68D31ABA699A4202D3BB69002BA3
:10CA980001D103234EE0FB681B681B6803F0040305
:10CAA800002B37D0BB68802B34D0BB68402B31D0EB
:10CAB800FB681B68DB6903F00803082B10D1FB68CF
:10CAC8001B6808221A62F86800F038F8FB68082228
:10CAD800C3F88420FB68002283F87820012329E02A
:10CAE800FB681B68DB6903F40063B3F5006F11D1C1
:10CAF800FB681B684FF400621A62F86800F01EF8C1
:10CB0800FB682022C3F88420FB68002283F8782081
:10CB180003230FE0FB681B68DA69BB681340BA6837
:10CB28009A420CBF01230023DBB21A46FB799A42D2
:10CB3800A0D0002318461037BD4680BD80B495B0FC
:10CB480000AF78607B681B683B623B6A53E8003F34
:10CB58007B627B6A23F49073BB607B681B681A4610
:10CB6800BB687B61BA61B9697A6941E80023FB61F6
:10CB7800FB69002BE6D17B681B6808337B637B6B02
:10CB880053E8003FBB63BB6B23F0805323F00103E2
:10CB9800FB607B681B680833FA68BA62FB62F96A53
:10CBA800BA6A41E800233B633B6B002BE3D17B6807
:10CBB8009B6E012B18D17B681B68BB64BB6C53E868
:10CBC800003FFB64FB6C23F010033B617B681B6830
:10CBD8001A463B69FB633A64396CFA6B41E80023F7
:10CBE8007B647B6C002BE6D17B682022C3F8802015
:10CBF8007B6800229A667B6800221A6700BF543758
:10CC0800BD465DF8047B704780B485B000AF78609E
:10CC18007B6893F87830012B01D1022325E07B68EB
:10CC2800012283F878207B682422DA677B681B68F6
:10CC38001B68FB607B681B681A687B681B6822F0AE
:10CC480001021A60FB6823F00053FB607B68002236
:10CC58001A667B681B68FA681A607B682022DA67A4
:10CC68007B68002283F87820002318461437BD46D5
:10CC78005DF8047B7047000080B584B000AF786031
:10CC880039600123BB607B68FB60FB68002B04D123
:10CC980040F237113648FAF7D3FEFB68002B57D01D
:10CCA800FB68DB6B002B53D0FB681A6CFB68DB6BF3
:10CCB8000021A3FB0223002B00D001210B46002BEF
:10CCC80046D102F0A5F8FB681A68FB68DB6BF968C7
:10CCD800096C01FB03F31A44FB689A60FB680022A5
:10CCE8009A63FB681A68FB685A60FB681A68FB68F5
:10CCF800DB6B013BF968096C01FB03F31A44FB6821
:10CD0800DA60FB68FF2283F84420FB68FF2283F87F
:10CD180045203B68002B0ED1FB681B69002B14D003
:10CD2800FB681033184601F02BFA0346002B0CD091
:10CD380002F05CF809E0FB681033184602F06CFB5F
:10CD4800FB682433184602F067FB02F073F801E031
:10CD58000023BB60BB68002B04D14FF4B6710448B4
:10CD6800FAF76EFEBB6818461037BD4680BD00BF97
:10CD78003031010880B588B002AFF860B9607A60D8
:10CD88003B6000237B613B68002B04D14FF4C271E8
:10CD98001E48FAF755FEFB68002B2AD03B68002B8B
:10CDA80027D07B68002B02D0BB68002B21D07B6882
:10CDB800002B02D1BB68002B1BD150233B613B6980
:10CDC800502B04D04FF4CB711048FAF739FE3B6969
:10CDD8003B687B617B69012283F8462097F8202015
:10CDE8007B69009313467A68B968F86800F010F810
:10CDF80007E07B69002B04D14FF4D8710348FAF798
:10CE08001FFE7B6918461837BD4680BD30310108C2
:10CE180080B584B000AFF860B9607A60FB70BB6819
:10CE2800002B03D1BB69BA691A6002E0BB697A6852
:10CE38001A60BB69FA68DA63BB69BA681A640121C7
:10CE4800B869FFF719FFBB69FA7883F84C20BB690A
:10CE580093F84C30042B28D801A252F823F000BFD5
:10CE68007DCE000899CE0008B3CE00088BCE00080E
:10CE7800A7CE0008FB680F4AB9691120F5F7B0FC86
:10CE880013E000230B4AB9691220F5F7A9FC0CE05E
:10CE98000023084AB9691320F5F7A2FC05E000232E
:10CEA800044AB9691720F5F79BFC00BF1037BD4647
:10CEB80080BD00BF7831010880B58AB000AFF86046
:10CEC800B9607A60B14B1B687B624FF000030023A6
:10CED8003B61FB687B617B69002B04D14FF4BE6129
:10CEE800AB48FAF7ADFDBB68002B03D17B691B6C1F
:10CEF800002B01D1012300E00023002B04D140F2D4
:10CF0800F451A348FAF79CFD01F08EFB0346002B71
:10CF180002D17B68002B01D1012300E00023002B04
:10CF280004D140F2F9519A48FAF78AFD01F070FFEE
:10CF38007B699B6BBB61BB69002B4AD0B968786978
:10CF480000F04EF97B6993F84C30042B2BD801A2E2
:10CF580052F823F071CF000895CF000883CF00085E
:10CF680083CF0008A3CF000879697A687B699B6B37
:10CF7800013B6020F4F75AF915E079697A687B6912
:10CF88009B6B013B6120F4F751F90CE07B697A68EF
:10CF980019466220F4F7B8F805E07B697A68194603
:10CFA800C720F4F7B1F8BB695A1E7B699A637B699D
:10CFB8001B69002B09D07B691033184601F0E0F893
:10CFC8000346002B01D001F011FF01F033FF0123CC
:10CFD800F6E07B68002B32D101F02CFF7B6993F8D7
:10CFE8004C30042B29D801A252F823F009D00008AC
:10CFF80029D0000819D0000819D0000837D0000837
:10D0080079697A687B699B6B6320F4F70FF914E000
:10D0180079697A687B699B6B6420F4F707F90CE0FF
:10D028007B697A6819466520F4F76EF805E07B6934
:10D038007A681946C820F4F767F80023C0E03B690E
:10D04800002B06D107F11C03184601F071F90123E2
:10D058003B6101F0EFFE00F02DFD01F0D9FE7B6988
:10D0680093F844305BB2B3F1FF3F03D17B690022F0
:10D0780083F844207B6993F845305BB2B3F1FF3FF6
:10D0880003D17B69002283F8452001F0D3FE3A1DC5
:10D0980007F11C031146184601F060F90346002BFE
:10D0A8004ED1786900F014F90346002B42D07B6911
:10D0B80093F84C30042B2AD801A252F823F000BF71
:10D0C800DDD00008FDD00008EDD00008EDD0000844
:10D0D8000BD1000879697A687B699B6B6620F4F745
:10D0E800A5F814E079697A687B699B6B6720F4F787
:10D0F8009DF80CE07B697A6819466820F4F704F813
:10D1080005E07B697A681946F620F3F7FDFF7B692D
:10D1180024337A681146184600F0C6FF786900F093
:10D1280085F800F0D5FC0346002B7FF4FFAE01F034
:10D138005DFEFBE6786900F079F800F0C9FCF5E6D9
:10D14800786900F073F800F0C3FC786900F0C0F863
:10D158000346002B3FF4EAAE7B6993F84C30042B6E
:10D168002DD801A252F823F085D10008ADD10008CE
:10D178009DD100089DD10008BBD1000879697A6863
:10D188007B699B6B6320F4F751F818E018000020C6
:10D198003031010879697A687B699B6B6420F4F700
:10D1A80045F80CE07B697A6819466520F3F7ACFF0F
:10D1B80005E07B697A681946C820F3F7A5FF0023C4
:10D1C800064A11687A6A51404FF0000201D0F7F719
:10D1D80019FD18462837BD4680BD00BF180000203D
:10D1E80080B582B000AF786039607B681B6C002B1B
:10D1F80018D07B68DA687B681B6C1A447B68DA6035
:10D208007B68DA687B689B689A4203D37B681A68F4
:10D218007B68DA607B68D9687B681B6C1A4638685B
:10D22800F3F7ECF900BF0837BD4680BD80B584B080
:10D2380000AF786001F0ECFD7B6893F84530BB7374
:10D2480011E07B685B6A002B12D07B682433184698
:10D2580000F096FF0346002B01D001F0DBF8BB7B02
:10D26800013BDBB2BB7397F90E30002BE9DC00E021
:10D2780000BF7B68FF2283F8452001F0DBFD01F049
:10D28800C7FD7B6893F84430FB7311E07B681B692A
:10D29800002B12D07B681033184600F071FF03464C
:10D2A800002B01D001F0B6F8FB7B013BDBB2FB732E
:10D2B80097F90F30002BE9DC00E000BF7B68FF2204
:10D2C80083F8442001F0B6FD00BF1037BD4680BD8D
:10D2D80080B584B000AF786001F09AFD7B689B6BE5
:10D2E800002B02D10123FB6001E00023FB6001F069
:10D2F800A1FDFB6818461037BD4680BD80B584B0D7
:10D3080000AF786039600023FB607B68002B04D194
:10D3180040F6CE311D48FAF793FB3B68002B24D02A
:10D328000023BB601EE01A4ABB68DB0013445B683D
:10D338007A689A4205D1BB68DB00154A1344FB6042
:10D3480013E0FB68002B0AD1114ABB6852F833304E
:10D35800002B04D1BB68DB000D4A1344FB60BB689B
:10D368000133BB60BB680F2BDDD9FB68002B09D0EC
:10D37800FB683A681A60FB687A685A6039687868A6
:10D38800F5F79CFA00BF1037BD4680BD3031010863
:10D39800A09D002080B586B000AFF860B9607A60C3
:10D3A800FB687B6101F034FD7B6993F844305BB224
:10D3B800B3F1FF3F03D17B69002283F844207B69E6
:10D3C80093F845305BB2B3F1FF3F03D17B6900228C
:10D3D80083F8452001F02EFD7B699B6B002B06D15D
:10D3E8007B6924337A68B968184600F07DFE78694D
:10D3F800FFF71CFF00BF1837BD4680BD80B58AB057
:10D4080004AFF860B9607A603B607B6A002B04D196
:10D4180040F2FC411F48FAF713FBBB6A002B04D10A
:10D4280040F2FD411B48FAF70BFB60233B613B6967
:10D43800602B04D040F205511648FAF701FB3B690E
:10D44800BB6A002B1FD07B6A002B1CD0BB6A7B6198
:10D45800602200217869F3F747F97B697A6A1A63D1
:10D468007B69022283F85D20002303937B69029382
:10D47800FB6A01933B6A00933B687A68B968F8686D
:10D4880000F042F801E000237B617B6918461837F9
:10D49800BD4680BD7C31010880B58EB004AF78618F
:10D4A8003961FA60BB607B6B7B60BB6B3B60154B83
:10D4B8001B687B624FF000030023FB6107F11C032C
:10D4C80003933B6802937B6801933B6B0093BB68B3
:10D4D800FA6839697869FFF791FF38623B6A002B6F
:10D4E80002D0386A00F0A4F8FB69064A11687A6A23
:10D4F80051404FF0000201D0F7F784FB1846283757
:10D50800BD4680BD1800002080B586B000AFF86029
:10D51800B9607A603B60BB6A186B7B689B001A46EF
:10D52800A521F3F7E1F8BB6A1A6B7B6803F1804326
:10D53800013B9B0013447B617B6923F007037B61FC
:10D548007B6903F00703002B04D040F23971374898
:10D55800FAF776FABB68002B1ED000233B6112E075
:10D56800BA683B6913441978BA6A3B69134434337F
:10D578000A461A70BA683B6913441B78002B06D018
:10D588003B6901333B613B690F2BE9D900E000BFE0
:10D59800BB6A002283F843203B6A082B04D940F277
:10D5A8006F712248FAF74CFA3B6A082B01D9082315
:10D5B8003B62BB6A3A6ADA62BB6A3A6ADA64BB6A95
:10D5C8000433184601F048FFBB6A1833184601F0C7
:10D5D80043FFBB6ABA6A1A613B6AC3F10902BB6AB4
:10D5E8009A61BB6ABA6A5A62BB6A196B3B68FA6885
:10D5F800786901F075FC0246BB6A1A60BB6A1B6851
:10D608007A69D31A9B101A467B68934204D840F271
:10D61800D2710648FAF714FA7B6A002B02D07B6AAB
:10D62800BA6A1A6000BF1837BD4680BD7C31010850
:10D6380080B584B000AF786001F0EAFB484B1B6806
:10D648000133474A1360474B1B68002B09D1454AF1
:10D658007B681360424B1B68012B10D100F01EFF42
:10D668000DE0414B1B68002B09D13E4B1B68DA6A61
:10D678007B68DB6A9A4202D83A4A7B6813603B4B64
:10D688001B680133394A1360384B1A687B685A643F
:10D698007B68002B0BD07B68002B08D07B6803F1DC
:10D6A80034027B68DB6A79681020F5F799F87B68A3
:10D6B80019463020F3F79AFC7B68DB6A01229A400E
:10D6C8002B4B1B6813432A4A13607B68DA6A294983
:10D6D80013469B0013449B000B4404331B68FB60F8
:10D6E8007B68FA689A60FB689A687B68DA60FB680E
:10D6F8009B687A6804325A607B681A1DFB689A60D6
:10D708007B68DA6A13469B0013449B00194A1A4443
:10D718007B685A617B68DA6A164913469B00134492
:10D728009B000B441B687A68D26A591C114813463F
:10D738009B0013449B000344196001F07BFB0A4BD8
:10D748001B68002B08D0074B1B68DA6A7B68DB6A0A
:10D758009A4201D201F04AFB00BF1037BD4680BD96
:10D76800489F0020209E0020549F0020649F002096
:10D77800509F0020249E002080B586B000AF7860BE
:10D788000023FB6001F044FB7B68002B02D1464B71
:10D798001B6800E07B683B613B69002B04D140F6C5
:10D7A800B1014248FAF74CF93B690433184601F0D5
:10D7B800BDFE0346002B15D13B69DA6A3C49134686
:10D7C8009B0013449B000B441B68002B0AD13B6948
:10D7D800DB6A012202FA03F3DA43364B1B68134073
:10D7E800344A13603B699B6A002B04D03B691833A9
:10D7F800184601F09BFE304B1B6801332E4A13601C
:10D80800294B1B683A699A4201D1012300E00023A1
:10D818007B612A4B1B68002B17D07B69002B14D027
:10D828003B6904331946264801F023FE254B1B6843
:10D838000133244A13603B69DB6A1A4639692020A0
:10D84800F4F7F8FF0123FB600DE01F4B1B68013B59
:10D858001D4A13603B69DB6A1A4639692020F4F7D0
:10D86800E9FF00F0B5FE01F0E5FAFB68012B02D0F4
:10D87800386900F081FE114B1B68002B0FD00A4B52
:10D888001B683A699A420AD1104B1B68002B04D0D6
:10D8980040F62A110548FAF7D3F801F0A7FA00BFB5
:10D8A8001837BD4680BD00BF209E00207C3101088E
:10D8B800249E0020509F0020649F0020549F002039
:10D8C8001C9F0020309F0020489F0020709F002050
:10D8D80080B584B000AF78600023FB607B68002BC4
:10D8E80015D000F0E7F80E4B1B68012B04D040F66A
:10D8F800D5110C48FAF7A4F879687A20F3F776FB83
:10D908000021786800F0AEFE00F0E2F8F860FB68ED
:10D91800002B01D101F06AFA00BF1037BD4680BD67
:10D92800709F00207C31010880B590B004AF3C4B5B
:10D938001B68FB624FF000030123FB6007F11C0327
:10D9480000221A605A609A60DA600023BB610023E3
:10D958007B6113E0334A7B691344197807F11C0291
:10D968007B6913440A461A7007F11C027B69134449
:10D978001B78002B06D07B6901337B617B690E2BFA
:10D98800E8D900E000BF07F11C027B6913440022BC
:10D998001A7000233B6130E0234BBB6100233B60DE
:10D9A80000237B6007F10802391D3B461846FAF749
:10D9B80001F8B8687B683A6807F11C010292019384
:10D9C8000023009300230246B869FFF765FD02466D
:10D9D80016493B6941F82320144A3B6952F8233021
:10D9E800002B02D00123FB6001E00023FB60FB68F1
:10D9F800012B06D13B6901333B613B69002BCBDD31
:10DA080000E000BFFB68064A1168FA6A51404FF00F
:10DA1800000201D0F7F7F6F818463037BD4680BD4A
:10DA280018000020C431010835E400086C9F00206C
:10DA380080B582B000AFFFF777FF78607B68012B75
:10DA480002D100F091FE78607B68012B17D101F0BC
:10DA5800A3FB124B4FF0FF321A60114B01221A60E0
:10DA6800104B00221A60104B1A680F4B1B68DB6AB8
:10DA780019461046F5F736FD01F0BCFA08E07B6858
:10DA8800B3F1FF3F04D140F6F8610848F9F7D8FF31
:10DA9800074B1B6800BF0837BD4680BD689F002044
:10DAA800549F00204C9F0020209E00207C310108BC
:10DAB8003434010880B400AF044B1B680133034AB7
:10DAC800136000BFBD465DF8047B7047709F00205F
:10DAD80080B588B000AF00237B600023BB6001F0F5
:10DAE80097F900233B61714B1B68002B04D140F66A
:10DAF800F6716F48F9F7A4FF6C4B1B68013B6B4A42
:10DB080013606A4B1B68002B40F0C980694B1B6887
:10DB1800002B00F0C48093E0674BDB68DB687B6018
:10DB28007B689B6A7B617B68DB697A68126A9A60AA
:10DB38007B681B6A7A68D2695A607B695A687B6815
:10DB480018339A4203D17B681A6A7B695A607B68EA
:10DB580000229A627B691B685A1E7B691A607B687F
:10DB68005B69BB617B689B687A68D2689A607B68EE
:10DB7800DB687A6892685A60BB695A687B680433C4
:10DB88009A4203D17B68DA68BB695A607B680022D5
:10DB98005A61BB691B685A1EBB691A607B681946C3
:10DBA8003020F3F723FA7B68DB6A01229A40434B63
:10DBB8001B681343414A13607B68DA6A404913467D
:10DBC8009B0013449B000B4404331B68FB617B6878
:10DBD800FA699A60FB699A687B68DA60FB699B68F6
:10DBE8007A6804325A607B681A1DFB699A607B6800
:10DBF800DA6A13469B0013449B00314A1A447B6837
:10DC08005A617B68DA6A2E4913469B0013449B00CD
:10DC18000B441B687A68D26A591C294813469B0032
:10DC280013449B00034419607B68DA6A254B1B6820
:10DC3800DB6A9A4204D9244A3B69012142F823103D
:10DC48001D4B1B68002B7FF467AF7B68002B01D04E
:10DC580000F0BEFC1D4B1B68FB60FB68002B12D05C
:10DC680000F064F80346002B04D0174A3B690121F1
:10DC780042F82310FB68013BFB60FB68002BEFD1E7
:10DC8800124B00221A60104A3B6952F82330002BCD
:10DC980005D00123BB600B4B1B6801F0A7F801F00E
:10DCA800C9F8BB6818462037BD4680BD709F002064
:10DCB8007C310108489F0020089F0020509F0020C9
:10DCC800249E0020209E00205C9F0020589F00205A
:10DCD80080B483B000AF054B1B687B607B68184637
:10DCE8000C37BD465DF8047B704700BF4C9F002091
:10DCF80080B584B000AF78607B68002B02D1094BF7
:10DD08001B6800E07B68FB60FB68002B04D14FF4C4
:10DD180086510548F9F794FEFB68343318461037E6
:10DD2800BD4680BD209E00207C31010880B588B0AA
:10DD380000AF00233B60854B1B68012B03D0844B4D
:10DD48001B68002B05D1834B1A68834B1B68013273
:10DD58009A617E4B1B68002B40F0ED807D4B1B6861
:10DD680001337B607B4A7B6813607B68002B1AD188
:10DD78007A4B1B681B68002B04D041F2FC217848C1
:10DD8800F9F75EFE754B1B68BB60764B1B68734AE0
:10DD98001360744ABB681360734B1B680133724A83
:10DDA800136000F015FC714B1B687A689A42C0F04A
:10DDB800AD806A4B1B681B68002B04D16B4B4FF07E
:10DDC800FF321A60A2E0654B1B68DB68DB68FB600A
:10DDD800FB685B683B617A683B699A4203D2634A95
:10DDE8003B69136092E0FB685B697B61FB689B6839
:10DDF800FA68D2689A60FB68DB68FA6892685A60C9
:10DE08007B695A68FB6804339A4203D1FB68DA6875
:10DE18007B695A60FB6800225A617B691B685A1E3D
:10DE28007B691A60FB689B6A002B1ED0FB689B6AA3
:10DE3800BB61FB68DB69FA68126A9A60FB681B6A57
:10DE4800FA68D2695A60BB695A68FB6818339A4203
:10DE580003D1FB681A6ABB695A60FB6800229A62A0
:10DE6800BB691B685A1EBB691A60FB6819463020DB
:10DE7800F3F7BCF8FB68DB6A01229A403C4B1B684D
:10DE880013433B4A1360FB68DA6A3A4913469B001E
:10DE980013449B000B4404331B68FB61FB68FA695D
:10DEA8009A60FB699A68FB68DA60FB699B68FA68A4
:10DEB80004325A60FB681A1DFB699A60FB68DA6ACB
:10DEC80013469B0013449B002A4A1A44FB685A6174
:10DED800FB68DA6A274913469B0013449B000B44EE
:10DEE8001B68FA68D26A591C224813469B001344DF
:10DEF8009B0003441960FB68DA6A1F4B1B68DB6AE6
:10DF08009A427FF656AF01233B6052E71A4B1B68D3
:10DF1800DA6A184913469B0013449B000B441B689C
:10DF2800012B01D901233B60144B1B68002B07D040
:10DF380001233B6004E0064B1B680133044A13606D
:10DF48003B6818462037BD4680BD00BF709F002043
:10DF5800589F00204C9F0020B83B0020009F0020C5
:10DF68007C310108049F0020609F0020689F0020EA
:10DF7800509F0020249E0020209E00205C9F0020AF
:10DF880080B588B000AF424B1B68002B03D0414BD3
:10DF980001221A6078E03F4B00221A603E4B1B6852
:10DFA8001846F5F7A9FB3C4B1B681B6B7B604FF0D1
:10DFB800A533BB60384B1B681A68374B1B681B6B53
:10DFC8009A4216D97B681B68BA689A4211D17B6855
:10DFD80004331B68BA689A420BD17B6808331B6804
:10DFE800BA689A4205D17B680C331B68BA689A42B2
:10DFF80009D0294B1B683433FB60274B1B68F96831
:10E008001846F9F70BFD254B1B68BB61BB69B3FAD2
:10E0180083F3FB61FB69C3F11F033B6120493A6944
:10E0280013469B0013449B000B441B68002B04D130
:10E0380041F299411B48F9F703FD3A6913469B00E1
:10E0480013449B00164A13447B617B695B685A68DA
:10E058007B695A607B695A687B6908339A4203D1A5
:10E068007B69DA687B695A607B695B68DB680A4AA6
:10E078001360094B1A68084B1B68DB6A194610467F
:10E08800F5F730FA044B1B6800BF2037BD4680BD4A
:10E09800709F00205C9F0020209E0020509F002041
:10E0A800249E00207C31010880B582B000AF7860E2
:10E0B80039607B68002B04D141F21F510848F9F7F9
:10E0C800BFFC084B1B6818331946786801F0F5F94E
:10E0D8000121386800F0C6FA00BF0837BD4680BD88
:10E0E8007C310108209E002080B586B000AFF86022
:10E0F800B9607A60FB68002B04D141F25D511D487C
:10E10800F9F79EFCFB685B687B611B4B1B687A69AF
:10E11800DA61194B1B687A6992681A62164B1A6899
:10E128007B699B6818325A60134B1B6803F118020D
:10E138007B699A60104B1B68FA689A62FB681B68D7
:10E148005A1CFB681A607B68002B02D04FF0FF3323
:10E15800BB600A4B1A68BB68134419467920F2F76A
:10E1680045FF7968B86800F07DFA00BF1837BD46EA
:10E1780080BD00BF7C310108209E00204C9F0020FC
:10E1880080B588B000AF78607B68DB68DB68FB60CF
:10E19800FB68002B04D141F294515E48F9F750FC1A
:10E1A800FB689B6A3B61FB68DB69FA68126A9A60E4
:10E1B800FB681B6AFA68D2695A603B695A68FB684F
:10E1C80018339A4203D1FB681A6A3B695A60FB68A4
:10E1D80000229A623B691B685A1E3B691A604E4BC3
:10E1E8001B68002B65D1FB685B69BB61FB689B689A
:10E1F800FA68D2689A60FB68DB68FA6892685A60C5
:10E20800BB695A68FB6804339A4203D1FB68DA6831
:10E21800BB695A60FB6800225A61BB691B685A1EB9
:10E22800BB691A60FB6819463020F2F7DFFEFB680D
:10E23800DB6A01229A40394B1B681343374A136043
:10E24800FB68DA6A364913469B0013449B000B446B
:10E2580004331B68FB61FB68FA699A60FB699A687A
:10E26800FB68DA60FB699B68FA6804325A60FB68ED
:10E278001A1DFB699A60FB68DA6A13469B0013440F
:10E288009B00274A1A44FB685A61FB68DA6A2449EA
:10E2980013469B0013449B000B441B68FA68D26A20
:10E2A800591C1F4813469B0013449B0003441960E4
:10E2B8001BE01C4B5B687B61FB687A69DA617B69F0
:10E2C8009A68FB681A627B699B68FA6818325A6018
:10E2D800FB6803F118027B699A60FB68114A9A622D
:10E2E800104B1B6801330F4A1360FB68DA6A0E4B48
:10E2F8001B68DB6A9A4205D90123BB600B4B0122DC
:10E308001A6001E00023BB60BB6818462037BD4691
:10E3180080BD00BF7C310108709F0020509F002005
:10E32800249E0020089F0020209E00205C9F002043
:10E3380080B483B000AF7860064B1A687B681A60B7
:10E34800054B1A687B685A6000BF0C37BD465DF8FC
:10E35800047B7047609F00204C9F002080B586B0EA
:10E3680000AF786039607B68002B04D141F24461CA
:10E378002548F9F765FB3B68002B04D141F245615C
:10E388002148F9F75DFB00F043FD204B1B683B611A
:10E398007B685B683A69D31A7B613B681B68B3F199
:10E3A800FF3F02D10023FB6026E07B681A68184B08
:10E3B8001B689A420AD07B685B683A699A4205D31F
:10E3C8000123FB603B6800221A6015E03B681B686C
:10E3D8007A699A420BD23B681A687B69D21A3B6801
:10E3E8001A607868FFF7A4FF0023FB6004E03B682D
:10E3F80000221A600123FB6000F01CFDFB68184630
:10E408001837BD4680BD00BF7C3101084C9F0020F5
:10E41800609F002080B400AF034B01221A6000BF48
:10E42800BD465DF8047B70475C9F002080B582B0D4
:10E4380000AF786000F072F8FCE7000080B584B0A7
:10E4480000AF786039600023BB603B68002B1ADBA3
:10E458003B68002B17DC7B68002B02D10D4B1B6837
:10E4680000E07B68FB60FB68002B04D141F2F87187
:10E478000948F9F7E5FAFA683B6814339B00134436
:10E488005B68BB6001E00023BB60BB6818461037BF
:10E49800BD4680BD209E00207C31010880B582B039
:10E4A80000AF00237B600CE07A6813469B0013449E
:10E4B8009B00124A1344184600F0AEFF7B680133F4
:10E4C8007B607B68082BEFD90D4800F0A5FF0D484D
:10E4D80000F0A2FF0C4800F09FFF0C4800F09CFFE2
:10E4E8000B4800F099FF0B4B054A1A600A4B054A86
:10E4F8001A6000BF0837BD4680BD00BF249E0020BB
:10E50800D89E0020EC9E0020089F00201C9F002021
:10E51800349F0020009F0020049F002080B582B017
:10E5280000AF19E000F074FC104BDB68DB687B601F
:10E538007B680433184600F0F9FF0D4B1B68013B5C
:10E548000B4A13600B4B1B68013B0A4A136000F02F
:10E5580071FC786800F010F8064B1B68002BE1D1BD
:10E5680000BF00BF0837BD4680BD00BF1C9F00200C
:10E57800489F0020309F002080B582B000AF7860AF
:10E588007B6893F85D30002B08D17B681B6B1846BD
:10E5980000F054FE786800F051FE12E07B6893F8B2
:10E5A8005D30012B03D1786800F048FE09E07B68F4
:10E5B80093F85D30022B04D041F6D3110348F9F7E4
:10E5C8003FFA00BF0837BD4680BD00BF7C31010857
:10E5D80080B400AF0A4B1B681B68002B04D1094BA1
:10E5E8004FF0FF321A6005E0054B1B68DB681B68BB
:10E5F800044A136000BFBD465DF8047B704700BF46
:10E60800009F0020689F002080B483B000AF054BB6
:10E618001B687B607B6818460C37BD465DF8047B39
:10E62800704700BF209E002080B483B000AF0B4B22
:10E638001B68002B02D101237B6008E0084B1B6894
:10E64800002B02D102237B6001E000237B607B6802
:10E6580018460C37BD465DF8047B7047549F002070
:10E66800709F002080B588B000AF78603960374B64
:10E678001B68FB60364B1B683B61364B1B687B6134
:10E68800354B1B680433184600F050FF0346002B37
:10E698000BD1314B1B68DB6A012202FA03F3DA4320
:10E6A8002E4B1B6813402D4A13607B68B3F1FF3F64
:10E6B80024D13B68002B21D0294B5B68BB61264BDA
:10E6C8001B68BA699A60244B1B68BA699268DA6059
:10E6D800214B1A68BB699B6804325A601E4B1B6841
:10E6E8001A1DBB699A601C4B1B681D4A5A611C4B5A
:10E6F8001B6801331A4A136000BF22E0FA687B687E
:10E708001344FB61144B1B68FA695A60FA69FB6889
:10E718009A4207D2104B1B6804331946786900F0F7
:10E72800CCFE0EE00C4B1B6804331946386900F028
:10E73800C4FE0C4B1B68FA699A4202D2094AFB696B
:10E74800136000BF2037BD4680BD00BF4C9F00202E
:10E75800009F0020049F0020209E0020509F002042
:10E76800349F0020689F002080B58AB004AF224BF8
:10E778001B687B614FF0000300233B6100F0A4FAA3
:10E788001E4B1B68002B21D000237B600023BB603D
:10E7980007F10C0207F108013B1D1846F9F724F9A7
:10E7A800F968BB687A6802920193012300930023F9
:10E7B8000A4613491348FEF76FFE0346124A1360D0
:10E7C800114B1B68002B01D001233B613B69002BD7
:10E7D80004D14FF4A3710D48F9F732F93B69064AA1
:10E7E80011687A6951404FF0000201D0F6F70AFA31
:10E7F80018461837BD4680BD18000020A49F002089
:10E80800CC310108BDE80008A89F0020D4310108D8
:10E8180080B584B000AFF860B9607A6008E0FB6842
:10E828009B69BA681344BB60FB681B6AF868984721
:10E83800FB689A69BB68D118BB687A68F86800F009
:10E84800EDF80346002BEAD100BF00BF1037BD46E4
:10E8580080BD000080B584B000AF78603960144B8B
:10E868001B68DB68DB68FB60FB680433184600F054
:10E878005DFEFB6893F8283003F00403002B05D0F5
:10E888003A687968F868FFF7C3FF08E0FB6893F80F
:10E89800283023F00103DAB2FB6883F82820FB68EC
:10E8A8001B6AF868984700BF1037BD4680BD00BF97
:10E8B8009C9F002080B586B000AF7860094B1B682C
:10E8C8007B614FF0000307F10C03184600F062F873
:10E8D8003861FB681946386900F006F800F0E0F87E
:10E8E80000BFF0E71800002080B586B000AF786060
:10E8F8003960254B1B687B614FF00003FFF7DAF89E
:10E9080007F10C03184600F069F83861FB68002B22
:10E918002AD13B68002B0AD17A683B699A4206D80B
:10E92800FFF7D6F839697868FFF794FF1EE03B686F
:10E93800002B08D0154B1B681B68002B01D1012345
:10E9480000E000233B60124B18687A683B69D31AD1
:10E958003A681946FEF71EFDFFF7BAF80346002B82
:10E9680004D100F043FA01E0FFF7B2F800BF064B0C
:10E978001A687B695A404FF0000301D0F6F742F954
:10E988001837BD4680BD00BF18000020A09F00209A
:10E99800A49F002080B485B000AF78600E4B1B6840
:10E9A8001B68002B01D1012200E000227B681A605D
:10E9B8007B681B68002B05D1074B1B68DB681B684D
:10E9C800FB6001E00023FB60FB6818461437BD4676
:10E9D8005DF8047B704700BF9C9F002080B584B021
:10E9E80000AF7860FFF774F9F8600B4B1B68FA68A2
:10E9F8009A4205D200F042F97B6801221A6002E0CF
:10EA08007B6800221A60044AFB681360FB6818469A
:10EA18001037BD4680BD00BFAC9F002080B586B0D2
:10EA280000AFF860B9607A603B6000237B61FB68E7
:10EA3800BA685A60FB68FA681A61BA687B689A42D1
:10EA480012D87A683B68D21AFB689B699A4202D34B
:10EA580001237B611BE0104B1A68FB6804331946DD
:10EA6800104600F02AFD12E07A683B689A4206D206
:10EA7800BA683B689A4202D301237B6107E0074BDF
:10EA88001A68FB6804331946104600F016FD7B69C6
:10EA980018461837BD4680BDA09F00209C9F0020C7
:10EAA80080B58AB000AF724B1B687B624FF00003E1
:10EAB80007F1140300221A605A609A60DA60BEE017
:10EAC8007B69002B13DA07F114030433BB60BB68BE
:10EAD800002B04D140F2BB316648F8F7B1FFBB68A0
:10EAE8001B68BA685068BA689268114698477B698B
:10EAF800002BC0F2A480FB69FB60FB68002B00F0D0
:10EB08009E80FB685B69002B04D0FB6804331846C1
:10EB180000F00CFD3B1D1846FFF760FF38617B696C
:10EB2800013B082B00F2888001A252F823F000BFB5
:10EB38005DEB00085DEB0008C5EB0008D9EB0008A9
:10EB480017EC00085DEB00085DEB0008C5EB00085A
:10EB5800D9EB0008FB6893F8283043F00103DAB2D8
:10EB6800FB6883F82820BA69FB689B69D118BB69E0
:10EB78003A69F868FFF752FF0346002B5ED0FB683E
:10EB880093F8283003F00403002B09D0BA69FB6816
:10EB98009B6913443A691946F868FFF739FE08E09B
:10EBA800FB6893F8283023F00103DAB2FB6883F896
:10EBB8002820FB681B6AF86898473FE0FB6893F8D1
:10EBC800283023F00103DAB2FB6883F8282036E006
:10EBD800FB6893F8283043F00103DAB2FB6883F846
:10EBE8002820BA69FB689A61FB689B69002B04D1ED
:10EBF8004FF482611F48F8F723FFFB689A693B6965
:10EC0800D1183B693A69F868FFF708FF17E0FB6815
:10EC180093F8283003F00203002B03D1F86800F0C2
:10EC28000DFB0CE0FB6893F8283023F00103DAB2FF
:10EC3800FB6883F8282002E000BF00E000BF0E4B0D
:10EC48001B6807F1140100221846FEF735F9034640
:10EC5800002B7FF435AF00BF054B1A687B6A5A401A
:10EC68004FF0000301D0F5F7CDFF2837BD4680BD32
:10EC780018000020D4310108A49F002080B582B07C
:10EC880000AF09E00E4B1B68DB681B687B604FF028
:10EC9800FF317868FFF7DEFD094B1B681B68002B06
:10ECA800F0D1074B1B683B60064B1B68044A136096
:10ECB800044A3B68136000BF0837BD4680BD00BFEB
:10ECC8009C9F0020A09F002080B582B002AF00F07A
:10ECD8009FF8154B1B68002B20D1144800F09CFBB3
:10ECE800134800F099FB134B104A1A60124B104A54
:10ECF8001A6000230093114B114A10210820FEF7D7
:10ED080039F80346084A1360074B1B68002B05D0E7
:10ED1800054B1B680B491846FEF7F0FA00F08AF815
:10ED280000BFBD4680BD00BFA49F0020749F002087
:10ED3800889F00209C9F0020A09F002030A00020DA
:10ED4800B09F00202032010880B400AF084B042295
:10ED58001A60084B00221A60074B084A1A60044BD5
:10ED680007221A6000BFBD465DF8047B704700BFEC
:10ED780010E000E018E000E014E000E0BFD401007B
:10ED880080B582B000AF00237B600A4B1B68B3F1EB
:10ED9800FF3F04D040F275310748F8F751FE00F004
:10EDA800FBF900BF7B68002BFCD000BF00BF083711
:10EDB800BD4680BD80A000202832010880B400AF85
:10EDC800084B1B68074A43F470031360064B1B6823
:10EDD800054A43F04043136000BFBD465DF8047B1D
:10EDE800704700BF88ED00E034EF00E080B400AF6A
:10EDF800064B4FF080521A60BFF34F8FBFF36F8FEF
:10EE080000BFBD465DF8047B704700BF04ED00E01D
:10EE180080B500AF00F0C0F9054B1B680133044A08
:10EE28001360BFF34F8FBFF36F8F00BF80BD00BF6C
:10EE380080A0002080B500AF0B4B1B68002B04D1CD
:10EE480040F22A410948F8F7FBFD074B1B68013BD4
:10EE5800054A1360044B1B68002B02D1002000F008
:10EE6800A8F900BF80BD00BF80A00020283201089B
:10EE780080B582B000AF00F08FF97860FEF756FFDA
:10EE88000346002B03D0054B4FF080521A60786878
:10EE980000F08FF900BF0837BD4680BD04ED00E0E3
:10EEA80080B584B000AF78607B689B69FB60FB68C5
:10EEB800023B1B78FB72FB7A662B04D1FFF77EFFBF
:10EEC80000F040F905E04FF49D610448F8F7B8FDFB
:10EED80000BF00BF1037BD4680BD00BF2832010803
:10EEE80080B485B000AFF860B9607A603B60FB68B9
:10EEF800043BFB60FB684FF080721A60FB68043BC0
:10EF0800FB607A68FB681A60FB68043BFB60384A60
:10EF1800FB681A60FB68043BFB60FB684FF0123229
:10EF28001A60FB68043BFB60FB684FF003321A6011
:10EF3800FB68043BFB60FB684FF002321A60FB6819
:10EF4800043BFB60FB684FF001321A60FB68043B2E
:10EF5800FB603A68FB681A60FB68043BFB60FB686F
:10EF68004FF011321A60FB68043BFB60FB684FF0FE
:10EF780010321A60FB68043BFB60FB684FF00932F3
:10EF88001A60FB68043BFB60FB684FF008321A60AC
:10EF9800FB68043BFB60FB684FF007321A60FB68B4
:10EFA800043BFB60FB684FF006321A60FB68043BC9
:10EFB800FB60FB684FF005321A60FB68043BFB609E
:10EFC800FB684FF004321A60FB68043BFB60FB6887
:10EFD8006FF002021A60FB68043BFB60BA68FB68CA
:10EFE8001A60FB6818461437BD465DF8047B704705
:10EFF80089ED000880B582B000AF154B1B687B60B7
:10F008007B682C331B68134A934204D040F20F717B
:10F018001148F8F715FD7B6838331B680F4A93428F
:10F0280004D04FF4E2610C48F8F70AFD00F01AF832
:10F03800FFF78AFE0A4B00221A6000F09DF8FEF7DF
:10F048009FFFFFF79DFE002318460837BD4680BD89
:10F0580008ED00E02DF2000828320108CDF1000883
:10F0680080A0002080B582B000AF00237B60304BC9
:10F078004FF07F421A602E4B1B681B0EDBB2FB70F1
:10F08800FB78DBB203F05003DAB22A4B1A70294B33
:10F098001B78002B04D140F6AD012748F8F7D0FCC7
:10F0A800FB78DBB2DB43DBB203F05003DBB2002BAF
:10F0B8000DD040F6B1012048F8F7C2FC07E07B68A4
:10F0C80001337B60FB78DBB25B00DBB2FB70FB7863
:10F0D800DBB203F08003802BF1D07B68082B03D1CF
:10F0E800164B00221A6004E07B68C3F10703134A39
:10F0F8001360124B1B681B02104A13600F4B1B68EE
:10F1080003F4E0630D4A13600D4B1B680C4A43F48B
:10F118007F0313600A4B1B68094A43F07F4313605F
:10F12800034B00221A6000BF0837BD4680BD00BFF0
:10F138001CED00E084A000202832010888A00020EF
:10F1480020ED00E00B4A1168086806C881F30B88B7
:10F15800EFF3148151F0020181F31488203080F319
:10F168000988BFF36F8F4FF0000080F311881047B4
:10F1780000BF0000209E002006480068006880F359
:10F18800088862B661B6BFF34F8FBFF36F8F66DF33
:10F1980000BF00BF08ED00E0EFF311804FF0500111
:10F1A80081F31188BFF34F8FBFF36F8F704700BF94
:10F1B800184680F31188BFF34F8FBFF36F8F7047E6
:10F1C80000BF0000EFF309801EF0100F08BF20ED0C
:10F1D800108AEFF30B82734620E9FC0F104A11687E
:10F1E80008604FF0500080F31188BFF34F8FBFF3D2
:10F1F8006F8FFEF7C5FE4FF0000080F31188084AB4
:10F2080011680868B0E8FC0F13F0100F08BFB0ECE5
:10F21800108A82F30B8880F30988184700BF000022
:10F22800209E00201EF0040F0CBFEFF30880EFF3C0
:10F2380009800149084700BFA9EE000880B584B0DD
:10F2480000AF78607B68BB607B68002B5ED00823CA
:10F258005B42BA681344BB60BB68FB60FB682D4A1D
:10F26800934205D3FB682C4A934201D8012300E05E
:10F278000023002B04D14FF4B8712848F8F7E0FBBD
:10F28800FB685B68002B04DB40F271112348F8F738
:10F29800D7FBFB681B68002B04D04FF4B9711F48DB
:10F2A800F8F7CEFBFB685B68002B2FDAFB681B685E
:10F2B800002B2BD1FB685B6823F00042FB685A6087
:10F2C800FEF7F8FBFB685A68154B1B681344144A91
:10F2D8001360144B1B6803F00103002B0CD0124B76
:10F2E8001B685B68002B07D0F3F7D0F8FB685B68F6
:10F2F8001A467968F2F7C0FFF86800F019F80B4B66
:10F308001B680133094A1360FEF7E2FB00BF1037A0
:10F31800BD4680BD8CA000208BA00220943201083D
:10F3280098A00220AC3B0020A43B00209CA0022017
:10F3380080B584B000AF7860324BBB6002E0BB6838
:10F348001B68BB60BB681B687A689A42F7D8BB68C1
:10F358002C4A934211D0BB682B4A934205D3BB6811
:10F368002A4A934201D8012300E00023002B04D14C
:10F3780040F206212648F8F763FBBB68FB60BB68D0
:10F388005B68FA6813447A689A4208D1BB685A687D
:10F398007B685B681A44BB685A60BB687B607B68A3
:10F3A800FB607B685B68FA681A44BB681B689A4212
:10F3B80018D1BB681A68174B1B689A420DD07B6836
:10F3C8005A68BB681B685B681A447B685A60BB68EC
:10F3D8001B681A687B681A6008E00E4B1A687B681D
:10F3E8001A6003E0BB681A687B681A60BA687B68B1
:10F3F8009A4202D0BB687A681A6000BF1037BD46CF
:10F4080080BD00BF8CA002208CA000208BA0022011
:10F418009432010894A0022080B483B000AF7860D1
:10F428007B6803F108027B685A607B684FF0FF3203
:10F438009A607B6803F108027B68DA607B6803F1F5
:10F4480008027B681A617B6800221A6000BF0C37CB
:10F45800BD465DF8047B704780B483B000AF786028
:10F468007B6800221A6100BF0C37BD465DF8047B3B
:10F47800704780B485B000AF786039607B685B689E
:10F48800FB603B68FA685A60FB689A683B689A6058
:10F49800FB689B683A685A60FB683A689A603B6800
:10F4A8007A681A617B681B685A1C7B681A6000BFFF
:10F4B8001437BD465DF8047B704780B485B000AF53
:10F4C800786039603B681B68FB60FB68B3F1FF3FFD
:10F4D80003D17B681B69BB600CE07B680833BB60A9
:10F4E80002E0BB685B68BB60BB685B681B68FA6866
:10F4F8009A42F6D2BB685A683B685A603B685B68B8
:10F508003A689A603B68BA689A60BB683A685A6019
:10F518003B687A681A617B681B685A1C7B681A60AA
:10F5280000BF1437BD465DF8047B704780B485B0D2
:10F5380000AF78607B681B69FB607B685B687A68F2
:10F5480092689A607B689B687A6852685A60FB6820
:10F558005B687A689A4203D17B689A68FB685A604C
:10F568007B6800221A61FB681B685A1EFB681A60D8
:10F57800FB681B6818461437BD465DF8047B704766
:10F5880020F0030110F00300C0F1000051F8043B23
:10F5980000F1040C4FEACC0C6FF000021CBF22FAF9
:10F5A8000CF213434FF0010C4CEA0C2C4CEA0C4CB7
:10F5B800A3EB0C0222EA030212EACC1204BF51F8B0
:10F5C800043B0430F4D0C2F1000102EA0102B2FAAD
:10F5D80082F2C2F11F0200EBD200704738B5054C29
:10F5E800054DAC4204D054F8043B9847AC42FAD1DC
:10F5F80038BD00BF0000000000000000032A30B43E
:10F6080012D941EA000484460B46A40721D11946C1
:10F61800604653F8044B5CF8045BA54219D1043AE0
:10F62800032AF4D860461946541E7AB1431E01399C
:10F63800021901E09A4209D013F8010F11F801CF1D
:10F648006045F7D0A0EB0C0030BC7047002030BC00
:10F658007047541EEAE700BF0FB400B583B0064BED
:10F6680004AA186852F8041B019200F0D3F903B0F9
:10F678005DF804EB04B07047403301080CB430B5B2
:10F688008BB00D4620220446002102A8F1F72CF881
:10F698000222134B002D06948DF80A2003931DDBDC
:10F6A80010D0013D2C440FAA0E9902A8079401928C
:10F6B80000F0B0F9069B00221A700BB0BDE830408C
:10F6C80002B070470FAA0E9902A80794019200F0A1
:10F6D800A1F90BB0BDE8304002B070470024E2E762
:10F6E8002D1B01082DE9F041C3F1370805460C46EA
:10F6F800174603F01F065FFA88F828462146324667
:10F708000023F0F703FE2346D2B20C46AC4605466A
:10F71800092A08EB020188BFCAB2B44502F13002D7
:10F7280007F8012B4FF000029341E6D23846BDE8B6
:10F73800F08100BF2DE9F0434FF0010E724508DD5E
:10F74800034601E0252C06D09C4613F8014B002CFB
:10F75800F8D1BDE8F0831C780CF1020C252C01D1FE
:10F768006346F1E70026AA4FB04609E027FA03F3FB
:10F77800DB0740F1F4801CF8014B002C00F092806C
:10F78800A4F12003102BF1D963464FF0000CA4F12B
:10F798002405152D20D8DFE805F0B21F1F1F1F1FF5
:10F7A800AA1F1F1FAA1F0C0C0C0C0C0C0C0C0C0C09
:10F7B8006346303C06EB86064FF0200C04EB460609
:10F7C80013F8014B002C70D0BCF11F0F40F2BA8027
:10F7D800BCF17F0F40F2AE80A4F14C052E2D64D809
:10F7E8000FF2040959F825F0FBF80008B3F80008EF
:10F7F800B3F80008B3F80008B3F80008B3F8000835
:10F80800B3F80008B3F80008B3F80008B3F8000824
:10F81800B3F80008B3F80008B3F80008B3F8000814
:10F82800B3F80008B3F80008B3F80008B3F8000804
:10F83800B3F80008B3F80008B3F80008B3F80008F4
:10F84800B3F80008B3F80008B3F80008B3F80008E4
:10F85800B3F80008B3F800082DF90008B3F8000859
:10F86800FBF80008B3F800081DF90008B3F8000811
:10F87800B3F80008B3F80008B3F80008B3F80008B4
:10F88800B3F80008B3F80008C9F70008B3F800088F
:10F89800B3F80008B3F80008B3F80008B3F8000894
:10F8A800C9F7000863464FF0000CB8F1000F3FF4A9
:10F8B80050AFF0457FF448AF44F020050B68A5F140
:10F8C8006506022E40F29F80612D00F09C80633C0B
:10F8D800102C00F29280DFE804F01890909090903D
:10F8E800909090909090909090901800B04600263C
:10F8F80066E74CF4207C63E763464FF0000CB8F1F0
:10F90800000FF3D07645F2D10B6804330EF1010EE7
:10F918000B6013E71CF0800F18BF4CF4007C4CF010
:10F92800800C4DE71CF4807F18BF4CF4007C4CF42D
:10F93800807C45E74FF0200C29E713F8014B00269F
:10F94800002CB0D0A4F1200C314DBCF1100F25FAD9
:10F958000CF54FD815F0010526D09C460BE7A4F10D
:10F9680024030C2B9ED801A555F823F001F90008B3
:10F97800ADF80008ADF80008ADF80008ADF80008CB
:10F98800ADF80008A9F90008ADF80008ADF80008BE
:10F99800ADF80008A9F90008ADF80008B9F70008A3
:10F9A80000266346B4460BE7A4F12409AC464D464D
:10F9B8000C2D3FF678AF0FF2080959F825F000BF73
:10F9C80007F90008AFF80008AFF80008AFF800081A
:10F9D800AFF80008AFF8000843F90008AFF80008CE
:10F9E800AFF80008AFF8000843F90008AFF80008BE
:10F9F800BBF700084FF0000CC9E61CF0800F84D05C
:10FA08001CF4007F81D0073323F0070308337DE718
:10FA1800892801002DE9F04F837893B047689C0747
:10FA2800049240F134870B4683468E460B9213F8B6
:10FA3800010B002800F092860C464FF0000A059151
:10FA48000DE01C4659460AF1010AB8470028C0F2E1
:10FA58006A81234613F8010B002800F06C812528E1
:10FA6800EFD165780234252DECD04FF00008C1465F
:10FA78004646CDF808801F2E40D97F2E75D9A5F1AE
:10FA88004C032E2B00F25B81DFE813F00F015901C4
:10FA9800590159015901590159015901590159018E
:10FAA800590159015901590159015901590159017E
:10FAB800590159015901590159015901590159016E
:10FAC80059015901920159010F0159018601590142
:10FAD800590159015901590159015901B5005901F3
:10FAE8005901590159015901B50046F0020614F8A7
:10FAF800015B46F00406002D00F08280A5F120038A
:10FB0800102B32D801A252F823F000BFF7FA0008F0
:10FB180073FB000873FB000883FC000873FB0008F4
:10FB280073FB000873FB0008FFFB000873FB000869
:10FB380073FB000873FB0008F3FA000873FB000866
:10FB480093FC000873FB000873FB0008A3FC000883
:10FB58007306A5F1300540F16B8109EB890905EBC6
:10FB6800490914F8015B002D4AD0A5F12403152B8F
:10FB780085D801A252F823F0D9FB000887FA0008BB
:10FB880087FA000887FA000887FA000887FA000849
:10FB980061FD000887FA000887FA000887FA00085C
:10FBA8008DFD000887FA000859FB000859FB00087A
:10FBB80059FB000859FB000859FB000859FB0008CD
:10FBC80059FB000859FB000859FB000859FB0008BD
:10FBD800B8F1000F00F02181049B72060B9300F12D
:10FBE8003581029A0BA90598FFF7A4FD0B9B1A1DF6
:10FBF8001B680B92029314F8015B002D7FF43BAF56
:10FC0800202303950693B8F1000F06D0049B4246C3
:10FC18000BA905980B93FFF78DFDB9F1000F04DAD6
:10FC280026F040064FF00009B6B2039B002B00F007
:10FC3800DA80ED4306F0400205F0200307930B9BA2
:10FC4800073323F0070303F108010B91D3E90001FF
:10FC5800069B612B00F04B81002A40F00E81652B3A
:10FC680000F07C84662B4FF0060900F05D834B465C
:10FC780000226525039208950EE114F8015B46F011
:10FC88001006002D7FF43AAFBAE714F8015B46F08E
:10FC98000806002D7FF432AFB2E714F8015B46F096
:10FCA8000106002D7FF42AAFAAE714F8015B46F499
:10FCB8002076002D7FF4E3AEA2E72D25029B042BCE
:10FCC80000F37C820023029328465946B84700284F
:10FCD8000AF1010A27DB9DF834301D0740F14D83F6
:10FCE800AE4E3546DDF81C8003E0C0B2B8470028A8
:10FCF80019DBA94615F8013B5946A3EB0800002B70
:10FD0800F3D1AAEB0606B144029DCA464D44A5EBC1
:10FD18000A0359462020002B7FF79BAEB8470028DE
:10FD28000AF1010AF3DA9BF802304FF0FF3A43F088
:10FD380004038BF80230504613B0BDE8F08F45F04D
:10FD48002002A2F165030692612A18BF022B94BF14
:10FD580001230023039356E7B8F1000F7FF44BAF5C
:10FD68000B9B750653F8042B0B937FD4002AC0F223
:10FD7800548314F8015B46F02006002D00F05683EA
:10FD88000292F2E67006D6D414F8015B46F04006FB
:10FD9800002D7FF4EAAE33E7330614F8015B48BF61
:10FDA80046F4007646F08006002D7FF468AE27E71B
:10FDB800F50514F8015B48BF46F4007646F48076F2
:10FDC800002D7FF45CAE1BE7002B00F074811A460F
:10FDD800049B0BA905980B93C146FFF7ABFC2023A6
:10FDE800CDF808800693A5F16303122B00F25F811A
:10FDF800DFE813F08D0270015D015D015D015D01B9
:10FE080070015D015D015D015D015D0197024502C3
:10FE18005D015D011A025D01880214F8015B464626
:10FE2800029B002DD0D0C146CDF80880984665E6E3
:10FE3800029B46F0200603EB830305EB4303029382
:10FE480014F8015B002D7FF490AED9E64A460BA961
:10FE58000598FFF76FFC0B9B14F8015B1A1DD3F88C
:10FE680000900B92002D7FF408AEC9E614F8015BF0
:10FE7800002D00F0DB82914677E6652B00F0648365
:10FE8800662B00F0518219F0FF0340F004851A46F2
:10FE9800652503930123089501920DF13008039A13
:10FEA8000092424600F01EFE0C9AC3B2022106934D
:10FEB80002F109030391122B35D89DF8343013F061
:10FEC800010503F00C0C3CD1B00760D416F0040017
:10FED80040F08A81BCF1000F39D0029A032A40F31E
:10FEE8001283033A029232073FF5F7AE6BE1079BA4
:10FEF80046F4C0560DF130080093002A00F0CC807B
:10FF08004B46424601F00AFC431CDBB24B450693C4
:10FF180080F2CA8070230C9A0121089302F1090328
:10FF28000391122BC9D902F16303C62B2CD902F213
:10FF3800E73140F2CE73994240F25D81042103918A
:10FF4800BBE7BCF1000F7FF4B8AE4FF02D0C16F4F0
:10FF5800405F00F06D82B50440F1978022EAE273B9
:10FF68000133BCF1000F1BD1B9F1000F00F0518132
:10FF780009F101010B440299994200F3CB82300543
:10FF8800CDF808C026D43CE00221039195E7BCF1E6
:10FF9800000F00F026812B2590E600BF3C340108B5
:10FFA800591CB9F1000F00F0298109F101030B4434
:10FFB8000299994200F355830023029360465946FB
:10FFC8000992B84700280AF1010A099AFFF6ABAE70
:10FFD800350513D5594630200992B8470028FFF651
:10FFE800A2AE079B59460AF1020AC3F1780000F055
:08FFF800F800B8470028099A3F
:020000040801F1
:10000000FFF695AE300740F1F882B10400F1C682E8
:1000100059469DF835000992B8470028FFF687AE8B
:10002000B9F1000F099A00F32F83F50600F152830E
:100030000AF1010906925946DDE90723981AC0B270
:10004000B8470028FFF673AE069A002AC0F23F8335
:100050002B2059460692B8470028FFF668AE039B4E
:10006000069A042B00F01782032B09F1020900F015
:100070002682012B40F0368202F13000594609F108
:100080000109C0B2B8470028BFF642AE4FE60EF1F4
:10009000FF3916F4006F14BF052303230B4464E7F4
:1000A0004FF0FF33424601F03DFB431CDBB20693A9
:1000B00003F1FF3932E7069B782B00F0798359462C
:1000C0002520B8470028FFF632AE28465946B847E3
:1000D0000028FFF62CAE0AF1020ABEE432060B9BA2
:1000E00040F11483B00540F1A483073323F00703E4
:1000F00003F10802D3E900030B9226F01008002B4D
:100100001FFA88F20392C0F2418350EA030140F0E3
:10011000458406F040037006069303D5B9F1000F3D
:1001200000F0E482002001460DF130080A23424627
:10013000FFF7DCFA069AA0EB0803002A00F0DC8245
:10014000039A4B451E4622F00108B8BF4E461FFADF
:1001500088F20392039A40F206410A4202F0080034
:1001600000F0AC8406F10108002800F02683029A12
:10017000A2EB0802029206935946039B0AF101057D
:1001800013F0020F14BF2B20202013F4806F18BF30
:100190002D20B8470028069BFFF6C9AD994540F3CE
:1001A000128409EB050A1E46AAEB030A02E0554534
:1001B00000F0C58059463020B847002805F10105F8
:1001C000F5DAB4E5043B360702933FF581AD029EB4
:1001D000564402E0B24500F0468359462020B84715
:1001E00000280AF1010AF5DAA1E54FF02B0CB2E67E
:1001F000BCF1000F40F0AD824FF0200CABE60321C4
:1002000003915EE6F00640F1E682023302999942DC
:1002100000F32B82CDF80890D4E6F10640F1E68297
:1002200001330299994200F37981CDF80890D3E621
:100230000B9B1A1D0B921A68002A00F0F88216F028
:10024000400F1046039214BF49464FF0FF3101F0B2
:1002500057FA039A8046029B3007194600F19A80AC
:10026000984580F097801D461646994603E09845CC
:1002700080F089801D4659462020B847002805F1A6
:10028000FF33F4DA53E546F010061023782516F014
:10029000800C0B9A68D016F4007100F03B81073295
:1002A00022F0070202F108010B91D2E9000106F0E9
:1002B0004002039250EA010240F0868006F04002BC
:1002C0001AB1B9F1000F00F019820DF130080020C9
:1002D00000214246FFF70AFA06F04002A0EB0803AD
:1002E000002A00F0438126F017024B4592B2039298
:1002F00080F24582002D40F0A882350740F1AE83A0
:10030000029A5546A2EB090202924AE726F010062D
:100310000A23B6B2BBE70B9B4FF001080CAA191DCC
:100320001B680B918DF8303095E708230025AEE768
:10033000662546F400564A4611230895B0E5334633
:100340000DF1300808EB0306354605E015F8010D00
:10035000B8470028FFF6EBACA8455946F6D106EBA6
:100360000A03A3EB0809D3E4111D10680B9116F4DE
:1003700080719CD016F4007100F0F281C0B2614629
:1003800095E7BD4EB1E40AF1010A32461946CA4466
:10039000AAEB050A029402EB0805164614468946A4
:1003A00005E014F8010BB8470028FFF6C0ACAC42DA
:1003B0005946F6D14946AAEB0603A146029CA1EB99
:1003C000080299440292A3E40DF130084246FFF777
:1003D0008DF906F04002A0EB0803002A40F0C58129
:1003E00026F00602F10692B2039240F1C380039A0E
:1003F00002F00802002D40F0188103F10108002AE4
:1004000000F03982029AA2EB08020292594630208B
:100410000393B84700280AF10105039BBFF6BEAE5F
:1004200085E4534214F8015B46F028060293002D40
:100430007FF49FAB002542E6B9F1000F069B14BF85
:10044000CE464FF0010E002B00F0B682581D4044FE
:1004500003E013F0FF0500F07F8110F8019D1D46B9
:10046000013BB9F1300FF4D09946EBB206937245D7
:10047000B4BF01230023101DB8BF002316F01000E5
:1004800000F04D81002B3FF402AE46F40056531CA1
:10049000AEEB030966E5794D5946039209F103096C
:1004A000A5FB0235AD0905F13000C0B2B847002800
:1004B000FFF63DAC4FF47A73039A03FB1522704D9F
:1004C0005946039209F10109A5FB02356D0905F1B1
:1004D0003000C0B2B8470028FFF629AC6423039A65
:1004E00003FB1522674D5946039209F10109A5FB4B
:1004F0000235ED0805F13000C0B2B8470028FFF61C
:1005000016AC05EB8505039AA2EB4502B4E5029013
:10051000FFF7E7BB101D0B901068C8E6CB1A16F06A
:10052000090F02937FF458AD1D4655440994029279
:100530005446C246E04602E0AC4200F059825946B9
:100540002020B847002804F10104F5DAFFF7EFBBDB
:1005500009F10103DBB2112B28BF112346F48056A9
:10056000FFF78ABB07234FF00609F7E726F01602CC
:1005700092B2039212F0080200F09681029A554658
:10058000D21A02920AE63105E14600F1258216F000
:10059000080FCDF808C01E463FF437ADC9F100037F
:1005A00022EAE275914607960393531D069E5B1B54
:1005B00006949844A9EB0502039B013D3020964226
:1005C00059460AF1010488BF98F80000AB4200F3D5
:1005D0001781B847002808F10108FFF6A8AB6B1C8B
:1005E00001D0A246E6E759462E20B84700280AF176
:1005F0000204FFF69CABA246DCE7029B002B3FF413
:1006000004AD029D43460292A046554454469A4684
:1006100002E0AC4200F0C48059463020B8470028C0
:1006200004F10104F5DAFFF782BB03F10208002AA6
:1006300000F07281029AA2EB080202925946302021
:100640000393B8470028FFF672AB039B002D00F020
:100650001F81284659460393B84700280AF102052E
:10066000039BBFF69BADFFF762BBCB1A16F0090FD9
:1006700002937FF4A7AC57E738340108D34D6210DA
:100680001F85EB51CDCCCCCC59462E20B847002845
:10069000FFF64DAB099A0126069D09940692AE42DB
:1006A00008EB06024FF030005946B8BF5079344687
:1006B000B847002806F10106FFF639AB4E45EEDDDE
:1006C00025460AF10209069A099CA944B2E452425D
:1006D0002D20BEE459462E200692B84700280AF184
:1006E0000209069ABFF6A6ACFFF721BB26F0110857
:1006F0001FFA88F3039300231E462BE516F0080328
:1007000000F0168100230DF130081BE61A1DF105DB
:100710001B680B9200F192801846DB17EDE4002B6A
:100720003FF4B7ACAA4246F40053C0F24981BCF191
:10073000000F00F01981911C029D8D4240F337811A
:10074000691A029116F009011E4600F06F81814678
:1007500038E42025FFF7B6BA4FF0FF39069586E654
:1007600080B2A4E58246FFF7EABA26F007024B45BD
:1007700092B20392C0F26981F1063FF538AE3207BA
:1007800040F15781029AD21A0292DBE542F480626C
:100790004042039206F0400263EB43010692C3E439
:1007A0005346A2464446029A9846002302932CE4FC
:1007B000C5F1780343F0100369E512F0010F029AC6
:1007C0007DD09045A2EB080180F2E68001EB0309A1
:1007D00001460291CFE4029B8B427FF71BAD5B1A6F
:1007E00016F0090F02937FF4EDAB9DE60299994252
:1007F0003FF794AE3505CDF808903FF5EFAB04E434
:10080000A146DDE90646B8470028FFF690AAF6069D
:100810007FF57EAA01357FF47BAA59462E20B84782
:1008200000280AF10209BFF673AAFFF780BAAE4AA0
:1008300005E5186804330B93C3175EE4B20540F175
:10084000A68058B243F3C01357E4494602F00800AB
:1008500082B2002800F02681029A5546A2EB0902D6
:10086000894602929AE4002D7FF430AA9DF8343034
:100870000295FFF736BA039AD6076ED502998845D6
:10088000A1EB080280F2908003EB02090295D5E605
:100890000AF1010582E44FF0FF3AFFF750BA112B3D
:1008A00028BF1123FFF7E8B90399C90740F18F80EA
:1008B00002988342A0EB030148DB029142E5904598
:1008C00080F2A38026460695029C4546079302E0E7
:1008D000A24209DA154659462020B847002805F1FA
:1008E0000102F5DAFFF723BA02990AF1010A344648
:1008F0002E468A1AAAEB080A0292B244039AD60636
:10090000DDE906533FF59AAE40F2064203991142E3
:100910007FF431AC554641E4039A12F0010F029A7C
:100920005FD09045A2EB08010FDB9946029185E666
:10093000029A002A40F3B38026F0170899461FFA5E
:1009400088F3C84603934B46BCE7102203EB01092A
:10095000002A67D00022029270E6029A9045B1DB2D
:10096000A2EB0802029251E5511C029888427FF7DF
:100970000AAE411A16F0090F02914FD0300549D442
:1009800016F0080FE1461E467FF408AE39E618B2AD
:1009900043F3C033FFF7B1BB99461AE7194606F097
:1009A00040030693FFF7C0BB9946029246E6814694
:1009B0001E460290FFF706BB1D464FF0FF3956E575
:1009C0001E46AE4663E5AA460DF13008BAE4029A27
:1009D00093427CDA984675E71E46CDF80890FFF7FB
:1009E000FDBA9045FFF66EAFA2EB0802029225E633
:1009F000C446029AD046A246099CBCF1000F7FF47F
:100A0000DFAACDF808C0FFF7E7BAA2EB080202920E
:100A1000FFF7B1BB1E46E146FFF7E0BA1E46E146CE
:100A20000D4682E555460292FFF7B8BB8946029D06
:100A30007BE59846029A9045FFF644AF029A5546E8
:100A4000A2EB08020292FFF7A9BB55B926F01708DE
:100A500036071FFA88F203923FF552ACC8460025CC
:100A6000E8E7F00604D4039A494602F00800EFE6EE
:100A7000320709F102083FF5DDAD029A9045FFF615
:100A800021AF03935946029B3020A3EB0803029346
:100A9000B8470028039BBFF6DCADFFF748B90DF15E
:100AA00030084FE40398C0070BD502988145A0EBAE
:100AB0000901FFF64BAF0DF13008FEE64946B1469D
:100AC000C6E6029A914507DAC8468946FAE6D21A7E
:100AD00055460292FFF762BBA2EB090255468946D2
:100AE0000292FFF75BBB00BF403401082DE9F04FD5
:100AF0009BB0C1F3130504460B92CA0F0E939DF8E9
:100B000090300C9240EA05020D93C1F30A53002B7A
:100B100008BF002A0CBF012200220A9200F00181C6
:100B2000080D40F2FF718B4200F0ED8004F00102ED
:100B30001192002B40F00281AB00012740F23446B5
:100B4000DFF89C8543EA947306970593A30004930A
:100B500030460DF1580B00F059FCC71BF61B07EB94
:100B60000803079730460F9300F058FC0346594698
:100B700030467D3BA7EB030A00F07AFC241912AB48
:100B8000AAF141086D41204600932946DDE916236C
:100B900000F076FD14AB06460F462046294600932A
:100BA000DDE9182300F06CFD0022CDF80080DDE9BE
:100BB0001243041951EB0305149B169928BF012217
:100BC000D218159B43F1000370181799149247EB44
:100BD0000101B0421593B941DDE9180134BF4FF06E
:100BE000010C4FF0000C201845EB01011CEB00003C
:100BF00041F10001A04271EB050C34BF4FF0010C34
:100C00004FF0000C1CEB020243F1000300F050FD1A
:100C1000039116998146DDF864C00891DDE917E17A
:100C2000DDE91423099106990293002940F01F82FF
:100C3000B019AAF14001009147EB0701231945EBD8
:100C4000050AB04271EB070634BF012600269E1943
:100C5000089B4AF100079842099B71EB0E0134BFD3
:100C600001200020301A67F10001C01A029B61EBDD
:100C70000C0192185B41A64277EB050C34BF4FF094
:100C8000010C4FF0000C12EB0C0243F10003864202
:100C900077EB010634BF01260026921B63F10003A7
:100CA00000F006FD8246029120462946CDF80080DC
:100CB000DDE9142300F0FCFC079B04460D46012BE4
:100CC00040F254833E2B1E4600F208814FF0FF3362
:100CD000A6F12002C6F1200003FA02F203FA06F19F
:100CE00023FA00F00B461143049A014322EA03025F
:100CF000059B23EA01031A434FF00003069308BF44
:100D000001230593EDE00C9B25434FF000000B9A67
:100D100014BF43F0080343F0040313711BB0BDE894
:100D2000F08F0C9B30210B9C012043F0020200232A
:100D30006171227123601BB0BDE8F08F54EA050297
:100D400040F2FE7245F48015A3F2354800EA020035
:100D500014BF01220022002808BF42F00102271917
:100D600006924FEA850245EB0506B8F1000F42EA0C
:100D7000947205924FEA84020492C0F21F834046A7
:100D80000DF1580B00F03AFBB8F1030FC8BF013862
:100D9000044607900F9000F041FBA4EB080800F117
:100DA0007C035946204603EB080A00F0E1FB12AB36
:100DB000384631460093DDE9162300F061FC14ABA0
:100DC00004460D46384631460093DDE9182300F00D
:100DD00057FC0A9ADDE912638719AAF1410651EB23
:100DE0000308149B169928BF012208960096D21872
:100DF000159B43F1000360181799149245EB01010C
:100E0000A0421593A941DDE9180134BF012600264F
:100E1000381848EB0101301841F10001B84271EB7C
:100E2000080634BF01260026B21843F1000300F083
:100E30003FFCDDF864E003918146DDE91432DDE931
:100E400017610292169A0992069A002A40F0F180E0
:100E500014EB040CAAF1400245EB05000092FA19CC
:100E600048EB080AA44570EB0505099D34BF012431
:100E7000002412194AF10004AC45B041029E34BF6F
:100E800001200020101A64F10005401A65EB0E01E4
:100E9000DB187641BA4274EB080534BF0125002502
:100EA0005D1946F10003824274EB010234BF012256
:100EB0000022AA1A63F1000300F0FAFB82460291B5
:100EC000089B384641460093DDE9142300F0F0FB0F
:100ED000079B04460D46152B40F220820023CDE9E6
:100EE00005330D9B002B00F0D8810A2C75F100030F
:100EF000C0F06E820A2300220120910001309E0082
:100F000041EA9371F31842EB0102DB1852419C4213
:100F100075EB0201F1D20F9B259AC3181344D20F2F
:100F20009342B8BF13460E9A9342A8BF1346099343
:100F3000B3FA83F04FF0000E03994009CDF810E0AA
:100F400010904846CDE9079E644A4FF0CC33CDF867
:100F500000B000F095FB169F179B5046FF080299C2
:100F60004FEAD3085D4A47EA4377CDF800B04FF027
:100F7000CC3300F085FB169E179BF6084FEAD30989
:100F800046EA4376BE4279EB08031ED30A2C75F17C
:100F90000003C0F08B800A23002201204FEA820C5C
:100FA000013099004CEA937CCB1842EB0C0CDB1817
:100FB0004CEB0C0C9C4275EB0C016246EED2099B8B
:100FC000984240F3558101230A9329462046434A1B
:100FD0004FF0CC33CDF800B000F052FB049B06EB91
:100FE000860208990133179DBAEB420F069A0493C3
:100FF000B24602F00102169B18BF00223846DB08F9
:10100000CDF808900692059A43EA45730797ED08D4
:10101000002914BF002202F00102CDF80C804146E5
:10102000059203EB8302A4EB42021C46D3B2089361
:101030008AE70998791A089A009268EB0E028442AE
:1010400075EB060634BF01200020081A62F100018A
:10105000874278EB010234BF012200229A1A029BD8
:1010600063F1000300F024FB8246029128E7099B0C
:10107000CDF80080E11A089B65EB0C0C9E42029BA8
:1010800077EB0E0034BF01200020081A6CF100013C
:10109000844275EB010634BF01260026921B63F1E2
:1010A000000300F005FB82460291FDE5099B002B41
:1010B00000F3DE8054EA050385D1109B002B82D01B
:1010C0000024DDE9079E2546069B002B51D05B4698
:1010D000F046A34602991C4635E000BFCDCCCCCCEF
:1010E000CCFBFFFFBB4A4FF0CC330094B24600F07C
:1010F000C7FA169B294658464FEAD309179BB54AAB
:1011000049EA43790094DB0803934FF0CC3300F0B5
:10111000B7FA059B179D3946B8F1000F14BF00239D
:1011200003F0010302970593049B01330493169B7C
:10113000DB0843EA4573ED0803EB8302ABEB4202A5
:101140009B465FFA82F84FF0CC33A24A5046009497
:1011500000F096FA169E179F4846F608039946EA4D
:101160004776FF0806EB8603BAEB430FBAD0C646B4
:101170005C46049A0F9B1344059A9B46029BBEF162
:10118000050F14BF002202F001029D4208BF544522
:101190000A9B83F0010303F0010318BF0023002A18
:1011A00069D014F001017BD1002B40F022810A2C80
:1011B00075F10002C0F020811A460A2300210126A1
:1011C00088009F0040EA9370FB1841EB0001DB1898
:1011D000304606F1010649419C4275EB0107EFD20A
:1011E000099B9E4201DD002A66D109980FFA8BFE09
:1011F000B042A8BF304600B2864400280EF1FF3E40
:101200002EDD0B9B411D734A4FF0CC37194403F17F
:10121000050C052614EB050848F10008A2FB083967
:1012200029F0030303EB9903A8EB0308B4EB0804CC
:1012300065F1000307FB04F502FB0355A4FB024321
:101240001D4404F001036408A3FB063944EAC57495
:1012500013EB08036D08303301F8013D6145D9D126
:101260000B9B0C9AC3F800E01A711BB0BDE8F08F1D
:10127000DDE9079E28E7BBB9BEF1040F94BF002249
:1012800001221146611845F100050A290C4675F145
:10129000000392D200200126A2E70E9B099347E6A5
:1012A000002BEFD04FF0050E069B119A83F001033F
:1012B0001A43E1D00121E5E70D9B6BB1259A06EBBE
:1012C0000B0313440E9A012BB8BF01239A42A8BF07
:1012D0001A469642099288DD05343E4906464FF08B
:1012E000CC3345F100050BF1010B621942F100020C
:1012F000A1FB020727F0030000EB9700121AA41AC3
:1013000065F1000504FB03F301FB0533A4FB014178
:101310000B4464085D0844EAC37466E7049E14AB9A
:101320002C4A009330464FF0CC33059900F0A8F9D1
:10133000149B159A9B0843EA827303EB8303B34221
:101340004AD0119E049B1EBB013B059A42F1FF311E
:10135000069A981A61F1000100F068F8079B834231
:101360008CBF00230123CDE90563BAE5119B13B9B6
:1013700001230593B5E519F1FF334FF000029946BB
:10138000039B63F1000303930123CDE90532A8E534
:10139000981C059B43F1000100F048F8079B83422D
:1013A0008CBF00230123B9EB03039946039B63F130
:1013B000000303930023CDE9053392E540F235465F
:1013C00018F10107A6EB030618BF0127FFF7C0BB02
:1013D0000120A0E5CDCCCCCCDDE9040100F026F85D
:1013E000079B83428CBF00230123059300230693B0
:1013F00077E54FF0040E57E70126F6E6024B03FBB4
:1014000000F0800C704700BF41340100024B03FB29
:1014100000F0000D704700BFFB2E0B00024B03FBDA
:1014200000F0C00C013070474F93120030B54FF000
:10143000CC350E4C4FF0333C05FB00F304FB01317F
:10144000A0FB043200200A449C457CEB02010CD333
:10145000A64605FB03F1013004FB0211A3FB0E328B
:101460000A449C457CEB0201F3D230BDCDCCCCCC00
:101470002DE9F04F3A4D1A233A4F87B0A5FB0025CE
:101480000E46ED0803FB150307EB051753B9D7E923
:101490000023C1E90023D7E90201C6E9020107B030
:1014A000BDE8F08F304A02A9044602EBC303D3E93A
:1014B0000089D7E9022340460091494600F0E0F850
:1014C00002460B464046494691469846D7E90023D6
:1014D00004AF009700F0D4F8002282468B46DDE985
:1014E000047317EB090753EB080928BF012232B137
:1014F000029B01330293039B43F1000303932046B5
:10150000FFF78CFF80461A2005FB00F0FFF786FFEF
:10151000A8EB00053A464B4600955046594600F068
:10152000C7F80095114B25096400844653F825300F
:101530000A4604F01E0438464946E34003F003031C
:1015400013EB0C0342F10002C6E90032DDE902238D
:1015500000F0AEF8C6E9020107B0BDE8F08F00BFA9
:101560004FECC44E703501084834010818350108A5
:101570003F4A00F11903A2FB03232DE9F04FDB08DA
:101580001A263C4F87B003FB06F60D4607EB031BFC
:10159000321A0AD1DBE90023C1E90023DBE90201A9
:1015A000C5E9020107B0BDE8F08F4FEA031A324BDC
:1015B00002A9044603EBC203D3E90089DBE9022355
:1015C00040460091494600F05BF857F80A200F4664
:1015D000DBF80430013A84464046B84604AF63F174
:1015E00000034946E246009700F04AF8002281468F
:1015F0008B46DDE9047317EB0A0753EB080828BF95
:10160000012232B1029B01330293039B43F1000399
:1016100003933046FFF702FF06462046FFF7FEFE23
:10162000361A3A46434600964846594600F040F876
:101630000096124B26096400844653F826300A4669
:1016400004F01E0438464146E34003F0030301332F
:1016500013EB0C0342F10002C5E90032DDE902237D
:1016600000F026F8C5E9020107B0BDE8F08F00BF21
:101670004FECC44E98360108483401084036010842
:101680004FF0000C70B58E4605461646A0FB0201D1
:101690006246049CEEFB06126646EEFB032CE3FB5F
:1016A000051692194CF10003C4E9002370BD00BF78
:1016B00010B5029CC4F1400CC4F1200EE04002FAC7
:1016C0000EFE03FA0CF302FA0CFC43EA0E03C4F11B
:1016D000200E01FA0EFE40EA0E00A4F1200E22FABE
:1016E0000EFEA4F1200221FA04F421FA02F243EAE8
:1016F0000E03104343EA04014CEA000010BD00BF92
:1017000071B1034601EB000C01E0634506D01A46B7
:10171000013311780029F8D1101A7047181A704750
:10172000084670472DE9F0430446C1F31305CE0F78
:10173000184654EA05039DF81CE0C1F30A511671DE
:1017400056D10B1E18BF0123002951D10028136068
:10175000C0F25E810C2800F3DA811F461D46C0F1FD
:101760000D060124B600711EA6F12108C6F1210361
:1017700004FA01F104FA08F824FA03F34C1848EAD1
:10178000030848EB0809634269EB490C013C49F145
:10179000FF393C4009EA0509A14278EB09090EDB53
:1017A000C6F1200927FA06F4203E05FA09F944EAB1
:1017B000090402D445FA06F63443E40703D5C919EF
:1017C00045EB08050F463B4005EA0C0C1B0943EAB4
:1017D0000C734FEA2C1C19090C2803F00F0441EA82
:1017E0000C714FEA2C1C2CD0002C00F0148128E046
:1017F00040F2FF73994200F08D81002900F0F780DC
:10180000A1F2FF31002845F4801527461160C0F28F
:10181000F5800C28A3DD230904F00F004FEA251CF6
:1018200043EA0573092802DDCEF127010844303070
:10183000190903F00F0441EA0C7190744FEA2C1C53
:101840000D20092C02DDCEF127031C4430340C2876
:101850004FEA11155474B8BF0C2001F00F0445EA8B
:101860000C754FEA2C13092C02DDCEF127010C4434
:1018700030340B2814744FEA1514B8BF0B2005F050
:101880000F0544EA03741B11092D02DDCEF1270177
:101890000D444FEA14180A2805F1300504F00F042E
:1018A00048EA0378B8BF0A201B11D573092C02DD62
:1018B000CEF127010C443034092894734FEA1814F0
:1018C000B8BF092008F00F0844EA03741B11B8F1EF
:1018D000090F02DDCEF12701884408F130080828FD
:1018E00082F80D804FEA1418B8BF082004F00F04E6
:1018F00048EA03781B11092C02DDCEF127010C44C4
:101900003034072814734FEA1814B8BF072008F0C2
:101910000F0844EA03741B11B8F1090F02DDCEF180
:10192000270188442109062808F1300804F00F0433
:1019300041EA0371B8BF06201B1182F80B80092C05
:1019400002DDCEF127052C444FEA1118052804F1D9
:10195000300401F00F0148EA0378B8BF05201B11DD
:101960009472092902DDCEF1270421444FEA1814AC
:10197000042801F1300108F00F08B8BF042044EA40
:1019800003744FEA23195172B8F1090F02DDCEF149
:10199000270398442109032808F1300804F00F04B4
:1019A000B8BF032041EA09714FEA291382F8088081
:1019B000092C02DDCEF127052C440D09022804F183
:1019C000300401F00F01B8BF022045EA0375D4715D
:1019D000092902DDCEF1270E7144012801F1300101
:1019E000B8BF0120917130355571BDE8F083A1F287
:1019F000FE31002827461160BFF60BAF230914F013
:101A00000F004FEA251C43EA05737FF40BAFE2E6B3
:101A1000184619469C460D0911F00F044FEA2C1781
:101A200045EA0C753B467FF41EAF0B283FF41BAF15
:101A30000C0A15F00F054FEA2C2644EA0C643346D5
:101A40007FF422AF0A283FF41FAF4FEA113814F099
:101A50000F044FEA2C3548EA0C582B467FF426AF8A
:101A600009283FF423AF0C0C18F00F084FEA2C4361
:101A700044EA0C447FF42BAF08283FF428AF4FEA28
:101A8000115814F00F044FEA2C5348EA0C387FF435
:101A900032AF07283FF42FAF0C0E18F00F084FEAB3
:101AA0002C6344EA0C247FF437AF06283FF434AFAC
:101AB000090F14F00F044FEA2C7341EA0C117FF464
:101AC0003EAF05283FF43BAF11F00F01E0464FEA6F
:101AD000EC737FF446AF04283FF443AF1CF00F08CB
:101AE0003C4699467FF450AF03283FF44DAF17F0C2
:101AF0000F0431467FF45CAF02283FF459AF16F073
:101B00000F017FF465AFC3077FF56DAF60E79C46BB
:101B100018468CE625434FF0000014BF46F0080637
:101B200046F004061671BDE8F08300BFD1E9043227
:101B3000934202D05A1C0A611870704700000000DE
:101B4000000000005265636F726465722073746FE9
:101B50007070656420696E207854726163654572A7
:101B6000726F72282E2E2E29210000002357465214
:101B700000000000556E6B6E6F776E206572726F9D
:101B80007220636F64653A20307825303858000041
:101B90004578636565646564205452435F434647F6
:101BA0005F454E5452595F534C4F54530000000050
:101BB0004578636565646564205452435F434647D6
:101BC0005F454E5452595F53594D424F4C5F4D4102
:101BD000585F4C454E475448000000004576656EFE
:101BE000742073697A65206578636565646564004F
:101BF0005452435F53545245414D5F504F52545FCE
:101C0000524541445F444154412072657475726E7F
:101C10006564206572726F72000000005452435F69
:101C200053545245414D5F504F52545F575249549F
:101C3000455F444154412072657475726E6564203D
:101C40006572726F72000000426C6F636B696E6741
:101C500020696E20785472616365456E61626C65BF
:101C6000000000004E6F20736C6F7473206C65660B
:101C70007420696E20537461636B204D6F6E6974BC
:101C80006F720000496E76616C6964206576656EDE
:101C90007420636F646500004578636565646564FE
:101CA00020495352206E657374696E67000000000E
:101CB000445754206E6F7420737570706F72746522
:101CC000640000004457545F435943434E54206E10
:101CD0006F7420737570706F72746564000000001B
:101CE000436F756C64206E6F7420637265617465F8
:101CF00020547A4374726C004153534552543A2035
:101D0000257320282564290053797374656D204854
:101D100065617000547A4374726C0000000000002A
:101D200000000000446562756720436F6E736F6C3E
:101D30006500000044656661756C740046726565F7
:101D400052544F53000000002444554D4D595F44F8
:101D500045564943455F4944000000002444554D21
:101D60004D595F53455353494F4E5F49440000005E
:101D70007844666D496E697469616C697A6520455D
:101D800072726F72202D20707844666D44617461A8
:101D9000206973204E554C4C0A000000257300004A
:101DA0007844666D496E697469616C697A6520452D
:101DB00072726F72202D2078476574556E69717547
:101DC0006553657373696F6E494420697320300AE7
:101DD000000000007844666D496E697469616C6941
:101DE0007A65204572726F72202D207847657444A1
:101DF00065766963654E616D6520697320300A0000
:101E00007844666D496E697469616C697A652045CC
:101E100072726F72202D207844666D5365737369FA
:101E20006F6E496E697469616C697A652066616973
:101E30006C65642E0A0000007844666D496E697412
:101E400069616C697A65204572726F72202D207805
:101E500044666D4B65726E656C506F7274496E6945
:101E60007469616C697A65206661696C65642E0AC3
:101E7000000000007844666D496E697469616C69A0
:101E80007A65204572726F72202D207844666D410C
:101E90006C657274496E697469616C697A652066F3
:101EA00061696C65642E0A007844666D496E6974D8
:101EB00069616C697A65204572726F72202D207895
:101EC00044666D456E747279496E697469616C69B6
:101ED0007A65206661696C65642E0A007844666DD7
:101EE000496E697469616C697A65204572726F72B6
:101EF000202D207844666D436C6F7564496E69745B
:101F000069616C697A65206661696C65642E0A0096
:101F10007844666D496E697469616C697A652045BB
:101F200072726F72202D207844666D53746F7261E7
:101F30006765496E697469616C697A652066616973
:101F40006C65642E0A0000007844666D416C657211
:101F500074496E697469616C697A65204572726F43
:101F600072202D2070784275666665722069732034
:101F70004E554C4C0A000000257300004275696CF8
:101F8000642D4D332D4F300070727644666D416C78
:101F9000657274496E697469616C697A652045720D
:101FA000726F72202D20707844666D416C6572747A
:101FB00044617461206973204E554C4C0A00000046
:101FC00070727644666D416C657274496E697469AD
:101FD000616C697A65204572726F72202D2070786D
:101FE000416C657274206973204E554C4C0A000098
:101FF00070727644666D416C657274496E6974697D
:10200000616C697A65204572726F72202D20737A37
:102010004669726D7761726556657273696F6E207D
:102020006973204E554C4C0A000000007844666DE0
:10203000546573745365745265766973696F6E2065
:102040004572726F72202D20707844666D416C6508
:10205000727444617461206973204E554C4C0A00BF
:102060007844666D5465737453657452657669730C
:10207000696F6E204572726F72202D207078416CEE
:10208000657274206973204E554C4C0A00000000A4
:102090007844666D546573745365745265766973DC
:1020A000696F6E204572726F72202D20737A4669B7
:1020B000726D7761726556657273696F6E206973B0
:1020C000204E554C4C0A0000257320617420257366
:1020D0003A2575000A44464D20416C6572743A20D9
:1020E00000000000257300000A000000414C45522A
:1020F0005400000044464D3A205265737461727476
:10210000696E672E2E2E0A0A0A000000636F726540
:1021100064756D705F656E64000000004661756CEB
:102120007420657863657074696F6E2C2043465324
:10213000523A20307825303858000000202044469C
:102140004D3A2053746F72696E6720746865206120
:102150006C6572742E0A0000202044464D3A204ED1
:102160006F742079657420696E697469616C697A2D
:1021700065642E20416C6572742069676E6F7265AC
:10218000642E0A0064666D5F74726163652E7073FD
:10219000667300000A44464D3A204572726F722CF5
:1021A00020756344617461427566666572206E6F66
:1021B00074206C6172676520656E6F756768210AAF
:1021C0000A00000044464D3A204552524F522C20FE
:1021D000737461636B206F766572666C6F772069CC
:1021E0006E204372617368436174636865722C206A
:1021F00073656520636F6D6D656E7420696E206414
:10220000666D4372617368436174636865722E63BF
:102210000A0A000044464D3A205761726E696E67A3
:102220002C206D656D6F727920726567696F6E2005
:1022300073697A65206973207A65726F210A0A00D2
:102240000A44464D3A204572726F722C20756E68B2
:10225000616E646C65642063617365210A0A000025
:10226000747261702E646D70000000006661756CA0
:10227000742E646D7000000044464D3A2045727221
:102280006F722C207844666D416C65727441646491
:102290005061796C6F6164206661696C65642E0AB7
:1022A0000000000044464D3A207844666D416C655C
:1022B0007274456E64206661696C65642E0A000064
:1022C000537461636B20636F7272757074696F6EA3
:1022D00000000000433A2F7372632F44656D6F73E3
:1022E0005265706F2F5A657068797244656D6F2FF3
:1022F0006D6F64756C65732D73746167696E672F9C
:102300006D6F64756C65732F64656275672F70659A
:1023100072636570696F2F44464D2F64666D43721A
:10232000617368436174636865722E630000000026
:102330004275696C642D4D332D4F30005461736BC1
:10234000202573206578656375746564206D6F72F0
:1023500065207468616E20657870656374656420BB
:10236000282575202525292E0A0000005461736B4D
:10237000202573206578656375746564206C6573CA
:1023800073207468616E206578706563746564207D
:10239000282575202525292E0A0000005461736B1D
:1023A0004D6F6E69746F7220616C6572742C20546D
:1023B00061736B2025732C20435055206C6F616432
:1023C0002025752025252C20756E6B6E6F776E206D
:1023D000726561736F6E2E0A00000000414C455219
:1023E0005400000064666D5F74726163652E7073E3
:1023F0006673000044464D3A207844666D416C6532
:102400007274456E64206661696C65642E0A000012
:102410002573000020253032580000005B5B20440B
:102420004154413A0000000025730000205D5D0A20
:10243000000000000A5B5B20446576416C657274A5
:10244000204461746120426567696E73205D5D0A96
:10245000000000005B5B20446576416C657274206F
:102460004461746120456E6465642E204368656331
:102470006B73756D3A202564205D5D0A00000000D5
:1024800050415353000000004641494C00000000F9
:1024900044464D543A434845434B3A25733A2573D5
:1024A0003A25730A0000000031303031000000008E
:1024B0003130303300000000313031320000000094
:1024C00054524143455F494E495449414C495A454C
:1024D000440000004841524E45535300545241437A
:1024E000455F5354415254454400000044464D203A
:1024F000546573747300000054524143455F434870
:10250000414E4E454C5F5245474953544552454410
:1025100000000000554E4B4E4F574E0044464D5460
:102520003A4841524E4553535F4641494C3A257310
:102530003A494E5445525255505445443A70686198
:1025400073653D25753A726561736F6E3D25750A39
:1025500000000000454E440044464D543A52455355
:10256000554D45443A25753A25730A0044464D5465
:102570003A52455455524E45443A25733A73746164
:10258000727475703A697073723D25753A636F6E37
:1025900074726F6C3D307825780A000054485245BB
:1025A00041445F4D4F4445004D53505F53454C45AA
:1025B000435445440000000044464D543A524542BD
:1025C0004F4F545F45585045435445443A25733A5C
:1025D000737461727475700A000000006D335F6F70
:1025E0003000000044464D543A53554954455F422B
:1025F0004547494E3A25733A253038780A0000009D
:1026000044464D543A4841524E4553535F46414922
:102610004C3A53544154453A494E4445585F4F55FE
:10262000545F4F465F52414E47453A25750A0000B8
:1026300044464D543A424F4F543A25733A25303868
:10264000783A70686173653D25753A696E6465789E
:102650003D25753A7265626F6F74733D25750A008A
:1026600044464D543A53554954455F434F4D504CA1
:102670004554453A25733A253038780A0000000061
:1026800044464D543A424547494E3A25733A2575DA
:102690000A00000054257520424547494E000000BD
:1026A00064666D006661756C7400000044464D54AC
:1026B0003A5245424F4F545F455850454354454464
:1026C0003A25733A25730A0044464D543A4841521C
:1026D0004E4553535F4641494C3A25733A4558504D
:1026E00045435445445F524553544152545F52450B
:1026F0005455524E45443A25640A000044464D5410
:102700003A52455455524E45443A25733A25640A87
:1027100000000000636F726564756D705F656E64C4
:1027200000000000426F6F74696E6720506572632D
:102730006570696F204672656552544F5320444658
:102740004D2074657374206861726E657373206FB9
:102750006E2051454D55206D7073322D616E3338AA
:10276000350A000044464D543A4841524E455353B1
:102770005F4641494C3A424F4F543A5452414345C7
:102780005F494E495449414C495A450A00000000EE
:1027900044464D543A4841524E4553535F46414991
:1027A0004C3A424F4F543A44464D5F494E49544982
:1027B000414C495A450A000044464D543A4841525A
:1027C0004E4553535F4641494C3A424F4F543A5459
:1027D000524143455F53544152540A0044464D54BC
:1027E000657374730000000044464D543A484152EA
:1027F0004E4553535F4641494C3A424F4F543A5429
:1028000041534B5F4352454154450A0044464D54A1
:102810003A4841524E4553535F4641494C3A424F24
:102820004F543A5343484544554C45525F524554E2
:1028300055524E45440A00005041535300000000D9
:102840004641494C0000000044464D543A43484537
:10285000434B3A25733A25733A25730A000000006A
:10286000546573742031303031000000433A2F73C7
:1028700072632F44656D6F735265706F2F44656D81
:102880006F2D4672656552544F532D51454D552F4E
:1028900064666D5F74657374732F7372632F7465F0
:1028A00073745F63616C6C5F636861696E732E63E0
:1028B0000000000054313030312050415448207322
:1028C000657276696365202D3E20747261705F7356
:1028D00069746500543130303120504154482070C3
:1028E00075626C69635F617069202D3E207365724B
:1028F0007669636500000000543130303120415268
:1029000047532061303D25750000000054313030C0
:102910003120415247532061353D257500000000AC
:10292000546573742031303032000000543130303F
:10293000322050415448207075626C69635F617049
:1029400069202D3E20696E6C696E655F77726170DB
:102950007065720054313030322050415448206943
:102960006E6C696E655F77726170706572202D3E66
:1029700020747261705F6C656166000054313030A4
:10298000322041524753206D6F64653D257500002C
:1029900054313030322041524753207363616C61AF
:1029A000723D257500000000543130303220444122
:1029B0005441206E616D653D7430322D6E616D65E0
:1029C0000000000054313030322044415441207422
:1029D00061673D31300000005431303032204441D5
:1029E000544120636F756E743D3230005431303085
:1029F00032204441544120656E61626C65643D3112
:102A0000000000007430322D6E616D650000000022
:102A1000546573742031303033000000543130304D
:102A20003320415247532072303D313000000000C6
:102A3000543130303320415247532072313D3230CF
:102A4000000000005431303033204152475320728F
:102A5000323D3330000000005431303033204152D9
:102A600047532072333D3430000000005431303081
:102A700033205041544820746573745F74687265E4
:102A80006164202D3E20747261705F61745F656EB9
:102A90007472790054657374203130303400000052
:102AA0005431303034204441544120696E70757483
:102AB0003D34303030000000543130303420444157
:102AC00054412065787065637465645F72657475E0
:102AD000726E3D3434303400543130303420504143
:102AE00054482063616C6C6572202D3E20747261C5
:102AF000705F6265666F72655F72657475726E0095
:102B000043414C4C45525F434F4E54494E5545440A
:102B10005F4F4E434500000031303034000000006C
:102B20005431303037412050415448206C65667430
:102B30005F70617468202D3E207368617265645F08
:102B40006572726F725F68616E646C65720000001E
:102B500054657374203130303741000054313030C7
:102B6000374220504154482072696768745F696E2B
:102B70006E6572202D3E207368617265645F6572B8
:102B8000726F725F68616E646C6572005465737415
:102B9000203130303742000054524143455F5245A6
:102BA00053554D454400000031303037410000009E
:102BB0005431303037412072657475726E6564200F
:102BC00074726163655F656E61626C65643D2575F5
:102BD000000000003130303742000000546573744B
:102BE000203130313100000054313031312050413A
:102BF00054482063616C6C6261636B5F68616E64F2
:102C00006C6572202D3E20747261705F736974650B
:102C100000000000543130313120444154412063E0
:102C2000616C6C6261636B2076616C75653D2575C6
:102C30000000000054657374203130313200000010
:102C400054313031322041524753207363616C61FB
:102C5000723D257500000000543130313220415260
:102C6000475320736D616C6C3D25750054313031D4
:102C700032204441544120776964653D353030301D
:102C8000303030303030000054313031322050415B
:102C90005448206C617267655F6672616D65202DB6
:102CA0003E207369785F6172677300007431322D62
:102CB0007465787400000000543130313220504186
:102CC000544820736D616C6C5F6672616D65202D78
:102CD0003E206C617267655F6672616D6500000021
:102CE00050415353000000004641494C0000000091
:102CF00044464D543A434845434B3A25733A25736D
:102D00003A25730A00000000546573742031303195
:102D100030000000433A2F7372632F44656D6F7368
:102D20005265706F2F44656D6F2D46726565525404
:102D30004F532D51454D552F64666D5F7465737407
:102D4000732F7372632F746573745F636F6E746532
:102D50007874732E6300000044464D543A53544136
:102D6000525455505F454E5445523A313030353A01
:102D7000697073723D25753A636F6E74726F6C3D46
:102D8000307825780A0000005465737420313030A3
:102D9000350000005431303036412043545820482B
:102DA000616E646C657220495053523D2575000078
:102DB0005465737420313030364100005431303066
:102DC00036422052455455524E2066697273742023
:102DD000747261703B20495053523D2575000000CC
:102DE00048414E444C45525F4D4F44450000000061
:102DF00031303036000000004953525F524554557F
:102E0000524E454400000000546573742031303048
:102E100036420000546573742031303038000000B1
:102E20005465737420313030390000005431303033
:102E30003920444154412076616C75653D2575000B
:102E4000543130303920504154482074696D6572D6
:102E50002D6461656D6F6E202D3E207365727669FD
:102E600063650000574F524B5F5355424D495454D0
:102E7000454400003130303900000000574F524BBC
:102E80005F434F4D504C455445440000545241500F
:102E90005F52455455524E454400000054657374CA
:102EA000203130313500000054313031364120437B
:102EB000545820495053523D25750000543130314B
:102EC00036412043545820434F4E54524F4C3D25D9
:102ED0003038580054657374203130313641000069
:102EE00054313031364120414354494F4E2073779D
:102EF0006974636820505350202D3E204D5350007C
:102F00005431303136422052455455524E2074725D
:102F100061705F43544C3D25303858005431303196
:102F200036422052455455524E206E6F775F4354BF
:102F30004C3D2530385800005448524541445F4DBF
:102F40004F44450031303136000000004D53505F92
:102F500053454C4543544544000000005053505FD6
:102F6000524553544F524544000000005465737459
:102F7000203130313642000054313032312044416A
:102F800054412063757272656E745F7072696F3D33
:102F900025640000543130323120444154412068CE
:102FA0006967685F7072696F3D2564005431303223
:102FB0003148696768000000543130323141205394
:102FC000544154452068696768207468726561647B
:102FD0002072656164793B207363686564756C6514
:102FE00072206C6F636B656400000000546573743D
:102FF00020313032314100005431303231412052E1
:10300000455455524E20686967685F72616E3D2570
:103010007500000054313032314220504F5354205B
:10302000686967685F72616E3D25750054313032A2
:10303000314220504F535420776169743D2564001C
:10304000484947485F5448524541445F43524541CF
:103050005445440031303231000000004F55544592
:10306000525F4C4F434B5F50524553455256454477
:1030700000000000484947485F5448524541445FBA
:1030800052414E5F41465445525F554E4C4F434B63
:10309000000000005465737420313032314200006A
:1030A0005431303235204641554C542064656C69AA
:1030B00062657261746520756E646566696E6564CB
:1030C00020696E737472756374696F6E000000001E
:1030D000464154414C3A204672656552544F532044
:1030E000616C6C6F636174696F6E206661696C6599
:1030F000640A0000464154414C3A20737461636B8A
:10310000206F766572666C6F7720696E2025730A72
:1031100000000000464154414C3A206173736572CF
:1031200074696F6E2061742025733A256C750A00EE
:10313000433A2F7372632F44656D6F735265706FDE
:103140002F44656D6F2D4672656552544F532D5156
:10315000454D552F74686972645F70617274792F80
:103160004672656552544F532D4B65726E656C2FD8
:1031700071756575652E630000000000433A2F737A
:1031800072632F44656D6F735265706F2F44656D68
:103190006F2D4672656552544F532D51454D552F35
:1031A00074686972645F70617274792F46726565C4
:1031B00052544F532D4B65726E656C2F7461736B57
:1031C000732E630049444C4500000000546D72208A
:1031D00053766300433A2F7372632F44656D6F73A8
:1031E0005265706F2F44656D6F2D46726565525440
:1031F0004F532D51454D552F74686972645F70614E
:103200007274792F4672656552544F532D4B657217
:103210006E656C2F74696D6572732E63000000001B
:10322000546D725100000000433A2F7372632F44B3
:10323000656D6F735265706F2F44656D6F2D4672AB
:10324000656552544F532D51454D552F7468697221
:10325000645F70617274792F4672656552544F5382
:103260002D4B65726E656C2F706F727461626C6548
:103270002F4743432F41524D5F434D33335F4E54ED
:103280005A2F6E6F6E5F7365637572652F706F7204
:10329000742E6300433A2F7372632F44656D6F730E
:1032A0005265706F2F44656D6F2D4672656552547F
:1032B0004F532D51454D552F74686972645F70618D
:1032C0007274792F4672656552544F532D4B657257
:1032D0006E656C2F706F727461626C652F4D656DD9
:1032E0004D616E672F686561705F342E630000006A
:1032F000000050006343030000000C00A8240108F4
:10330000E9030000000000000D720008B02401086D
:10331000EB0300000000000019730008B824010846
:10332000F403000000000000557500081E000000B6
:10333000010000000200000003000000280000005F
:1033400058000020000000000000000001020304FB
:10335000060708090000000001020304006CDC02FB
:1033600000366E010024F400001BB70000093D0088
:1033700080841E0060E3160040420F0000E02E0033
:103380000070170000A00F0000B80B00801A0600A4
:10339000400D0300F0490200A08601000000024237
:1033A0000100000000000242030000000000024291
:1033B0000600000000040242010000000004024276
:1033C0000A0000000008024202000000000C024255
:1033D0000D000000000C0242020000000008024242
:1033E0000A0000000004024200000000000802423F
:1033F0000C0000000004024203000000000402422E
:103400000400000000100242000000000010024210
:103410000200000000100242030000000100020050
:103420000400060008000A000C0010002000400004
:103430008000000108000000696E66006E616E0089
:10344000286E756C6C29000001000000000000006F
:10345000050000000000000019000000000000004E
:103460007D0000000000000071020000000000006C
:10347000350C000000000000093D000000000000C5
:103480002D31010000000000E1F505000000000002
:1034900065CD1D0000000000F9029500000000004D
:1034A000DD0EE90200000000514A8D0E0000000010
:1034B0009573C24800000000E941CC6B0100000098
:1034C0008D49FD1A07000000C16FF286230000003D
:1034D000C52EBCA2B1000000D9E9AC2D78030000D4
:1034E0003D9160E45811000031D6E275BC560000F1
:1034F000F52E6E4DAEB10100C9EA2683677808004B
:10350000ED95C28F055A2A00A1EDCCCE1BC2D30087
:1035100025A4000A8BCA220400000000000000005D
:1035200000000000000000000000004095596959AB
:1035300055555455155555560405154110545540CB
:103540004551554440455044505555450040004074
:1035500040044496655556554540455451411540E3
:10356000559155555555405105010000000000008A
:10357000000000000000000000000000000000103B
:103580000000000000000000B9340332B7F4AD14AD
:1035900010DB1AB30892540E0D307D951447BA1AF9
:1035A00066088F4D26ADC66DF598BF85E2B745110B
:1035B000CA96853D92BD1DEBFCA11860DCEF52164A
:1035C0003C92AE220BB8C1B4839D2D5B0562DA1C20
:1035D000304C7E8F4E8BB25B16F4529F8B56A512E9
:1035E000FBD4827643ED8AF08FE7F931156519181F
:1035F00050F19BD94A13EEB4284CF0A686C1251F82
:10360000035FC270CB9E4916E642889C44EB2014AF
:10361000B0650836AD6EA58585F0CA14E2FD031AC3
:103620000B899979D5B13D09D8DA973A35EBCF10A6
:10363000AC363F5E73BB38CF3E6752FA44AFBA1523
:10364000544554544555050400100410140440001A
:10365000000001405555154154040000440001008C
:10366000000000404100004450444550540055556E
:103670005455655100400040010000010005010063
:103680001154515154555505001541500000044046
:10369000100104050000000001000000000000000F
:1036A0000000000000000020345065C05FC9A65231
:1036B000BB13CBAEC440C21806C8DF7100D5A87CCE
:1036C000F56F0FDA58FC27136E4756357D242065B9
:1036D00002C7E768E48CA41DE9E60268D7CD39612A
:1036E0007977FCC2405BEF16798CDE43FFA751F976
:1036F00091F3B278F5BDBE11E857E9D6E8BEE87B94
:10370000B054AC8F848D751BEA23A499E9F9D38B4F
:10371000B7A3714061DA3E15CEE33ECB73F948089A
:103720008C97B427D51B7010A2BFEFB9EB8532156B
:103730004DB44DB49BBB6F1996B6076CF8E7EEAD70
:1037400036D9B4F59135AE13222218AF4E6A684DC2
:1037500091DAAA3D4F40741E9FBD9EE006A1C0981D
:1037600057C2A7FDA40E90170E7D497173E3208FF9
:10377000B220D87605143B12853D7434811343B0D2
:08378000AD297A5F27F4351C26
:08378800BCCBFE7F0100000034
:10379000C43B0020FFFFFFFF00000000000000000E
:1037A000FFFFFFFF00000000EFBEADDEFFFFFFFFE9
:1037B000FFFFFFFF01000000FFFFFFFFFFFFFFFF14
:1037C00001000000FFFFFFFFFFFFFFFF01000000FF
:1037D000FFFFFFFFFFFFFFFF0100000000ED00E023
:1037E00028ED00E088ED00E000000200117C0008F8
:1037F000000000000000000000093D001000000073
:0400000508007C4132
:00000001FF
