Booting Percepio FreeRTOS DFM test harness on QEMU mps2-an385
DFMT:SUITE_BEGIN:m3_o0:92b3fb9f
DFMT:CHECK:HARNESS:PASS:TRACE_CHANNEL_REGISTERED
DFMT:BEGIN:1001:0

DFM Alert: Test 1001 at test_call_chains.c:26
  DFM: Storing the alert.


[[ DevAlert Data Begins ]]
[[ DATA: D1 D2 D3 D4 F0 0F 01 00 12 15 00 00 01 00 01 00 01 00 00 00 ]]
[[ DATA: 20 00 20 00 68 00 00 00 0C 01 00 00 24 44 55 4D 4D 59 5F 53 ]]
[[ DATA: 45 53 53 49 4F 4E 5F 49 44 00 00 00 00 00 00 00 00 00 00 00 ]]
[[ DATA: 00 00 00 00 24 44 55 4D 4D 59 5F 44 45 56 49 43 45 5F 49 44 ]]
[[ DATA: 00 00 00 00 00 00 00 00 00 00 00 00 00 00 00 00 54 65 73 74 ]]
[[ DATA: 20 31 30 30 31 20 61 74 20 74 65 73 74 5F 63 61 6C 6C 5F 63 ]]
[[ DATA: 68 61 69 6E 73 2E 63 3A 32 36 00 00 00 00 00 00 00 00 00 00 ]]
[[ DATA: 00 00 00 00 00 00 00 00 00 00 00 00 00 00 00 00 00 00 00 00 ]]
[[ DATA: 00 00 00 00 00 00 00 00 00 00 00 00 00 00 00 00 00 00 00 00 ]]
[[ DATA: 00 00 00 00 00 00 00 00 00 00 00 00 00 00 00 00 00 00 00 00 ]]
[[ DATA: 50 44 66 6D F0 0F 03 48 08 04 68 00 01 00 00 00 E9 03 00 00 ]]
[[ DATA: 01 00 00 00 EA 02 00 00 07 00 00 00 48 8F 00 20 02 00 00 00 ]]
[[ DATA: 21 07 00 00 04 00 00 00 1A 00 00 00 00 00 00 00 00 00 00 00 ]]
[[ DATA: 00 00 00 00 00 00 00 00 00 00 00 00 00 00 00 00 00 00 00 00 ]]
[[ DATA: 00 00 00 00 42 75 69 6C 64 2D 4D 33 2D 4F 30 00 00 00 00 00 ]]
[[ DATA: 00 00 00 00 00 00 00 00 00 00 00 00 00 00 00 00 00 00 00 00 ]]
[[ DATA: 00 00 00 00 00 00 00 00 00 00 00 00 00 00 00 00 00 00 00 00 ]]
[[ DATA: 00 00 00 00 00 00 00 00 00 00 00 00 00 00 00 00 54 65 73 74 ]]
[[ DATA: 20 31 30 30 31 20 61 74 20 74 65 73 74 5F 63 61 6C 6C 5F 63 ]]
[[ DATA: 68 61 69 6E 73 2E 63 3A 32 36 00 00 00 00 00 00 00 00 00 00 ]]
[[ DATA: 00 00 00 00 00 00 00 00 00 00 00 00 00 00 00 00 00 00 00 00 ]]
[[ DATA: 00 00 00 00 00 00 00 00 00 00 00 00 00 00 00 00 00 00 00 00 ]]
[[ DATA: 00 00 00 00 00 00 00 00 00 00 00 00 00 00 00 00 00 00 00 00 ]]
[[ DATA: 6D 66 44 50 00 00 00 00 D4 D3 D2 D1 ]]
[[ DevAlert Data Ended. Checksum: 29558 ]]

[[ DevAlert Data Begins ]]
[[ DATA: D1 D2 D3 D4 F0 0F 01 00 18 46 01 00 01 00 01 00 01 00 00 00 ]]
[[ DATA: 20 00 20 00 10 00 00 00 24 00 00 00 24 44 55 4D 4D 59 5F 53 ]]
[[ DATA: 45 53 53 49 4F 4E 5F 49 44 00 00 00 00 00 00 00 00 00 00 00 ]]
[[ DATA: 00 00 00 00 24 44 55 4D 4D 59 5F 44 45 56 49 43 45 5F 49 44 ]]
[[ DATA: 00 00 00 00 00 00 00 00 00 00 00 00 00 00 00 00 64 66 6D 5F ]]
[[ DATA: 74 72 61 63 65 2E 70 73 66 73 00 00 50 44 61 50 F0 0F 03 10 ]]
[[ DATA: F0 32 00 00 64 66 6D 5F 74 72 61 63 65 2E 70 73 66 73 00 00 ]]
[[ DATA: 50 61 44 50 00 00 00 00 D4 D3 D2 D1 ]]
[[ DevAlert Data Ended. Checksum: 12498 ]]

[[ DevAlert Data Begins ]]
[[ DATA: D1 D2 D3 D4 F0 0F 01 00 71 83 01 00 01 00 07 00 01 00 00 00 ]]
[[ DATA: 20 00 20 00 10 00 00 00 D0 07 00 00 24 44 55 4D 4D 59 5F 53 ]]
[[ DATA: 45 53 53 49 4F 4E 5F 49 44 00 00 00 00 00 00 00 00 00 00 00 ]]
[[ DATA: 00 00 00 00 24 44 55 4D 4D 59 5F 44 45 56 49 43 45 5F 49 44 ]]
[[ DATA: 00 00 00 00 00 00 00 00 00 00 00 00 00 00 00 00 64 66 6D 5F ]]
[[ DATA: 74 72 61 63 65 2E 70 73 66 73 00 00 30 10 00 20 00 00 00 00 ]]
[[ DATA: 05 06 07 08 75 76 77 78 F5 F6 F7 F8 00 46 53 50 0E 00 A1 1A ]]
[[ DATA: 00 00 00 00 01 03 00 00 00 00 00 00 00 00 02 01 46 72 65 65 ]]
[[ DATA: 52 54 4F 53 01 00 00 00 00 00 00 00 00 0E 27 07 00 00 00 00 ]]
[[ DATA: E8 03 00 00 50 4E 05 00 44 00 00 00 38 00 00 00 1C 00 00 00 ]]
[[ DATA: 03 00 00 00 AC 05 00 20 00 00 00 00 00 00 00 00 00 00 02 00 ]]
[[ DATA: 00 00 00 80 53 79 73 74 65 6D 20 48 65 61 70 00 00 00 00 00 ]]
[[ DATA: 00 00 00 00 00 00 00 00 00 00 00 00 00 00 00 00 00 00 00 00 ]]
[[ DATA: 00 00 00 00 00 00 00 00 00 00 00 00 00 00 00 00 00 00 00 00 ]]
[[ DATA: 00 00 00 00 00 00 00 00 00 00 00 00 00 00 00 00 00 00 00 00 ]]
[[ DATA: 00 00 00 00 00 00 00 00 00 00 00 00 00 00 00 00 00 00 00 00 ]]
[[ DATA: 00 00 00 00 00 00 00 00 00 00 00 00 00 00 00 00 00 00 00 00 ]]
[[ DATA: 00 00 00 00 00 00 00 00 00 00 00 00 00 00 00 00 00 00 00 00 ]]
[[ DATA: 00 00 00 00 00 00 00 00 00 00 00 00 00 00 00 00 00 00 00 00 ]]
[[ DATA: 00 00 00 00 00 00 00 00 00 00 00 00 00 00 00 00 00 00 00 00 ]]
[[ DATA: 00 00 00 00 00 00 00 00 00 00 00 00 00 00 00 00 00 00 00 00 ]]
[[ DATA: 00 00 00 00 00 00 00 00 00 00 00 00 00 00 00 00 00 00 00 00 ]]
[[ DATA: 00 00 00 00 00 00 00 00 00 00 00 00 00 00 00 00 00 00 00 00 ]]
[[ DATA: 00 00 00 00 00 00 00 00 00 00 00 00 00 00 00 00 00 00 00 00 ]]
[[ DATA: 00 00 00 00 00 00 00 00 00 00 00 00 00 00 00 00 00 00 00 00 ]]
[[ DATA: 00 00 00 00 00 00 00 00 00 00 00 00 00 00 00 00 00 00 00 00 ]]
[[ DATA: 00 00 00 00 00 00 00 00 00 00 00 00 00 00 00 00 00 00 00 00 ]]
[[ DATA: 00 00 00 00 00 00 00 00 00 00 00 00 00 00 00 00 00 00 00 00 ]]
[[ DATA: 00 00 00 00 00 00 00 00 00 00 00 00 00 00 00 00 00 00 00 00 ]]
[[ DATA: 00 00 00 00 00 00 00 00 00 00 00 00 00 00 00 00 00 00 00 00 ]]
[[ DATA: 00 00 00 00 00 00 00 00 00 00 00 00 00 00 00 00 00 00 00 00 ]]
[[ DATA: 00 00 00 00 00 00 00 00 00 00 00 00 00 00 00 00 00 00 00 00 ]]
[[ DATA: 00 00 00 00 00 00 00 00 00 00 00 00 00 00 00 00 00 00 00 00 ]]
[[ DATA: 00 00 00 00 00 00 00 00 00 00 00 00 00 00 00 00 00 00 00 00 ]]
[[ DATA: 00 00 00 00 00 00 00 00 00 00 00 00 00 00 00 00 00 00 00 00 ]]
[[ DATA: 00 00 00 00 00 00 00 00 00 00 00 00 00 00 00 00 00 00 00 00 ]]
[[ DATA: 00 00 00 00 00 00 00 00 00 00 00 00 00 00 00 00 00 00 00 00 ]]
[[ DATA: 00 00 00 00 00 00 00 00 00 00 00 00 00 00 00 00 00 00 00 00 ]]
[[ DATA: 00 00 00 00 00 00 00 00 00 00 00 00 00 00 00 00 00 00 00 00 ]]
[[ DATA: 00 00 00 00 00 00 00 00 00 00 00 00 00 00 00 00 00 00 00 00 ]]
[[ DATA: 00 00 00 00 00 00 00 00 00 00 00 00 00 00 00 00 00 00 00 00 ]]
[[ DATA: 00 00 00 00 00 00 00 00 00 00 00 00 00 00 00 00 00 00 00 00 ]]
[[ DATA: 00 00 00 00 00 00 00 00 00 00 00 00 00 00 00 00 00 00 00 00 ]]
[[ DATA: 00 00 00 00 00 00 00 00 00 00 00 00 00 00 00 00 00 00 00 00 ]]
[[ DATA: 00 00 00 00 00 00 00 00 00 00 00 00 00 00 00 00 00 00 00 00 ]]
[[ DATA: 00 00 00 00 00 00 00 00 00 00 00 00 00 00 00 00 00 00 00 00 ]]
[[ DATA: 00 00 00 00 00 00 00 00 00 00 00 00 00 00 00 00 00 00 00 00 ]]
[[ DATA: 00 00 00 00 00 00 00 00 00 00 00 00 00 00 00 00 00 00 00 00 ]]
[[ DATA: 00 00 00 00 00 00 00 00 00 00 00 00 00 00 00 00 00 00 00 00 ]]
[[ DATA: 00 00 00 00 00 00 00 00 00 00 00 00 00 00 00 00 00 00 00 00 ]]
[[ DATA: 00 00 00 00 00 00 00 00 00 00 00 00 00 00 00 00 00 00 00 00 ]]
[[ DATA: 00 00 00 00 00 00 00 00 00 00 00 00 00 00 00 00 00 00 00 00 ]]
[[ DATA: 00 00 00 00 00 00 00 00 00 00 00 00 00 00 00 00 00 00 00 00 ]]
[[ DATA: 00 00 00 00 00 00 00 00 00 00 00 00 00 00 00 00 00 00 00 00 ]]
[[ DATA: 00 00 00 00 00 00 00 00 00 00 00 00 00 00 00 00 00 00 00 00 ]]
[[ DATA: 00 00 00 00 00 00 00 00 00 00 00 00 00 00 00 00 00 00 00 00 ]]
[[ DATA: 00 00 00 00 00 00 00 00 00 00 00 00 00 00 00 00 00 00 00 00 ]]
[[ DATA: 00 00 00 00 00 00 00 00 00 00 00 00 00 00 00 00 00 00 00 00 ]]
[[ DATA: 00 00 00 00 00 00 00 00 00 00 00 00 00 00 00 00 00 00 00 00 ]]
[[ DATA: 00 00 00 00 00 00 00 00 00 00 00 00 00 00 00 00 00 00 00 00 ]]
[[ DATA: 00 00 00 00 00 00 00 00 00 00 00 00 00 00 00 00 00 00 00 00 ]]
[[ DATA: 00 00 00 00 00 00 00 00 00 00 00 00 00 00 00 00 00 00 00 00 ]]
[[ DATA: 00 00 00 00 00 00 00 00 00 00 00 00 00 00 00 00 00 00 00 00 ]]
[[ DATA: 00 00 00 00 00 00 00 00 00 00 00 00 00 00 00 00 00 00 00 00 ]]
[[ DATA: 00 00 00 00 00 00 00 00 00 00 00 00 00 00 00 00 00 00 00 00 ]]
[[ DATA: 00 00 00 00 00 00 00 00 00 00 00 00 00 00 00 00 00 00 00 00 ]]
[[ DATA: 00 00 00 00 00 00 00 00 00 00 00 00 00 00 00 00 00 00 00 00 ]]
[[ DATA: 00 00 00 00 00 00 00 00 00 00 00 00 00 00 00 00 00 00 00 00 ]]
[[ DATA: 00 00 00 00 00 00 00 00 00 00 00 00 00 00 00 00 00 00 00 00 ]]
[[ DATA: 00 00 00 00 00 00 00 00 00 00 00 00 00 00 00 00 00 00 00 00 ]]
[[ DATA: 00 00 00 00 00 00 00 00 00 00 00 00 00 00 00 00 00 00 00 00 ]]
[[ DATA: 00 00 00 00 00 00 00 00 00 00 00 00 00 00 00 00 00 00 00 00 ]]
[[ DATA: 00 00 00 00 00 00 00 00 00 00 00 00 00 00 00 00 00 00 00 00 ]]
[[ DATA: 00 00 00 00 00 00 00 00 00 00 00 00 00 00 00 00 00 00 00 00 ]]
[[ DATA: 00 00 00 00 00 00 00 00 00 00 00 00 00 00 00 00 00 00 00 00 ]]
[[ DATA: 00 00 00 00 00 00 00 00 00 00 00 00 00 00 00 00 00 00 00 00 ]]
[[ DATA: 00 00 00 00 00 00 00 00 00 00 00 00 00 00 00 00 00 00 00 00 ]]
[[ DATA: 00 00 00 00 00 00 00 00 00 00 00 00 00 00 00 00 00 00 00 00 ]]
[[ DATA: 00 00 00 00 00 00 00 00 00 00 00 00 00 00 00 00 00 00 00 00 ]]
[[ DATA: 00 00 00 00 00 00 00 00 00 00 00 00 00 00 00 00 00 00 00 00 ]]
[[ DATA: 00 00 00 00 00 00 00 00 00 00 00 00 00 00 00 00 00 00 00 00 ]]
[[ DATA: 00 00 00 00 00 00 00 00 00 00 00 00 00 00 00 00 00 00 00 00 ]]
[[ DATA: 00 00 00 00 00 00 00 00 00 00 00 00 00 00 00 00 00 00 00 00 ]]
[[ DATA: 00 00 00 00 00 00 00 00 00 00 00 00 00 00 00 00 00 00 00 00 ]]
[[ DATA: 00 00 00 00 00 00 00 00 00 00 00 00 00 00 00 00 00 00 00 00 ]]
[[ DATA: 00 00 00 00 00 00 00 00 00 00 00 00 00 00 00 00 00 00 00 00 ]]
[[ DATA: 00 00 00 00 00 00 00 00 00 00 00 00 00 00 00 00 00 00 00 00 ]]
[[ DATA: 00 00 00 00 00 00 00 00 00 00 00 00 00 00 00 00 00 00 00 00 ]]
[[ DATA: 00 00 00 00 00 00 00 00 00 00 00 00 00 00 00 00 00 00 00 00 ]]
[[ DATA: 00 00 00 00 00 00 00 00 00 00 00 00 00 00 00 00 00 00 00 00 ]]
[[ DATA: 00 00 00 00 00 00 00 00 00 00 00 00 00 00 00 00 00 00 00 00 ]]
[[ DATA: 00 00 00 00 00 00 00 00 00 00 00 00 00 00 00 00 00 00 00 00 ]]
[[ DATA: 00 00 00 00 00 00 00 00 00 00 00 00 00 00 00 00 00 00 00 00 ]]
[[ DATA: 00 00 00 00 00 00 00 00 00 00 00 00 00 00 00 00 00 00 00 00 ]]
[[ DATA: 00 00 00 00 00 00 00 00 00 00 00 00 00 00 00 00 00 00 00 00 ]]
[[ DATA: 00 00 00 00 00 00 00 00 00 00 00 00 00 00 00 00 00 00 00 00 ]]
[[ DATA: 00 00 00 00 00 00 00 00 00 00 00 00 00 00 00 00 00 00 00 00 ]]
[[ DATA: 00 00 00 00 00 00 00 00 00 00 00 00 00 00 00 00 00 00 00 00 ]]
[[ DATA: 00 00 00 00 00 00 00 00 00 00 00 00 00 00 00 00 00 00 00 00 ]]
[[ DATA: 00 00 00 00 00 00 00 00 00 00 00 00 00 00 00 00 00 00 00 00 ]]
[[ DATA: 00 00 00 00 00 00 00 00 00 00 00 00 00 00 00 00 00 00 00 00 ]]
[[ DATA: 00 00 00 00 00 00 00 00 00 00 00 00 00 00 00 00 00 00 00 00 ]]
[[ DATA: 00 00 00 00 00 00 00 00 00 00 00 00 00 00 00 00 00 00 00 00 ]]
[[ DATA: 00 00 00 00 00 00 00 00 00 00 00 00 00 00 00 00 00 00 00 00 ]]
[[ DATA: 00 00 00 00 00 00 00 00 00 00 00 00 00 00 00 00 00 00 00 00 ]]
[[ DATA: 00 00 00 00 00 00 00 00 00 00 00 00 D4 D3 D2 D1 ]]
[[ DevAlert Data Ended. Checksum: 3747 ]]

[[ DevAlert Data Begins ]]
[[ DATA: D1 D2 D3 D4 F0 0F 01 00 71 83 01 00 02 00 07 00 01 00 00 00 ]]
[[ DATA: 20 00 20 00 10 00 00 00 D0 07 00 00 24 44 55 4D 4D 59 5F 53 ]]
[[ DATA: 45 53 53 49 4F 4E 5F 49 44 00 00 00 00 00 00 00 00 00 00 00 ]]
[[ DATA: 00 00 00 00 24 44 55 4D 4D 59 5F 44 45 56 49 43 45 5F 49 44 ]]
[[ DATA: 00 00 00 00 00 00 00 00 00 00 00 00 00 00 00 00 64 66 6D 5F ]]
[[ DATA: 74 72 61 63 65 2E 70 73 66 73 00 00 00 00 00 00 00 00 00 00 ]]
[[ DATA: 00 00 00 00 00 00 00 00 00 00 00 00 00 00 00 00 00 00 00 00 ]]
[[ DATA: 00 00 00 00 00 00 00 00 00 00 00 00 00 00 00 00 00 00 00 00 ]]
[[ DATA: 00 00 00 00 00 00 00 00 00 00 00 00 00 00 00 00 00 00 00 00 ]]
[[ DATA: 00 00 00 00 00 00 00 00 00 00 00 00 00 00 00 00 00 00 00 00 ]]
[[ DATA: 00 00 00 00 00 00 00 00 00 00 00 00 00 00 00 00 00 00 00 00 ]]
[[ DATA: 00 00 00 00 00 00 00 00 00 00 00 00 00 00 00 00 00 00 00 00 ]]
[[ DATA: 00 00 00 00 00 00 00 00 00 00 00 00 00 00 00 00 00 00 00 00 ]]
[[ DATA: 00 00 00 00 00 00 00 00 00 00 00 00 00 00 00 00 00 00 00 00 ]]
[[ DATA: 00 00 00 00 00 00 00 00 00 00 00 00 00 00 00 00 00 00 00 00 ]]
[[ DATA: 00 00 00 00 00 00 00 00 00 00 00 00 00 00 00 00 00 00 00 00 ]]
[[ DATA: 00 00 00 00 00 00 00 00 00 00 00 00 00 00 00 00 00 00 00 00 ]]
[[ DATA: 00 00 00 00 00 00 00 00 00 00 00 00 00 00 00 00 00 00 00 00 ]]
[[ DATA: 00 00 00 00 00 00 00 00 00 00 00 00 00 00 00 00 00 00 00 00 ]]
[[ DATA: 00 00 00 00 00 00 00 00 00 00 00 00 00 00 00 00 00 00 00 00 ]]
[[ DATA: 00 00 00 00 00 00 00 00 00 00 00 00 00 00 00 00 00 00 00 00 ]]
[[ DATA: 00 00 00 00 00 00 00 00 00 00 00 00 00 00 00 00 00 00 00 00 ]]
[[ DATA: 00 00 00 00 00 00 00 00 00 00 00 00 00 00 00 00 00 00 00 00 ]]
[[ DATA: 00 00 00 00 00 00 00 00 00 00 00 00 00 00 00 00 00 00 00 00 ]]
[[ DATA: 00 00 00 00 00 00 00 00 00 00 00 00 00 00 00 00 00 00 00 00 ]]
[[ DATA: 00 00 00 00 00 00 00 00 00 00 00 00 00 00 00 00 00 00 00 00 ]]
[[ DATA: 00 00 00 00 00 00 00 00 00 00 00 00 00 00 00 00 00 00 00 00 ]]
[[ DATA: 00 00 00 00 00 00 00 00 00 00 00 00 00 00 00 00 DC 0E 00 20 ]]
[[ DATA: 00 00 00 00 00 00 00 00 00 00 00 00 00 00 00 00 41 4C 45 52 ]]
[[ DATA: 54 00 00 00 00 00 00 00 00 00 00 00 00 00 00 00 00 00 00 00 ]]
[[ DATA: 00 00 00 00 0C 0F 00 20 00 00 00 00 00 00 00 00 00 00 00 00 ]]
[[ DATA: 00 00 00 00 44 46 4D 20 54 65 73 74 73 00 00 00 00 00 00 00 ]]
[[ DATA: 00 00 00 00 00 00 00 00 00 00 00 00 B4 94 00 20 01 00 00 00 ]]
[[ DATA: 00 00 00 00 00 00 00 00 00 00 00 00 54 6D 72 20 53 76 63 00 ]]
[[ DATA: 00 00 00 00 00 00 00 00 00 00 00 00 00 00 00 00 00 00 00 00 ]]
[[ DATA: 30 A0 00 20 08 00 00 00 00 00 00 00 00 00 00 00 00 00 00 00 ]]
[[ DATA: 54 6D 72 51 00 00 00 00 00 00 00 00 00 00 00 00 00 00 00 00 ]]
[[ DATA: 00 00 00 00 00 00 00 00 54 90 00 20 00 00 00 00 00 00 00 00 ]]
[[ DATA: 00 00 00 00 00 00 00 00 49 44 4C 45 00 00 00 00 00 00 00 00 ]]
[[ DATA: 00 00 00 00 00 00 00 00 00 00 00 00 00 00 00 00 E8 4F 00 20 ]]
[[ DATA: 03 00 00 00 00 00 00 00 00 00 00 00 00 00 00 00 44 46 4D 54 ]]
[[ DATA: 65 73 74 73 00 00 00 00 00 00 00 00 00 00 00 00 00 00 00 00 ]]
[[ DATA: 00 00 00 00 90 04 00 20 00 00 00 00 00 00 00 00 00 00 00 00 ]]
[[ DATA: 00 00 00 00 54 7A 43 74 72 6C 00 00 00 00 00 00 00 00 00 00 ]]
[[ DATA: 00 00 00 00 00 00 00 00 00 00 00 00 00 28 00 00 9C 01 00 00 ]]
[[ DATA: 00 00 00 00 D4 27 00 00 01 00 00 00 00 00 00 00 D4 27 00 00 ]]
[[ DATA: 00 00 00 00 9C 01 00 00 00 00 00 00 00 00 00 00 5C 10 00 20 ]]
[[ DATA: 01 10 01 00 09 52 00 00 02 00 00 00 10 20 02 00 D6 7F 00 00 ]]
[[ DATA: E8 4F 00 20 03 00 00 00 30 10 03 00 3E 81 00 00 E8 4F 00 20 ]]
[[ DATA: 10 20 04 00 2E 8C 00 00 54 90 00 20 00 00 00 00 30 10 05 00 ]]
[[ DATA: 6E 8D 00 00 54 90 00 20 11 20 06 00 95 93 00 00 30 A0 00 20 ]]
[[ DATA: 08 00 00 00 10 20 07 00 17 AA 00 00 B4 94 00 20 01 00 00 00 ]]
[[ DATA: 30 10 08 00 5B AB 00 00 B4 94 00 20 37 20 09 00 EA AD 00 00 ]]
[[ DATA: E8 4F 00 20 03 00 00 00 03 40 0A 00 FF 27 02 00 0C 0F 00 20 ]]
[[ DATA: 44 46 4D 20 54 65 73 74 73 00 00 00 92 50 0B 00 99 27 05 00 ]]
[[ DATA: 0C 0F 00 20 E9 03 00 00 54 25 75 20 42 45 47 49 4E 00 00 00 ]]
[[ DATA: 92 70 0C 00 13 2D 05 00 0C 0F 00 20 01 00 00 00 54 31 30 30 ]]
[[ DATA: 31 20 41 52 47 53 20 61 30 3D 25 75 00 00 00 00 92 70 0D 00 ]]
[[ DATA: BE 30 05 00 0C 0F 00 20 06 00 00 00 54 31 30 30 31 20 41 52 ]]
[[ DATA: 47 53 20 61 35 3D 25 75 00 00 00 00 91 A0 0E 00 E8 34 05 00 ]]
[[ DATA: 0C 0F 00 20 54 31 30 30 31 20 50 41 54 48 20 70 75 62 6C 69 ]]
[[ DATA: 63 5F 61 70 69 20 2D 3E 20 73 65 72 76 69 63 65 00 00 00 00 ]]
[[ DATA: 91 90 0F 00 E6 38 05 00 0C 0F 00 20 54 31 30 30 31 20 50 41 ]]
[[ DATA: 54 48 20 73 65 72 76 69 63 65 20 2D 3E 20 74 72 61 70 5F 73 ]]
[[ DATA: 69 74 65 00 03 30 10 00 52 4A 05 00 DC 0E 00 20 41 4C 45 52 ]]
[[ DATA: 54 00 00 00 91 A0 11 00 50 4E 05 00 DC 0E 00 20 54 65 73 74 ]]
[[ DATA: 20 31 30 30 31 20 61 74 20 74 65 73 74 5F 63 61 6C 6C 5F 63 ]]
[[ DATA: 68 61 69 6E 73 2E 63 3A 32 36 00 00 00 00 00 00 00 00 00 00 ]]
[[ DATA: 00 00 00 00 00 00 00 00 00 00 00 00 00 00 00 00 00 00 00 00 ]]
[[ DATA: 00 00 00 00 00 00 00 00 00 00 00 00 00 00 00 00 00 00 00 00 ]]
[[ DATA: 00 00 00 00 00 00 00 00 00 00 00 00 00 00 00 00 00 00 00 00 ]]
[[ DATA: 00 00 00 00 00 00 00 00 00 00 00 00 00 00 00 00 00 00 00 00 ]]
[[ DATA: 00 00 00 00 00 00 00 00 00 00 00 00 00 00 00 00 00 00 00 00 ]]
[[ DATA: 00 00 00 00 00 00 00 00 00 00 00 00 00 00 00 00 00 00 00 00 ]]
[[ DATA: 00 00 00 00 00 00 00 00 00 00 00 00 00 00 00 00 00 00 00 00 ]]
[[ DATA: 00 00 00 00 00 00 00 00 00 00 00 00 00 00 00 00 00 00 00 00 ]]
[[ DATA: 00 00 00 00 00 00 00 00 00 00 00 00 00 00 00 00 00 00 00 00 ]]
[[ DATA: 00 00 00 00 00 00 00 00 00 00 00 00 00 00 00 00 00 00 00 00 ]]
[[ DATA: 00 00 00 00 00 00 00 00 00 00 00 00 00 00 00 00 00 00 00 00 ]]
[[ DATA: 00 00 00 00 00 00 00 00 00 00 00 00 00 00 00 00 00 00 00 00 ]]
[[ DATA: 00 00 00 00 00 00 00 00 00 00 00 00 00 00 00 00 00 00 00 00 ]]
[[ DATA: 00 00 00 00 00 00 00 00 00 00 00 00 00 00 00 00 00 00 00 00 ]]
[[ DATA: 00 00 00 00 00 00 00 00 00 00 00 00 00 00 00 00 00 00 00 00 ]]
[[ DATA: 00 00 00 00 00 00 00 00 00 00 00 00 00 00 00 00 00 00 00 00 ]]
[[ DATA: 00 00 00 00 00 00 00 00 00 00 00 00 00 00 00 00 00 00 00 00 ]]
[[ DATA: 00 00 00 00 00 00 00 00 00 00 00 00 00 00 00 00 00 00 00 00 ]]
[[ DATA: 00 00 00 00 00 00 00 00 00 00 00 00 00 00 00 00 00 00 00 00 ]]
[[ DATA: 00 00 00 00 00 00 00 00 00 00 00 00 00 00 00 00 00 00 00 00 ]]
[[ DATA: 00 00 00 00 00 00 00 00 00 00 00 00 00 00 00 00 00 00 00 00 ]]
[[ DATA: 00 00 00 00 00 00 00 00 00 00 00 00 00 00 00 00 00 00 00 00 ]]
[[ DATA: 00 00 00 00 00 00 00 00 00 00 00 00 00 00 00 00 00 00 00 00 ]]
[[ DATA: 00 00 00 00 00 00 00 00 00 00 00 00 00 00 00 00 00 00 00 00 ]]
[[ DATA: 00 00 00 00 00 00 00 00 00 00 00 00 00 00 00 00 00 00 00 00 ]]
[[ DATA: 00 00 00 00 00 00 00 00 00 00 00 00 00 00 00 00 00 00 00 00 ]]
[[ DATA: 00 00 00 00 00 00 00 00 00 00 00 00 00 00 00 00 00 00 00 00 ]]
[[ DATA: 00 00 00 00 00 00 00 00 00 00 00 00 00 00 00 00 00 00 00 00 ]]
[[ DATA: 00 00 00 00 00 00 00 00 00 00 00 00 00 00 00 00 00 00 00 00 ]]
[[ DATA: 00 00 00 00 00 00 00 00 00 00 00 00 00 00 00 00 00 00 00 00 ]]
[[ DATA: 00 00 00 00 00 00 00 00 00 00 00 00 00 00 00 00 00 00 00 00 ]]
[[ DATA: 00 00 00 00 00 00 00 00 00 00 00 00 00 00 00 00 00 00 00 00 ]]
[[ DATA: 00 00 00 00 00 00 00 00 00 00 00 00 00 00 00 00 00 00 00 00 ]]
[[ DATA: 00 00 00 00 00 00 00 00 00 00 00 00 00 00 00 00 00 00 00 00 ]]
[[ DATA: 00 00 00 00 00 00 00 00 00 00 00 00 00 00 00 00 00 00 00 00 ]]
[[ DATA: 00 00 00 00 00 00 00 00 00 00 00 00 00 00 00 00 00 00 00 00 ]]
[[ DATA: 00 00 00 00 00 00 00 00 00 00 00 00 00 00 00 00 00 00 00 00 ]]
[[ DATA: 00 00 00 00 00 00 00 00 00 00 00 00 D4 D3 D2 D1 ]]
[[ DevAlert Data Ended. Checksum: 43385 ]]

[[ DevAlert Data Begins ]]
[[ DATA: D1 D2 D3 D4 F0 0F 01 00 71 83 01 00 03 00 07 00 01 00 00 00 ]]
[[ DATA: 20 00 20 00 10 00 00 00 D0 07 00 00 24 44 55 4D 4D 59 5F 53 ]]
[[ DATA: 45 53 53 49 4F 4E 5F 49 44 00 00 00 00 00 00 00 00 00 00 00 ]]
[[ DATA: 00 00 00 00 24 44 55 4D 4D 59 5F 44 45 56 49 43 45 5F 49 44 ]]
[[ DATA: 00 00 00 00 00 00 00 00 00 00 00 00 00 00 00 00 64 66 6D 5F ]]
[[ DATA: 74 72 61 63 65 2E 70 73 66 73 00 00 00 00 00 00 00 00 00 00 ]]
[[ DATA: 00 00 00 00 00 00 00 00 00 00 00 00 00 00 00 00 00 00 00 00 ]]
[[ DATA: 00 00 00 00 00 00 00 00 00 00 00 00 00 00 00 00 00 00 00 00 ]]
[[ DATA: 00 00 00 00 00 00 00 00 00 00 00 00 00 00 00 00 00 00 00 00 ]]
[[ DATA: 00 00 00 00 00 00 00 00 00 00 00 00 00 00 00 00 00 00 00 00 ]]
[[ DATA: 00 00 00 00 00 00 00 00 00 00 00 00 00 00 00 00 00 00 00 00 ]]
[[ DATA: 00 00 00 00 00 00 00 00 00 00 00 00 00 00 00 00 00 00 00 00 ]]
[[ DATA: 00 00 00 00 00 00 00 00 00 00 00 00 00 00 00 00 00 00 00 00 ]]
[[ DATA: 00 00 00 00 00 00 00 00 00 00 00 00 00 00 00 00 00 00 00 00 ]]
[[ DATA: 00 00 00 00 00 00 00 00 00 00 00 00 00 00 00 00 00 00 00 00 ]]
[[ DATA: 00 00 00 00 00 00 00 00 00 00 00 00 00 00 00 00 00 00 00 00 ]]
[[ DATA: 00 00 00 00 00 00 00 00 00 00 00 00 00 00 00 00 00 00 00 00 ]]
[[ DATA: 00 00 00 00 00 00 00 00 00 00 00 00 00 00 00 00 00 00 00 00 ]]
[[ DATA: 00 00 00 00 00 00 00 00 00 00 00 00 00 00 00 00 00 00 00 00 ]]
[[ DATA: 00 00 00 00 00 00 00 00 00 00 00 00 00 00 00 00 00 00 00 00 ]]
[[ DATA: 00 00 00 00 00 00 00 00 00 00 00 00 00 00 00 00 00 00 00 00 ]]
[[ DATA: 00 00 00 00 00 00 00 00 00 00 00 00 00 00 00 00 00 00 00 00 ]]
[[ DATA: 00 00 00 00 00 00 00 00 00 00 00 00 00 00 00 00 00 00 00 00 ]]
[[ DATA: 00 00 00 00 00 00 00 00 00 00 00 00 00 00 00 00 00 00 00 00 ]]
[[ DATA: 00 00 00 00 00 00 00 00 00 00 00 00 00 00 00 00 00 00 00 00 ]]
[[ DATA: 00 00 00 00 00 00 00 00 00 00 00 00 00 00 00 00 00 00 00 00 ]]
[[ DATA: 00 00 00 00 00 00 00 00 00 00 00 00 00 00 00 00 00 00 00 00 ]]
[[ DATA: 00 00 00 00 00 00 00 00 00 00 00 00 00 00 00 00 00 00 00 00 ]]
[[ DATA: 00 00 00 00 00 00 00 00 00 00 00 00 00 00 00 00 00 00 00 00 ]]
[[ DATA: 00 00 00 00 00 00 00 00 00 00 00 00 00 00 00 00 00 00 00 00 ]]
[[ DATA: 00 00 00 00 00 00 00 00 00 00 00 00 00 00 00 00 00 00 00 00 ]]
[[ DATA: 00 00 00 00 00 00 00 00 00 00 00 00 00 00 00 00 00 00 00 00 ]]
[[ DATA: 00 00 00 00 00 00 00 00 00 00 00 00 00 00 00 00 00 00 00 00 ]]
[[ DATA: 00 00 00 00 00 00 00 00 00 00 00 00 00 00 00 00 00 00 00 00 ]]
[[ DATA: 00 00 00 00 00 00 00 00 00 00 00 00 00 00 00 00 00 00 00 00 ]]
[[ DATA: 00 00 00 00 00 00 00 00 00 00 00 00 00 00 00 00 00 00 00 00 ]]
[[ DATA: 00 00 00 00 00 00 00 00 00 00 00 00 00 00 00 00 00 00 00 00 ]]
[[ DATA: 00 00 00 00 00 00 00 00 00 00 00 00 00 00 00 00 00 00 00 00 ]]
[[ DATA: 00 00 00 00 00 00 00 00 00 00 00 00 00 00 00 00 00 00 00 00 ]]
[[ DATA: 00 00 00 00 00 00 00 00 00 00 00 00 00 00 00 00 00 00 00 00 ]]
[[ DATA: 00 00 00 00 00 00 00 00 00 00 00 00 00 00 00 00 00 00 00 00 ]]
[[ DATA: 00 00 00 00 00 00 00 00 00 00 00 00 00 00 00 00 00 00 00 00 ]]
[[ DATA: 00 00 00 00 00 00 00 00 00 00 00 00 00 00 00 00 00 00 00 00 ]]
[[ DATA: 00 00 00 00 00 00 00 00 00 00 00 00 00 00 00 00 00 00 00 00 ]]
[[ DATA: 00 00 00 00 00 00 00 00 00 00 00 00 00 00 00 00 00 00 00 00 ]]
[[ DATA: 00 00 00 00 00 00 00 00 00 00 00 00 00 00 00 00 00 00 00 00 ]]
[[ DATA: 00 00 00 00 00 00 00 00 00 00 00 00 00 00 00 00 00 00 00 00 ]]
[[ DATA: 00 00 00 00 00 00 00 00 00 00 00 00 00 00 00 00 00 00 00 00 ]]
[[ DATA: 00 00 00 00 00 00 00 00 00 00 00 00 00 00 00 00 00 00 00 00 ]]
[[ DATA: 00 00 00 00 00 00 00 00 00 00 00 00 00 00 00 00 00 00 00 00 ]]
[[ DATA: 00 00 00 00 00 00 00 00 00 00 00 00 00 00 00 00 00 00 00 00 ]]
[[ DATA: 00 00 00 00 00 00 00 00 00 00 00 00 00 00 00 00 00 00 00 00 ]]
[[ DATA: 00 00 00 00 00 00 00 00 00 00 00 00 00 00 00 00 00 00 00 00 ]]
[[ DATA: 00 00 00 00 00 00 00 00 00 00 00 00 00 00 00 00 00 00 00 00 ]]
[[ DATA: 00 00 00 00 00 00 00 00 00 00 00 00 00 00 00 00 00 00 00 00 ]]
[[ DATA: 00 00 00 00 00 00 00 00 00 00 00 00 00 00 00 00 00 00 00 00 ]]
[[ DATA: 00 00 00 00 00 00 00 00 00 00 00 00 00 00 00 00 00 00 00 00 ]]
[[ DATA: 00 00 00 00 00 00 00 00 00 00 00 00 00 00 00 00 00 00 00 00 ]]
[[ DATA: 00 00 00 00 00 00 00 00 00 00 00 00 00 00 00 00 00 00 00 00 ]]
[[ DATA: 00 00 00 00 00 00 00 00 00 00 00 00 00 00 00 00 00 00 00 00 ]]
[[ DATA: 00 00 00 00 00 00 00 00 00 00 00 00 00 00 00 00 00 00 00 00 ]]
[[ DATA: 00 00 00 00 00 00 00 00 00 00 00 00 00 00 00 00 00 00 00 00 ]]
[[ DATA: 00 00 00 00 00 00 00 00 00 00 00 00 00 00 00 00 00 00 00 00 ]]
[[ DATA: 00 00 00 00 00 00 00 00 00 00 00 00 00 00 00 00 00 00 00 00 ]]
[[ DATA: 00 00 00 00 00 00 00 00 00 00 00 00 00 00 00 00 00 00 00 00 ]]
[[ DATA: 00 00 00 00 00 00 00 00 00 00 00 00 00 00 00 00 00 00 00 00 ]]
[[ DATA: 00 00 00 00 00 00 00 00 00 00 00 00 00 00 00 00 00 00 00 00 ]]
[[ DATA: 00 00 00 00 00 00 00 00 00 00 00 00 00 00 00 00 00 00 00 00 ]]
[[ DATA: 00 00 00 00 00 00 00 00 00 00 00 00 00 00 00 00 00 00 00 00 ]]
[[ DATA: 00 00 00 00 00 00 00 00 00 00 00 00 00 00 00 00 00 00 00 00 ]]
[[ DATA: 00 00 00 00 00 00 00 00 00 00 00 00 00 00 00 00 00 00 00 00 ]]
[[ DATA: 00 00 00 00 00 00 00 00 00 00 00 00 00 00 00 00 00 00 00 00 ]]
[[ DATA: 00 00 00 00 00 00 00 00 00 00 00 00 00 00 00 00 00 00 00 00 ]]
[[ DATA: 00 00 00 00 00 00 00 00 00 00 00 00 00 00 00 00 00 00 00 00 ]]
[[ DATA: 00 00 00 00 00 00 00 00 00 00 00 00 00 00 00 00 00 00 00 00 ]]
[[ DATA: 00 00 00 00 00 00 00 00 00 00 00 00 00 00 00 00 00 00 00 00 ]]
[[ DATA: 00 00 00 00 00 00 00 00 00 00 00 00 00 00 00 00 00 00 00 00 ]]
[[ DATA: 00 00 00 00 00 00 00 00 00 00 00 00 00 00 00 00 00 00 00 00 ]]
[[ DATA: 00 00 00 00 00 00 00 00 00 00 00 00 00 00 00 00 00 00 00 00 ]]
[[ DATA: 00 00 00 00 00 00 00 00 00 00 00 00 00 00 00 00 00 00 00 00 ]]
[[ DATA: 00 00 00 00 00 00 00 00 00 00 00 00 00 00 00 00 00 00 00 00 ]]
[[ DATA: 00 00 00 00 00 00 00 00 00 00 00 00 00 00 00 00 00 00 00 00 ]]
[[ DATA: 00 00 00 00 00 00 00 00 00 00 00 00 00 00 00 00 00 00 00 00 ]]
[[ DATA: 00 00 00 00 00 00 00 00 00 00 00 00 00 00 00 00 00 00 00 00 ]]
[[ DATA: 00 00 00 00 00 00 00 00 00 00 00 00 00 00 00 00 00 00 00 00 ]]
[[ DATA: 00 00 00 00 00 00 00 00 00 00 00 00 00 00 00 00 00 00 00 00 ]]
[[ DATA: 00 00 00 00 00 00 00 00 00 00 00 00 00 00 00 00 00 00 00 00 ]]
[[ DATA: 00 00 00 00 00 00 00 00 00 00 00 00 00 00 00 00 00 00 00 00 ]]
[[ DATA: 00 00 00 00 00 00 00 00 00 00 00 00 00 00 00 00 00 00 00 00 ]]
[[ DATA: 00 00 00 00 00 00 00 00 00 00 00 00 00 00 00 00 00 00 00 00 ]]
[[ DATA: 00 00 00 00 00 00 00 00 00 00 00 00 00 00 00 00 00 00 00 00 ]]
[[ DATA: 00 00 00 00 00 00 00 00 00 00 00 00 00 00 00 00 00 00 00 00 ]]
[[ DATA: 00 00 00 00 00 00 00 00 00 00 00 00 00 00 00 00 00 00 00 00 ]]
[[ DATA: 00 00 00 00 00 00 00 00 00 00 00 00 00 00 00 00 00 00 00 00 ]]
[[ DATA: 00 00 00 00 00 00 00 00 00 00 00 00 00 00 00 00 00 00 00 00 ]]
[[ DATA: 00 00 00 00 00 00 00 00 00 00 00 00 00 00 00 00 00 00 00 00 ]]
[[ DATA: 00 00 00 00 00 00 00 00 00 00 00 00 00 00 00 00 00 00 00 00 ]]
[[ DATA: 00 00 00 00 00 00 00 00 00 00 00 00 00 00 00 00 00 00 00 00 ]]
[[ DATA: 00 00 00 00 00 00 00 00 00 00 00 00 00 00 00 00 00 00 00 00 ]]
[[ DATA: 00 00 00 00 00 00 00 00 00 00 00 00 00 00 00 00 00 00 00 00 ]]
[[ DATA: 00 00 00 00 00 00 00 00 00 00 00 00 00 00 00 00 00 00 00 00 ]]
[[ DATA: 00 00 00 00 00 00 00 00 00 00 00 00 00 00 00 00 00 00 00 00 ]]
[[ DATA: 00 00 00 00 00 00 00 00 00 00 00 00 00 00 00 00 00 00 00 00 ]]
[[ DATA: 00 00 00 00 00 00 00 00 00 00 00 00 00 00 00 00 00 00 00 00 ]]
[[ DATA: 00 00 00 00 00 00 00 00 00 00 00 00 00 00 00 00 00 00 00 00 ]]
[[ DATA: 00 00 00 00 00 00 00 00 00 00 00 00 D4 D3 D2 D1 ]]
[[ DevAlert Data Ended. Checksum: 36112 ]]

[[ DevAlert Data Begins ]]
[[ DATA: D1 D2 D3 D4 F0 0F 01 00 71 83 01 00 04 00 07 00 01 00 00 00 ]]
[[ DATA: 20 00 20 00 10 00 00 00 D0 07 00 00 24 44 55 4D 4D 59 5F 53 ]]
[[ DATA: 45 53 53 49 4F 4E 5F 49 44 00 00 00 00 00 00 00 00 00 00 00 ]]
[[ DATA: 00 00 00 00 24 44 55 4D 4D 59 5F 44 45 56 49 43 45 5F 49 44 ]]
[[ DATA: 00 00 00 00 00 00 00 00 00 00 00 00 00 00 00 00 64 66 6D 5F ]]
[[ DATA: 74 72 61 63 65 2E 70 73 66 73 00 00 00 00 00 00 00 00 00 00 ]]
[[ DATA: 00 00 00 00 00 00 00 00 00 00 00 00 00 00 00 00 00 00 00 00 ]]
[[ DATA: 00 00 00 00 00 00 00 00 00 00 00 00 00 00 00 00 00 00 00 00 ]]
[[ DATA: 00 00 00 00 00 00 00 00 00 00 00 00 00 00 00 00 00 00 00 00 ]]
[[ DATA: 00 00 00 00 00 00 00 00 00 00 00 00 00 00 00 00 00 00 00 00 ]]
[[ DATA: 00 00 00 00 00 00 00 00 00 00 00 00 00 00 00 00 00 00 00 00 ]]
[[ DATA: 00 00 00 00 00 00 00 00 00 00 00 00 00 00 00 00 00 00 00 00 ]]
[[ DATA: 00 00 00 00 00 00 00 00 00 00 00 00 00 00 00 00 00 00 00 00 ]]
[[ DATA: 00 00 00 00 00 00 00 00 00 00 00 00 00 00 00 00 00 00 00 00 ]]
[[ DATA: 00 00 00 00 00 00 00 00 00 00 00 00 00 00 00 00 00 00 00 00 ]]
[[ DATA: 00 00 00 00 00 00 00 00 00 00 00 00 00 00 00 00 00 00 00 00 ]]
[[ DATA: 00 00 00 00 00 00 00 00 00 00 00 00 00 00 00 00 00 00 00 00 ]]
[[ DATA: 00 00 00 00 00 00 00 00 00 00 00 00 00 00 00 00 00 00 00 00 ]]
[[ DATA: 00 00 00 00 00 00 00 00 00 00 00 00 00 00 00 00 00 00 00 00 ]]
[[ DATA: 00 00 00 00 00 00 00 00 00 00 00 00 00 00 00 00 00 00 00 00 ]]
[[ DATA: 00 00 00 00 00 00 00 00 00 00 00 00 00 00 00 00 00 00 00 00 ]]
[[ DATA: 00 00 00 00 00 00 00 00 00 00 00 00 00 00 00 00 00 00 00 00 ]]
[[ DATA: 00 00 00 00 00 00 00 00 00 00 00 00 00 00 00 00 00 00 00 00 ]]
[[ DATA: 00 00 00 00 00 00 00 00 00 00 00 00 00 00 00 00 00 00 00 00 ]]
[[ DATA: 00 00 00 00 00 00 00 00 00 00 00 00 00 00 00 00 00 00 00 00 ]]
[[ DATA: 00 00 00 00 00 00 00 00 00 00 00 00 00 00 00 00 00 00 00 00 ]]
[[ DATA: 00 00 00 00 00 00 00 00 00 00 00 00 00 00 00 00 00 00 00 00 ]]
[[ DATA: 00 00 00 00 00 00 00 00 00 00 00 00 00 00 00 00 00 00 00 00 ]]
[[ DATA: 00 00 00 00 00 00 00 00 00 00 00 00 00 00 00 00 00 00 00 00 ]]
[[ DATA: 00 00 00 00 00 00 00 00 00 00 00 00 00 00 00 00 00 00 00 00 ]]
[[ DATA: 00 00 00 00 00 00 00 00 00 00 00 00 00 00 00 00 00 00 00 00 ]]
[[ DATA: 00 00 00 00 00 00 00 00 00 00 00 00 00 00 00 00 00 00 00 00 ]]
[[ DATA: 00 00 00 00 00 00 00 00 00 00 00 00 00 00 00 00 00 00 00 00 ]]
[[ DATA: 00 00 00 00 00 00 00 00 00 00 00 00 00 00 00 00 00 00 00 00 ]]
[[ DATA: 00 00 00 00 00 00 00 00 00 00 00 00 00 00 00 00 00 00 00 00 ]]
[[ DATA: 00 00 00 00 00 00 00 00 00 00 00 00 00 00 00 00 00 00 00 00 ]]
[[ DATA: 00 00 00 00 00 00 00 00 00 00 00 00 00 00 00 00 00 00 00 00 ]]
[[ DATA: 00 00 00 00 00 00 00 00 00 00 00 00 00 00 00 00 00 00 00 00 ]]
[[ DATA: 00 00 00 00 00 00 00 00 00 00 00 00 00 00 00 00 00 00 00 00 ]]
[[ DATA: 00 00 00 00 00 00 00 00 00 00 00 00 00 00 00 00 00 00 00 00 ]]
[[ DATA: 00 00 00 00 00 00 00 00 00 00 00 00 00 00 00 00 00 00 00 00 ]]
[[ DATA: 00 00 00 00 00 00 00 00 00 00 00 00 00 00 00 00 00 00 00 00 ]]
[[ DATA: 00 00 00 00 00 00 00 00 00 00 00 00 00 00 00 00 00 00 00 00 ]]
[[ DATA: 00 00 00 00 00 00 00 00 00 00 00 00 00 00 00 00 00 00 00 00 ]]
[[ DATA: 00 00 00 00 00 00 00 00 00 00 00 00 00 00 00 00 00 00 00 00 ]]
[[ DATA: 00 00 00 00 00 00 00 00 00 00 00 00 00 00 00 00 00 00 00 00 ]]
[[ DATA: 00 00 00 00 00 00 00 00 00 00 00 00 00 00 00 00 00 00 00 00 ]]
[[ DATA: 00 00 00 00 00 00 00 00 00 00 00 00 00 00 00 00 00 00 00 00 ]]
[[ DATA: 00 00 00 00 00 00 00 00 00 00 00 00 00 00 00 00 00 00 00 00 ]]
[[ DATA: 00 00 00 00 00 00 00 00 00 00 00 00 00 00 00 00 00 00 00 00 ]]
[[ DATA: 00 00 00 00 00 00 00 00 00 00 00 00 00 00 00 00 00 00 00 00 ]]
[[ DATA: 00 00 00 00 00 00 00 00 00 00 00 00 00 00 00 00 00 00 00 00 ]]
[[ DATA: 00 00 00 00 00 00 00 00 00 00 00 00 00 00 00 00 00 00 00 00 ]]
[[ DATA: 00 00 00 00 00 00 00 00 00 00 00 00 00 00 00 00 00 00 00 00 ]]
[[ DATA: 00 00 00 00 00 00 00 00 00 00 00 00 00 00 00 00 00 00 00 00 ]]
[[ DATA: 00 00 00 00 00 00 00 00 00 00 00 00 00 00 00 00 00 00 00 00 ]]
[[ DATA: 00 00 00 00 00 00 00 00 00 00 00 00 00 00 00 00 00 00 00 00 ]]
[[ DATA: 00 00 00 00 00 00 00 00 00 00 00 00 00 00 00 00 00 00 00 00 ]]
[[ DATA: 00 00 00 00 00 00 00 00 00 00 00 00 00 00 00 00 00 00 00 00 ]]
[[ DATA: 00 00 00 00 00 00 00 00 00 00 00 00 00 00 00 00 00 00 00 00 ]]
[[ DATA: 00 00 00 00 00 00 00 00 00 00 00 00 00 00 00 00 00 00 00 00 ]]
[[ DATA: 00 00 00 00 00 00 00 00 00 00 00 00 00 00 00 00 00 00 00 00 ]]
[[ DATA: 00 00 00 00 00 00 00 00 00 00 00 00 00 00 00 00 00 00 00 00 ]]
[[ DATA: 00 00 00 00 00 00 00 00 00 00 00 00 00 00 00 00 00 00 00 00 ]]
[[ DATA: 00 00 00 00 00 00 00 00 00 00 00 00 00 00 00 00 00 00 00 00 ]]
[[ DATA: 00 00 00 00 00 00 00 00 00 00 00 00 00 00 00 00 00 00 00 00 ]]
[[ DATA: 00 00 00 00 00 00 00 00 00 00 00 00 00 00 00 00 00 00 00 00 ]]
[[ DATA: 00 00 00 00 00 00 00 00 00 00 00 00 00 00 00 00 00 00 00 00 ]]
[[ DATA: 00 00 00 00 00 00 00 00 00 00 00 00 00 00 00 00 00 00 00 00 ]]
[[ DATA: 00 00 00 00 00 00 00 00 00 00 00 00 00 00 00 00 00 00 00 00 ]]
[[ DATA: 00 00 00 00 00 00 00 00 00 00 00 00 00 00 00 00 00 00 00 00 ]]
[[ DATA: 00 00 00 00 00 00 00 00 00 00 00 00 00 00 00 00 00 00 00 00 ]]
[[ DATA: 00 00 00 00 00 00 00 00 00 00 00 00 00 00 00 00 00 00 00 00 ]]
[[ DATA: 00 00 00 00 00 00 00 00 00 00 00 00 00 00 00 00 00 00 00 00 ]]
[[ DATA: 00 00 00 00 00 00 00 00 00 00 00 00 00 00 00 00 00 00 00 00 ]]
[[ DATA: 00 00 00 00 00 00 00 00 00 00 00 00 00 00 00 00 00 00 00 00 ]]
[[ DATA: 00 00 00 00 00 00 00 00 00 00 00 00 00 00 00 00 00 00 00 00 ]]
[[ DATA: 00 00 00 00 00 00 00 00 00 00 00 00 00 00 00 00 00 00 00 00 ]]
[[ DATA: 00 00 00 00 00 00 00 00 00 00 00 00 00 00 00 00 00 00 00 00 ]]
[[ DATA: 00 00 00 00 00 00 00 00 00 00 00 00 00 00 00 00 00 00 00 00 ]]
[[ DATA: 00 00 00 00 00 00 00 00 00 00 00 00 00 00 00 00 00 00 00 00 ]]
[[ DATA: 00 00 00 00 00 00 00 00 00 00 00 00 00 00 00 00 00 00 00 00 ]]
[[ DATA: 00 00 00 00 00 00 00 00 00 00 00 00 00 00 00 00 00 00 00 00 ]]
[[ DATA: 00 00 00 00 00 00 00 00 00 00 00 00 00 00 00 00 00 00 00 00 ]]
[[ DATA: 00 00 00 00 00 00 00 00 00 00 00 00 00 00 00 00 00 00 00 00 ]]
[[ DATA: 00 00 00 00 00 00 00 00 00 00 00 00 00 00 00 00 00 00 00 00 ]]
[[ DATA: 00 00 00 00 00 00 00 00 00 00 00 00 00 00 00 00 00 00 00 00 ]]
[[ DATA: 00 00 00 00 00 00 00 00 00 00 00 00 00 00 00 00 00 00 00 00 ]]
[[ DATA: 00 00 00 00 00 00 00 00 00 00 00 00 00 00 00 00 00 00 00 00 ]]
[[ DATA: 00 00 00 00 00 00 00 00 00 00 00 00 00 00 00 00 00 00 00 00 ]]
[[ DATA: 00 00 00 00 00 00 00 00 00 00 00 00 00 00 00 00 00 00 00 00 ]]
[[ DATA: 00 00 00 00 00 00 00 00 00 00 00 00 00 00 00 00 00 00 00 00 ]]
[[ DATA: 00 00 00 00 00 00 00 00 00 00 00 00 00 00 00 00 00 00 00 00 ]]
[[ DATA: 00 00 00 00 00 00 00 00 00 00 00 00 00 00 00 00 00 00 00 00 ]]
[[ DATA: 00 00 00 00 00 00 00 00 00 00 00 00 00 00 00 00 00 00 00 00 ]]
[[ DATA: 00 00 00 00 00 00 00 00 00 00 00 00 00 00 00 00 00 00 00 00 ]]
[[ DATA: 00 00 00 00 00 00 00 00 00 00 00 00 00 00 00 00 00 00 00 00 ]]
[[ DATA: 00 00 00 00 00 00 00 00 00 00 00 00 00 00 00 00 00 00 00 00 ]]
[[ DATA: 00 00 00 00 00 00 00 00 00 00 00 00 00 00 00 00 00 00 00 00 ]]
[[ DATA: 00 00 00 00 00 00 00 00 00 00 00 00 00 00 00 00 00 00 00 00 ]]
[[ DATA: 00 00 00 00 00 00 00 00 00 00 00 00 00 00 00 00 00 00 00 00 ]]
[[ DATA: 00 00 00 00 00 00 00 00 00 00 00 00 00 00 00 00 00 00 00 00 ]]
[[ DATA: 00 00 00 00 00 00 00 00 00 00 00 00 00 00 00 00 00 00 00 00 ]]
[[ DATA: 00 00 00 00 00 00 00 00 00 00 00 00 00 00 00 00 00 00 00 00 ]]
[[ DATA: 00 00 00 00 00 00 00 00 00 00 00 00 00 00 00 00 00 00 00 00 ]]
[[ DATA: 00 00 00 00 00 00 00 00 00 00 00 00 D4 D3 D2 D1 ]]
[[ DevAlert Data Ended. Checksum: 34368 ]]

[[ DevAlert Data Begins ]]
[[ DATA: D1 D2 D3 D4 F0 0F 01 00 71 83 01 00 05 00 07 00 01 00 00 00 ]]
[[ DATA: 20 00 20 00 10 00 00 00 D0 07 00 00 24 44 55 4D 4D 59 5F 53 ]]
[[ DATA: 45 53 53 49 4F 4E 5F 49 44 00 00 00 00 00 00 00 00 00 00 00 ]]
[[ DATA: 00 00 00 00 24 44 55 4D 4D 59 5F 44 45 56 49 43 45 5F 49 44 ]]
[[ DATA: 00 00 00 00 00 00 00 00 00 00 00 00 00 00 00 00 64 66 6D 5F ]]
[[ DATA: 74 72 61 63 65 2E 70 73 66 73 00 00 00 00 00 00 00 00 00 00 ]]
[[ DATA: 00 00 00 00 00 00 00 00 00 00 00 00 00 00 00 00 00 00 00 00 ]]
[[ DATA: 00 00 00 00 00 00 00 00 00 00 00 00 00 00 00 00 00 00 00 00 ]]
[[ DATA: 00 00 00 00 00 00 00 00 00 00 00 00 00 00 00 00 00 00 00 00 ]]
[[ DATA: 00 00 00 00 00 00 00 00 00 00 00 00 00 00 00 00 00 00 00 00 ]]
[[ DATA: 00 00 00 00 00 00 00 00 00 00 00 00 00 00 00 00 00 00 00 00 ]]
[[ DATA: 00 00 00 00 00 00 00 00 00 00 00 00 00 00 00 00 00 00 00 00 ]]
[[ DATA: 00 00 00 00 00 00 00 00 00 00 00 00 00 00 00 00 00 00 00 00 ]]
[[ DATA: 00 00 00 00 00 00 00 00 00 00 00 00 00 00 00 00 00 00 00 00 ]]
[[ DATA: 00 00 00 00 00 00 00 00 00 00 00 00 00 00 00 00 00 00 00 00 ]]
[[ DATA: 00 00 00 00 00 00 00 00 00 00 00 00 00 00 00 00 00 00 00 00 ]]
[[ DATA: 00 00 00 00 00 00 00 00 00 00 00 00 00 00 00 00 00 00 00 00 ]]
[[ DATA: 00 00 00 00 00 00 00 00 00 00 00 00 00 00 00 00 00 00 00 00 ]]
[[ DATA: 00 00 00 00 00 00 00 00 00 00 00 00 00 00 00 00 00 00 00 00 ]]
[[ DATA: 00 00 00 00 00 00 00 00 00 00 00 00 00 00 00 00 00 00 00 00 ]]
[[ DATA: 00 00 00 00 00 00 00 00 00 00 00 00 00 00 00 00 00 00 00 00 ]]
[[ DATA: 00 00 00 00 00 00 00 00 00 00 00 00 00 00 00 00 00 00 00 00 ]]
[[ DATA: 00 00 00 00 00 00 00 00 00 00 00 00 00 00 00 00 00 00 00 00 ]]
[[ DATA: 00 00 00 00 00 00 00 00 00 00 00 00 00 00 00 00 00 00 00 00 ]]
[[ DATA: 00 00 00 00 00 00 00 00 00 00 00 00 00 00 00 00 00 00 00 00 ]]
[[ DATA: 00 00 00 00 00 00 00 00 00 00 00 00 00 00 00 00 00 00 00 00 ]]
[[ DATA: 00 00 00 00 00 00 00 00 00 00 00 00 00 00 00 00 00 00 00 00 ]]
[[ DATA: 00 00 00 00 00 00 00 00 00 00 00 00 00 00 00 00 00 00 00 00 ]]
[[ DATA: 00 00 00 00 00 00 00 00 00 00 00 00 00 00 00 00 00 00 00 00 ]]
[[ DATA: 00 00 00 00 00 00 00 00 00 00 00 00 00 00 00 00 00 00 00 00 ]]
[[ DATA: 00 00 00 00 00 00 00 00 00 00 00 00 00 00 00 00 00 00 00 00 ]]
[[ DATA: 00 00 00 00 00 00 00 00 00 00 00 00 00 00 00 00 00 00 00 00 ]]
[[ DATA: 00 00 00 00 00 00 00 00 00 00 00 00 00 00 00 00 00 00 00 00 ]]
[[ DATA: 00 00 00 00 00 00 00 00 00 00 00 00 00 00 00 00 00 00 00 00 ]]
[[ DATA: 00 00 00 00 00 00 00 00 00 00 00 00 00 00 00 00 00 00 00 00 ]]
[[ DATA: 00 00 00 00 00 00 00 00 00 00 00 00 00 00 00 00 00 00 00 00 ]]
[[ DATA: 00 00 00 00 00 00 00 00 00 00 00 00 00 00 00 00 00 00 00 00 ]]
[[ DATA: 00 00 00 00 00 00 00 00 00 00 00 00 00 00 00 00 00 00 00 00 ]]
[[ DATA: 00 00 00 00 00 00 00 00 00 00 00 00 00 00 00 00 00 00 00 00 ]]
[[ DATA: 00 00 00 00 00 00 00 00 00 00 00 00 00 00 00 00 00 00 00 00 ]]
[[ DATA: 00 00 00 00 00 00 00 00 00 00 00 00 00 00 00 00 00 00 00 00 ]]
[[ DATA: 00 00 00 00 00 00 00 00 00 00 00 00 00 00 00 00 00 00 00 00 ]]
[[ DATA: 00 00 00 00 00 00 00 00 00 00 00 00 00 00 00 00 00 00 00 00 ]]
[[ DATA: 00 00 00 00 00 00 00 00 00 00 00 00 00 00 00 00 00 00 00 00 ]]
[[ DATA: 00 00 00 00 00 00 00 00 00 00 00 00 00 00 00 00 00 00 00 00 ]]
[[ DATA: 00 00 00 00 00 00 00 00 00 00 00 00 00 00 00 00 00 00 00 00 ]]
[[ DATA: 00 00 00 00 00 00 00 00 00 00 00 00 00 00 00 00 00 00 00 00 ]]
[[ DATA: 00 00 00 00 00 00 00 00 00 00 00 00 00 00 00 00 00 00 00 00 ]]
[[ DATA: 00 00 00 00 00 00 00 00 00 00 00 00 00 00 00 00 00 00 00 00 ]]
[[ DATA: 00 00 00 00 00 00 00 00 00 00 00 00 00 00 00 00 00 00 00 00 ]]
[[ DATA: 00 00 00 00 00 00 00 00 00 00 00 00 00 00 00 00 00 00 00 00 ]]
[[ DATA: 00 00 00 00 00 00 00 00 00 00 00 00 00 00 00 00 00 00 00 00 ]]
[[ DATA: 00 00 00 00 00 00 00 00 00 00 00 00 00 00 00 00 00 00 00 00 ]]
[[ DATA: 00 00 00 00 00 00 00 00 00 00 00 00 00 00 00 00 00 00 00 00 ]]
[[ DATA: 00 00 00 00 00 00 00 00 00 00 00 00 00 00 00 00 00 00 00 00 ]]
[[ DATA: 00 00 00 00 00 00 00 00 00 00 00 00 00 00 00 00 00 00 00 00 ]]
[[ DATA: 00 00 00 00 00 00 00 00 00 00 00 00 00 00 00 00 00 00 00 00 ]]
[[ DATA: 00 00 00 00 00 00 00 00 00 00 00 00 00 00 00 00 00 00 00 00 ]]
[[ DATA: 00 00 00 00 00 00 00 00 00 00 00 00 00 00 00 00 00 00 00 00 ]]
[[ DATA: 00 00 00 00 00 00 00 00 00 00 00 00 00 00 00 00 00 00 00 00 ]]
[[ DATA: 00 00 00 00 00 00 00 00 00 00 00 00 00 00 00 00 00 00 00 00 ]]
[[ DATA: 00 00 00 00 00 00 00 00 00 00 00 00 00 00 00 00 00 00 00 00 ]]
[[ DATA: 00 00 00 00 00 00 00 00 00 00 00 00 00 00 00 00 00 00 00 00 ]]
[[ DATA: 00 00 00 00 00 00 00 00 00 00 00 00 00 00 00 00 00 00 00 00 ]]
[[ DATA: 00 00 00 00 00 00 00 00 00 00 00 00 00 00 00 00 00 00 00 00 ]]
[[ DATA: 00 00 00 00 00 00 00 00 00 00 00 00 00 00 00 00 00 00 00 00 ]]
[[ DATA: 00 00 00 00 00 00 00 00 00 00 00 00 00 00 00 00 00 00 00 00 ]]
[[ DATA: 00 00 00 00 00 00 00 00 00 00 00 00 00 00 00 00 00 00 00 00 ]]
[[ DATA: 00 00 00 00 00 00 00 00 00 00 00 00 00 00 00 00 00 00 00 00 ]]
[[ DATA: 00 00 00 00 00 00 00 00 00 00 00 00 00 00 00 00 00 00 00 00 ]]
[[ DATA: 00 00 00 00 00 00 00 00 00 00 00 00 00 00 00 00 00 00 00 00 ]]
[[ DATA: 00 00 00 00 00 00 00 00 00 00 00 00 00 00 00 00 00 00 00 00 ]]
[[ DATA: 00 00 00 00 00 00 00 00 00 00 00 00 00 00 00 00 00 00 00 00 ]]
[[ DATA: 00 00 00 00 00 00 00 00 00 00 00 00 00 00 00 00 00 00 00 00 ]]
[[ DATA: 00 00 00 00 00 00 00 00 00 00 00 00 00 00 00 00 00 00 00 00 ]]
[[ DATA: 00 00 00 00 00 00 00 00 00 00 00 00 00 00 00 00 00 00 00 00 ]]
[[ DATA: 00 00 00 00 00 00 00 00 00 00 00 00 00 00 00 00 00 00 00 00 ]]
[[ DATA: 00 00 00 00 00 00 00 00 00 00 00 00 00 00 00 00 00 00 00 00 ]]
[[ DATA: 00 00 00 00 00 00 00 00 00 00 00 00 00 00 00 00 00 00 00 00 ]]
[[ DATA: 00 00 00 00 00 00 00 00 00 00 00 00 00 00 00 00 00 00 00 00 ]]
[[ DATA: 00 00 00 00 00 00 00 00 00 00 00 00 00 00 00 00 00 00 00 00 ]]
[[ DATA: 00 00 00 00 00 00 00 00 00 00 00 00 00 00 00 00 00 00 00 00 ]]
[[ DATA: 00 00 00 00 00 00 00 00 00 00 00 00 00 00 00 00 00 00 00 00 ]]
[[ DATA: 00 00 00 00 00 00 00 00 00 00 00 00 00 00 00 00 00 00 00 00 ]]
[[ DATA: 00 00 00 00 00 00 00 00 00 00 00 00 00 00 00 00 00 00 00 00 ]]
[[ DATA: 00 00 00 00 00 00 00 00 00 00 00 00 00 00 00 00 00 00 00 00 ]]
[[ DATA: 00 00 00 00 00 00 00 00 00 00 00 00 00 00 00 00 00 00 00 00 ]]
[[ DATA: 00 00 00 00 00 00 00 00 00 00 00 00 00 00 00 00 00 00 00 00 ]]
[[ DATA: 00 00 00 00 00 00 00 00 00 00 00 00 00 00 00 00 00 00 00 00 ]]
[[ DATA: 00 00 00 00 00 00 00 00 00 00 00 00 00 00 00 00 00 00 00 00 ]]
[[ DATA: 00 00 00 00 00 00 00 00 00 00 00 00 00 00 00 00 00 00 00 00 ]]
[[ DATA: 00 00 00 00 00 00 00 00 00 00 00 00 00 00 00 00 00 00 00 00 ]]
[[ DATA: 00 00 00 00 00 00 00 00 00 00 00 00 00 00 00 00 00 00 00 00 ]]
[[ DATA: 00 00 00 00 00 00 00 00 00 00 00 00 00 00 00 00 00 00 00 00 ]]
[[ DATA: 00 00 00 00 00 00 00 00 00 00 00 00 00 00 00 00 00 00 00 00 ]]
[[ DATA: 00 00 00 00 00 00 00 00 00 00 00 00 00 00 00 00 00 00 00 00 ]]
[[ DATA: 00 00 00 00 00 00 00 00 00 00 00 00 00 00 00 00 00 00 00 00 ]]
[[ DATA: 00 00 00 00 00 00 00 00 00 00 00 00 00 00 00 00 00 00 00 00 ]]
[[ DATA: 00 00 00 00 00 00 00 00 00 00 00 00 00 00 00 00 00 00 00 00 ]]
[[ DATA: 00 00 00 00 00 00 00 00 00 00 00 00 00 00 00 00 00 00 00 00 ]]
[[ DATA: 00 00 00 00 00 00 00 00 00 00 00 00 00 00 00 00 00 00 00 00 ]]
[[ DATA: 00 00 00 00 00 00 00 00 00 00 00 00 00 00 00 00 00 00 00 00 ]]
[[ DATA: 00 00 00 00 00 00 00 00 00 00 00 00 00 00 00 00 00 00 00 00 ]]
[[ DATA: 00 00 00 00 00 00 00 00 00 00 00 00 00 00 00 00 00 00 00 00 ]]
[[ DATA: 00 00 00 00 00 00 00 00 00 00 00 00 00 00 00 00 00 00 00 00 ]]
[[ DATA: 00 00 00 00 00 00 00 00 00 00 00 00 D4 D3 D2 D1 ]]
[[ DevAlert Data Ended. Checksum: 60251 ]]

[[ DevAlert Data Begins ]]
[[ DATA: D1 D2 D3 D4 F0 0F 01 00 71 83 01 00 06 00 07 00 01 00 00 00 ]]
[[ DATA: 20 00 20 00 10 00 00 00 D0 07 00 00 24 44 55 4D 4D 59 5F 53 ]]
[[ DATA: 45 53 53 49 4F 4E 5F 49 44 00 00 00 00 00 00 00 00 00 00 00 ]]
[[ DATA: 00 00 00 00 24 44 55 4D 4D 59 5F 44 45 56 49 43 45 5F 49 44 ]]
[[ DATA: 00 00 00 00 00 00 00 00 00 00 00 00 00 00 00 00 64 66 6D 5F ]]
[[ DATA: 74 72 61 63 65 2E 70 73 66 73 00 00 00 00 00 00 00 00 00 00 ]]
[[ DATA: 00 00 00 00 00 00 00 00 00 00 00 00 00 00 00 00 00 00 00 00 ]]
[[ DATA: 00 00 00 00 00 00 00 00 00 00 00 00 00 00 00 00 00 00 00 00 ]]
[[ DATA: 00 00 00 00 00 00 00 00 00 00 00 00 00 00 00 00 00 00 00 00 ]]
[[ DATA: 00 00 00 00 00 00 00 00 00 00 00 00 00 00 00 00 00 00 00 00 ]]
[[ DATA: 00 00 00 00 00 00 00 00 00 00 00 00 00 00 00 00 00 00 00 00 ]]
[[ DATA: 00 00 00 00 00 00 00 00 00 00 00 00 00 00 00 00 00 00 00 00 ]]
[[ DATA: 00 00 00 00 00 00 00 00 00 00 00 00 00 00 00 00 00 00 00 00 ]]
[[ DATA: 00 00 00 00 00 00 00 00 00 00 00 00 00 00 00 00 00 00 00 00 ]]
[[ DATA: 00 00 00 00 00 00 00 00 00 00 00 00 00 00 00 00 00 00 00 00 ]]
[[ DATA: 00 00 00 00 00 00 00 00 00 00 00 00 00 00 00 00 00 00 00 00 ]]
[[ DATA: 00 00 00 00 00 00 00 00 00 00 00 00 00 00 00 00 00 00 00 00 ]]
[[ DATA: 00 00 00 00 00 00 00 00 00 00 00 00 00 00 00 00 00 00 00 00 ]]
[[ DATA: 00 00 00 00 00 00 00 00 00 00 00 00 00 00 00 00 00 00 00 00 ]]
[[ DATA: 00 00 00 00 00 00 00 00 00 00 00 00 00 00 00 00 00 00 00 00 ]]
[[ DATA: 00 00 00 00 00 00 00 00 00 00 00 00 00 00 00 00 00 00 00 00 ]]
[[ DATA: 00 00 00 00 00 00 00 00 00 00 00 00 00 00 00 00 00 00 00 00 ]]
[[ DATA: 00 00 00 00 00 00 00 00 00 00 00 00 00 00 00 00 00 00 00 00 ]]
[[ DATA: 00 00 00 00 00 00 00 00 00 00 00 00 00 00 00 00 00 00 00 00 ]]
[[ DATA: 00 00 00 00 00 00 00 00 00 00 00 00 00 00 00 00 00 00 00 00 ]]
[[ DATA: 00 00 00 00 00 00 00 00 00 00 00 00 00 00 00 00 00 00 00 00 ]]
[[ DATA: 00 00 00 00 00 00 00 00 00 00 00 00 00 00 00 00 00 00 00 00 ]]
[[ DATA: 00 00 00 00 00 00 00 00 00 00 00 00 00 00 00 00 00 00 00 00 ]]
[[ DATA: 00 00 00 00 00 00 00 00 00 00 00 00 00 00 00 00 00 00 00 00 ]]
[[ DATA: 00 00 00 00 00 00 00 00 00 00 00 00 00 00 00 00 00 00 00 00 ]]
[[ DATA: 00 00 00 00 00 00 00 00 00 00 00 00 00 00 00 00 00 00 00 00 ]]
[[ DATA: 00 00 00 00 00 00 00 00 00 00 00 00 00 00 00 00 00 00 00 00 ]]
[[ DATA: 00 00 00 00 00 00 00 00 00 00 00 00 00 00 00 00 00 00 00 00 ]]
[[ DATA: 00 00 00 00 00 00 00 00 00 00 00 00 00 00 00 00 00 00 00 00 ]]
[[ DATA: 00 00 00 00 00 00 00 00 00 00 00 00 00 00 00 00 00 00 00 00 ]]
[[ DATA: 00 00 00 00 00 00 00 00 00 00 00 00 00 00 00 00 00 00 00 00 ]]
[[ DATA: 00 00 00 00 00 00 00 00 00 00 00 00 00 00 00 00 00 00 00 00 ]]
[[ DATA: 00 00 00 00 00 00 00 00 00 00 00 00 00 00 00 00 00 00 00 00 ]]
[[ DATA: 00 00 00 00 00 00 00 00 00 00 00 00 00 00 00 00 00 00 00 00 ]]
[[ DATA: 00 00 00 00 00 00 00 00 00 00 00 00 00 00 00 00 00 00 00 00 ]]
[[ DATA: 00 00 00 00 00 00 00 00 00 00 00 00 00 00 00 00 00 00 00 00 ]]
[[ DATA: 00 00 00 00 00 00 00 00 00 00 00 00 00 00 00 00 00 00 00 00 ]]
[[ DATA: 00 00 00 00 00 00 00 00 00 00 00 00 00 00 00 00 00 00 00 00 ]]
[[ DATA: 00 00 00 00 00 00 00 00 00 00 00 00 00 00 00 00 00 00 00 00 ]]
[[ DATA: 00 00 00 00 00 00 00 00 00 00 00 00 00 00 00 00 00 00 00 00 ]]
[[ DATA: 00 00 00 00 00 00 00 00 00 00 00 00 00 00 00 00 00 00 00 00 ]]
[[ DATA: 00 00 00 00 00 00 00 00 00 00 00 00 00 00 00 00 00 00 00 00 ]]
[[ DATA: 00 00 00 00 00 00 00 00 00 00 00 00 00 00 00 00 00 00 00 00 ]]
[[ DATA: 00 00 00 00 00 00 00 00 00 00 00 00 00 00 00 00 00 00 00 00 ]]
[[ DATA: 00 00 00 00 00 00 00 00 00 00 00 00 00 00 00 00 00 00 00 00 ]]
[[ DATA: 00 00 00 00 00 00 00 00 00 00 00 00 00 00 00 00 00 00 00 00 ]]
[[ DATA: 00 00 00 00 00 00 00 00 00 00 00 00 00 00 00 00 00 00 00 00 ]]
[[ DATA: 00 00 00 00 00 00 00 00 00 00 00 00 00 00 00 00 00 00 00 00 ]]
[[ DATA: 00 00 00 00 00 00 00 00 00 00 00 00 00 00 00 00 00 00 00 00 ]]
[[ DATA: 00 00 00 00 00 00 00 00 00 00 00 00 00 00 00 00 00 00 00 00 ]]
[[ DATA: 00 00 00 00 00 00 00 00 00 00 00 00 00 00 00 00 00 00 00 00 ]]
[[ DATA: 00 00 00 00 00 00 00 00 00 00 00 00 00 00 00 00 00 00 00 00 ]]
[[ DATA: 00 00 00 00 00 00 00 00 00 00 00 00 00 00 00 00 00 00 00 00 ]]
[[ DATA: 00 00 00 00 00 00 00 00 00 00 00 00 00 00 00 00 00 00 00 00 ]]
[[ DATA: 00 00 00 00 00 00 00 00 00 00 00 00 00 00 00 00 00 00 00 00 ]]
[[ DATA: 00 00 00 00 00 00 00 00 00 00 00 00 00 00 00 00 00 00 00 00 ]]
[[ DATA: 00 00 00 00 00 00 00 00 00 00 00 00 00 00 00 00 00 00 00 00 ]]
[[ DATA: 00 00 00 00 00 00 00 00 00 00 00 00 00 00 00 00 00 00 00 00 ]]
[[ DATA: 00 00 00 00 00 00 00 00 00 00 00 00 00 00 00 00 00 00 00 00 ]]
[[ DATA: 00 00 00 00 00 00 00 00 00 00 00 00 00 00 00 00 00 00 00 00 ]]
[[ DATA: 00 00 00 00 00 00 00 00 00 00 00 00 00 00 00 00 00 00 00 00 ]]
[[ DATA: 00 00 00 00 00 00 00 00 00 00 00 00 00 00 00 00 00 00 00 00 ]]
[[ DATA: 00 00 00 00 00 00 00 00 00 00 00 00 00 00 00 00 00 00 00 00 ]]
[[ DATA: 00 00 00 00 00 00 00 00 00 00 00 00 00 00 00 00 00 00 00 00 ]]
[[ DATA: 00 00 00 00 00 00 00 00 00 00 00 00 00 00 00 00 00 00 00 00 ]]
[[ DATA: 00 00 00 00 00 00 00 00 00 00 00 00 00 00 00 00 00 00 00 00 ]]
[[ DATA: 00 00 00 00 00 00 00 00 00 00 00 00 00 00 00 00 00 00 00 00 ]]
[[ DATA: 00 00 00 00 00 00 00 00 00 00 00 00 00 00 00 00 00 00 00 00 ]]
[[ DATA: 00 00 00 00 00 00 00 00 00 00 00 00 00 00 00 00 00 00 00 00 ]]
[[ DATA: 00 00 00 00 00 00 00 00 00 00 00 00 00 00 00 00 00 00 00 00 ]]
[[ DATA: 00 00 00 00 00 00 00 00 00 00 00 00 00 00 00 00 00 00 00 00 ]]
[[ DATA: 00 00 00 00 00 00 00 00 00 00 00 00 00 00 00 00 00 00 00 00 ]]
[[ DATA: 00 00 00 00 00 00 00 00 00 00 00 00 00 00 00 00 00 00 00 00 ]]
[[ DATA: 00 00 00 00 00 00 00 00 00 00 00 00 00 00 00 00 00 00 00 00 ]]
[[ DATA: 00 00 00 00 00 00 00 00 00 00 00 00 00 00 00 00 00 00 00 00 ]]
[[ DATA: 00 00 00 00 00 00 00 00 00 00 00 00 00 00 00 00 00 00 00 00 ]]
[[ DATA: 00 00 00 00 00 00 00 00 00 00 00 00 00 00 00 00 00 00 00 00 ]]
[[ DATA: 00 00 00 00 00 00 00 00 00 00 00 00 00 00 00 00 00 00 00 00 ]]
[[ DATA: 00 00 00 00 00 00 00 00 00 00 00 00 00 00 00 00 00 00 00 00 ]]
[[ DATA: 00 00 00 00 00 00 00 00 00 00 00 00 00 00 00 00 00 00 00 00 ]]
[[ DATA: 00 00 00 00 00 00 00 00 00 00 00 00 00 00 00 00 00 00 00 00 ]]
[[ DATA: 00 00 00 00 00 00 00 00 00 00 00 00 00 00 00 00 00 00 00 00 ]]
[[ DATA: 00 00 00 00 00 00 00 00 00 00 00 00 00 00 00 00 00 00 00 00 ]]
[[ DATA: 00 00 00 00 00 00 00 00 00 00 00 00 00 00 00 00 00 00 00 00 ]]
[[ DATA: 00 00 00 00 00 00 00 00 00 00 00 00 00 00 00 00 00 00 00 00 ]]
[[ DATA: 00 00 00 00 00 00 00 00 00 00 00 00 00 00 00 00 00 00 00 00 ]]
[[ DATA: 00 00 00 00 00 00 00 00 00 00 00 00 00 00 00 00 00 00 00 00 ]]
[[ DATA: 00 00 00 00 00 00 00 00 00 00 00 00 00 00 00 00 00 00 00 00 ]]
[[ DATA: 00 00 00 00 00 00 00 00 00 00 00 00 00 00 00 00 00 00 00 00 ]]
[[ DATA: 00 00 00 00 00 00 00 00 00 00 00 00 00 00 00 00 00 00 00 00 ]]
[[ DATA: 00 00 00 00 00 00 00 00 00 00 00 00 00 00 00 00 00 00 00 00 ]]
[[ DATA: 00 00 00 00 00 00 00 00 00 00 00 00 00 00 00 00 00 00 00 00 ]]
[[ DATA: 00 00 00 00 00 00 00 00 00 00 00 00 00 00 00 00 00 00 00 00 ]]
[[ DATA: 00 00 00 00 00 00 00 00 00 00 00 00 00 00 00 00 00 00 00 00 ]]
[[ DATA: 00 00 00 00 00 00 00 00 00 00 00 00 00 00 00 00 00 00 00 00 ]]
[[ DATA: 00 00 00 00 00 00 00 00 00 00 00 00 00 00 00 00 00 00 00 00 ]]
[[ DATA: 00 00 00 00 00 00 00 00 00 00 00 00 00 00 00 00 00 00 00 00 ]]
[[ DATA: 00 00 00 00 00 00 00 00 00 00 00 00 00 00 00 00 00 00 00 00 ]]
[[ DATA: 00 00 00 00 00 00 00 00 00 00 00 00 00 00 00 00 00 00 00 00 ]]
[[ DATA: 00 00 00 00 00 00 00 00 00 00 00 00 00 00 00 00 00 00 00 00 ]]
[[ DATA: 00 00 00 00 00 00 00 00 00 00 00 00 D4 D3 D2 D1 ]]
[[ DevAlert Data Ended. Checksum: 23670 ]]

[[ DevAlert Data Begins ]]
[[ DATA: D1 D2 D3 D4 F0 0F 01 00 71 83 01 00 07 00 07 00 01 00 00 00 ]]
[[ DATA: 20 00 20 00 10 00 00 00 10 04 00 00 24 44 55 4D 4D 59 5F 53 ]]
[[ DATA: 45 53 53 49 4F 4E 5F 49 44 00 00 00 00 00 00 00 00 00 00 00 ]]
[[ DATA: 00 00 00 00 24 44 55 4D 4D 59 5F 44 45 56 49 43 45 5F 49 44 ]]
[[ DATA: 00 00 00 00 00 00 00 00 00 00 00 00 00 00 00 00 64 66 6D 5F ]]
[[ DATA: 74 72 61 63 65 2E 70 73 66 73 00 00 00 00 00 00 00 00 00 00 ]]
[[ DATA: 00 00 00 00 00 00 00 00 00 00 00 00 00 00 00 00 00 00 00 00 ]]
[[ DATA: 00 00 00 00 00 00 00 00 00 00 00 00 00 00 00 00 00 00 00 00 ]]
[[ DATA: 00 00 00 00 00 00 00 00 00 00 00 00 00 00 00 00 00 00 00 00 ]]
[[ DATA: 00 00 00 00 00 00 00 00 00 00 00 00 00 00 00 00 00 00 00 00 ]]
[[ DATA: 00 00 00 00 00 00 00 00 00 00 00 00 00 00 00 00 00 00 00 00 ]]
[[ DATA: 00 00 00 00 00 00 00 00 00 00 00 00 00 00 00 00 00 00 00 00 ]]
[[ DATA: 00 00 00 00 00 00 00 00 00 00 00 00 00 00 00 00 00 00 00 00 ]]
[[ DATA: 00 00 00 00 00 00 00 00 00 00 00 00 00 00 00 00 00 00 00 00 ]]
[[ DATA: 00 00 00 00 00 00 00 00 00 00 00 00 00 00 00 00 00 00 00 00 ]]
[[ DATA: 00 00 00 00 00 00 00 00 00 00 00 00 00 00 00 00 00 00 00 00 ]]
[[ DATA: 00 00 00 00 00 00 00 00 00 00 00 00 00 00 00 00 00 00 00 00 ]]
[[ DATA: 00 00 00 00 00 00 00 00 00 00 00 00 00 00 00 00 00 00 00 00 ]]
[[ DATA: 00 00 00 00 00 00 00 00 00 00 00 00 00 00 00 00 00 00 00 00 ]]
[[ DATA: 00 00 00 00 00 00 00 00 00 00 00 00 00 00 00 00 00 00 00 00 ]]
[[ DATA: 00 00 00 00 00 00 00 00 00 00 00 00 00 00 00 00 00 00 00 00 ]]
[[ DATA: 00 00 00 00 00 00 00 00 00 00 00 00 00 00 00 00 00 00 00 00 ]]
[[ DATA: 00 00 00 00 00 00 00 00 00 00 00 00 00 00 00 00 00 00 00 00 ]]
[[ DATA: 00 00 00 00 00 00 00 00 00 00 00 00 00 00 00 00 00 00 00 00 ]]
[[ DATA: 00 00 00 00 00 00 00 00 00 00 00 00 00 00 00 00 00 00 00 00 ]]
[[ DATA: 00 00 00 00 00 00 00 00 00 00 00 00 00 00 00 00 00 00 00 00 ]]
[[ DATA: 00 00 00 00 00 00 00 00 00 00 00 00 00 00 00 00 00 00 00 00 ]]
[[ DATA: 00 00 00 00 00 00 00 00 00 00 00 00 00 00 00 00 00 00 00 00 ]]
[[ DATA: 00 00 00 00 00 00 00 00 00 00 00 00 00 00 00 00 00 00 00 00 ]]
[[ DATA: 00 00 00 00 00 00 00 00 00 00 00 00 00 00 00 00 00 00 00 00 ]]
[[ DATA: 00 00 00 00 00 00 00 00 00 00 00 00 00 00 00 00 00 00 00 00 ]]
[[ DATA: 00 00 00 00 00 00 00 00 00 00 00 00 00 00 00 00 00 00 00 00 ]]
[[ DATA: 00 00 00 00 00 00 00 00 00 00 00 00 00 00 00 00 00 00 00 00 ]]
[[ DATA: 00 00 00 00 00 00 00 00 00 00 00 00 00 00 00 00 00 00 00 00 ]]
[[ DATA: 00 00 00 00 00 00 00 00 00 00 00 00 00 00 00 00 00 00 00 00 ]]
[[ DATA: 00 00 00 00 00 00 00 00 00 00 00 00 00 00 00 00 00 00 00 00 ]]
[[ DATA: 00 00 00 00 00 00 00 00 00 00 00 00 00 00 00 00 00 00 00 00 ]]
[[ DATA: 00 00 00 00 00 00 00 00 00 00 00 00 00 00 00 00 00 00 00 00 ]]
[[ DATA: 00 00 00 00 00 00 00 00 00 00 00 00 00 00 00 00 00 00 00 00 ]]
[[ DATA: 00 00 00 00 00 00 00 00 00 00 00 00 00 00 00 00 00 00 00 00 ]]
[[ DATA: 00 00 00 00 00 00 00 00 00 00 00 00 00 00 00 00 00 00 00 00 ]]
[[ DATA: 00 00 00 00 00 00 00 00 00 00 00 00 00 00 00 00 00 00 00 00 ]]
[[ DATA: 00 00 00 00 00 00 00 00 00 00 00 00 00 00 00 00 00 00 00 00 ]]
[[ DATA: 00 00 00 00 00 00 00 00 00 00 00 00 00 00 00 00 00 00 00 00 ]]
[[ DATA: 00 00 00 00 00 00 00 00 00 00 00 00 00 00 00 00 00 00 00 00 ]]
[[ DATA: 00 00 00 00 00 00 00 00 00 00 00 00 00 00 00 00 00 00 00 00 ]]
[[ DATA: 00 00 00 00 00 00 00 00 00 00 00 00 00 00 00 00 00 00 00 00 ]]
[[ DATA: 00 00 00 00 00 00 00 00 00 00 00 00 00 00 00 00 00 00 00 00 ]]
[[ DATA: 00 00 00 00 00 00 00 00 00 00 00 00 00 00 00 00 00 00 00 00 ]]
[[ DATA: 00 00 00 00 00 00 00 00 00 00 00 00 00 00 00 00 00 00 00 00 ]]
[[ DATA: 00 00 00 00 00 00 00 00 00 00 00 00 00 00 00 00 00 00 00 00 ]]
[[ DATA: 00 00 00 00 00 00 00 00 00 00 00 00 00 00 00 00 00 00 00 00 ]]
[[ DATA: 00 00 00 00 00 00 00 00 00 00 00 00 00 00 00 00 00 00 00 00 ]]
[[ DATA: 00 00 00 00 00 00 00 00 00 00 00 00 00 00 00 00 00 00 00 00 ]]
[[ DATA: 00 00 00 00 00 00 00 00 00 00 00 00 00 00 00 00 00 00 00 00 ]]
[[ DATA: 00 00 00 00 00 00 00 00 00 00 00 00 00 00 00 00 00 00 00 00 ]]
[[ DATA: 00 00 00 00 00 00 00 00 00 00 00 00 00 00 00 00 0A 0B 0C 0D ]]
[[ DATA: 71 72 73 74 F1 F2 F3 F4 00 00 00 00 D4 D3 D2 D1 ]]
[[ DevAlert Data Ended. Checksum: 2872 ]]

[[ DevAlert Data Begins ]]
[[ DATA: D1 D2 D3 D4 F0 0F 01 00 18 46 02 00 01 00 01 00 01 00 00 00 ]]
[[ DATA: 20 00 20 00 10 00 00 00 24 00 00 00 24 44 55 4D 4D 59 5F 53 ]]
[[ DATA: 45 53 53 49 4F 4E 5F 49 44 00 00 00 00 00 00 00 00 00 00 00 ]]
[[ DATA: 00 00 00 00 24 44 55 4D 4D 59 5F 44 45 56 49 43 45 5F 49 44 ]]
[[ DATA: 00 00 00 00 00 00 00 00 00 00 00 00 00 00 00 00 74 72 61 70 ]]
[[ DATA: 2E 64 6D 70 00 00 00 00 00 00 00 00 50 44 61 50 F0 0F 03 10 ]]
[[ DATA: E1 01 00 00 74 72 61 70 2E 64 6D 70 00 00 00 00 00 00 00 00 ]]
[[ DATA: 50 61 44 50 00 00 00 00 D4 D3 D2 D1 ]]
[[ DevAlert Data Ended. Checksum: 4896 ]]

[[ DevAlert Data Begins ]]
[[ DATA: D1 D2 D3 D4 F0 0F 01 00 71 83 02 00 01 00 01 00 01 00 00 00 ]]
[[ DATA: 20 00 20 00 10 00 00 00 E1 01 00 00 24 44 55 4D 4D 59 5F 53 ]]
[[ DATA: 45 53 53 49 4F 4E 5F 49 44 00 00 00 00 00 00 00 00 00 00 00 ]]
[[ DATA: 00 00 00 00 24 44 55 4D 4D 59 5F 44 45 56 49 43 45 5F 49 44 ]]
[[ DATA: 00 00 00 00 00 00 00 00 00 00 00 00 00 00 00 00 74 72 61 70 ]]
[[ DATA: 2E 64 6D 70 00 00 00 00 00 00 00 00 63 43 03 00 01 00 00 00 ]]
[[ DATA: 01 00 00 00 02 00 00 00 02 00 00 00 07 00 00 00 28 90 00 20 ]]
[[ DATA: 00 00 00 00 00 00 00 00 48 8F 00 20 FF FF FF FF FF FF FF FF ]]
[[ DATA: FF FF FF FF FF FF FF FF 94 11 00 20 48 8F 00 20 CD 70 00 08 ]]
[[ DATA: C8 70 00 08 00 00 00 01 80 FF 0B 20 28 8F 00 20 00 00 00 01 ]]
[[ DATA: 00 00 00 00 00 00 00 00 00 00 00 00 00 00 00 00 00 00 00 00 ]]
[[ DATA: 00 00 00 00 00 00 00 00 00 00 00 00 00 00 00 00 00 00 00 00 ]]
[[ DATA: 00 00 00 00 00 00 00 46 00 00 00 00 C0 E1 64 4D 00 00 00 40 ]]
[[ DATA: 00 0E 27 07 00 00 00 00 00 00 00 00 00 00 00 00 00 00 00 00 ]]
[[ DATA: 00 00 00 00 00 00 00 00 00 00 00 00 00 00 00 00 00 00 00 00 ]]
[[ DATA: 00 00 00 00 00 00 00 00 00 00 00 00 00 00 00 00 00 00 00 00 ]]
[[ DATA: 00 00 00 00 00 00 00 00 00 00 00 00 48 8F 00 20 29 90 00 20 ]]
[[ DATA: 04 00 00 00 03 00 00 00 02 00 00 00 01 00 00 00 15 00 00 00 ]]
[[ DATA: 07 00 00 00 70 8F 00 20 31 71 00 08 05 00 00 00 06 00 00 00 ]]
[[ DATA: 04 00 00 00 03 00 00 00 02 00 00 00 01 00 00 00 0A 00 00 00 ]]
[[ DATA: 21 00 00 00 98 8F 00 20 89 71 00 08 05 00 00 00 06 00 00 00 ]]
[[ DATA: 04 00 00 00 03 00 00 00 02 00 00 00 01 00 00 00 64 00 00 00 ]]
[[ DATA: 0C 29 01 08 C0 8F 00 20 E7 71 00 08 05 00 00 00 06 00 00 00 ]]
[[ DATA: 02 00 00 00 00 00 00 00 D0 8F 00 20 19 72 00 08 0E 72 3D A9 ]]
[[ DATA: A8 24 01 08 E8 8F 00 20 BB 6A 00 08 A5 A5 A5 A5 A5 A5 A5 A5 ]]
[[ DATA: A5 A5 A5 A5 00 00 00 00 A5 A5 A5 A5 FC 32 01 08 48 50 00 20 ]]
[[ DATA: FD FF FF FF 9F FB B3 92 00 00 00 00 E9 03 00 00 02 00 00 00 ]]
[[ DATA: 00 00 00 00 00 00 00 00 00 00 00 00 63 6F 72 65 64 75 6D 70 ]]
[[ DATA: 5F 65 6E 64 00 28 ED 00 E0 3C ED 00 E0 00 00 00 00 00 00 00 ]]
[[ DATA: 00 00 00 00 00 34 ED 00 E0 38 ED 00 E0 D4 D3 D2 D1 ]]
[[ DevAlert Data Ended. Checksum: 33432 ]]
DFMT:RETURNED:1001:0
DFMT:BEGIN:1003:1

DFM Alert: Test 1003 at test_call_chains.c:169
  DFM: Storing the alert.


[[ DevAlert Data Begins ]]
[[ DATA: D1 D2 D3 D4 F0 0F 01 00 12 15 00 00 01 00 01 00 02 00 00 00 ]]
[[ DATA: 20 00 20 00 68 00 00 00 0C 01 00 00 24 44 55 4D 4D 59 5F 53 ]]
[[ DATA: 45 53 53 49 4F 4E 5F 49 44 00 00 00 00 00 00 00 00 00 00 00 ]]
[[ DATA: 00 00 00 00 24 44 55 4D 4D 59 5F 44 45 56 49 43 45 5F 49 44 ]]
[[ DATA: 00 00 00 00 00 00 00 00 00 00 00 00 00 00 00 00 54 65 73 74 ]]
[[ DATA: 20 31 30 30 33 20 61 74 20 74 65 73 74 5F 63 61 6C 6C 5F 63 ]]
[[ DATA: 68 61 69 6E 73 2E 63 3A 31 36 39 00 00 00 00 00 00 00 00 00 ]]
[[ DATA: 00 00 00 00 00 00 00 00 00 00 00 00 00 00 00 00 00 00 00 00 ]]
[[ DATA: 00 00 00 00 00 00 00 00 00 00 00 00 00 00 00 00 00 00 00 00 ]]
[[ DATA: 00 00 00 00 00 00 00 00 00 00 00 00 00 00 00 00 00 00 00 00 ]]
[[ DATA: 50 44 66 6D F0 0F 03 48 08 04 68 00 01 00 00 00 EB 03 00 00 ]]
[[ DATA: 01 00 00 00 EA 02 00 00 07 00 00 00 B0 8F 00 20 02 00 00 00 ]]
[[ DATA: 21 07 00 00 04 00 00 00 A9 00 00 00 00 00 00 00 00 00 00 00 ]]
[[ DATA: 00 00 00 00 00 00 00 00 00 00 00 00 00 00 00 00 00 00 00 00 ]]
[[ DATA: 00 00 00 00 42 75 69 6C 64 2D 4D 33 2D 4F 30 00 00 00 00 00 ]]
[[ DATA: 00 00 00 00 00 00 00 00 00 00 00 00 00 00 00 00 00 00 00 00 ]]
[[ DATA: 00 00 00 00 00 00 00 00 00 00 00 00 00 00 00 00 00 00 00 00 ]]
[[ DATA: 00 00 00 00 00 00 00 00 00 00 00 00 00 00 00 00 54 65 73 74 ]]
[[ DATA: 20 31 30 30 33 20 61 74 20 74 65 73 74 5F 63 61 6C 6C 5F 63 ]]
[[ DATA: 68 61 69 6E 73 2E 63 3A 31 36 39 00 00 00 00 00 00 00 00 00 ]]
[[ DATA: 00 00 00 00 00 00 00 00 00 00 00 00 00 00 00 00 00 00 00 00 ]]
[[ DATA: 00 00 00 00 00 00 00 00 00 00 00 00 00 00 00 00 00 00 00 00 ]]
[[ DATA: 00 00 00 00 00 00 00 00 00 00 00 00 00 00 00 00 00 00 00 00 ]]
[[ DATA: 6D 66 44 50 00 00 00 00 D4 D3 D2 D1 ]]
[[ DevAlert Data Ended. Checksum: 30838 ]]

[[ DevAlert Data Begins ]]
[[ DATA: D1 D2 D3 D4 F0 0F 01 00 18 46 01 00 01 00 01 00 02 00 00 00 ]]
[[ DATA: 20 00 20 00 10 00 00 00 24 00 00 00 24 44 55 4D 4D 59 5F 53 ]]
[[ DATA: 45 53 53 49 4F 4E 5F 49 44 00 00 00 00 00 00 00 00 00 00 00 ]]
[[ DATA: 00 00 00 00 24 44 55 4D 4D 59 5F 44 45 56 49 43 45 5F 49 44 ]]
[[ DATA: 00 00 00 00 00 00 00 00 00 00 00 00 00 00 00 00 64 66 6D 5F ]]
[[ DATA: 74 72 61 63 65 2E 70 73 66 73 00 00 50 44 61 50 F0 0F 03 10 ]]
[[ DATA: F0 32 00 00 64 66 6D 5F 74 72 61 63 65 2E 70 73 66 73 00 00 ]]
[[ DATA: 50 61 44 50 00 00 00 00 D4 D3 D2 D1 ]]
[[ DevAlert Data Ended. Checksum: 12108 ]]

[[ DevAlert Data Begins ]]
[[ DATA: D1 D2 D3 D4 F0 0F 01 00 71 83 01 00 01 00 07 00 02 00 00 00 ]]
[[ DATA: 20 00 20 00 10 00 00 00 D0 07 00 00 24 44 55 4D 4D 59 5F 53 ]]
[[ DATA: 45 53 53 49 4F 4E 5F 49 44 00 00 00 00 00 00 00 00 00 00 00 ]]
[[ DATA: 00 00 00 00 24 44 55 4D 4D 59 5F 44 45 56 49 43 45 5F 49 44 ]]
[[ DATA: 00 00 00 00 00 00 00 00 00 00 00 00 00 00 00 00 64 66 6D 5F ]]
[[ DATA: 74 72 61 63 65 2E 70 73 66 73 00 00 30 10 00 20 00 00 00 00 ]]
[[ DATA: 05 06 07 08 75 76 77 78 F5 F6 F7 F8 00 46 53 50 0E 00 A1 1A ]]
[[ DATA: 00 00 00 00 01 03 00 00 00 00 00 00 00 00 02 01 46 72 65 65 ]]
[[ DATA: 52 54 4F 53 01 00 00 00 00 00 00 00 00 0E 27 07 00 00 00 00 ]]
[[ DATA: E8 03 00 00 BC 19 C6 0C 3B 07 00 00 38 00 00 00 1C 00 00 00 ]]
[[ DATA: 03 00 00 00 AC 05 00 20 00 00 00 00 00 00 00 00 00 00 02 00 ]]
[[ DATA: 00 00 00 80 53 79 73 74 65 6D 20 48 65 61 70 00 00 00 00 00 ]]
[[ DATA: 00 00 00 00 00 00 00 00 00 00 00 00 00 00 00 00 00 00 00 00 ]]
[[ DATA: 00 00 00 00 00 00 00 00 00 00 00 00 00 00 00 00 00 00 00 00 ]]
[[ DATA: 00 00 00 00 00 00 00 00 00 00 00 00 00 00 00 00 00 00 00 00 ]]
[[ DATA: 00 00 00 00 00 00 00 00 00 00 00 00 00 00 00 00 00 00 00 00 ]]
[[ DATA: 00 00 00 00 00 00 00 00 00 00 00 00 00 00 00 00 00 00 00 00 ]]
[[ DATA: 00 00 00 00 00 00 00 00 00 00 00 00 00 00 00 00 00 00 00 00 ]]
[[ DATA: 00 00 00 00 00 00 00 00 00 00 00 00 00 00 00 00 00 00 00 00 ]]
[[ DATA: 00 00 00 00 00 00 00 00 00 00 00 00 00 00 00 00 00 00 00 00 ]]
[[ DATA: 00 00 00 00 00 00 00 00 00 00 00 00 00 00 00 00 00 00 00 00 ]]
[[ DATA: 00 00 00 00 00 00 00 00 00 00 00 00 00 00 00 00 00 00 00 00 ]]
[[ DATA: 00 00 00 00 00 00 00 00 00 00 00 00 00 00 00 00 00 00 00 00 ]]
[[ DATA: 00 00 00 00 00 00 00 00 00 00 00 00 00 00 00 00 00 00 00 00 ]]
[[ DATA: 00 00 00 00 00 00 00 00 00 00 00 00 00 00 00 00 00 00 00 00 ]]
[[ DATA: 00 00 00 00 00 00 00 00 00 00 00 00 00 00 00 00 00 00 00 00 ]]
[[ DATA: 00 00 00 00 00 00 00 00 00 00 00 00 00 00 00 00 00 00 00 00 ]]
[[ DATA: 00 00 00 00 00 00 00 00 00 00 00 00 00 00 00 00 00 00 00 00 ]]
[[ DATA: 00 00 00 00 00 00 00 00 00 00 00 00 00 00 00 00 00 00 00 00 ]]
[[ DATA: 00 00 00 00 00 00 00 00 00 00 00 00 00 00 00 00 00 00 00 00 ]]
[[ DATA: 00 00 00 00 00 00 00 00 00 00 00 00 00 00 00 00 00 00 00 00 ]]
[[ DATA: 00 00 00 00 00 00 00 00 00 00 00 00 00 00 00 00 00 00 00 00 ]]
[[ DATA: 00 00 00 00 00 00 00 00 00 00 00 00 00 00 00 00 00 00 00 00 ]]
[[ DATA: 00 00 00 00 00 00 00 00 00 00 00 00 00 00 00 00 00 00 00 00 ]]
[[ DATA: 00 00 00 00 00 00 00 00 00 00 00 00 00 00 00 00 00 00 00 00 ]]
[[ DATA: 00 00 00 00 00 00 00 00 00 00 00 00 00 00 00 00 00 00 00 00 ]]
[[ DATA: 00 00 00 00 00 00 00 00 00 00 00 00 00 00 00 00 00 00 00 00 ]]
[[ DATA: 00 00 00 00 00 00 00 00 00 00 00 00 00 00 00 00 00 00 00 00 ]]
[[ DATA: 00 00 00 00 00 00 00 00 00 00 00 00 00 00 00 00 00 00 00 00 ]]
[[ DATA: 00 00 00 00 00 00 00 00 00 00 00 00 00 00 00 00 00 00 00 00 ]]
[[ DATA: 00 00 00 00 00 00 00 00 00 00 00 00 00 00 00 00 00 00 00 00 ]]
[[ DATA: 00 00 00 00 00 00 00 00 00 00 00 00 00 00 00 00 00 00 00 00 ]]
[[ DATA: 00 00 00 00 00 00 00 00 00 00 00 00 00 00 00 00 00 00 00 00 ]]
[[ DATA: 00 00 00 00 00 00 00 00 00 00 00 00 00 00 00 00 00 00 00 00 ]]
[[ DATA: 00 00 00 00 00 00 00 00 00 00 00 00 00 00 00 00 00 00 00 00 ]]
[[ DATA: 00 00 00 00 00 00 00 00 00 00 00 00 00 00 00 00 00 00 00 00 ]]
[[ DATA: 00 00 00 00 00 00 00 00 00 00 00 00 00 00 00 00 00 00 00 00 ]]
[[ DATA: 00 00 00 00 00 00 00 00 00 00 00 00 00 00 00 00 00 00 00 00 ]]
[[ DATA: 00 00 00 00 00 00 00 00 00 00 00 00 00 00 00 00 00 00 00 00 ]]
[[ DATA: 00 00 00 00 00 00 00 00 00 00 00 00 00 00 00 00 00 00 00 00 ]]
[[ DATA: 00 00 00 00 00 00 00 00 00 00 00 00 00 00 00 00 00 00 00 00 ]]
[[ DATA: 00 00 00 00 00 00 00 00 00 00 00 00 00 00 00 00 00 00 00 00 ]]
[[ DATA: 00 00 00 00 00 00 00 00 00 00 00 00 00 00 00 00 00 00 00 00 ]]
[[ DATA: 00 00 00 00 00 00 00 00 00 00 00 00 00 00 00 00 00 00 00 00 ]]
[[ DATA: 00 00 00 00 00 00 00 00 00 00 00 00 00 00 00 00 00 00 00 00 ]]
[[ DATA: 00 00 00 00 00 00 00 00 00 00 00 00 00 00 00 00 00 00 00 00 ]]
[[ DATA: 00 00 00 00 00 00 00 00 00 00 00 00 00 00 00 00 00 00 00 00 ]]
[[ DATA: 00 00 00 00 00 00 00 00 00 00 00 00 00 00 00 00 00 00 00 00 ]]
[[ DATA: 00 00 00 00 00 00 00 00 00 00 00 00 00 00 00 00 00 00 00 00 ]]
[[ DATA: 00 00 00 00 00 00 00 00 00 00 00 00 00 00 00 00 00 00 00 00 ]]
[[ DATA: 00 00 00 00 00 00 00 00 00 00 00 00 00 00 00 00 00 00 00 00 ]]
[[ DATA: 00 00 00 00 00 00 00 00 00 00 00 00 00 00 00 00 00 00 00 00 ]]
[[ DATA: 00 00 00 00 00 00 00 00 00 00 00 00 00 00 00 00 00 00 00 00 ]]
[[ DATA: 00 00 00 00 00 00 00 00 00 00 00 00 00 00 00 00 00 00 00 00 ]]
[[ DATA: 00 00 00 00 00 00 00 00 00 00 00 00 00 00 00 00 00 00 00 00 ]]
[[ DATA: 00 00 00 00 00 00 00 00 00 00 00 00 00 00 00 00 00 00 00 00 ]]
[[ DATA: 00 00 00 00 00 00 00 00 00 00 00 00 00 00 00 00 00 00 00 00 ]]
[[ DATA: 00 00 00 00 00 00 00 00 00 00 00 00 00 00 00 00 00 00 00 00 ]]
[[ DATA: 00 00 00 00 00 00 00 00 00 00 00 00 00 00 00 00 00 00 00 00 ]]
[[ DATA: 00 00 00 00 00 00 00 00 00 00 00 00 00 00 00 00 00 00 00 00 ]]
[[ DATA: 00 00 00 00 00 00 00 00 00 00 00 00 00 00 00 00 00 00 00 00 ]]
[[ DATA: 00 00 00 00 00 00 00 00 00 00 00 00 00 00 00 00 00 00 00 00 ]]
[[ DATA: 00 00 00 00 00 00 00 00 00 00 00 00 00 00 00 00 00 00 00 00 ]]
[[ DATA: 00 00 00 00 00 00 00 00 00 00 00 00 00 00 00 00 00 00 00 00 ]]
[[ DATA: 00 00 00 00 00 00 00 00 00 00 00 00 00 00 00 00 00 00 00 00 ]]
[[ DATA: 00 00 00 00 00 00 00 00 00 00 00 00 00 00 00 00 00 00 00 00 ]]
[[ DATA: 00 00 00 00 00 00 00 00 00 00 00 00 00 00 00 00 00 00 00 00 ]]
[[ DATA: 00 00 00 00 00 00 00 00 00 00 00 00 00 00 00 00 00 00 00 00 ]]
[[ DATA: 00 00 00 00 00 00 00 00 00 00 00 00 00 00 00 00 00 00 00 00 ]]
[[ DATA: 00 00 00 00 00 00 00 00 00 00 00 00 00 00 00 00 00 00 00 00 ]]
[[ DATA: 00 00 00 00 00 00 00 00 00 00 00 00 00 00 00 00 00 00 00 00 ]]
[[ DATA: 00 00 00 00 00 00 00 00 00 00 00 00 00 00 00 00 00 00 00 00 ]]
[[ DATA: 00 00 00 00 00 00 00 00 00 00 00 00 00 00 00 00 00 00 00 00 ]]
[[ DATA: 00 00 00 00 00 00 00 00 00 00 00 00 00 00 00 00 00 00 00 00 ]]
[[ DATA: 00 00 00 00 00 00 00 00 00 00 00 00 00 00 00 00 00 00 00 00 ]]
[[ DATA: 00 00 00 00 00 00 00 00 00 00 00 00 00 00 00 00 00 00 00 00 ]]
[[ DATA: 00 00 00 00 00 00 00 00 00 00 00 00 00 00 00 00 00 00 00 00 ]]
[[ DATA: 00 00 00 00 00 00 00 00 00 00 00 00 00 00 00 00 00 00 00 00 ]]
[[ DATA: 00 00 00 00 00 00 00 00 00 00 00 00 00 00 00 00 00 00 00 00 ]]
[[ DATA: 00 00 00 00 00 00 00 00 00 00 00 00 00 00 00 00 00 00 00 00 ]]
[[ DATA: 00 00 00 00 00 00 00 00 00 00 00 00 00 00 00 00 00 00 00 00 ]]
[[ DATA: 00 00 00 00 00 00 00 00 00 00 00 00 00 00 00 00 00 00 00 00 ]]
[[ DATA: 00 00 00 00 00 00 00 00 00 00 00 00 00 00 00 00 00 00 00 00 ]]
[[ DATA: 00 00 00 00 00 00 00 00 00 00 00 00 00 00 00 00 00 00 00 00 ]]
[[ DATA: 00 00 00 00 00 00 00 00 00 00 00 00 00 00 00 00 00 00 00 00 ]]
[[ DATA: 00 00 00 00 00 00 00 00 00 00 00 00 00 00 00 00 00 00 00 00 ]]
[[ DATA: 00 00 00 00 00 00 00 00 00 00 00 00 00 00 00 00 00 00 00 00 ]]
[[ DATA: 00 00 00 00 00 00 00 00 00 00 00 00 00 00 00 00 00 00 00 00 ]]
[[ DATA: 00 00 00 00 00 00 00 00 00 00 00 00 00 00 00 00 00 00 00 00 ]]
[[ DATA: 00 00 00 00 00 00 00 00 00 00 00 00 00 00 00 00 00 00 00 00 ]]
[[ DATA: 00 00 00 00 00 00 00 00 00 00 00 00 00 00 00 00 00 00 00 00 ]]
[[ DATA: 00 00 00 00 00 00 00 00 00 00 00 00 00 00 00 00 00 00 00 00 ]]
[[ DATA: 00 00 00 00 00 00 00 00 00 00 00 00 00 00 00 00 00 00 00 00 ]]
[[ DATA: 00 00 00 00 00 00 00 00 00 00 00 00 00 00 00 00 00 00 00 00 ]]
[[ DATA: 00 00 00 00 00 00 00 00 00 00 00 00 00 00 00 00 00 00 00 00 ]]
[[ DATA: 00 00 00 00 00 00 00 00 00 00 00 00 D4 D3 D2 D1 ]]
[[ DevAlert Data Ended. Checksum: 64214 ]]

[[ DevAlert Data Begins ]]
[[ DATA: D1 D2 D3 D4 F0 0F 01 00 71 83 01 00 02 00 07 00 02 00 00 00 ]]
[[ DATA: 20 00 20 00 10 00 00 00 D0 07 00 00 24 44 55 4D 4D 59 5F 53 ]]
[[ DATA: 45 53 53 49 4F 4E 5F 49 44 00 00 00 00 00 00 00 00 00 00 00 ]]
[[ DATA: 00 00 00 00 24 44 55 4D 4D 59 5F 44 45 56 49 43 45 5F 49 44 ]]
[[ DATA: 00 00 00 00 00 00 00 00 00 00 00 00 00 00 00 00 64 66 6D 5F ]]
[[ DATA: 74 72 61 63 65 2E 70 73 66 73 00 00 00 00 00 00 00 00 00 00 ]]
[[ DATA: 00 00 00 00 00 00 00 00 00 00 00 00 00 00 00 00 00 00 00 00 ]]
[[ DATA: 00 00 00 00 00 00 00 00 00 00 00 00 00 00 00 00 00 00 00 00 ]]
[[ DATA: 00 00 00 00 00 00 00 00 00 00 00 00 00 00 00 00 00 00 00 00 ]]
[[ DATA: 00 00 00 00 00 00 00 00 00 00 00 00 00 00 00 00 00 00 00 00 ]]
[[ DATA: 00 00 00 00 00 00 00 00 00 00 00 00 00 00 00 00 00 00 00 00 ]]
[[ DATA: 00 00 00 00 00 00 00 00 00 00 00 00 00 00 00 00 00 00 00 00 ]]
[[ DATA: 00 00 00 00 00 00 00 00 00 00 00 00 00 00 00 00 00 00 00 00 ]]
[[ DATA: 00 00 00 00 00 00 00 00 00 00 00 00 00 00 00 00 00 00 00 00 ]]
[[ DATA: 00 00 00 00 00 00 00 00 00 00 00 00 00 00 00 00 00 00 00 00 ]]
[[ DATA: 00 00 00 00 00 00 00 00 00 00 00 00 00 00 00 00 00 00 00 00 ]]
[[ DATA: 00 00 00 00 00 00 00 00 00 00 00 00 00 00 00 00 00 00 00 00 ]]
[[ DATA: 00 00 00 00 00 00 00 00 00 00 00 00 00 00 00 00 00 00 00 00 ]]
[[ DATA: 00 00 00 00 00 00 00 00 00 00 00 00 00 00 00 00 00 00 00 00 ]]
[[ DATA: 00 00 00 00 00 00 00 00 00 00 00 00 00 00 00 00 00 00 00 00 ]]
[[ DATA: 00 00 00 00 00 00 00 00 00 00 00 00 00 00 00 00 00 00 00 00 ]]
[[ DATA: 00 00 00 00 00 00 00 00 00 00 00 00 00 00 00 00 00 00 00 00 ]]
[[ DATA: 00 00 00 00 00 00 00 00 00 00 00 00 00 00 00 00 00 00 00 00 ]]
[[ DATA: 00 00 00 00 00 00 00 00 00 00 00 00 00 00 00 00 00 00 00 00 ]]
[[ DATA: 00 00 00 00 00 00 00 00 00 00 00 00 00 00 00 00 00 00 00 00 ]]
[[ DATA: 00 00 00 00 00 00 00 00 00 00 00 00 00 00 00 00 00 00 00 00 ]]
[[ DATA: 00 00 00 00 00 00 00 00 00 00 00 00 00 00 00 00 00 00 00 00 ]]
[[ DATA: 00 00 00 00 00 00 00 00 00 00 00 00 00 00 00 00 DC 0E 00 20 ]]
[[ DATA: 00 00 00 00 00 00 00 00 00 00 00 00 00 00 00 00 41 4C 45 52 ]]
[[ DATA: 54 00 00 00 00 00 00 00 00 00 00 00 00 00 00 00 00 00 00 00 ]]
[[ DATA: 00 00 00 00 0C 0F 00 20 00 00 00 00 00 00 00 00 00 00 00 00 ]]
[[ DATA: 00 00 00 00 44 46 4D 20 54 65 73 74 73 00 00 00 00 00 00 00 ]]
[[ DATA: 00 00 00 00 00 00 00 00 00 00 00 00 B4 94 00 20 01 00 00 00 ]]
[[ DATA: 00 00 00 00 00 00 00 00 00 00 00 00 54 6D 72 20 53 76 63 00 ]]
[[ DATA: 00 00 00 00 00 00 00 00 00 00 00 00 00 00 00 00 00 00 00 00 ]]
[[ DATA: 30 A0 00 20 08 00 00 00 00 00 00 00 00 00 00 00 00 00 00 00 ]]
[[ DATA: 54 6D 72 51 00 00 00 00 00 00 00 00 00 00 00 00 00 00 00 00 ]]
[[ DATA: 00 00 00 00 00 00 00 00 54 90 00 20 00 00 00 00 00 00 00 00 ]]
[[ DATA: 00 00 00 00 00 00 00 00 49 44 4C 45 00 00 00 00 00 00 00 00 ]]
[[ DATA: 00 00 00 00 00 00 00 00 00 00 00 00 00 00 00 00 E8 4F 00 20 ]]
[[ DATA: 03 00 00 00 00 00 00 00 00 00 00 00 00 00 00 00 44 46 4D 54 ]]
[[ DATA: 65 73 74 73 00 00 00 00 00 00 00 00 00 00 00 00 00 00 00 00 ]]
[[ DATA: 00 00 00 00 90 04 00 20 00 00 00 00 00 00 00 00 00 00 00 00 ]]
[[ DATA: 00 00 00 00 54 7A 43 74 72 6C 00 00 00 00 00 00 00 00 00 00 ]]
[[ DATA: 00 00 00 00 00 00 00 00 00 00 00 00 00 28 00 00 0C 03 00 00 ]]
[[ DATA: 00 00 00 00 D4 27 00 00 01 00 00 00 00 00 00 00 D4 27 00 00 ]]
[[ DATA: 00 00 00 00 0C 03 00 00 00 00 00 00 00 00 00 00 5C 10 00 20 ]]
[[ DATA: 01 10 01 00 09 52 00 00 02 00 00 00 10 20 02 00 D6 7F 00 00 ]]
[[ DATA: E8 4F 00 20 03 00 00 00 30 10 03 00 3E 81 00 00 E8 4F 00 20 ]]
[[ DATA: 10 20 04 00 2E 8C 00 00 54 90 00 20 00 00 00 00 30 10 05 00 ]]
[[ DATA: 6E 8D 00 00 54 90 00 20 11 20 06 00 95 93 00 00 30 A0 00 20 ]]
[[ DATA: 08 00 00 00 10 20 07 00 17 AA 00 00 B4 94 00 20 01 00 00 00 ]]
[[ DATA: 30 10 08 00 5B AB 00 00 B4 94 00 20 37 20 09 00 EA AD 00 00 ]]
[[ DATA: E8 4F 00 20 03 00 00 00 03 40 0A 00 FF 27 02 00 0C 0F 00 20 ]]
[[ DATA: 44 46 4D 20 54 65 73 74 73 00 00 00 92 50 0B 00 99 27 05 00 ]]
[[ DATA: 0C 0F 00 20 E9 03 00 00 54 25 75 20 42 45 47 49 4E 00 00 00 ]]
[[ DATA: 92 70 0C 00 13 2D 05 00 0C 0F 00 20 01 00 00 00 54 31 30 30 ]]
[[ DATA: 31 20 41 52 47 53 20 61 30 3D 25 75 00 00 00 00 92 70 0D 00 ]]
[[ DATA: BE 30 05 00 0C 0F 00 20 06 00 00 00 54 31 30 30 31 20 41 52 ]]
[[ DATA: 47 53 20 61 35 3D 25 75 00 00 00 00 91 A0 0E 00 E8 34 05 00 ]]
[[ DATA: 0C 0F 00 20 54 31 30 30 31 20 50 41 54 48 20 70 75 62 6C 69 ]]
[[ DATA: 63 5F 61 70 69 20 2D 3E 20 73 65 72 76 69 63 65 00 00 00 00 ]]
[[ DATA: 91 90 0F 00 E6 38 05 00 0C 0F 00 20 54 31 30 30 31 20 50 41 ]]
[[ DATA: 54 48 20 73 65 72 76 69 63 65 20 2D 3E 20 74 72 61 70 5F 73 ]]
[[ DATA: 69 74 65 00 03 30 10 00 52 4A 05 00 DC 0E 00 20 41 4C 45 52 ]]
[[ DATA: 54 00 00 00 91 A0 11 00 50 4E 05 00 DC 0E 00 20 54 65 73 74 ]]
[[ DATA: 20 31 30 30 31 20 61 74 20 74 65 73 74 5F 63 61 6C 6C 5F 63 ]]
[[ DATA: 68 61 69 6E 73 2E 63 3A 32 36 00 00 7A 10 12 00 E7 44 A0 0A ]]
[[ DATA: 2C 01 00 00 37 20 13 00 D8 4A A0 0A B4 94 00 20 01 00 00 00 ]]
[[ DATA: 79 10 14 00 49 4E A0 0A CC 05 00 00 37 20 15 00 E5 53 A0 0A ]]
[[ DATA: 90 04 00 20 00 00 00 00 7A 10 16 00 3F 56 A0 0A F4 01 00 00 ]]
[[ DATA: 37 20 17 00 1E 5B A0 0A 54 90 00 20 00 00 00 00 30 10 18 00 ]]
[[ DATA: D4 1F C5 0C E8 4F 00 20 37 20 19 00 B1 23 C5 0C E8 4F 00 20 ]]
[[ DATA: 03 00 00 00 92 50 1A 00 E3 F5 C5 0C 0C 0F 00 20 EB 03 00 00 ]]
[[ DATA: 54 25 75 20 42 45 47 49 4E 00 00 00 91 60 1B 00 C5 FA C5 0C ]]
[[ DATA: 0C 0F 00 20 54 31 30 30 33 20 41 52 47 53 20 72 30 3D 31 30 ]]
[[ DATA: 00 00 00 00 91 60 1C 00 AC FD C5 0C 0C 0F 00 20 54 31 30 30 ]]
[[ DATA: 33 20 41 52 47 53 20 72 31 3D 32 30 00 00 00 00 91 60 1D 00 ]]
[[ DATA: 7C 00 C6 0C 0C 0F 00 20 54 31 30 30 33 20 41 52 47 53 20 72 ]]
[[ DATA: 32 3D 33 30 00 00 00 00 91 60 1E 00 4D 03 C6 0C 0C 0F 00 20 ]]
[[ DATA: 54 31 30 30 33 20 41 52 47 53 20 72 33 3D 34 30 00 00 00 00 ]]
[[ DATA: 91 B0 1F 00 96 07 C6 0C 0C 0F 00 20 54 31 30 30 33 20 50 41 ]]
[[ DATA: 54 48 20 74 65 73 74 5F 74 68 72 65 61 64 20 2D 3E 20 74 72 ]]
[[ DATA: 61 70 5F 61 74 5F 65 6E 74 72 79 00 91 A0 20 00 BC 19 C6 0C ]]
[[ DATA: DC 0E 00 20 54 65 73 74 20 31 30 30 33 20 61 74 20 74 65 73 ]]
[[ DATA: 74 5F 63 61 6C 6C 5F 63 68 61 69 6E 73 2E 63 3A 31 36 39 00 ]]
[[ DATA: 00 00 00 00 00 00 00 00 00 00 00 00 00 00 00 00 00 00 00 00 ]]
[[ DATA: 00 00 00 00 00 00 00 00 00 00 00 00 00 00 00 00 00 00 00 00 ]]
[[ DATA: 00 00 00 00 00 00 00 00 00 00 00 00 00 00 00 00 00 00 00 00 ]]
[[ DATA: 00 00 00 00 00 00 00 00 00 00 00 00 00 00 00 00 00 00 00 00 ]]
[[ DATA: 00 00 00 00 00 00 00 00 00 00 00 00 00 00 00 00 00 00 00 00 ]]
[[ DATA: 00 00 00 00 00 00 00 00 00 00 00 00 00 00 00 00 00 00 00 00 ]]
[[ DATA: 00 00 00 00 00 00 00 00 00 00 00 00 00 00 00 00 00 00 00 00 ]]
[[ DATA: 00 00 00 00 00 00 00 00 00 00 00 00 00 00 00 00 00 00 00 00 ]]
[[ DATA: 00 00 00 00 00 00 00 00 00 00 00 00 00 00 00 00 00 00 00 00 ]]
[[ DATA: 00 00 00 00 00 00 00 00 00 00 00 00 00 00 00 00 00 00 00 00 ]]
[[ DATA: 00 00 00 00 00 00 00 00 00 00 00 00 00 00 00 00 00 00 00 00 ]]
[[ DATA: 00 00 00 00 00 00 00 00 00 00 00 00 00 00 00 00 00 00 00 00 ]]
[[ DATA: 00 00 00 00 00 00 00 00 00 00 00 00 00 00 00 00 00 00 00 00 ]]
[[ DATA: 00 00 00 00 00 00 00 00 00 00 00 00 00 00 00 00 00 00 00 00 ]]
[[ DATA: 00 00 00 00 00 00 00 00 00 00 00 00 00 00 00 00 00 00 00 00 ]]
[[ DATA: 00 00 00 00 00 00 00 00 00 00 00 00 00 00 00 00 00 00 00 00 ]]
[[ DATA: 00 00 00 00 00 00 00 00 00 00 00 00 00 00 00 00 00 00 00 00 ]]
[[ DATA: 00 00 00 00 00 00 00 00 00 00 00 00 00 00 00 00 00 00 00 00 ]]
[[ DATA: 00 00 00 00 00 00 00 00 00 00 00 00 00 00 00 00 00 00 00 00 ]]
[[ DATA: 00 00 00 00 00 00 00 00 00 00 00 00 D4 D3 D2 D1 ]]
[[ DevAlert Data Ended. Checksum: 39490 ]]

[[ DevAlert Data Begins ]]
[[ DATA: D1 D2 D3 D4 F0 0F 01 00 71 83 01 00 03 00 07 00 02 00 00 00 ]]
[[ DATA: 20 00 20 00 10 00 00 00 D0 07 00 00 24 44 55 4D 4D 59 5F 53 ]]
[[ DATA: 45 53 53 49 4F 4E 5F 49 44 00 00 00 00 00 00 00 00 00 00 00 ]]
[[ DATA: 00 00 00 00 24 44 55 4D 4D 59 5F 44 45 56 49 43 45 5F 49 44 ]]
[[ DATA: 00 00 00 00 00 00 00 00 00 00 00 00 00 00 00 00 64 66 6D 5F ]]
[[ DATA: 74 72 61 63 65 2E 70 73 66 73 00 00 00 00 00 00 00 00 00 00 ]]
[[ DATA: 00 00 00 00 00 00 00 00 00 00 00 00 00 00 00 00 00 00 00 00 ]]
[[ DATA: 00 00 00 00 00 00 00 00 00 00 00 00 00 00 00 00 00 00 00 00 ]]
[[ DATA: 00 00 00 00 00 00 00 00 00 00 00 00 00 00 00 00 00 00 00 00 ]]
[[ DATA: 00 00 00 00 00 00 00 00 00 00 00 00 00 00 00 00 00 00 00 00 ]]
[[ DATA: 00 00 00 00 00 00 00 00 00 00 00 00 00 00 00 00 00 00 00 00 ]]
[[ DATA: 00 00 00 00 00 00 00 00 00 00 00 00 00 00 00 00 00 00 00 00 ]]
[[ DATA: 00 00 00 00 00 00 00 00 00 00 00 00 00 00 00 00 00 00 00 00 ]]
[[ DATA: 00 00 00 00 00 00 00 00 00 00 00 00 00 00 00 00 00 00 00 00 ]]
[[ DATA: 00 00 00 00 00 00 00 00 00 00 00 00 00 00 00 00 00 00 00 00 ]]
[[ DATA: 00 00 00 00 00 00 00 00 00 00 00 00 00 00 00 00 00 00 00 00 ]]
[[ DATA: 00 00 00 00 00 00 00 00 00 00 00 00 00 00 00 00 00 00 00 00 ]]
[[ DATA: 00 00 00 00 00 00 00 00 00 00 00 00 00 00 00 00 00 00 00 00 ]]
[[ DATA: 00 00 00 00 00 00 00 00 00 00 00 00 00 00 00 00 00 00 00 00 ]]
[[ DATA: 00 00 00 00 00 00 00 00 00 00 00 00 00 00 00 00 00 00 00 00 ]]
[[ DATA: 00 00 00 00 00 00 00 00 00 00 00 00 00 00 00 00 00 00 00 00 ]]
[[ DATA: 00 00 00 00 00 00 00 00 00 00 00 00 00 00 00 00 00 00 00 00 ]]
[[ DATA: 00 00 00 00 00 00 00 00 00 00 00 00 00 00 00 00 00 00 00 00 ]]
[[ DATA: 00 00 00 00 00 00 00 00 00 00 00 00 00 00 00 00 00 00 00 00 ]]
[[ DATA: 00 00 00 00 00 00 00 00 00 00 00 00 00 00 00 00 00 00 00 00 ]]
[[ DATA: 00 00 00 00 00 00 00 00 00 00 00 00 00 00 00 00 00 00 00 00 ]]
[[ DATA: 00 00 00 00 00 00 00 00 00 00 00 00 00 00 00 00 00 00 00 00 ]]
[[ DATA: 00 00 00 00 00 00 00 00 00 00 00 00 00 00 00 00 00 00 00 00 ]]
[[ DATA: 00 00 00 00 00 00 00 00 00 00 00 00 00 00 00 00 00 00 00 00 ]]
[[ DATA: 00 00 00 00 00 00 00 00 00 00 00 00 00 00 00 00 00 00 00 00 ]]
[[ DATA: 00 00 00 00 00 00 00 00 00 00 00 00 00 00 00 00 00 00 00 00 ]]
[[ DATA: 00 00 00 00 00 00 00 00 00 00 00 00 00 00 00 00 00 00 00 00 ]]
[[ DATA: 00 00 00 00 00 00 00 00 00 00 00 00 00 00 00 00 00 00 00 00 ]]
[[ DATA: 00 00 00 00 00 00 00 00 00 00 00 00 00 00 00 00 00 00 00 00 ]]
[[ DATA: 00 00 00 00 00 00 00 00 00 00 00 00 00 00 00 00 00 00 00 00 ]]
[[ DATA: 00 00 00 00 00 00 00 00 00 00 00 00 00 00 00 00 00 00 00 00 ]]
[[ DATA: 00 00 00 00 00 00 00 00 00 00 00 00 00 00 00 00 00 00 00 00 ]]
[[ DATA: 00 00 00 00 00 00 00 00 00 00 00 00 00 00 00 00 00 00 00 00 ]]
[[ DATA: 00 00 00 00 00 00 00 00 00 00 00 00 00 00 00 00 00 00 00 00 ]]
[[ DATA: 00 00 00 00 00 00 00 00 00 00 00 00 00 00 00 00 00 00 00 00 ]]
[[ DATA: 00 00 00 00 00 00 00 00 00 00 00 00 00 00 00 00 00 00 00 00 ]]
[[ DATA: 00 00 00 00 00 00 00 00 00 00 00 00 00 00 00 00 00 00 00 00 ]]
[[ DATA: 00 00 00 00 00 00 00 00 00 00 00 00 00 00 00 00 00 00 00 00 ]]
[[ DATA: 00 00 00 00 00 00 00 00 00 00 00 00 00 00 00 00 00 00 00 00 ]]
[[ DATA: 00 00 00 00 00 00 00 00 00 00 00 00 00 00 00 00 00 00 00 00 ]]
[[ DATA: 00 00 00 00 00 00 00 00 00 00 00 00 00 00 00 00 00 00 00 00 ]]
[[ DATA: 00 00 00 00 00 00 00 00 00 00 00 00 00 00 00 00 00 00 00 00 ]]
[[ DATA: 00 00 00 00 00 00 00 00 00 00 00 00 00 00 00 00 00 00 00 00 ]]
[[ DATA: 00 00 00 00 00 00 00 00 00 00 00 00 00 00 00 00 00 00 00 00 ]]
[[ DATA: 00 00 00 00 00 00 00 00 00 00 00 00 00 00 00 00 00 00 00 00 ]]
[[ DATA: 00 00 00 00 00 00 00 00 00 00 00 00 00 00 00 00 00 00 00 00 ]]
[[ DATA: 00 00 00 00 00 00 00 00 00 00 00 00 00 00 00 00 00 00 00 00 ]]
[[ DATA: 00 00 00 00 00 00 00 00 00 00 00 00 00 00 00 00 00 00 00 00 ]]
[[ DATA: 00 00 00 00 00 00 00 00 00 00 00 00 00 00 00 00 00 00 00 00 ]]
[[ DATA: 00 00 00 00 00 00 00 00 00 00 00 00 00 00 00 00 00 00 00 00 ]]
[[ DATA: 00 00 00 00 00 00 00 00 00 00 00 00 00 00 00 00 00 00 00 00 ]]
[[ DATA: 00 00 00 00 00 00 00 00 00 00 00 00 00 00 00 00 00 00 00 00 ]]
[[ DATA: 00 00 00 00 00 00 00 00 00 00 00 00 00 00 00 00 00 00 00 00 ]]
[[ DATA: 00 00 00 00 00 00 00 00 00 00 00 00 00 00 00 00 00 00 00 00 ]]
[[ DATA: 00 00 00 00 00 00 00 00 00 00 00 00 00 00 00 00 00 00 00 00 ]]
[[ DATA: 00 00 00 00 00 00 00 00 00 00 00 00 00 00 00 00 00 00 00 00 ]]
[[ DATA: 00 00 00 00 00 00 00 00 00 00 00 00 00 00 00 00 00 00 00 00 ]]
[[ DATA: 00 00 00 00 00 00 00 00 00 00 00 00 00 00 00 00 00 00 00 00 ]]
[[ DATA: 00 00 00 00 00 00 00 00 00 00 00 00 00 00 00 00 00 00 00 00 ]]
[[ DATA: 00 00 00 00 00 00 00 00 00 00 00 00 00 00 00 00 00 00 00 00 ]]
[[ DATA: 00 00 00 00 00 00 00 00 00 00 00 00 00 00 00 00 00 00 00 00 ]]
[[ DATA: 00 00 00 00 00 00 00 00 00 00 00 00 00 00 00 00 00 00 00 00 ]]
[[ DATA: 00 00 00 00 00 00 00 00 00 00 00 00 00 00 00 00 00 00 00 00 ]]
[[ DATA: 00 00 00 00 00 00 00 00 00 00 00 00 00 00 00 00 00 00 00 00 ]]
[[ DATA: 00 00 00 00 00 00 00 00 00 00 00 00 00 00 00 00 00 00 00 00 ]]
[[ DATA: 00 00 00 00 00 00 00 00 00 00 00 00 00 00 00 00 00 00 00 00 ]]
[[ DATA: 00 00 00 00 00 00 00 00 00 00 00 00 00 00 00 00 00 00 00 00 ]]
[[ DATA: 00 00 00 00 00 00 00 00 00 00 00 00 00 00 00 00 00 00 00 00 ]]
[[ DATA: 00 00 00 00 00 00 00 00 00 00 00 00 00 00 00 00 00 00 00 00 ]]
[[ DATA: 00 00 00 00 00 00 00 00 00 00 00 00 00 00 00 00 00 00 00 00 ]]
[[ DATA: 00 00 00 00 00 00 00 00 00 00 00 00 00 00 00 00 00 00 00 00 ]]
[[ DATA: 00 00 00 00 00 00 00 00 00 00 00 00 00 00 00 00 00 00 00 00 ]]
[[ DATA: 00 00 00 00 00 00 00 00 00 00 00 00 00 00 00 00 00 00 00 00 ]]
[[ DATA: 00 00 00 00 00 00 00 00 00 00 00 00 00 00 00 00 00 00 00 00 ]]
[[ DATA: 00 00 00 00 00 00 00 00 00 00 00 00 00 00 00 00 00 00 00 00 ]]
[[ DATA: 00 00 00 00 00 00 00 00 00 00 00 00 00 00 00 00 00 00 00 00 ]]
[[ DATA: 00 00 00 00 00 00 00 00 00 00 00 00 00 00 00 00 00 00 00 00 ]]
[[ DATA: 00 00 00 00 00 00 00 00 00 00 00 00 00 00 00 00 00 00 00 00 ]]
[[ DATA: 00 00 00 00 00 00 00 00 00 00 00 00 00 00 00 00 00 00 00 00 ]]
[[ DATA: 00 00 00 00 00 00 00 00 00 00 00 00 00 00 00 00 00 00 00 00 ]]
[[ DATA: 00 00 00 00 00 00 00 00 00 00 00 00 00 00 00 00 00 00 00 00 ]]
[[ DATA: 00 00 00 00 00 00 00 00 00 00 00 00 00 00 00 00 00 00 00 00 ]]
[[ DATA: 00 00 00 00 00 00 00 00 00 00 00 00 00 00 00 00 00 00 00 00 ]]
[[ DATA: 00 00 00 00 00 00 00 00 00 00 00 00 00 00 00 00 00 00 00 00 ]]
[[ DATA: 00 00 00 00 00 00 00 00 00 00 00 00 00 00 00 00 00 00 00 00 ]]
[[ DATA: 00 00 00 00 00 00 00 00 00 00 00 00 00 00 00 00 00 00 00 00 ]]
[[ DATA: 00 00 00 00 00 00 00 00 00 00 00 00 00 00 00 00 00 00 00 00 ]]
[[ DATA: 00 00 00 00 00 00 00 00 00 00 00 00 00 00 00 00 00 00 00 00 ]]
[[ DATA: 00 00 00 00 00 00 00 00 00 00 00 00 00 00 00 00 00 00 00 00 ]]
[[ DATA: 00 00 00 00 00 00 00 00 00 00 00 00 00 00 00 00 00 00 00 00 ]]
[[ DATA: 00 00 00 00 00 00 00 00 00 00 00 00 00 00 00 00 00 00 00 00 ]]
[[ DATA: 00 00 00 00 00 00 00 00 00 00 00 00 00 00 00 00 00 00 00 00 ]]
[[ DATA: 00 00 00 00 00 00 00 00 00 00 00 00 00 00 00 00 00 00 00 00 ]]
[[ DATA: 00 00 00 00 00 00 00 00 00 00 00 00 00 00 00 00 00 00 00 00 ]]
[[ DATA: 00 00 00 00 00 00 00 00 00 00 00 00 00 00 00 00 00 00 00 00 ]]
[[ DATA: 00 00 00 00 00 00 00 00 00 00 00 00 00 00 00 00 00 00 00 00 ]]
[[ DATA: 00 00 00 00 00 00 00 00 00 00 00 00 00 00 00 00 00 00 00 00 ]]
[[ DATA: 00 00 00 00 00 00 00 00 00 00 00 00 00 00 00 00 00 00 00 00 ]]
[[ DATA: 00 00 00 00 00 00 00 00 00 00 00 00 00 00 00 00 00 00 00 00 ]]
[[ DATA: 00 00 00 00 00 00 00 00 00 00 00 00 00 00 00 00 00 00 00 00 ]]
[[ DATA: 00 00 00 00 00 00 00 00 00 00 00 00 D4 D3 D2 D1 ]]
[[ DevAlert Data Ended. Checksum: 60527 ]]

[[ DevAlert Data Begins ]]
[[ DATA: D1 D2 D3 D4 F0 0F 01 00 71 83 01 00 04 00 07 00 02 00 00 00 ]]
[[ DATA: 20 00 20 00 10 00 00 00 D0 07 00 00 24 44 55 4D 4D 59 5F 53 ]]
[[ DATA: 45 53 53 49 4F 4E 5F 49 44 00 00 00 00 00 00 00 00 00 00 00 ]]
[[ DATA: 00 00 00 00 24 44 55 4D 4D 59 5F 44 45 56 49 43 45 5F 49 44 ]]
[[ DATA: 00 00 00 00 00 00 00 00 00 00 00 00 00 00 00 00 64 66 6D 5F ]]
[[ DATA: 74 72 61 63 65 2E 70 73 66 73 00 00 00 00 00 00 00 00 00 00 ]]
[[ DATA: 00 00 00 00 00 00 00 00 00 00 00 00 00 00 00 00 00 00 00 00 ]]
[[ DATA: 00 00 00 00 00 00 00 00 00 00 00 00 00 00 00 00 00 00 00 00 ]]
[[ DATA: 00 00 00 00 00 00 00 00 00 00 00 00 00 00 00 00 00 00 00 00 ]]
[[ DATA: 00 00 00 00 00 00 00 00 00 00 00 00 00 00 00 00 00 00 00 00 ]]
[[ DATA: 00 00 00 00 00 00 00 00 00 00 00 00 00 00 00 00 00 00 00 00 ]]
[[ DATA: 00 00 00 00 00 00 00 00 00 00 00 00 00 00 00 00 00 00 00 00 ]]
[[ DATA: 00 00 00 00 00 00 00 00 00 00 00 00 00 00 00 00 00 00 00 00 ]]
[[ DATA: 00 00 00 00 00 00 00 00 00 00 00 00 00 00 00 00 00 00 00 00 ]]
[[ DATA: 00 00 00 00 00 00 00 00 00 00 00 00 00 00 00 00 00 00 00 00 ]]
[[ DATA: 00 00 00 00 00 00 00 00 00 00 00 00 00 00 00 00 00 00 00 00 ]]
[[ DATA: 00 00 00 00 00 00 00 00 00 00 00 00 00 00 00 00 00 00 00 00 ]]
[[ DATA: 00 00 00 00 00 00 00 00 00 00 00 00 00 00 00 00 00 00 00 00 ]]
[[ DATA: 00 00 00 00 00 00 00 00 00 00 00 00 00 00 00 00 00 00 00 00 ]]
[[ DATA: 00 00 00 00 00 00 00 00 00 00 00 00 00 00 00 00 00 00 00 00 ]]
[[ DATA: 00 00 00 00 00 00 00 00 00 00 00 00 00 00 00 00 00 00 00 00 ]]
[[ DATA: 00 00 00 00 00 00 00 00 00 00 00 00 00 00 00 00 00 00 00 00 ]]
[[ DATA: 00 00 00 00 00 00 00 00 00 00 00 00 00 00 00 00 00 00 00 00 ]]
[[ DATA: 00 00 00 00 00 00 00 00 00 00 00 00 00 00 00 00 00 00 00 00 ]]
[[ DATA: 00 00 00 00 00 00 00 00 00 00 00 00 00 00 00 00 00 00 00 00 ]]
[[ DATA: 00 00 00 00 00 00 00 00 00 00 00 00 00 00 00 00 00 00 00 00 ]]
[[ DATA: 00 00 00 00 00 00 00 00 00 00 00 00 00 00 00 00 00 00 00 00 ]]
[[ DATA: 00 00 00 00 00 00 00 00 00 00 00 00 00 00 00 00 00 00 00 00 ]]
[[ DATA: 00 00 00 00 00 00 00 00 00 00 00 00 00 00 00 00 00 00 00 00 ]]
[[ DATA: 00 00 00 00 00 00 00 00 00 00 00 00 00 00 00 00 00 00 00 00 ]]
[[ DATA: 00 00 00 00 00 00 00 00 00 00 00 00 00 00 00 00 00 00 00 00 ]]
[[ DATA: 00 00 00 00 00 00 00 00 00 00 00 00 00 00 00 00 00 00 00 00 ]]
[[ DATA: 00 00 00 00 00 00 00 00 00 00 00 00 00 00 00 00 00 00 00 00 ]]
[[ DATA: 00 00 00 00 00 00 00 00 00 00 00 00 00 00 00 00 00 00 00 00 ]]
[[ DATA: 00 00 00 00 00 00 00 00 00 00 00 00 00 00 00 00 00 00 00 00 ]]
[[ DATA: 00 00 00 00 00 00 00 00 00 00 00 00 00 00 00 00 00 00 00 00 ]]
[[ DATA: 00 00 00 00 00 00 00 00 00 00 00 00 00 00 00 00 00 00 00 00 ]]
[[ DATA: 00 00 00 00 00 00 00 00 00 00 00 00 00 00 00 00 00 00 00 00 ]]
[[ DATA: 00 00 00 00 00 00 00 00 00 00 00 00 00 00 00 00 00 00 00 00 ]]
[[ DATA: 00 00 00 00 00 00 00 00 00 00 00 00 00 00 00 00 00 00 00 00 ]]
[[ DATA: 00 00 00 00 00 00 00 00 00 00 00 00 00 00 00 00 00 00 00 00 ]]
[[ DATA: 00 00 00 00 00 00 00 00 00 00 00 00 00 00 00 00 00 00 00 00 ]]
[[ DATA: 00 00 00 00 00 00 00 00 00 00 00 00 00 00 00 00 00 00 00 00 ]]
[[ DATA: 00 00 00 00 00 00 00 00 00 00 00 00 00 00 00 00 00 00 00 00 ]]
[[ DATA: 00 00 00 00 00 00 00 00 00 00 00 00 00 00 00 00 00 00 00 00 ]]
[[ DATA: 00 00 00 00 00 00 00 00 00 00 00 00 00 00 00 00 00 00 00 00 ]]
[[ DATA: 00 00 00 00 00 00 00 00 00 00 00 00 00 00 00 00 00 00 00 00 ]]
[[ DATA: 00 00 00 00 00 00 00 00 00 00 00 00 00 00 00 00 00 00 00 00 ]]
[[ DATA: 00 00 00 00 00 00 00 00 00 00 00 00 00 00 00 00 00 00 00 00 ]]
[[ DATA: 00 00 00 00 00 00 00 00 00 00 00 00 00 00 00 00 00 00 00 00 ]]
[[ DATA: 00 00 00 00 00 00 00 00 00 00 00 00 00 00 00 00 00 00 00 00 ]]
[[ DATA: 00 00 00 00 00 00 00 00 00 00 00 00 00 00 00 00 00 00 00 00 ]]
[[ DATA: 00 00 00 00 00 00 00 00 00 00 00 00 00 00 00 00 00 00 00 00 ]]
[[ DATA: 00 00 00 00 00 00 00 00 00 00 00 00 00 00 00 00 00 00 00 00 ]]
[[ DATA: 00 00 00 00 00 00 00 00 00 00 00 00 00 00 00 00 00 00 00 00 ]]
[[ DATA: 00 00 00 00 00 00 00 00 00 00 00 00 00 00 00 00 00 00 00 00 ]]
[[ DATA: 00 00 00 00 00 00 00 00 00 00 00 00 00 00 00 00 00 00 00 00 ]]
[[ DATA: 00 00 00 00 00 00 00 00 00 00 00 00 00 00 00 00 00 00 00 00 ]]
[[ DATA: 00 00 00 00 00 00 00 00 00 00 00 00 00 00 00 00 00 00 00 00 ]]
[[ DATA: 00 00 00 00 00 00 00 00 00 00 00 00 00 00 00 00 00 00 00 00 ]]
[[ DATA: 00 00 00 00 00 00 00 00 00 00 00 00 00 00 00 00 00 00 00 00 ]]
[[ DATA: 00 00 00 00 00 00 00 00 00 00 00 00 00 00 00 00 00 00 00 00 ]]
[[ DATA: 00 00 00 00 00 00 00 00 00 00 00 00 00 00 00 00 00 00 00 00 ]]
[[ DATA: 00 00 00 00 00 00 00 00 00 00 00 00 00 00 00 00 00 00 00 00 ]]
[[ DATA: 00 00 00 00 00 00 00 00 00 00 00 00 00 00 00 00 00 00 00 00 ]]
[[ DATA: 00 00 00 00 00 00 00 00 00 00 00 00 00 00 00 00 00 00 00 00 ]]
[[ DATA: 00 00 00 00 00 00 00 00 00 00 00 00 00 00 00 00 00 00 00 00 ]]
[[ DATA: 00 00 00 00 00 00 00 00 00 00 00 00 00 00 00 00 00 00 00 00 ]]
[[ DATA: 00 00 00 00 00 00 00 00 00 00 00 00 00 00 00 00 00 00 00 00 ]]
[[ DATA: 00 00 00 00 00 00 00 00 00 00 00 00 00 00 00 00 00 00 00 00 ]]
[[ DATA: 00 00 00 00 00 00 00 00 00 00 00 00 00 00 00 00 00 00 00 00 ]]
[[ DATA: 00 00 00 00 00 00 00 00 00 00 00 00 00 00 00 00 00 00 00 00 ]]
[[ DATA: 00 00 00 00 00 00 00 00 00 00 00 00 00 00 00 00 00 00 00 00 ]]
[[ DATA: 00 00 00 00 00 00 00 00 00 00 00 00 00 00 00 00 00 00 00 00 ]]
[[ DATA: 00 00 00 00 00 00 00 00 00 00 00 00 00 00 00 00 00 00 00 00 ]]
[[ DATA: 00 00 00 00 00 00 00 00 00 00 00 00 00 00 00 00 00 00 00 00 ]]
[[ DATA: 00 00 00 00 00 00 00 00 00 00 00 00 00 00 00 00 00 00 00 00 ]]
[[ DATA: 00 00 00 00 00 00 00 00 00 00 00 00 00 00 00 00 00 00 00 00 ]]
[[ DATA: 00 00 00 00 00 00 00 00 00 00 00 00 00 00 00 00 00 00 00 00 ]]
[[ DATA: 00 00 00 00 00 00 00 00 00 00 00 00 00 00 00 00 00 00 00 00 ]]
[[ DATA: 00 00 00 00 00 00 00 00 00 00 00 00 00 00 00 00 00 00 00 00 ]]
[[ DATA: 00 00 00 00 00 00 00 00 00 00 00 00 00 00 00 00 00 00 00 00 ]]
[[ DATA: 00 00 00 00 00 00 00 00 00 00 00 00 00 00 00 00 00 00 00 00 ]]
[[ DATA: 00 00 00 00 00 00 00 00 00 00 00 00 00 00 00 00 00 00 00 00 ]]
[[ DATA: 00 00 00 00 00 00 00 00 00 00 00 00 00 00 00 00 00 00 00 00 ]]
[[ DATA: 00 00 00 00 00 00 00 00 00 00 00 00 00 00 00 00 00 00 00 00 ]]
[[ DATA: 00 00 00 00 00 00 00 00 00 00 00 00 00 00 00 00 00 00 00 00 ]]
[[ DATA: 00 00 00 00 00 00 00 00 00 00 00 00 00 00 00 00 00 00 00 00 ]]
[[ DATA: 00 00 00 00 00 00 00 00 00 00 00 00 00 00 00 00 00 00 00 00 ]]
[[ DATA: 00 00 00 00 00 00 00 00 00 00 00 00 00 00 00 00 00 00 00 00 ]]
[[ DATA: 00 00 00 00 00 00 00 00 00 00 00 00 00 00 00 00 00 00 00 00 ]]
[[ DATA: 00 00 00 00 00 00 00 00 00 00 00 00 00 00 00 00 00 00 00 00 ]]
[[ DATA: 00 00 00 00 00 00 00 00 00 00 00 00 00 00 00 00 00 00 00 00 ]]
[[ DATA: 00 00 00 00 00 00 00 00 00 00 00 00 00 00 00 00 00 00 00 00 ]]
[[ DATA: 00 00 00 00 00 00 00 00 00 00 00 00 00 00 00 00 00 00 00 00 ]]
[[ DATA: 00 00 00 00 00 00 00 00 00 00 00 00 00 00 00 00 00 00 00 00 ]]
[[ DATA: 00 00 00 00 00 00 00 00 00 00 00 00 00 00 00 00 00 00 00 00 ]]
[[ DATA: 00 00 00 00 00 00 00 00 00 00 00 00 00 00 00 00 00 00 00 00 ]]
[[ DATA: 00 00 00 00 00 00 00 00 00 00 00 00 00 00 00 00 00 00 00 00 ]]
[[ DATA: 00 00 00 00 00 00 00 00 00 00 00 00 00 00 00 00 00 00 00 00 ]]
[[ DATA: 00 00 00 00 00 00 00 00 00 00 00 00 00 00 00 00 00 00 00 00 ]]
[[ DATA: 00 00 00 00 00 00 00 00 00 00 00 00 00 00 00 00 00 00 00 00 ]]
[[ DATA: 00 00 00 00 00 00 00 00 00 00 00 00 00 00 00 00 00 00 00 00 ]]
[[ DATA: 00 00 00 00 00 00 00 00 00 00 00 00 00 00 00 00 00 00 00 00 ]]
[[ DATA: 00 00 00 00 00 00 00 00 00 00 00 00 00 00 00 00 00 00 00 00 ]]
[[ DATA: 00 00 00 00 00 00 00 00 00 00 00 00 D4 D3 D2 D1 ]]
[[ DevAlert Data Ended. Checksum: 59199 ]]

[[ DevAlert Data Begins ]]
[[ DATA: D1 D2 D3 D4 F0 0F 01 00 71 83 01 00 05 00 07 00 02 00 00 00 ]]
[[ DATA: 20 00 20 00 10 00 00 00 D0 07 00 00 24 44 55 4D 4D 59 5F 53 ]]
[[ DATA: 45 53 53 49 4F 4E 5F 49 44 00 00 00 00 00 00 00 00 00 00 00 ]]
[[ DATA: 00 00 00 00 24 44 55 4D 4D 59 5F 44 45 56 49 43 45 5F 49 44 ]]
[[ DATA: 00 00 00 00 00 00 00 00 00 00 00 00 00 00 00 00 64 66 6D 5F ]]
[[ DATA: 74 72 61 63 65 2E 70 73 66 73 00 00 00 00 00 00 00 00 00 00 ]]
[[ DATA: 00 00 00 00 00 00 00 00 00 00 00 00 00 00 00 00 00 00 00 00 ]]
[[ DATA: 00 00 00 00 00 00 00 00 00 00 00 00 00 00 00 00 00 00 00 00 ]]
[[ DATA: 00 00 00 00 00 00 00 00 00 00 00 00 00 00 00 00 00 00 00 00 ]]
[[ DATA: 00 00 00 00 00 00 00 00 00 00 00 00 00 00 00 00 00 00 00 00 ]]
[[ DATA: 00 00 00 00 00 00 00 00 00 00 00 00 00 00 00 00 00 00 00 00 ]]
[[ DATA: 00 00 00 00 00 00 00 00 00 00 00 00 00 00 00 00 00 00 00 00 ]]
[[ DATA: 00 00 00 00 00 00 00 00 00 00 00 00 00 00 00 00 00 00 00 00 ]]
[[ DATA: 00 00 00 00 00 00 00 00 00 00 00 00 00 00 00 00 00 00 00 00 ]]
[[ DATA: 00 00 00 00 00 00 00 00 00 00 00 00 00 00 00 00 00 00 00 00 ]]
[[ DATA: 00 00 00 00 00 00 00 00 00 00 00 00 00 00 00 00 00 00 00 00 ]]
[[ DATA: 00 00 00 00 00 00 00 00 00 00 00 00 00 00 00 00 00 00 00 00 ]]
[[ DATA: 00 00 00 00 00 00 00 00 00 00 00 00 00 00 00 00 00 00 00 00 ]]
[[ DATA: 00 00 00 00 00 00 00 00 00 00 00 00 00 00 00 00 00 00 00 00 ]]
[[ DATA: 00 00 00 00 00 00 00 00 00 00 00 00 00 00 00 00 00 00 00 00 ]]
[[ DATA: 00 00 00 00 00 00 00 00 00 00 00 00 00 00 00 00 00 00 00 00 ]]
[[ DATA: 00 00 00 00 00 00 00 00 00 00 00 00 00 00 00 00 00 00 00 00 ]]
[[ DATA: 00 00 00 00 00 00 00 00 00 00 00 00 00 00 00 00 00 00 00 00 ]]
[[ DATA: 00 00 00 00 00 00 00 00 00 00 00 00 00 00 00 00 00 00 00 00 ]]
[[ DATA: 00 00 00 00 00 00 00 00 00 00 00 00 00 00 00 00 00 00 00 00 ]]
[[ DATA: 00 00 00 00 00 00 00 00 00 00 00 00 00 00 00 00 00 00 00 00 ]]
[[ DATA: 00 00 00 00 00 00 00 00 00 00 00 00 00 00 00 00 00 00 00 00 ]]
[[ DATA: 00 00 00 00 00 00 00 00 00 00 00 00 00 00 00 00 00 00 00 00 ]]
[[ DATA: 00 00 00 00 00 00 00 00 00 00 00 00 00 00 00 00 00 00 00 00 ]]
[[ DATA: 00 00 00 00 00 00 00 00 00 00 00 00 00 00 00 00 00 00 00 00 ]]
[[ DATA: 00 00 00 00 00 00 00 00 00 00 00 00 00 00 00 00 00 00 00 00 ]]
[[ DATA: 00 00 00 00 00 00 00 00 00 00 00 00 00 00 00 00 00 00 00 00 ]]
[[ DATA: 00 00 00 00 00 00 00 00 00 00 00 00 00 00 00 00 00 00 00 00 ]]
[[ DATA: 00 00 00 00 00 00 00 00 00 00 00 00 00 00 00 00 00 00 00 00 ]]
[[ DATA: 00 00 00 00 00 00 00 00 00 00 00 00 00 00 00 00 00 00 00 00 ]]
[[ DATA: 00 00 00 00 00 00 00 00 00 00 00 00 00 00 00 00 00 00 00 00 ]]
[[ DATA: 00 00 00 00 00 00 00 00 00 00 00 00 00 00 00 00 00 00 00 00 ]]
[[ DATA: 00 00 00 00 00 00 00 00 00 00 00 00 00 00 00 00 00 00 00 00 ]]
[[ DATA: 00 00 00 00 00 00 00 00 00 00 00 00 00 00 00 00 00 00 00 00 ]]
[[ DATA: 00 00 00 00 00 00 00 00 00 00 00 00 00 00 00 00 00 00 00 00 ]]
[[ DATA: 00 00 00 00 00 00 00 00 00 00 00 00 00 00 00 00 00 00 00 00 ]]
[[ DATA: 00 00 00 00 00 00 00 00 00 00 00 00 00 00 00 00 00 00 00 00 ]]
[[ DATA: 00 00 00 00 00 00 00 00 00 00 00 00 00 00 00 00 00 00 00 00 ]]
[[ DATA: 00 00 00 00 00 00 00 00 00 00 00 00 00 00 00 00 00 00 00 00 ]]
[[ DATA: 00 00 00 00 00 00 00 00 00 00 00 00 00 00 00 00 00 00 00 00 ]]
[[ DATA: 00 00 00 00 00 00 00 00 00 00 00 00 00 00 00 00 00 00 00 00 ]]
[[ DATA: 00 00 00 00 00 00 00 00 00 00 00 00 00 00 00 00 00 00 00 00 ]]
[[ DATA: 00 00 00 00 00 00 00 00 00 00 00 00 00 00 00 00 00 00 00 00 ]]
[[ DATA: 00 00 00 00 00 00 00 00 00 00 00 00 00 00 00 00 00 00 00 00 ]]
[[ DATA: 00 00 00 00 00 00 00 00 00 00 00 00 00 00 00 00 00 00 00 00 ]]
[[ DATA: 00 00 00 00 00 00 00 00 00 00 00 00 00 00 00 00 00 00 00 00 ]]
[[ DATA: 00 00 00 00 00 00 00 00 00 00 00 00 00 00 00 00 00 00 00 00 ]]
[[ DATA: 00 00 00 00 00 00 00 00 00 00 00 00 00 00 00 00 00 00 00 00 ]]
[[ DATA: 00 00 00 00 00 00 00 00 00 00 00 00 00 00 00 00 00 00 00 00 ]]
[[ DATA: 00 00 00 00 00 00 00 00 00 00 00 00 00 00 00 00 00 00 00 00 ]]
[[ DATA: 00 00 00 00 00 00 00 00 00 00 00 00 00 00 00 00 00 00 00 00 ]]
[[ DATA: 00 00 00 00 00 00 00 00 00 00 00 00 00 00 00 00 00 00 00 00 ]]
[[ DATA: 00 00 00 00 00 00 00 00 00 00 00 00 00 00 00 00 00 00 00 00 ]]
[[ DATA: 00 00 00 00 00 00 00 00 00 00 00 00 00 00 00 00 00 00 00 00 ]]
[[ DATA: 00 00 00 00 00 00 00 00 00 00 00 00 00 00 00 00 00 00 00 00 ]]
[[ DATA: 00 00 00 00 00 00 00 00 00 00 00 00 00 00 00 00 00 00 00 00 ]]
[[ DATA: 00 00 00 00 00 00 00 00 00 00 00 00 00 00 00 00 00 00 00 00 ]]
[[ DATA: 00 00 00 00 00 00 00 00 00 00 00 00 00 00 00 00 00 00 00 00 ]]
[[ DATA: 00 00 00 00 00 00 00 00 00 00 00 00 00 00 00 00 00 00 00 00 ]]
[[ DATA: 00 00 00 00 00 00 00 00 00 00 00 00 00 00 00 00 00 00 00 00 ]]
[[ DATA: 00 00 00 00 00 00 00 00 00 00 00 00 00 00 00 00 00 00 00 00 ]]
[[ DATA: 00 00 00 00 00 00 00 00 00 00 00 00 00 00 00 00 00 00 00 00 ]]
[[ DATA: 00 00 00 00 00 00 00 00 00 00 00 00 00 00 00 00 00 00 00 00 ]]
[[ DATA: 00 00 00 00 00 00 00 00 00 00 00 00 00 00 00 00 00 00 00 00 ]]
[[ DATA: 00 00 00 00 00 00 00 00 00 00 00 00 00 00 00 00 00 00 00 00 ]]
[[ DATA: 00 00 00 00 00 00 00 00 00 00 00 00 00 00 00 00 00 00 00 00 ]]
[[ DATA: 00 00 00 00 00 00 00 00 00 00 00 00 00 00 00 00 00 00 00 00 ]]
[[ DATA: 00 00 00 00 00 00 00 00 00 00 00 00 00 00 00 00 00 00 00 00 ]]
[[ DATA: 00 00 00 00 00 00 00 00 00 00 00 00 00 00 00 00 00 00 00 00 ]]
[[ DATA: 00 00 00 00 00 00 00 00 00 00 00 00 00 00 00 00 00 00 00 00 ]]
[[ DATA: 00 00 00 00 00 00 00 00 00 00 00 00 00 00 00 00 00 00 00 00 ]]
[[ DATA: 00 00 00 00 00 00 00 00 00 00 00 00 00 00 00 00 00 00 00 00 ]]
[[ DATA: 00 00 00 00 00 00 00 00 00 00 00 00 00 00 00 00 00 00 00 00 ]]
[[ DATA: 00 00 00 00 00 00 00 00 00 00 00 00 00 00 00 00 00 00 00 00 ]]
[[ DATA: 00 00 00 00 00 00 00 00 00 00 00 00 00 00 00 00 00 00 00 00 ]]
[[ DATA: 00 00 00 00 00 00 00 00 00 00 00 00 00 00 00 00 00 00 00 00 ]]
[[ DATA: 00 00 00 00 00 00 00 00 00 00 00 00 00 00 00 00 00 00 00 00 ]]
[[ DATA: 00 00 00 00 00 00 00 00 00 00 00 00 00 00 00 00 00 00 00 00 ]]
[[ DATA: 00 00 00 00 00 00 00 00 00 00 00 00 00 00 00 00 00 00 00 00 ]]
[[ DATA: 00 00 00 00 00 00 00 00 00 00 00 00 00 00 00 00 00 00 00 00 ]]
[[ DATA: 00 00 00 00 00 00 00 00 00 00 00 00 00 00 00 00 00 00 00 00 ]]
[[ DATA: 00 00 00 00 00 00 00 00 00 00 00 00 00 00 00 00 00 00 00 00 ]]
[[ DATA: 00 00 00 00 00 00 00 00 00 00 00 00 00 00 00 00 00 00 00 00 ]]
[[ DATA: 00 00 00 00 00 00 00 00 00 00 00 00 00 00 00 00 00 00 00 00 ]]
[[ DATA: 00 00 00 00 00 00 00 00 00 00 00 00 00 00 00 00 00 00 00 00 ]]
[[ DATA: 00 00 00 00 00 00 00 00 00 00 00 00 00 00 00 00 00 00 00 00 ]]
[[ DATA: 00 00 00 00 00 00 00 00 00 00 00 00 00 00 00 00 00 00 00 00 ]]
[[ DATA: 00 00 00 00 00 00 00 00 00 00 00 00 00 00 00 00 00 00 00 00 ]]
[[ DATA: 00 00 00 00 00 00 00 00 00 00 00 00 00 00 00 00 00 00 00 00 ]]
[[ DATA: 00 00 00 00 00 00 00 00 00 00 00 00 00 00 00 00 00 00 00 00 ]]
[[ DATA: 00 00 00 00 00 00 00 00 00 00 00 00 00 00 00 00 00 00 00 00 ]]
[[ DATA: 00 00 00 00 00 00 00 00 00 00 00 00 00 00 00 00 00 00 00 00 ]]
[[ DATA: 00 00 00 00 00 00 00 00 00 00 00 00 00 00 00 00 00 00 00 00 ]]
[[ DATA: 00 00 00 00 00 00 00 00 00 00 00 00 00 00 00 00 00 00 00 00 ]]
[[ DATA: 00 00 00 00 00 00 00 00 00 00 00 00 00 00 00 00 00 00 00 00 ]]
[[ DATA: 00 00 00 00 00 00 00 00 00 00 00 00 00 00 00 00 00 00 00 00 ]]
[[ DATA: 00 00 00 00 00 00 00 00 00 00 00 00 00 00 00 00 00 00 00 00 ]]
[[ DATA: 00 00 00 00 00 00 00 00 00 00 00 00 00 00 00 00 00 00 00 00 ]]
[[ DATA: 00 00 00 00 00 00 00 00 00 00 00 00 00 00 00 00 00 00 00 00 ]]
[[ DATA: 00 00 00 00 00 00 00 00 00 00 00 00 00 00 00 00 00 00 00 00 ]]
[[ DATA: 00 00 00 00 00 00 00 00 00 00 00 00 D4 D3 D2 D1 ]]
[[ DevAlert Data Ended. Checksum: 35364 ]]

[[ DevAlert Data Begins ]]
[[ DATA: D1 D2 D3 D4 F0 0F 01 00 71 83 01 00 06 00 07 00 02 00 00 00 ]]
[[ DATA: 20 00 20 00 10 00 00 00 D0 07 00 00 24 44 55 4D 4D 59 5F 53 ]]
[[ DATA: 45 53 53 49 4F 4E 5F 49 44 00 00 00 00 00 00 00 00 00 00 00 ]]
[[ DATA: 00 00 00 00 24 44 55 4D 4D 59 5F 44 45 56 49 43 45 5F 49 44 ]]
[[ DATA: 00 00 00 00 00 00 00 00 00 00 00 00 00 00 00 00 64 66 6D 5F ]]
[[ DATA: 74 72 61 63 65 2E 70 73 66 73 00 00 00 00 00 00 00 00 00 00 ]]
[[ DATA: 00 00 00 00 00 00 00 00 00 00 00 00 00 00 00 00 00 00 00 00 ]]
[[ DATA: 00 00 00 00 00 00 00 00 00 00 00 00 00 00 00 00 00 00 00 00 ]]
[[ DATA: 00 00 00 00 00 00 00 00 00 00 00 00 00 00 00 00 00 00 00 00 ]]
[[ DATA: 00 00 00 00 00 00 00 00 00 00 00 00 00 00 00 00 00 00 00 00 ]]
[[ DATA: 00 00 00 00 00 00 00 00 00 00 00 00 00 00 00 00 00 00 00 00 ]]
[[ DATA: 00 00 00 00 00 00 00 00 00 00 00 00 00 00 00 00 00 00 00 00 ]]
[[ DATA: 00 00 00 00 00 00 00 00 00 00 00 00 00 00 00 00 00 00 00 00 ]]
[[ DATA: 00 00 00 00 00 00 00 00 00 00 00 00 00 00 00 00 00 00 00 00 ]]
[[ DATA: 00 00 00 00 00 00 00 00 00 00 00 00 00 00 00 00 00 00 00 00 ]]
[[ DATA: 00 00 00 00 00 00 00 00 00 00 00 00 00 00 00 00 00 00 00 00 ]]
[[ DATA: 00 00 00 00 00 00 00 00 00 00 00 00 00 00 00 00 00 00 00 00 ]]
[[ DATA: 00 00 00 00 00 00 00 00 00 00 00 00 00 00 00 00 00 00 00 00 ]]
[[ DATA: 00 00 00 00 00 00 00 00 00 00 00 00 00 00 00 00 00 00 00 00 ]]
[[ DATA: 00 00 00 00 00 00 00 00 00 00 00 00 00 00 00 00 00 00 00 00 ]]
[[ DATA: 00 00 00 00 00 00 00 00 00 00 00 00 00 00 00 00 00 00 00 00 ]]
[[ DATA: 00 00 00 00 00 00 00 00 00 00 00 00 00 00 00 00 00 00 00 00 ]]
[[ DATA: 00 00 00 00 00 00 00 00 00 00 00 00 00 00 00 00 00 00 00 00 ]]
[[ DATA: 00 00 00 00 00 00 00 00 00 00 00 00 00 00 00 00 00 00 00 00 ]]
[[ DATA: 00 00 00 00 00 00 00 00 00 00 00 00 00 00 00 00 00 00 00 00 ]]
[[ DATA: 00 00 00 00 00 00 00 00 00 00 00 00 00 00 00 00 00 00 00 00 ]]
[[ DATA: 00 00 00 00 00 00 00 00 00 00 00 00 00 00 00 00 00 00 00 00 ]]
[[ DATA: 00 00 00 00 00 00 00 00 00 00 00 00 00 00 00 00 00 00 00 00 ]]
[[ DATA: 00 00 00 00 00 00 00 00 00 00 00 00 00 00 00 00 00 00 00 00 ]]
[[ DATA: 00 00 00 00 00 00 00 00 00 00 00 00 00 00 00 00 00 00 00 00 ]]
[[ DATA: 00 00 00 00 00 00 00 00 00 00 00 00 00 00 00 00 00 00 00 00 ]]
[[ DATA: 00 00 00 00 00 00 00 00 00 00 00 00 00 00 00 00 00 00 00 00 ]]
[[ DATA: 00 00 00 00 00 00 00 00 00 00 00 00 00 00 00 00 00 00 00 00 ]]
[[ DATA: 00 00 00 00 00 00 00 00 00 00 00 00 00 00 00 00 00 00 00 00 ]]
[[ DATA: 00 00 00 00 00 00 00 00 00 00 00 00 00 00 00 00 00 00 00 00 ]]
[[ DATA: 00 00 00 00 00 00 00 00 00 00 00 00 00 00 00 00 00 00 00 00 ]]
[[ DATA: 00 00 00 00 00 00 00 00 00 00 00 00 00 00 00 00 00 00 00 00 ]]
[[ DATA: 00 00 00 00 00 00 00 00 00 00 00 00 00 00 00 00 00 00 00 00 ]]
[[ DATA: 00 00 00 00 00 00 00 00 00 00 00 00 00 00 00 00 00 00 00 00 ]]
[[ DATA: 00 00 00 00 00 00 00 00 00 00 00 00 00 00 00 00 00 00 00 00 ]]
[[ DATA: 00 00 00 00 00 00 00 00 00 00 00 00 00 00 00 00 00 00 00 00 ]]
[[ DATA: 00 00 00 00 00 00 00 00 00 00 00 00 00 00 00 00 00 00 00 00 ]]
[[ DATA: 00 00 00 00 00 00 00 00 00 00 00 00 00 00 00 00 00 00 00 00 ]]
[[ DATA: 00 00 00 00 00 00 00 00 00 00 00 00 00 00 00 00 00 00 00 00 ]]
[[ DATA: 00 00 00 00 00 00 00 00 00 00 00 00 00 00 00 00 00 00 00 00 ]]
[[ DATA: 00 00 00 00 00 00 00 00 00 00 00 00 00 00 00 00 00 00 00 00 ]]
[[ DATA: 00 00 00 00 00 00 00 00 00 00 00 00 00 00 00 00 00 00 00 00 ]]
[[ DATA: 00 00 00 00 00 00 00 00 00 00 00 00 00 00 00 00 00 00 00 00 ]]
[[ DATA: 00 00 00 00 00 00 00 00 00 00 00 00 00 00 00 00 00 00 00 00 ]]
[[ DATA: 00 00 00 00 00 00 00 00 00 00 00 00 00 00 00 00 00 00 00 00 ]]
[[ DATA: 00 00 00 00 00 00 00 00 00 00 00 00 00 00 00 00 00 00 00 00 ]]
[[ DATA: 00 00 00 00 00 00 00 00 00 00 00 00 00 00 00 00 00 00 00 00 ]]
[[ DATA: 00 00 00 00 00 00 00 00 00 00 00 00 00 00 00 00 00 00 00 00 ]]
[[ DATA: 00 00 00 00 00 00 00 00 00 00 00 00 00 00 00 00 00 00 00 00 ]]
[[ DATA: 00 00 00 00 00 00 00 00 00 00 00 00 00 00 00 00 00 00 00 00 ]]
[[ DATA: 00 00 00 00 00 00 00 00 00 00 00 00 00 00 00 00 00 00 00 00 ]]
[[ DATA: 00 00 00 00 00 00 00 00 00 00 00 00 00 00 00 00 00 00 00 00 ]]
[[ DATA: 00 00 00 00 00 00 00 00 00 00 00 00 00 00 00 00 00 00 00 00 ]]
[[ DATA: 00 00 00 00 00 00 00 00 00 00 00 00 00 00 00 00 00 00 00 00 ]]
[[ DATA: 00 00 00 00 00 00 00 00 00 00 00 00 00 00 00 00 00 00 00 00 ]]
[[ DATA: 00 00 00 00 00 00 00 00 00 00 00 00 00 00 00 00 00 00 00 00 ]]
[[ DATA: 00 00 00 00 00 00 00 00 00 00 00 00 00 00 00 00 00 00 00 00 ]]
[[ DATA: 00 00 00 00 00 00 00 00 00 00 00 00 00 00 00 00 00 00 00 00 ]]
[[ DATA: 00 00 00 00 00 00 00 00 00 00 00 00 00 00 00 00 00 00 00 00 ]]
[[ DATA: 00 00 00 00 00 00 00 00 00 00 00 00 00 00 00 00 00 00 00 00 ]]
[[ DATA: 00 00 00 00 00 00 00 00 00 00 00 00 00 00 00 00 00 00 00 00 ]]
[[ DATA: 00 00 00 00 00 00 00 00 00 00 00 00 00 00 00 00 00 00 00 00 ]]
[[ DATA: 00 00 00 00 00 00 00 00 00 00 00 00 00 00 00 00 00 00 00 00 ]]
[[ DATA: 00 00 00 00 00 00 00 00 00 00 00 00 00 00 00 00 00 00 00 00 ]]
[[ DATA: 00 00 00 00 00 00 00 00 00 00 00 00 00 00 00 00 00 00 00 00 ]]
[[ DATA: 00 00 00 00 00 00 00 00 00 00 00 00 00 00 00 00 00 00 00 00 ]]
[[ DATA: 00 00 00 00 00 00 00 00 00 00 00 00 00 00 00 00 00 00 00 00 ]]
[[ DATA: 00 00 00 00 00 00 00 00 00 00 00 00 00 00 00 00 00 00 00 00 ]]
[[ DATA: 00 00 00 00 00 00 00 00 00 00 00 00 00 00 00 00 00 00 00 00 ]]
[[ DATA: 00 00 00 00 00 00 00 00 00 00 00 00 00 00 00 00 00 00 00 00 ]]
[[ DATA: 00 00 00 00 00 00 00 00 00 00 00 00 00 00 00 00 00 00 00 00 ]]
[[ DATA: 00 00 00 00 00 00 00 00 00 00 00 00 00 00 00 00 00 00 00 00 ]]
[[ DATA: 00 00 00 00 00 00 00 00 00 00 00 00 00 00 00 00 00 00 00 00 ]]
[[ DATA: 00 00 00 00 00 00 00 00 00 00 00 00 00 00 00 00 00 00 00 00 ]]
[[ DATA: 00 00 00 00 00 00 00 00 00 00 00 00 00 00 00 00 00 00 00 00 ]]
[[ DATA: 00 00 00 00 00 00 00 00 00 00 00 00 00 00 00 00 00 00 00 00 ]]
[[ DATA: 00 00 00 00 00 00 00 00 00 00 00 00 00 00 00 00 00 00 00 00 ]]
[[ DATA: 00 00 00 00 00 00 00 00 00 00 00 00 00 00 00 00 00 00 00 00 ]]
[[ DATA: 00 00 00 00 00 00 00 00 00 00 00 00 00 00 00 00 00 00 00 00 ]]
[[ DATA: 00 00 00 00 00 00 00 00 00 00 00 00 00 00 00 00 00 00 00 00 ]]
[[ DATA: 00 00 00 00 00 00 00 00 00 00 00 00 00 00 00 00 00 00 00 00 ]]
[[ DATA: 00 00 00 00 00 00 00 00 00 00 00 00 00 00 00 00 00 00 00 00 ]]
[[ DATA: 00 00 00 00 00 00 00 00 00 00 00 00 00 00 00 00 00 00 00 00 ]]
[[ DATA: 00 00 00 00 00 00 00 00 00 00 00 00 00 00 00 00 00 00 00 00 ]]
[[ DATA: 00 00 00 00 00 00 00 00 00 00 00 00 00 00 00 00 00 00 00 00 ]]
[[ DATA: 00 00 00 00 00 00 00 00 00 00 00 00 00 00 00 00 00 00 00 00 ]]
[[ DATA: 00 00 00 00 00 00 00 00 00 00 00 00 00 00 00 00 00 00 00 00 ]]
[[ DATA: 00 00 00 00 00 00 00 00 00 00 00 00 00 00 00 00 00 00 00 00 ]]
[[ DATA: 00 00 00 00 00 00 00 00 00 00 00 00 00 00 00 00 00 00 00 00 ]]
[[ DATA: 00 00 00 00 00 00 00 00 00 00 00 00 00 00 00 00 00 00 00 00 ]]
[[ DATA: 00 00 00 00 00 00 00 00 00 00 00 00 00 00 00 00 00 00 00 00 ]]
[[ DATA: 00 00 00 00 00 00 00 00 00 00 00 00 00 00 00 00 00 00 00 00 ]]
[[ DATA: 00 00 00 00 00 00 00 00 00 00 00 00 00 00 00 00 00 00 00 00 ]]
[[ DATA: 00 00 00 00 00 00 00 00 00 00 00 00 00 00 00 00 00 00 00 00 ]]
[[ DATA: 00 00 00 00 00 00 00 00 00 00 00 00 00 00 00 00 00 00 00 00 ]]
[[ DATA: 00 00 00 00 00 00 00 00 00 00 00 00 00 00 00 00 00 00 00 00 ]]
[[ DATA: 00 00 00 00 00 00 00 00 00 00 00 00 00 00 00 00 00 00 00 00 ]]
[[ DATA: 00 00 00 00 00 00 00 00 00 00 00 00 00 00 00 00 00 00 00 00 ]]
[[ DATA: 00 00 00 00 00 00 00 00 00 00 00 00 00 00 00 00 00 00 00 00 ]]
[[ DATA: 00 00 00 00 00 00 00 00 00 00 00 00 00 00 00 00 00 00 00 00 ]]
[[ DATA: 00 00 00 00 00 00 00 00 00 00 00 00 D4 D3 D2 D1 ]]
[[ DevAlert Data Ended. Checksum: 15625 ]]

[[ DevAlert Data Begins ]]
[[ DATA: D1 D2 D3 D4 F0 0F 01 00 71 83 01 00 07 00 07 00 02 00 00 00 ]]
[[ DATA: 20 00 20 00 10 00 00 00 10 04 00 00 24 44 55 4D 4D 59 5F 53 ]]
[[ DATA: 45 53 53 49 4F 4E 5F 49 44 00 00 00 00 00 00 00 00 00 00 00 ]]
[[ DATA: 00 00 00 00 24 44 55 4D 4D 59 5F 44 45 56 49 43 45 5F 49 44 ]]
[[ DATA: 00 00 00 00 00 00 00 00 00 00 00 00 00 00 00 00 64 66 6D 5F ]]
[[ DATA: 74 72 61 63 65 2E 70 73 66 73 00 00 00 00 00 00 00 00 00 00 ]]
[[ DATA: 00 00 00 00 00 00 00 00 00 00 00 00 00 00 00 00 00 00 00 00 ]]
[[ DATA: 00 00 00 00 00 00 00 00 00 00 00 00 00 00 00 00 00 00 00 00 ]]
[[ DATA: 00 00 00 00 00 00 00 00 00 00 00 00 00 00 00 00 00 00 00 00 ]]
[[ DATA: 00 00 00 00 00 00 00 00 00 00 00 00 00 00 00 00 00 00 00 00 ]]
[[ DATA: 00 00 00 00 00 00 00 00 00 00 00 00 00 00 00 00 00 00 00 00 ]]
[[ DATA: 00 00 00 00 00 00 00 00 00 00 00 00 00 00 00 00 00 00 00 00 ]]
[[ DATA: 00 00 00 00 00 00 00 00 00 00 00 00 00 00 00 00 00 00 00 00 ]]
[[ DATA: 00 00 00 00 00 00 00 00 00 00 00 00 00 00 00 00 00 00 00 00 ]]
[[ DATA: 00 00 00 00 00 00 00 00 00 00 00 00 00 00 00 00 00 00 00 00 ]]
[[ DATA: 00 00 00 00 00 00 00 00 00 00 00 00 00 00 00 00 00 00 00 00 ]]
[[ DATA: 00 00 00 00 00 00 00 00 00 00 00 00 00 00 00 00 00 00 00 00 ]]
[[ DATA: 00 00 00 00 00 00 00 00 00 00 00 00 00 00 00 00 00 00 00 00 ]]
[[ DATA: 00 00 00 00 00 00 00 00 00 00 00 00 00 00 00 00 00 00 00 00 ]]
[[ DATA: 00 00 00 00 00 00 00 00 00 00 00 00 00 00 00 00 00 00 00 00 ]]
[[ DATA: 00 00 00 00 00 00 00 00 00 00 00 00 00 00 00 00 00 00 00 00 ]]
[[ DATA: 00 00 00 00 00 00 00 00 00 00 00 00 00 00 00 00 00 00 00 00 ]]
[[ DATA: 00 00 00 00 00 00 00 00 00 00 00 00 00 00 00 00 00 00 00 00 ]]
[[ DATA: 00 00 00 00 00 00 00 00 00 00 00 00 00 00 00 00 00 00 00 00 ]]
[[ DATA: 00 00 00 00 00 00 00 00 00 00 00 00 00 00 00 00 00 00 00 00 ]]
[[ DATA: 00 00 00 00 00 00 00 00 00 00 00 00 00 00 00 00 00 00 00 00 ]]
[[ DATA: 00 00 00 00 00 00 00 00 00 00 00 00 00 00 00 00 00 00 00 00 ]]
[[ DATA: 00 00 00 00 00 00 00 00 00 00 00 00 00 00 00 00 00 00 00 00 ]]
[[ DATA: 00 00 00 00 00 00 00 00 00 00 00 00 00 00 00 00 00 00 00 00 ]]
[[ DATA: 00 00 00 00 00 00 00 00 00 00 00 00 00 00 00 00 00 00 00 00 ]]
[[ DATA: 00 00 00 00 00 00 00 00 00 00 00 00 00 00 00 00 00 00 00 00 ]]
[[ DATA: 00 00 00 00 00 00 00 00 00 00 00 00 00 00 00 00 00 00 00 00 ]]
[[ DATA: 00 00 00 00 00 00 00 00 00 00 00 00 00 00 00 00 00 00 00 00 ]]
[[ DATA: 00 00 00 00 00 00 00 00 00 00 00 00 00 00 00 00 00 00 00 00 ]]
[[ DATA: 00 00 00 00 00 00 00 00 00 00 00 00 00 00 00 00 00 00 00 00 ]]
[[ DATA: 00 00 00 00 00 00 00 00 00 00 00 00 00 00 00 00 00 00 00 00 ]]
[[ DATA: 00 00 00 00 00 00 00 00 00 00 00 00 00 00 00 00 00 00 00 00 ]]
[[ DATA: 00 00 00 00 00 00 00 00 00 00 00 00 00 00 00 00 00 00 00 00 ]]
[[ DATA: 00 00 00 00 00 00 00 00 00 00 00 00 00 00 00 00 00 00 00 00 ]]
[[ DATA: 00 00 00 00 00 00 00 00 00 00 00 00 00 00 00 00 00 00 00 00 ]]
[[ DATA: 00 00 00 00 00 00 00 00 00 00 00 00 00 00 00 00 00 00 00 00 ]]
[[ DATA: 00 00 00 00 00 00 00 00 00 00 00 00 00 00 00 00 00 00 00 00 ]]
[[ DATA: 00 00 00 00 00 00 00 00 00 00 00 00 00 00 00 00 00 00 00 00 ]]
[[ DATA: 00 00 00 00 00 00 00 00 00 00 00 00 00 00 00 00 00 00 00 00 ]]
[[ DATA: 00 00 00 00 00 00 00 00 00 00 00 00 00 00 00 00 00 00 00 00 ]]
[[ DATA: 00 00 00 00 00 00 00 00 00 00 00 00 00 00 00 00 00 00 00 00 ]]
[[ DATA: 00 00 00 00 00 00 00 00 00 00 00 00 00 00 00 00 00 00 00 00 ]]
[[ DATA: 00 00 00 00 00 00 00 00 00 00 00 00 00 00 00 00 00 00 00 00 ]]
[[ DATA: 00 00 00 00 00 00 00 00 00 00 00 00 00 00 00 00 00 00 00 00 ]]
[[ DATA: 00 00 00 00 00 00 00 00 00 00 00 00 00 00 00 00 00 00 00 00 ]]
[[ DATA: 00 00 00 00 00 00 00 00 00 00 00 00 00 00 00 00 00 00 00 00 ]]
[[ DATA: 00 00 00 00 00 00 00 00 00 00 00 00 00 00 00 00 00 00 00 00 ]]
[[ DATA: 00 00 00 00 00 00 00 00 00 00 00 00 00 00 00 00 00 00 00 00 ]]
[[ DATA: 00 00 00 00 00 00 00 00 00 00 00 00 00 00 00 00 00 00 00 00 ]]
[[ DATA: 00 00 00 00 00 00 00 00 00 00 00 00 00 00 00 00 00 00 00 00 ]]
[[ DATA: 00 00 00 00 00 00 00 00 00 00 00 00 00 00 00 00 00 00 00 00 ]]
[[ DATA: 00 00 00 00 00 00 00 00 00 00 00 00 00 00 00 00 0A 0B 0C 0D ]]
[[ DATA: 71 72 73 74 F1 F2 F3 F4 00 00 00 00 D4 D3 D2 D1 ]]
[[ DevAlert Data Ended. Checksum: 10548 ]]

[[ DevAlert Data Begins ]]
[[ DATA: D1 D2 D3 D4 F0 0F 01 00 18 46 02 00 01 00 01 00 02 00 00 00 ]]
[[ DATA: 20 00 20 00 10 00 00 00 24 00 00 00 24 44 55 4D 4D 59 5F 53 ]]
[[ DATA: 45 53 53 49 4F 4E 5F 49 44 00 00 00 00 00 00 00 00 00 00 00 ]]
[[ DATA: 00 00 00 00 24 44 55 4D 4D 59 5F 44 45 56 49 43 45 5F 49 44 ]]
[[ DATA: 00 00 00 00 00 00 00 00 00 00 00 00 00 00 00 00 74 72 61 70 ]]
[[ DATA: 2E 64 6D 70 00 00 00 00 00 00 00 00 50 44 61 50 F0 0F 03 10 ]]
[[ DATA: 79 01 00 00 74 72 61 70 2E 64 6D 70 00 00 00 00 00 00 00 00 ]]
[[ DATA: 50 61 44 50 00 00 00 00 D4 D3 D2 D1 ]]
[[ DevAlert Data Ended. Checksum: 33616 ]]

[[ DevAlert Data Begins ]]
[[ DATA: D1 D2 D3 D4 F0 0F 01 00 71 83 02 00 01 00 01 00 02 00 00 00 ]]
[[ DATA: 20 00 20 00 10 00 00 00 79 01 00 00 24 44 55 4D 4D 59 5F 53 ]]
[[ DATA: 45 53 53 49 4F 4E 5F 49 44 00 00 00 00 00 00 00 00 00 00 00 ]]
[[ DATA: 00 00 00 00 24 44 55 4D 4D 59 5F 44 45 56 49 43 45 5F 49 44 ]]
[[ DATA: 00 00 00 00 00 00 00 00 00 00 00 00 00 00 00 00 74 72 61 70 ]]
[[ DATA: 2E 64 6D 70 00 00 00 00 00 00 00 00 63 43 03 00 01 00 00 00 ]]
[[ DATA: 0A 00 00 00 14 00 00 00 1E 00 00 00 28 00 00 00 28 90 00 20 ]]
[[ DATA: 00 00 00 00 00 00 00 00 B0 8F 00 20 FF FF FF FF FF FF FF FF ]]
[[ DATA: FF FF FF FF FF FF FF FF 10 13 00 20 B0 8F 00 20 69 72 00 08 ]]
[[ DATA: 64 72 00 08 00 00 00 01 80 FF 0B 20 90 8F 00 20 00 00 00 01 ]]
[[ DATA: 00 00 00 00 00 00 00 00 00 00 00 00 00 00 00 00 00 00 00 00 ]]
[[ DATA: 00 00 00 00 00 00 00 00 00 00 00 00 00 00 00 00 00 00 00 00 ]]
[[ DATA: 00 00 00 00 00 00 00 46 00 00 00 00 C0 E1 64 4D 00 00 00 40 ]]
[[ DATA: 00 0E 27 07 00 00 00 00 00 00 00 00 00 00 00 00 00 00 00 00 ]]
[[ DATA: 00 00 00 00 00 00 00 00 00 00 00 00 00 00 00 00 00 00 00 00 ]]
[[ DATA: 00 00 00 00 00 00 00 00 00 00 00 00 00 00 00 00 00 00 00 00 ]]
[[ DATA: 00 00 00 00 00 00 00 00 00 00 00 00 B0 8F 00 20 29 90 00 20 ]]
[[ DATA: 28 00 00 00 1E 00 00 00 14 00 00 00 0A 00 00 00 C8 8F 00 20 ]]
[[ DATA: F3 72 00 08 D0 8F 00 20 25 73 00 08 0D 72 3D A9 B0 24 01 08 ]]
[[ DATA: E8 8F 00 20 BB 6A 00 08 A5 A5 A5 A5 A5 A5 A5 A5 A5 A5 A5 A5 ]]
[[ DATA: 00 00 00 00 A5 A5 A5 A5 0C 33 01 08 00 00 00 00 FD FF FF FF ]]
[[ DATA: 9F FB B3 92 01 00 00 00 EB 03 00 00 02 00 00 00 00 00 00 00 ]]
[[ DATA: 00 00 00 00 00 00 00 00 63 6F 72 65 64 75 6D 70 5F 65 6E 64 ]]
[[ DATA: 00 28 ED 00 E0 3C ED 00 E0 00 00 00 00 00 00 00 00 00 00 00 ]]
[[ DATA: 00 34 ED 00 E0 38 ED 00 E0 D4 D3 D2 D1 ]]
[[ DevAlert Data Ended. Checksum: 47044 ]]
DFMT:RETURNED:1003:0
DFMT:BEGIN:1012:2

DFM Alert: Test 1012 at test_call_chains.c:351
  DFM: Storing the alert.


[[ DevAlert Data Begins ]]
[[ DATA: D1 D2 D3 D4 F0 0F 01 00 12 15 00 00 01 00 01 00 03 00 00 00 ]]
[[ DATA: 20 00 20 00 68 00 00 00 0C 01 00 00 24 44 55 4D 4D 59 5F 53 ]]
[[ DATA: 45 53 53 49 4F 4E 5F 49 44 00 00 00 00 00 00 00 00 00 00 00 ]]
[[ DATA: 00 00 00 00 24 44 55 4D 4D 59 5F 44 45 56 49 43 45 5F 49 44 ]]
[[ DATA: 00 00 00 00 00 00 00 00 00 00 00 00 00 00 00 00 54 65 73 74 ]]
[[ DATA: 20 31 30 31 32 20 61 74 20 74 65 73 74 5F 63 61 6C 6C 5F 63 ]]
[[ DATA: 68 61 69 6E 73 2E 63 3A 33 35 31 00 00 00 00 00 00 00 00 00 ]]
[[ DATA: 00 00 00 00 00 00 00 00 00 00 00 00 00 00 00 00 00 00 00 00 ]]
[[ DATA: 00 00 00 00 00 00 00 00 00 00 00 00 00 00 00 00 00 00 00 00 ]]
[[ DATA: 00 00 00 00 00 00 00 00 00 00 00 00 00 00 00 00 00 00 00 00 ]]
[[ DATA: 50 44 66 6D F0 0F 03 48 08 04 68 00 01 00 00 00 F4 03 00 00 ]]
[[ DATA: 01 00 00 00 EA 02 00 00 07 00 00 00 C8 8E 00 20 02 00 00 00 ]]
[[ DATA: 21 07 00 00 04 00 00 00 5F 01 00 00 00 00 00 00 00 00 00 00 ]]
[[ DATA: 00 00 00 00 00 00 00 00 00 00 00 00 00 00 00 00 00 00 00 00 ]]
[[ DATA: 00 00 00 00 42 75 69 6C 64 2D 4D 33 2D 4F 30 00 00 00 00 00 ]]
[[ DATA: 00 00 00 00 00 00 00 00 00 00 00 00 00 00 00 00 00 00 00 00 ]]
[[ DATA: 00 00 00 00 00 00 00 00 00 00 00 00 00 00 00 00 00 00 00 00 ]]
[[ DATA: 00 00 00 00 00 00 00 00 00 00 00 00 00 00 00 00 54 65 73 74 ]]
[[ DATA: 20 31 30 31 32 20 61 74 20 74 65 73 74 5F 63 61 6C 6C 5F 63 ]]
[[ DATA: 68 61 69 6E 73 2E 63 3A 33 35 31 00 00 00 00 00 00 00 00 00 ]]
[[ DATA: 00 00 00 00 00 00 00 00 00 00 00 00 00 00 00 00 00 00 00 00 ]]
[[ DATA: 00 00 00 00 00 00 00 00 00 00 00 00 00 00 00 00 00 00 00 00 ]]
[[ DATA: 00 00 00 00 00 00 00 00 00 00 00 00 00 00 00 00 00 00 00 00 ]]
[[ DATA: 6D 66 44 50 00 00 00 00 D4 D3 D2 D1 ]]
[[ DevAlert Data Ended. Checksum: 26600 ]]

[[ DevAlert Data Begins ]]
[[ DATA: D1 D2 D3 D4 F0 0F 01 00 18 46 01 00 01 00 01 00 03 00 00 00 ]]
[[ DATA: 20 00 20 00 10 00 00 00 24 00 00 00 24 44 55 4D 4D 59 5F 53 ]]
[[ DATA: 45 53 53 49 4F 4E 5F 49 44 00 00 00 00 00 00 00 00 00 00 00 ]]
[[ DATA: 00 00 00 00 24 44 55 4D 4D 59 5F 44 45 56 49 43 45 5F 49 44 ]]
[[ DATA: 00 00 00 00 00 00 00 00 00 00 00 00 00 00 00 00 64 66 6D 5F ]]
[[ DATA: 74 72 61 63 65 2E 70 73 66 73 00 00 50 44 61 50 F0 0F 03 10 ]]
[[ DATA: F0 32 00 00 64 66 6D 5F 74 72 61 63 65 2E 70 73 66 73 00 00 ]]
[[ DATA: 50 61 44 50 00 00 00 00 D4 D3 D2 D1 ]]
[[ DevAlert Data Ended. Checksum: 9670 ]]

[[ DevAlert Data Begins ]]
[[ DATA: D1 D2 D3 D4 F0 0F 01 00 71 83 01 00 01 00 07 00 03 00 00 00 ]]
[[ DATA: 20 00 20 00 10 00 00 00 D0 07 00 00 24 44 55 4D 4D 59 5F 53 ]]
[[ DATA: 45 53 53 49 4F 4E 5F 49 44 00 00 00 00 00 00 00 00 00 00 00 ]]
[[ DATA: 00 00 00 00 24 44 55 4D 4D 59 5F 44 45 56 49 43 45 5F 49 44 ]]
[[ DATA: 00 00 00 00 00 00 00 00 00 00 00 00 00 00 00 00 64 66 6D 5F ]]
[[ DATA: 74 72 61 63 65 2E 70 73 66 73 00 00 30 10 00 20 00 00 00 00 ]]
[[ DATA: 05 06 07 08 75 76 77 78 F5 F6 F7 F8 00 46 53 50 0E 00 A1 1A ]]
[[ DATA: 00 00 00 00 01 03 00 00 00 00 00 00 00 00 02 01 46 72 65 65 ]]
[[ DATA: 52 54 4F 53 01 00 00 00 00 00 00 00 00 0E 27 07 00 00 00 00 ]]
[[ DATA: E8 03 00 00 1E 94 74 19 28 0E 00 00 38 00 00 00 1C 00 00 00 ]]
[[ DATA: 03 00 00 00 AC 05 00 20 00 00 00 00 00 00 00 00 00 00 02 00 ]]
[[ DATA: 00 00 00 80 53 79 73 74 65 6D 20 48 65 61 70 00 00 00 00 00 ]]
[[ DATA: 00 00 00 00 00 00 00 00 00 00 00 00 00 00 00 00 00 00 00 00 ]]
[[ DATA: 00 00 00 00 00 00 00 00 00 00 00 00 00 00 00 00 00 00 00 00 ]]
[[ DATA: 00 00 00 00 00 00 00 00 00 00 00 00 00 00 00 00 00 00 00 00 ]]
[[ DATA: 00 00 00 00 00 00 00 00 00 00 00 00 00 00 00 00 00 00 00 00 ]]
[[ DATA: 00 00 00 00 00 00 00 00 00 00 00 00 00 00 00 00 00 00 00 00 ]]
[[ DATA: 00 00 00 00 00 00 00 00 00 00 00 00 00 00 00 00 00 00 00 00 ]]
[[ DATA: 00 00 00 00 00 00 00 00 00 00 00 00 00 00 00 00 00 00 00 00 ]]
[[ DATA: 00 00 00 00 00 00 00 00 00 00 00 00 00 00 00 00 00 00 00 00 ]]
[[ DATA: 00 00 00 00 00 00 00 00 00 00 00 00 00 00 00 00 00 00 00 00 ]]
[[ DATA: 00 00 00 00 00 00 00 00 00 00 00 00 00 00 00 00 00 00 00 00 ]]
[[ DATA: 00 00 00 00 00 00 00 00 00 00 00 00 00 00 00 00 00 00 00 00 ]]
[[ DATA: 00 00 00 00 00 00 00 00 00 00 00 00 00 00 00 00 00 00 00 00 ]]
[[ DATA: 00 00 00 00 00 00 00 00 00 00 00 00 00 00 00 00 00 00 00 00 ]]
[[ DATA: 00 00 00 00 00 00 00 00 00 00 00 00 00 00 00 00 00 00 00 00 ]]
[[ DATA: 00 00 00 00 00 00 00 00 00 00 00 00 00 00 00 00 00 00 00 00 ]]
[[ DATA: 00 00 00 00 00 00 00 00 00 00 00 00 00 00 00 00 00 00 00 00 ]]
[[ DATA: 00 00 00 00 00 00 00 00 00 00 00 00 00 00 00 00 00 00 00 00 ]]
[[ DATA: 00 00 00 00 00 00 00 00 00 00 00 00 00 00 00 00 00 00 00 00 ]]
[[ DATA: 00 00 00 00 00 00 00 00 00 00 00 00 00 00 00 00 00 00 00 00 ]]
[[ DATA: 00 00 00 00 00 00 00 00 00 00 00 00 00 00 00 00 00 00 00 00 ]]
[[ DATA: 00 00 00 00 00 00 00 00 00 00 00 00 00 00 00 00 00 00 00 00 ]]
[[ DATA: 00 00 00 00 00 00 00 00 00 00 00 00 00 00 00 00 00 00 00 00 ]]
[[ DATA: 00 00 00 00 00 00 00 00 00 00 00 00 00 00 00 00 00 00 00 00 ]]
[[ DATA: 00 00 00 00 00 00 00 00 00 00 00 00 00 00 00 00 00 00 00 00 ]]
[[ DATA: 00 00 00 00 00 00 00 00 00 00 00 00 00 00 00 00 00 00 00 00 ]]
[[ DATA: 00 00 00 00 00 00 00 00 00 00 00 00 00 00 00 00 00 00 00 00 ]]
[[ DATA: 00 00 00 00 00 00 00 00 00 00 00 00 00 00 00 00 00 00 00 00 ]]
[[ DATA: 00 00 00 00 00 00 00 00 00 00 00 00 00 00 00 00 00 00 00 00 ]]
[[ DATA: 00 00 00 00 00 00 00 00 00 00 00 00 00 00 00 00 00 00 00 00 ]]
[[ DATA: 00 00 00 00 00 00 00 00 00 00 00 00 00 00 00 00 00 00 00 00 ]]
[[ DATA: 00 00 00 00 00 00 00 00 00 00 00 00 00 00 00 00 00 00 00 00 ]]
[[ DATA: 00 00 00 00 00 00 00 00 00 00 00 00 00 00 00 00 00 00 00 00 ]]
[[ DATA: 00 00 00 00 00 00 00 00 00 00 00 00 00 00 00 00 00 00 00 00 ]]
[[ DATA: 00 00 00 00 00 00 00 00 00 00 00 00 00 00 00 00 00 00 00 00 ]]
[[ DATA: 00 00 00 00 00 00 00 00 00 00 00 00 00 00 00 00 00 00 00 00 ]]
[[ DATA: 00 00 00 00 00 00 00 00 00 00 00 00 00 00 00 00 00 00 00 00 ]]
[[ DATA: 00 00 00 00 00 00 00 00 00 00 00 00 00 00 00 00 00 00 00 00 ]]
[[ DATA: 00 00 00 00 00 00 00 00 00 00 00 00 00 00 00 00 00 00 00 00 ]]
[[ DATA: 00 00 00 00 00 00 00 00 00 00 00 00 00 00 00 00 00 00 00 00 ]]
[[ DATA: 00 00 00 00 00 00 00 00 00 00 00 00 00 00 00 00 00 00 00 00 ]]
[[ DATA: 00 00 00 00 00 00 00 00 00 00 00 00 00 00 00 00 00 00 00 00 ]]
[[ DATA: 00 00 00 00 00 00 00 00 00 00 00 00 00 00 00 00 00 00 00 00 ]]
[[ DATA: 00 00 00 00 00 00 00 00 00 00 00 00 00 00 00 00 00 00 00 00 ]]
[[ DATA: 00 00 00 00 00 00 00 00 00 00 00 00 00 00 00 00 00 00 00 00 ]]
[[ DATA: 00 00 00 00 00 00 00 00 00 00 00 00 00 00 00 00 00 00 00 00 ]]
[[ DATA: 00 00 00 00 00 00 00 00 00 00 00 00 00 00 00 00 00 00 00 00 ]]
[[ DATA: 00 00 00 00 00 00 00 00 00 00 00 00 00 00 00 00 00 00 00 00 ]]
[[ DATA: 00 00 00 00 00 00 00 00 00 00 00 00 00 00 00 00 00 00 00 00 ]]
[[ DATA: 00 00 00 00 00 00 00 00 00 00 00 00 00 00 00 00 00 00 00 00 ]]
[[ DATA: 00 00 00 00 00 00 00 00 00 00 00 00 00 00 00 00 00 00 00 00 ]]
[[ DATA: 00 00 00 00 00 00 00 00 00 00 00 00 00 00 00 00 00 00 00 00 ]]
[[ DATA: 00 00 00 00 00 00 00 00 00 00 00 00 00 00 00 00 00 00 00 00 ]]
[[ DATA: 00 00 00 00 00 00 00 00 00 00 00 00 00 00 00 00 00 00 00 00 ]]
[[ DATA: 00 00 00 00 00 00 00 00 00 00 00 00 00 00 00 00 00 00 00 00 ]]
[[ DATA: 00 00 00 00 00 00 00 00 00 00 00 00 00 00 00 00 00 00 00 00 ]]
[[ DATA: 00 00 00 00 00 00 00 00 00 00 00 00 00 00 00 00 00 00 00 00 ]]
[[ DATA: 00 00 00 00 00 00 00 00 00 00 00 00 00 00 00 00 00 00 00 00 ]]
[[ DATA: 00 00 00 00 00 00 00 00 00 00 00 00 00 00 00 00 00 00 00 00 ]]
[[ DATA: 00 00 00 00 00 00 00 00 00 00 00 00 00 00 00 00 00 00 00 00 ]]
[[ DATA: 00 00 00 00 00 00 00 00 00 00 00 00 00 00 00 00 00 00 00 00 ]]
[[ DATA: 00 00 00 00 00 00 00 00 00 00 00 00 00 00 00 00 00 00 00 00 ]]
[[ DATA: 00 00 00 00 00 00 00 00 00 00 00 00 00 00 00 00 00 00 00 00 ]]
[[ DATA: 00 00 00 00 00 00 00 00 00 00 00 00 00 00 00 00 00 00 00 00 ]]
[[ DATA: 00 00 00 00 00 00 00 00 00 00 00 00 00 00 00 00 00 00 00 00 ]]
[[ DATA: 00 00 00 00 00 00 00 00 00 00 00 00 00 00 00 00 00 00 00 00 ]]
[[ DATA: 00 00 00 00 00 00 00 00 00 00 00 00 00 00 00 00 00 00 00 00 ]]
[[ DATA: 00 00 00 00 00 00 00 00 00 00 00 00 00 00 00 00 00 00 00 00 ]]
[[ DATA: 00 00 00 00 00 00 00 00 00 00 00 00 00 00 00 00 00 00 00 00 ]]
[[ DATA: 00 00 00 00 00 00 00 00 00 00 00 00 00 00 00 00 00 00 00 00 ]]
[[ DATA: 00 00 00 00 00 00 00 00 00 00 00 00 00 00 00 00 00 00 00 00 ]]
[[ DATA: 00 00 00 00 00 00 00 00 00 00 00 00 00 00 00 00 00 00 00 00 ]]
[[ DATA: 00 00 00 00 00 00 00 00 00 00 00 00 00 00 00 00 00 00 00 00 ]]
[[ DATA: 00 00 00 00 00 00 00 00 00 00 00 00 00 00 00 00 00 00 00 00 ]]
[[ DATA: 00 00 00 00 00 00 00 00 00 00 00 00 00 00 00 00 00 00 00 00 ]]
[[ DATA: 00 00 00 00 00 00 00 00 00 00 00 00 00 00 00 00 00 00 00 00 ]]
[[ DATA: 00 00 00 00 00 00 00 00 00 00 00 00 00 00 00 00 00 00 00 00 ]]
[[ DATA: 00 00 00 00 00 00 00 00 00 00 00 00 00 00 00 00 00 00 00 00 ]]
[[ DATA: 00 00 00 00 00 00 00 00 00 00 00 00 00 00 00 00 00 00 00 00 ]]
[[ DATA: 00 00 00 00 00 00 00 00 00 00 00 00 00 00 00 00 00 00 00 00 ]]
[[ DATA: 00 00 00 00 00 00 00 00 00 00 00 00 00 00 00 00 00 00 00 00 ]]
[[ DATA: 00 00 00 00 00 00 00 00 00 00 00 00 00 00 00 00 00 00 00 00 ]]
[[ DATA: 00 00 00 00 00 00 00 00 00 00 00 00 00 00 00 00 00 00 00 00 ]]
[[ DATA: 00 00 00 00 00 00 00 00 00 00 00 00 00 00 00 00 00 00 00 00 ]]
[[ DATA: 00 00 00 00 00 00 00 00 00 00 00 00 00 00 00 00 00 00 00 00 ]]
[[ DATA: 00 00 00 00 00 00 00 00 00 00 00 00 00 00 00 00 00 00 00 00 ]]
[[ DATA: 00 00 00 00 00 00 00 00 00 00 00 00 00 00 00 00 00 00 00 00 ]]
[[ DATA: 00 00 00 00 00 00 00 00 00 00 00 00 00 00 00 00 00 00 00 00 ]]
[[ DATA: 00 00 00 00 00 00 00 00 00 00 00 00 00 00 00 00 00 00 00 00 ]]
[[ DATA: 00 00 00 00 00 00 00 00 00 00 00 00 00 00 00 00 00 00 00 00 ]]
[[ DATA: 00 00 00 00 00 00 00 00 00 00 00 00 00 00 00 00 00 00 00 00 ]]
[[ DATA: 00 00 00 00 00 00 00 00 00 00 00 00 00 00 00 00 00 00 00 00 ]]
[[ DATA: 00 00 00 00 00 00 00 00 00 00 00 00 00 00 00 00 00 00 00 00 ]]
[[ DATA: 00 00 00 00 00 00 00 00 00 00 00 00 00 00 00 00 00 00 00 00 ]]
[[ DATA: 00 00 00 00 00 00 00 00 00 00 00 00 D4 D3 D2 D1 ]]
[[ DevAlert Data Ended. Checksum: 36330 ]]

[[ DevAlert Data Begins ]]
[[ DATA: D1 D2 D3 D4 F0 0F 01 00 71 83 01 00 02 00 07 00 03 00 00 00 ]]
[[ DATA: 20 00 20 00 10 00 00 00 D0 07 00 00 24 44 55 4D 4D 59 5F 53 ]]
[[ DATA: 45 53 53 49 4F 4E 5F 49 44 00 00 00 00 00 00 00 00 00 00 00 ]]
[[ DATA: 00 00 00 00 24 44 55 4D 4D 59 5F 44 45 56 49 43 45 5F 49 44 ]]
[[ DATA: 00 00 00 00 00 00 00 00 00 00 00 00 00 00 00 00 64 66 6D 5F ]]
[[ DATA: 74 72 61 63 65 2E 70 73 66 73 00 00 00 00 00 00 00 00 00 00 ]]
[[ DATA: 00 00 00 00 00 00 00 00 00 00 00 00 00 00 00 00 00 00 00 00 ]]
[[ DATA: 00 00 00 00 00 00 00 00 00 00 00 00 00 00 00 00 00 00 00 00 ]]
[[ DATA: 00 00 00 00 00 00 00 00 00 00 00 00 00 00 00 00 00 00 00 00 ]]
[[ DATA: 00 00 00 00 00 00 00 00 00 00 00 00 00 00 00 00 00 00 00 00 ]]
[[ DATA: 00 00 00 00 00 00 00 00 00 00 00 00 00 00 00 00 00 00 00 00 ]]
[[ DATA: 00 00 00 00 00 00 00 00 00 00 00 00 00 00 00 00 00 00 00 00 ]]
[[ DATA: 00 00 00 00 00 00 00 00 00 00 00 00 00 00 00 00 00 00 00 00 ]]
[[ DATA: 00 00 00 00 00 00 00 00 00 00 00 00 00 00 00 00 00 00 00 00 ]]
[[ DATA: 00 00 00 00 00 00 00 00 00 00 00 00 00 00 00 00 00 00 00 00 ]]
[[ DATA: 00 00 00 00 00 00 00 00 00 00 00 00 00 00 00 00 00 00 00 00 ]]
[[ DATA: 00 00 00 00 00 00 00 00 00 00 00 00 00 00 00 00 00 00 00 00 ]]
[[ DATA: 00 00 00 00 00 00 00 00 00 00 00 00 00 00 00 00 00 00 00 00 ]]
[[ DATA: 00 00 00 00 00 00 00 00 00 00 00 00 00 00 00 00 00 00 00 00 ]]
[[ DATA: 00 00 00 00 00 00 00 00 00 00 00 00 00 00 00 00 00 00 00 00 ]]
[[ DATA: 00 00 00 00 00 00 00 00 00 00 00 00 00 00 00 00 00 00 00 00 ]]
[[ DATA: 00 00 00 00 00 00 00 00 00 00 00 00 00 00 00 00 00 00 00 00 ]]
[[ DATA: 00 00 00 00 00 00 00 00 00 00 00 00 00 00 00 00 00 00 00 00 ]]
[[ DATA: 00 00 00 00 00 00 00 00 00 00 00 00 00 00 00 00 00 00 00 00 ]]
[[ DATA: 00 00 00 00 00 00 00 00 00 00 00 00 00 00 00 00 00 00 00 00 ]]
[[ DATA: 00 00 00 00 00 00 00 00 00 00 00 00 00 00 00 00 00 00 00 00 ]]
[[ DATA: 00 00 00 00 00 00 00 00 00 00 00 00 00 00 00 00 00 00 00 00 ]]
[[ DATA: 00 00 00 00 00 00 00 00 00 00 00 00 00 00 00 00 DC 0E 00 20 ]]
[[ DATA: 00 00 00 00 00 00 00 00 00 00 00 00 00 00 00 00 41 4C 45 52 ]]
[[ DATA: 54 00 00 00 00 00 00 00 00 00 00 00 00 00 00 00 00 00 00 00 ]]
[[ DATA: 00 00 00 00 0C 0F 00 20 00 00 00 00 00 00 00 00 00 00 00 00 ]]
[[ DATA: 00 00 00 00 44 46 4D 20 54 65 73 74 73 00 00 00 00 00 00 00 ]]
[[ DATA: 00 00 00 00 00 00 00 00 00 00 00 00 B4 94 00 20 01 00 00 00 ]]
[[ DATA: 00 00 00 00 00 00 00 00 00 00 00 00 54 6D 72 20 53 76 63 00 ]]
[[ DATA: 00 00 00 00 00 00 00 00 00 00 00 00 00 00 00 00 00 00 00 00 ]]
[[ DATA: 30 A0 00 20 08 00 00 00 00 00 00 00 00 00 00 00 00 00 00 00 ]]
[[ DATA: 54 6D 72 51 00 00 00 00 00 00 00 00 00 00 00 00 00 00 00 00 ]]
[[ DATA: 00 00 00 00 00 00 00 00 54 90 00 20 00 00 00 00 00 00 00 00 ]]
[[ DATA: 00 00 00 00 00 00 00 00 49 44 4C 45 00 00 00 00 00 00 00 00 ]]
[[ DATA: 00 00 00 00 00 00 00 00 00 00 00 00 00 00 00 00 E8 4F 00 20 ]]
[[ DATA: 03 00 00 00 00 00 00 00 00 00 00 00 00 00 00 00 44 46 4D 54 ]]
[[ DATA: 65 73 74 73 00 00 00 00 00 00 00 00 00 00 00 00 00 00 00 00 ]]
[[ DATA: 00 00 00 00 90 04 00 20 00 00 00 00 00 00 00 00 00 00 00 00 ]]
[[ DATA: 00 00 00 00 54 7A 43 74 72 6C 00 00 00 00 00 00 00 00 00 00 ]]
[[ DATA: 00 00 00 00 00 00 00 00 00 00 00 00 00 28 00 00 84 04 00 00 ]]
[[ DATA: 00 00 00 00 D4 27 00 00 01 00 00 00 00 00 00 00 D4 27 00 00 ]]
[[ DATA: 00 00 00 00 84 04 00 00 00 00 00 00 00 00 00 00 5C 10 00 20 ]]
[[ DATA: 01 10 01 00 09 52 00 00 02 00 00 00 10 20 02 00 D6 7F 00 00 ]]
[[ DATA: E8 4F 00 20 03 00 00 00 30 10 03 00 3E 81 00 00 E8 4F 00 20 ]]
[[ DATA: 10 20 04 00 2E 8C 00 00 54 90 00 20 00 00 00 00 30 10 05 00 ]]
[[ DATA: 6E 8D 00 00 54 90 00 20 11 20 06 00 95 93 00 00 30 A0 00 20 ]]
[[ DATA: 08 00 00 00 10 20 07 00 17 AA 00 00 B4 94 00 20 01 00 00 00 ]]
[[ DATA: 30 10 08 00 5B AB 00 00 B4 94 00 20 37 20 09 00 EA AD 00 00 ]]
[[ DATA: E8 4F 00 20 03 00 00 00 03 40 0A 00 FF 27 02 00 0C 0F 00 20 ]]
[[ DATA: 44 46 4D 20 54 65 73 74 73 00 00 00 92 50 0B 00 99 27 05 00 ]]
[[ DATA: 0C 0F 00 20 E9 03 00 00 54 25 75 20 42 45 47 49 4E 00 00 00 ]]
[[ DATA: 92 70 0C 00 13 2D 05 00 0C 0F 00 20 01 00 00 00 54 31 30 30 ]]
[[ DATA: 31 20 41 52 47 53 20 61 30 3D 25 75 00 00 00 00 92 70 0D 00 ]]
[[ DATA: BE 30 05 00 0C 0F 00 20 06 00 00 00 54 31 30 30 31 20 41 52 ]]
[[ DATA: 47 53 20 61 35 3D 25 75 00 00 00 00 91 A0 0E 00 E8 34 05 00 ]]
[[ DATA: 0C 0F 00 20 54 31 30 30 31 20 50 41 54 48 20 70 75 62 6C 69 ]]
[[ DATA: 63 5F 61 70 69 20 2D 3E 20 73 65 72 76 69 63 65 00 00 00 00 ]]
[[ DATA: 91 90 0F 00 E6 38 05 00 0C 0F 00 20 54 31 30 30 31 20 50 41 ]]
[[ DATA: 54 48 20 73 65 72 76 69 63 65 20 2D 3E 20 74 72 61 70 5F 73 ]]
[[ DATA: 69 74 65 00 03 30 10 00 52 4A 05 00 DC 0E 00 20 41 4C 45 52 ]]
[[ DATA: 54 00 00 00 91 A0 11 00 50 4E 05 00 DC 0E 00 20 54 65 73 74 ]]
[[ DATA: 20 31 30 30 31 20 61 74 20 74 65 73 74 5F 63 61 6C 6C 5F 63 ]]
[[ DATA: 68 61 69 6E 73 2E 63 3A 32 36 00 00 7A 10 12 00 E7 44 A0 0A ]]
[[ DATA: 2C 01 00 00 37 20 13 00 D8 4A A0 0A B4 94 00 20 01 00 00 00 ]]
[[ DATA: 79 10 14 00 49 4E A0 0A CC 05 00 00 37 20 15 00 E5 53 A0 0A ]]
[[ DATA: 90 04 00 20 00 00 00 00 7A 10 16 00 3F 56 A0 0A F4 01 00 00 ]]
[[ DATA: 37 20 17 00 1E 5B A0 0A 54 90 00 20 00 00 00 00 30 10 18 00 ]]
[[ DATA: D4 1F C5 0C E8 4F 00 20 37 20 19 00 B1 23 C5 0C E8 4F 00 20 ]]
[[ DATA: 03 00 00 00 92 50 1A 00 E3 F5 C5 0C 0C 0F 00 20 EB 03 00 00 ]]
[[ DATA: 54 25 75 20 42 45 47 49 4E 00 00 00 91 60 1B 00 C5 FA C5 0C ]]
[[ DATA: 0C 0F 00 20 54 31 30 30 33 20 41 52 47 53 20 72 30 3D 31 30 ]]
[[ DATA: 00 00 00 00 91 60 1C 00 AC FD C5 0C 0C 0F 00 20 54 31 30 30 ]]
[[ DATA: 33 20 41 52 47 53 20 72 31 3D 32 30 00 00 00 00 91 60 1D 00 ]]
[[ DATA: 7C 00 C6 0C 0C 0F 00 20 54 31 30 30 33 20 41 52 47 53 20 72 ]]
[[ DATA: 32 3D 33 30 00 00 00 00 91 60 1E 00 4D 03 C6 0C 0C 0F 00 20 ]]
[[ DATA: 54 31 30 30 33 20 41 52 47 53 20 72 33 3D 34 30 00 00 00 00 ]]
[[ DATA: 91 B0 1F 00 96 07 C6 0C 0C 0F 00 20 54 31 30 30 33 20 50 41 ]]
[[ DATA: 54 48 20 74 65 73 74 5F 74 68 72 65 61 64 20 2D 3E 20 74 72 ]]
[[ DATA: 61 70 5F 61 74 5F 65 6E 74 72 79 00 91 A0 20 00 BC 19 C6 0C ]]
[[ DATA: DC 0E 00 20 54 65 73 74 20 31 30 30 33 20 61 74 20 74 65 73 ]]
[[ DATA: 74 5F 63 61 6C 6C 5F 63 68 61 69 6E 73 2E 63 3A 31 36 39 00 ]]
[[ DATA: 7A 10 21 00 94 69 4F 17 2C 01 00 00 37 20 22 00 7F 6F 4F 17 ]]
[[ DATA: 90 04 00 20 00 00 00 00 7A 10 23 00 EC 71 4F 17 F4 01 00 00 ]]
[[ DATA: 37 20 24 00 CB 76 4F 17 54 90 00 20 00 00 00 00 30 10 25 00 ]]
[[ DATA: 94 95 73 19 E8 4F 00 20 37 20 26 00 71 99 73 19 E8 4F 00 20 ]]
[[ DATA: 03 00 00 00 92 50 27 00 A0 6B 74 19 0C 0F 00 20 F4 03 00 00 ]]
[[ DATA: 54 25 75 20 42 45 47 49 4E 00 00 00 91 B0 28 00 E5 71 74 19 ]]
[[ DATA: 0C 0F 00 20 54 31 30 31 32 20 50 41 54 48 20 73 6D 61 6C 6C ]]
[[ DATA: 5F 66 72 61 6D 65 20 2D 3E 20 6C 61 72 67 65 5F 66 72 61 6D ]]
[[ DATA: 65 00 00 00 91 80 29 00 AF 75 74 19 0C 0F 00 20 54 31 30 31 ]]
[[ DATA: 32 20 44 41 54 41 20 77 69 64 65 3D 35 30 30 30 30 30 30 30 ]]
[[ DATA: 30 30 00 00 91 A0 2A 00 B0 79 74 19 0C 0F 00 20 54 31 30 31 ]]
[[ DATA: 32 20 50 41 54 48 20 6C 61 72 67 65 5F 66 72 61 6D 65 20 2D ]]
[[ DATA: 3E 20 73 69 78 5F 61 72 67 73 00 00 92 80 2B 00 F6 7D 74 19 ]]
[[ DATA: 0C 0F 00 20 0A 00 00 00 54 31 30 31 32 20 41 52 47 53 20 73 ]]
[[ DATA: 63 61 6C 61 72 3D 25 75 00 00 00 00 92 70 2C 00 EB 81 74 19 ]]
[[ DATA: 0C 0F 00 20 14 00 00 00 54 31 30 31 32 20 41 52 47 53 20 73 ]]
[[ DATA: 6D 61 6C 6C 3D 25 75 00 91 A0 2D 00 1E 94 74 19 DC 0E 00 20 ]]
[[ DATA: 54 65 73 74 20 31 30 31 32 20 61 74 20 74 65 73 74 5F 63 61 ]]
[[ DATA: 6C 6C 5F 63 68 61 69 6E 73 2E 63 3A 33 35 31 00 00 00 00 00 ]]
[[ DATA: 00 00 00 00 00 00 00 00 00 00 00 00 D4 D3 D2 D1 ]]
[[ DevAlert Data Ended. Checksum: 7664 ]]

[[ DevAlert Data Begins ]]
[[ DATA: D1 D2 D3 D4 F0 0F 01 00 71 83 01 00 03 00 07 00 03 00 00 00 ]]
[[ DATA: 20 00 20 00 10 00 00 00 D0 07 00 00 24 44 55 4D 4D 59 5F 53 ]]
[[ DATA: 45 53 53 49 4F 4E 5F 49 44 00 00 00 00 00 00 00 00 00 00 00 ]]
[[ DATA: 00 00 00 00 24 44 55 4D 4D 59 5F 44 45 56 49 43 45 5F 49 44 ]]
[[ DATA: 00 00 00 00 00 00 00 00 00 00 00 00 00 00 00 00 64 66 6D 5F ]]
[[ DATA: 74 72 61 63 65 2E 70 73 66 73 00 00 00 00 00 00 00 00 00 00 ]]
[[ DATA: 00 00 00 00 00 00 00 00 00 00 00 00 00 00 00 00 00 00 00 00 ]]
[[ DATA: 00 00 00 00 00 00 00 00 00 00 00 00 00 00 00 00 00 00 00 00 ]]
[[ DATA: 00 00 00 00 00 00 00 00 00 00 00 00 00 00 00 00 00 00 00 00 ]]
[[ DATA: 00 00 00 00 00 00 00 00 00 00 00 00 00 00 00 00 00 00 00 00 ]]
[[ DATA: 00 00 00 00 00 00 00 00 00 00 00 00 00 00 00 00 00 00 00 00 ]]
[[ DATA: 00 00 00 00 00 00 00 00 00 00 00 00 00 00 00 00 00 00 00 00 ]]
[[ DATA: 00 00 00 00 00 00 00 00 00 00 00 00 00 00 00 00 00 00 00 00 ]]
[[ DATA: 00 00 00 00 00 00 00 00 00 00 00 00 00 00 00 00 00 00 00 00 ]]
[[ DATA: 00 00 00 00 00 00 00 00 00 00 00 00 00 00 00 00 00 00 00 00 ]]
[[ DATA: 00 00 00 00 00 00 00 00 00 00 00 00 00 00 00 00 00 00 00 00 ]]
[[ DATA: 00 00 00 00 00 00 00 00 00 00 00 00 00 00 00 00 00 00 00 00 ]]
[[ DATA: 00 00 00 00 00 00 00 00 00 00 00 00 00 00 00 00 00 00 00 00 ]]
[[ DATA: 00 00 00 00 00 00 00 00 00 00 00 00 00 00 00 00 00 00 00 00 ]]
[[ DATA: 00 00 00 00 00 00 00 00 00 00 00 00 00 00 00 00 00 00 00 00 ]]
[[ DATA: 00 00 00 00 00 00 00 00 00 00 00 00 00 00 00 00 00 00 00 00 ]]
[[ DATA: 00 00 00 00 00 00 00 00 00 00 00 00 00 00 00 00 00 00 00 00 ]]
[[ DATA: 00 00 00 00 00 00 00 00 00 00 00 00 00 00 00 00 00 00 00 00 ]]
[[ DATA: 00 00 00 00 00 00 00 00 00 00 00 00 00 00 00 00 00 00 00 00 ]]
[[ DATA: 00 00 00 00 00 00 00 00 00 00 00 00 00 00 00 00 00 00 00 00 ]]
[[ DATA: 00 00 00 00 00 00 00 00 00 00 00 00 00 00 00 00 00 00 00 00 ]]
[[ DATA: 00 00 00 00 00 00 00 00 00 00 00 00 00 00 00 00 00 00 00 00 ]]
[[ DATA: 00 00 00 00 00 00 00 00 00 00 00 00 00 00 00 00 00 00 00 00 ]]
[[ DATA: 00 00 00 00 00 00 00 00 00 00 00 00 00 00 00 00 00 00 00 00 ]]
[[ DATA: 00 00 00 00 00 00 00 00 00 00 00 00 00 00 00 00 00 00 00 00 ]]
[[ DATA: 00 00 00 00 00 00 00 00 00 00 00 00 00 00 00 00 00 00 00 00 ]]
[[ DATA: 00 00 00 00 00 00 00 00 00 00 00 00 00 00 00 00 00 00 00 00 ]]
[[ DATA: 00 00 00 00 00 00 00 00 00 00 00 00 00 00 00 00 00 00 00 00 ]]
[[ DATA: 00 00 00 00 00 00 00 00 00 00 00 00 00 00 00 00 00 00 00 00 ]]
[[ DATA: 00 00 00 00 00 00 00 00 00 00 00 00 00 00 00 00 00 00 00 00 ]]
[[ DATA: 00 00 00 00 00 00 00 00 00 00 00 00 00 00 00 00 00 00 00 00 ]]
[[ DATA: 00 00 00 00 00 00 00 00 00 00 00 00 00 00 00 00 00 00 00 00 ]]
[[ DATA: 00 00 00 00 00 00 00 00 00 00 00 00 00 00 00 00 00 00 00 00 ]]
[[ DATA: 00 00 00 00 00 00 00 00 00 00 00 00 00 00 00 00 00 00 00 00 ]]
[[ DATA: 00 00 00 00 00 00 00 00 00 00 00 00 00 00 00 00 00 00 00 00 ]]
[[ DATA: 00 00 00 00 00 00 00 00 00 00 00 00 00 00 00 00 00 00 00 00 ]]
[[ DATA: 00 00 00 00 00 00 00 00 00 00 00 00 00 00 00 00 00 00 00 00 ]]
[[ DATA: 00 00 00 00 00 00 00 00 00 00 00 00 00 00 00 00 00 00 00 00 ]]
[[ DATA: 00 00 00 00 00 00 00 00 00 00 00 00 00 00 00 00 00 00 00 00 ]]
[[ DATA: 00 00 00 00 00 00 00 00 00 00 00 00 00 00 00 00 00 00 00 00 ]]
[[ DATA: 00 00 00 00 00 00 00 00 00 00 00 00 00 00 00 00 00 00 00 00 ]]
[[ DATA: 00 00 00 00 00 00 00 00 00 00 00 00 00 00 00 00 00 00 00 00 ]]
[[ DATA: 00 00 00 00 00 00 00 00 00 00 00 00 00 00 00 00 00 00 00 00 ]]
[[ DATA: 00 00 00 00 00 00 00 00 00 00 00 00 00 00 00 00 00 00 00 00 ]]
[[ DATA: 00 00 00 00 00 00 00 00 00 00 00 00 00 00 00 00 00 00 00 00 ]]
[[ DATA: 00 00 00 00 00 00 00 00 00 00 00 00 00 00 00 00 00 00 00 00 ]]
[[ DATA: 00 00 00 00 00 00 00 00 00 00 00 00 00 00 00 00 00 00 00 00 ]]
[[ DATA: 00 00 00 00 00 00 00 00 00 00 00 00 00 00 00 00 00 00 00 00 ]]
[[ DATA: 00 00 00 00 00 00 00 00 00 00 00 00 00 00 00 00 00 00 00 00 ]]
[[ DATA: 00 00 00 00 00 00 00 00 00 00 00 00 00 00 00 00 00 00 00 00 ]]
[[ DATA: 00 00 00 00 00 00 00 00 00 00 00 00 00 00 00 00 00 00 00 00 ]]
[[ DATA: 00 00 00 00 00 00 00 00 00 00 00 00 00 00 00 00 00 00 00 00 ]]
[[ DATA: 00 00 00 00 00 00 00 00 00 00 00 00 00 00 00 00 00 00 00 00 ]]
[[ DATA: 00 00 00 00 00 00 00 00 00 00 00 00 00 00 00 00 00 00 00 00 ]]
[[ DATA: 00 00 00 00 00 00 00 00 00 00 00 00 00 00 00 00 00 00 00 00 ]]
[[ DATA: 00 00 00 00 00 00 00 00 00 00 00 00 00 00 00 00 00 00 00 00 ]]
[[ DATA: 00 00 00 00 00 00 00 00 00 00 00 00 00 00 00 00 00 00 00 00 ]]
[[ DATA: 00 00 00 00 00 00 00 00 00 00 00 00 00 00 00 00 00 00 00 00 ]]
[[ DATA: 00 00 00 00 00 00 00 00 00 00 00 00 00 00 00 00 00 00 00 00 ]]
[[ DATA: 00 00 00 00 00 00 00 00 00 00 00 00 00 00 00 00 00 00 00 00 ]]
[[ DATA: 00 00 00 00 00 00 00 00 00 00 00 00 00 00 00 00 00 00 00 00 ]]
[[ DATA: 00 00 00 00 00 00 00 00 00 00 00 00 00 00 00 00 00 00 00 00 ]]
[[ DATA: 00 00 00 00 00 00 00 00 00 00 00 00 00 00 00 00 00 00 00 00 ]]
[[ DATA: 00 00 00 00 00 00 00 00 00 00 00 00 00 00 00 00 00 00 00 00 ]]
[[ DATA: 00 00 00 00 00 00 00 00 00 00 00 00 00 00 00 00 00 00 00 00 ]]
[[ DATA: 00 00 00 00 00 00 00 00 00 00 00 00 00 00 00 00 00 00 00 00 ]]
[[ DATA: 00 00 00 00 00 00 00 00 00 00 00 00 00 00 00 00 00 00 00 00 ]]
[[ DATA: 00 00 00 00 00 00 00 00 00 00 00 00 00 00 00 00 00 00 00 00 ]]
[[ DATA: 00 00 00 00 00 00 00 00 00 00 00 00 00 00 00 00 00 00 00 00 ]]
[[ DATA: 00 00 00 00 00 00 00 00 00 00 00 00 00 00 00 00 00 00 00 00 ]]
[[ DATA: 00 00 00 00 00 00 00 00 00 00 00 00 00 00 00 00 00 00 00 00 ]]
[[ DATA: 00 00 00 00 00 00 00 00 00 00 00 00 00 00 00 00 00 00 00 00 ]]
[[ DATA: 00 00 00 00 00 00 00 00 00 00 00 00 00 00 00 00 00 00 00 00 ]]
[[ DATA: 00 00 00 00 00 00 00 00 00 00 00 00 00 00 00 00 00 00 00 00 ]]
[[ DATA: 00 00 00 00 00 00 00 00 00 00 00 00 00 00 00 00 00 00 00 00 ]]
[[ DATA: 00 00 00 00 00 00 00 00 00 00 00 00 00 00 00 00 00 00 00 00 ]]
[[ DATA: 00 00 00 00 00 00 00 00 00 00 00 00 00 00 00 00 00 00 00 00 ]]
[[ DATA: 00 00 00 00 00 00 00 00 00 00 00 00 00 00 00 00 00 00 00 00 ]]
[[ DATA: 00 00 00 00 00 00 00 00 00 00 00 00 00 00 00 00 00 00 00 00 ]]
[[ DATA: 00 00 00 00 00 00 00 00 00 00 00 00 00 00 00 00 00 00 00 00 ]]
[[ DATA: 00 00 00 00 00 00 00 00 00 00 00 00 00 00 00 00 00 00 00 00 ]]
[[ DATA: 00 00 00 00 00 00 00 00 00 00 00 00 00 00 00 00 00 00 00 00 ]]
[[ DATA: 00 00 00 00 00 00 00 00 00 00 00 00 00 00 00 00 00 00 00 00 ]]
[[ DATA: 00 00 00 00 00 00 00 00 00 00 00 00 00 00 00 00 00 00 00 00 ]]
[[ DATA: 00 00 00 00 00 00 00 00 00 00 00 00 00 00 00 00 00 00 00 00 ]]
[[ DATA: 00 00 00 00 00 00 00 00 00 00 00 00 00 00 00 00 00 00 00 00 ]]
[[ DATA: 00 00 00 00 00 00 00 00 00 00 00 00 00 00 00 00 00 00 00 00 ]]
[[ DATA: 00 00 00 00 00 00 00 00 00 00 00 00 00 00 00 00 00 00 00 00 ]]
[[ DATA: 00 00 00 00 00 00 00 00 00 00 00 00 00 00 00 00 00 00 00 00 ]]
[[ DATA: 00 00 00 00 00 00 00 00 00 00 00 00 00 00 00 00 00 00 00 00 ]]
[[ DATA: 00 00 00 00 00 00 00 00 00 00 00 00 00 00 00 00 00 00 00 00 ]]
[[ DATA: 00 00 00 00 00 00 00 00 00 00 00 00 00 00 00 00 00 00 00 00 ]]
[[ DATA: 00 00 00 00 00 00 00 00 00 00 00 00 00 00 00 00 00 00 00 00 ]]
[[ DATA: 00 00 00 00 00 00 00 00 00 00 00 00 00 00 00 00 00 00 00 00 ]]
[[ DATA: 00 00 00 00 00 00 00 00 00 00 00 00 00 00 00 00 00 00 00 00 ]]
[[ DATA: 00 00 00 00 00 00 00 00 00 00 00 00 00 00 00 00 00 00 00 00 ]]
[[ DATA: 00 00 00 00 00 00 00 00 00 00 00 00 00 00 00 00 00 00 00 00 ]]
[[ DATA: 00 00 00 00 00 00 00 00 00 00 00 00 00 00 00 00 00 00 00 00 ]]
[[ DATA: 00 00 00 00 00 00 00 00 00 00 00 00 00 00 00 00 00 00 00 00 ]]
[[ DATA: 00 00 00 00 00 00 00 00 00 00 00 00 00 00 00 00 00 00 00 00 ]]
[[ DATA: 00 00 00 00 00 00 00 00 00 00 00 00 D4 D3 D2 D1 ]]
[[ DevAlert Data Ended. Checksum: 13493 ]]

[[ DevAlert Data Begins ]]
[[ DATA: D1 D2 D3 D4 F0 0F 01 00 71 83 01 00 04 00 07 00 03 00 00 00 ]]
[[ DATA: 20 00 20 00 10 00 00 00 D0 07 00 00 24 44 55 4D 4D 59 5F 53 ]]
[[ DATA: 45 53 53 49 4F 4E 5F 49 44 00 00 00 00 00 00 00 00 00 00 00 ]]
[[ DATA: 00 00 00 00 24 44 55 4D 4D 59 5F 44 45 56 49 43 45 5F 49 44 ]]
[[ DATA: 00 00 00 00 00 00 00 00 00 00 00 00 00 00 00 00 64 66 6D 5F ]]
[[ DATA: 74 72 61 63 65 2E 70 73 66 73 00 00 00 00 00 00 00 00 00 00 ]]
[[ DATA: 00 00 00 00 00 00 00 00 00 00 00 00 00 00 00 00 00 00 00 00 ]]
[[ DATA: 00 00 00 00 00 00 00 00 00 00 00 00 00 00 00 00 00 00 00 00 ]]
[[ DATA: 00 00 00 00 00 00 00 00 00 00 00 00 00 00 00 00 00 00 00 00 ]]
[[ DATA: 00 00 00 00 00 00 00 00 00 00 00 00 00 00 00 00 00 00 00 00 ]]
[[ DATA: 00 00 00 00 00 00 00 00 00 00 00 00 00 00 00 00 00 00 00 00 ]]
[[ DATA: 00 00 00 00 00 00 00 00 00 00 00 00 00 00 00 00 00 00 00 00 ]]
[[ DATA: 00 00 00 00 00 00 00 00 00 00 00 00 00 00 00 00 00 00 00 00 ]]
[[ DATA: 00 00 00 00 00 00 00 00 00 00 00 00 00 00 00 00 00 00 00 00 ]]
[[ DATA: 00 00 00 00 00 00 00 00 00 00 00 00 00 00 00 00 00 00 00 00 ]]
[[ DATA: 00 00 00 00 00 00 00 00 00 00 00 00 00 00 00 00 00 00 00 00 ]]
[[ DATA: 00 00 00 00 00 00 00 00 00 00 00 00 00 00 00 00 00 00 00 00 ]]
[[ DATA: 00 00 00 00 00 00 00 00 00 00 00 00 00 00 00 00 00 00 00 00 ]]
[[ DATA: 00 00 00 00 00 00 00 00 00 00 00 00 00 00 00 00 00 00 00 00 ]]
[[ DATA: 00 00 00 00 00 00 00 00 00 00 00 00 00 00 00 00 00 00 00 00 ]]
[[ DATA: 00 00 00 00 00 00 00 00 00 00 00 00 00 00 00 00 00 00 00 00 ]]
[[ DATA: 00 00 00 00 00 00 00 00 00 00 00 00 00 00 00 00 00 00 00 00 ]]
[[ DATA: 00 00 00 00 00 00 00 00 00 00 00 00 00 00 00 00 00 00 00 00 ]]
[[ DATA: 00 00 00 00 00 00 00 00 00 00 00 00 00 00 00 00 00 00 00 00 ]]
[[ DATA: 00 00 00 00 00 00 00 00 00 00 00 00 00 00 00 00 00 00 00 00 ]]
[[ DATA: 00 00 00 00 00 00 00 00 00 00 00 00 00 00 00 00 00 00 00 00 ]]
[[ DATA: 00 00 00 00 00 00 00 00 00 00 00 00 00 00 00 00 00 00 00 00 ]]
[[ DATA: 00 00 00 00 00 00 00 00 00 00 00 00 00 00 00 00 00 00 00 00 ]]
[[ DATA: 00 00 00 00 00 00 00 00 00 00 00 00 00 00 00 00 00 00 00 00 ]]
[[ DATA: 00 00 00 00 00 00 00 00 00 00 00 00 00 00 00 00 00 00 00 00 ]]
[[ DATA: 00 00 00 00 00 00 00 00 00 00 00 00 00 00 00 00 00 00 00 00 ]]
[[ DATA: 00 00 00 00 00 00 00 00 00 00 00 00 00 00 00 00 00 00 00 00 ]]
[[ DATA: 00 00 00 00 00 00 00 00 00 00 00 00 00 00 00 00 00 00 00 00 ]]
[[ DATA: 00 00 00 00 00 00 00 00 00 00 00 00 00 00 00 00 00 00 00 00 ]]
[[ DATA: 00 00 00 00 00 00 00 00 00 00 00 00 00 00 00 00 00 00 00 00 ]]
[[ DATA: 00 00 00 00 00 00 00 00 00 00 00 00 00 00 00 00 00 00 00 00 ]]
[[ DATA: 00 00 00 00 00 00 00 00 00 00 00 00 00 00 00 00 00 00 00 00 ]]
[[ DATA: 00 00 00 00 00 00 00 00 00 00 00 00 00 00 00 00 00 00 00 00 ]]
[[ DATA: 00 00 00 00 00 00 00 00 00 00 00 00 00 00 00 00 00 00 00 00 ]]
[[ DATA: 00 00 00 00 00 00 00 00 00 00 00 00 00 00 00 00 00 00 00 00 ]]
[[ DATA: 00 00 00 00 00 00 00 00 00 00 00 00 00 00 00 00 00 00 00 00 ]]
[[ DATA: 00 00 00 00 00 00 00 00 00 00 00 00 00 00 00 00 00 00 00 00 ]]
[[ DATA: 00 00 00 00 00 00 00 00 00 00 00 00 00 00 00 00 00 00 00 00 ]]
[[ DATA: 00 00 00 00 00 00 00 00 00 00 00 00 00 00 00 00 00 00 00 00 ]]
[[ DATA: 00 00 00 00 00 00 00 00 00 00 00 00 00 00 00 00 00 00 00 00 ]]
[[ DATA: 00 00 00 00 00 00 00 00 00 00 00 00 00 00 00 00 00 00 00 00 ]]
[[ DATA: 00 00 00 00 00 00 00 00 00 00 00 00 00 00 00 00 00 00 00 00 ]]
[[ DATA: 00 00 00 00 00 00 00 00 00 00 00 00 00 00 00 00 00 00 00 00 ]]
[[ DATA: 00 00 00 00 00 00 00 00 00 00 00 00 00 00 00 00 00 00 00 00 ]]
[[ DATA: 00 00 00 00 00 00 00 00 00 00 00 00 00 00 00 00 00 00 00 00 ]]
[[ DATA: 00 00 00 00 00 00 00 00 00 00 00 00 00 00 00 00 00 00 00 00 ]]
[[ DATA: 00 00 00 00 00 00 00 00 00 00 00 00 00 00 00 00 00 00 00 00 ]]
[[ DATA: 00 00 00 00 00 00 00 00 00 00 00 00 00 00 00 00 00 00 00 00 ]]
[[ DATA: 00 00 00 00 00 00 00 00 00 00 00 00 00 00 00 00 00 00 00 00 ]]
[[ DATA: 00 00 00 00 00 00 00 00 00 00 00 00 00 00 00 00 00 00 00 00 ]]
[[ DATA: 00 00 00 00 00 00 00 00 00 00 00 00 00 00 00 00 00 00 00 00 ]]
[[ DATA: 00 00 00 00 00 00 00 00 00 00 00 00 00 00 00 00 00 00 00 00 ]]
[[ DATA: 00 00 00 00 00 00 00 00 00 00 00 00 00 00 00 00 00 00 00 00 ]]
[[ DATA: 00 00 00 00 00 00 00 00 00 00 00 00 00 00 00 00 00 00 00 00 ]]
[[ DATA: 00 00 00 00 00 00 00 00 00 00 00 00 00 00 00 00 00 00 00 00 ]]
[[ DATA: 00 00 00 00 00 00 00 00 00 00 00 00 00 00 00 00 00 00 00 00 ]]
[[ DATA: 00 00 00 00 00 00 00 00 00 00 00 00 00 00 00 00 00 00 00 00 ]]
[[ DATA: 00 00 00 00 00 00 00 00 00 00 00 00 00 00 00 00 00 00 00 00 ]]
[[ DATA: 00 00 00 00 00 00 00 00 00 00 00 00 00 00 00 00 00 00 00 00 ]]
[[ DATA: 00 00 00 00 00 00 00 00 00 00 00 00 00 00 00 00 00 00 00 00 ]]
[[ DATA: 00 00 00 00 00 00 00 00 00 00 00 00 00 00 00 00 00 00 00 00 ]]
[[ DATA: 00 00 00 00 00 00 00 00 00 00 00 00 00 00 00 00 00 00 00 00 ]]
[[ DATA: 00 00 00 00 00 00 00 00 00 00 00 00 00 00 00 00 00 00 00 00 ]]
[[ DATA: 00 00 00 00 00 00 00 00 00 00 00 00 00 00 00 00 00 00 00 00 ]]
[[ DATA: 00 00 00 00 00 00 00 00 00 00 00 00 00 00 00 00 00 00 00 00 ]]
[[ DATA: 00 00 00 00 00 00 00 00 00 00 00 00 00 00 00 00 00 00 00 00 ]]
[[ DATA: 00 00 00 00 00 00 00 00 00 00 00 00 00 00 00 00 00 00 00 00 ]]
[[ DATA: 00 00 00 00 00 00 00 00 00 00 00 00 00 00 00 00 00 00 00 00 ]]
[[ DATA: 00 00 00 00 00 00 00 00 00 00 00 00 00 00 00 00 00 00 00 00 ]]
[[ DATA: 00 00 00 00 00 00 00 00 00 00 00 00 00 00 00 00 00 00 00 00 ]]
[[ DATA: 00 00 00 00 00 00 00 00 00 00 00 00 00 00 00 00 00 00 00 00 ]]
[[ DATA: 00 00 00 00 00 00 00 00 00 00 00 00 00 00 00 00 00 00 00 00 ]]
[[ DATA: 00 00 00 00 00 00 00 00 00 00 00 00 00 00 00 00 00 00 00 00 ]]
[[ DATA: 00 00 00 00 00 00 00 00 00 00 00 00 00 00 00 00 00 00 00 00 ]]
[[ DATA: 00 00 00 00 00 00 00 00 00 00 00 00 00 00 00 00 00 00 00 00 ]]
[[ DATA: 00 00 00 00 00 00 00 00 00 00 00 00 00 00 00 00 00 00 00 00 ]]
[[ DATA: 00 00 00 00 00 00 00 00 00 00 00 00 00 00 00 00 00 00 00 00 ]]
[[ DATA: 00 00 00 00 00 00 00 00 00 00 00 00 00 00 00 00 00 00 00 00 ]]
[[ DATA: 00 00 00 00 00 00 00 00 00 00 00 00 00 00 00 00 00 00 00 00 ]]
[[ DATA: 00 00 00 00 00 00 00 00 00 00 00 00 00 00 00 00 00 00 00 00 ]]
[[ DATA: 00 00 00 00 00 00 00 00 00 00 00 00 00 00 00 00 00 00 00 00 ]]
[[ DATA: 00 00 00 00 00 00 00 00 00 00 00 00 00 00 00 00 00 00 00 00 ]]
[[ DATA: 00 00 00 00 00 00 00 00 00 00 00 00 00 00 00 00 00 00 00 00 ]]
[[ DATA: 00 00 00 00 00 00 00 00 00 00 00 00 00 00 00 00 00 00 00 00 ]]
[[ DATA: 00 00 00 00 00 00 00 00 00 00 00 00 00 00 00 00 00 00 00 00 ]]
[[ DATA: 00 00 00 00 00 00 00 00 00 00 00 00 00 00 00 00 00 00 00 00 ]]
[[ DATA: 00 00 00 00 00 00 00 00 00 00 00 00 00 00 00 00 00 00 00 00 ]]
[[ DATA: 00 00 00 00 00 00 00 00 00 00 00 00 00 00 00 00 00 00 00 00 ]]
[[ DATA: 00 00 00 00 00 00 00 00 00 00 00 00 00 00 00 00 00 00 00 00 ]]
[[ DATA: 00 00 00 00 00 00 00 00 00 00 00 00 00 00 00 00 00 00 00 00 ]]
[[ DATA: 00 00 00 00 00 00 00 00 00 00 00 00 00 00 00 00 00 00 00 00 ]]
[[ DATA: 00 00 00 00 00 00 00 00 00 00 00 00 00 00 00 00 00 00 00 00 ]]
[[ DATA: 00 00 00 00 00 00 00 00 00 00 00 00 00 00 00 00 00 00 00 00 ]]
[[ DATA: 00 00 00 00 00 00 00 00 00 00 00 00 00 00 00 00 00 00 00 00 ]]
[[ DATA: 00 00 00 00 00 00 00 00 00 00 00 00 00 00 00 00 00 00 00 00 ]]
[[ DATA: 00 00 00 00 00 00 00 00 00 00 00 00 00 00 00 00 00 00 00 00 ]]
[[ DATA: 00 00 00 00 00 00 00 00 00 00 00 00 00 00 00 00 00 00 00 00 ]]
[[ DATA: 00 00 00 00 00 00 00 00 00 00 00 00 00 00 00 00 00 00 00 00 ]]
[[ DATA: 00 00 00 00 00 00 00 00 00 00 00 00 00 00 00 00 00 00 00 00 ]]
[[ DATA: 00 00 00 00 00 00 00 00 00 00 00 00 00 00 00 00 00 00 00 00 ]]
[[ DATA: 00 00 00 00 00 00 00 00 00 00 00 00 D4 D3 D2 D1 ]]
[[ DevAlert Data Ended. Checksum: 16357 ]]

[[ DevAlert Data Begins ]]
[[ DATA: D1 D2 D3 D4 F0 0F 01 00 71 83 01 00 05 00 07 00 03 00 00 00 ]]
[[ DATA: 20 00 20 00 10 00 00 00 D0 07 00 00 24 44 55 4D 4D 59 5F 53 ]]
[[ DATA: 45 53 53 49 4F 4E 5F 49 44 00 00 00 00 00 00 00 00 00 00 00 ]]
[[ DATA: 00 00 00 00 24 44 55 4D 4D 59 5F 44 45 56 49 43 45 5F 49 44 ]]
[[ DATA: 00 00 00 00 00 00 00 00 00 00 00 00 00 00 00 00 64 66 6D 5F ]]
[[ DATA: 74 72 61 63 65 2E 70 73 66 73 00 00 00 00 00 00 00 00 00 00 ]]
[[ DATA: 00 00 00 00 00 00 00 00 00 00 00 00 00 00 00 00 00 00 00 00 ]]
[[ DATA: 00 00 00 00 00 00 00 00 00 00 00 00 00 00 00 00 00 00 00 00 ]]
[[ DATA: 00 00 00 00 00 00 00 00 00 00 00 00 00 00 00 00 00 00 00 00 ]]
[[ DATA: 00 00 00 00 00 00 00 00 00 00 00 00 00 00 00 00 00 00 00 00 ]]
[[ DATA: 00 00 00 00 00 00 00 00 00 00 00 00 00 00 00 00 00 00 00 00 ]]
[[ DATA: 00 00 00 00 00 00 00 00 00 00 00 00 00 00 00 00 00 00 00 00 ]]
[[ DATA: 00 00 00 00 00 00 00 00 00 00 00 00 00 00 00 00 00 00 00 00 ]]
[[ DATA: 00 00 00 00 00 00 00 00 00 00 00 00 00 00 00 00 00 00 00 00 ]]
[[ DATA: 00 00 00 00 00 00 00 00 00 00 00 00 00 00 00 00 00 00 00 00 ]]
[[ DATA: 00 00 00 00 00 00 00 00 00 00 00 00 00 00 00 00 00 00 00 00 ]]
[[ DATA: 00 00 00 00 00 00 00 00 00 00 00 00 00 00 00 00 00 00 00 00 ]]
[[ DATA: 00 00 00 00 00 00 00 00 00 00 00 00 00 00 00 00 00 00 00 00 ]]
[[ DATA: 00 00 00 00 00 00 00 00 00 00 00 00 00 00 00 00 00 00 00 00 ]]
[[ DATA: 00 00 00 00 00 00 00 00 00 00 00 00 00 00 00 00 00 00 00 00 ]]
[[ DATA: 00 00 00 00 00 00 00 00 00 00 00 00 00 00 00 00 00 00 00 00 ]]
[[ DATA: 00 00 00 00 00 00 00 00 00 00 00 00 00 00 00 00 00 00 00 00 ]]
[[ DATA: 00 00 00 00 00 00 00 00 00 00 00 00 00 00 00 00 00 00 00 00 ]]
[[ DATA: 00 00 00 00 00 00 00 00 00 00 00 00 00 00 00 00 00 00 00 00 ]]
[[ DATA: 00 00 00 00 00 00 00 00 00 00 00 00 00 00 00 00 00 00 00 00 ]]
[[ DATA: 00 00 00 00 00 00 00 00 00 00 00 00 00 00 00 00 00 00 00 00 ]]
[[ DATA: 00 00 00 00 00 00 00 00 00 00 00 00 00 00 00 00 00 00 00 00 ]]
[[ DATA: 00 00 00 00 00 00 00 00 00 00 00 00 00 00 00 00 00 00 00 00 ]]
[[ DATA: 00 00 00 00 00 00 00 00 00 00 00 00 00 00 00 00 00 00 00 00 ]]
[[ DATA: 00 00 00 00 00 00 00 00 00 00 00 00 00 00 00 00 00 00 00 00 ]]
[[ DATA: 00 00 00 00 00 00 00 00 00 00 00 00 00 00 00 00 00 00 00 00 ]]
[[ DATA: 00 00 00 00 00 00 00 00 00 00 00 00 00 00 00 00 00 00 00 00 ]]
[[ DATA: 00 00 00 00 00 00 00 00 00 00 00 00 00 00 00 00 00 00 00 00 ]]
[[ DATA: 00 00 00 00 00 00 00 00 00 00 00 00 00 00 00 00 00 00 00 00 ]]
[[ DATA: 00 00 00 00 00 00 00 00 00 00 00 00 00 00 00 00 00 00 00 00 ]]
[[ DATA: 00 00 00 00 00 00 00 00 00 00 00 00 00 00 00 00 00 00 00 00 ]]
[[ DATA: 00 00 00 00 00 00 00 00 00 00 00 00 00 00 00 00 00 00 00 00 ]]
[[ DATA: 00 00 00 00 00 00 00 00 00 00 00 00 00 00 00 00 00 00 00 00 ]]
[[ DATA: 00 00 00 00 00 00 00 00 00 00 00 00 00 00 00 00 00 00 00 00 ]]
[[ DATA: 00 00 00 00 00 00 00 00 00 00 00 00 00 00 00 00 00 00 00 00 ]]
[[ DATA: 00 00 00 00 00 00 00 00 00 00 00 00 00 00 00 00 00 00 00 00 ]]
[[ DATA: 00 00 00 00 00 00 00 00 00 00 00 00 00 00 00 00 00 00 00 00 ]]
[[ DATA: 00 00 00 00 00 00 00 00 00 00 00 00 00 00 00 00 00 00 00 00 ]]
[[ DATA: 00 00 00 00 00 00 00 00 00 00 00 00 00 00 00 00 00 00 00 00 ]]
[[ DATA: 00 00 00 00 00 00 00 00 00 00 00 00 00 00 00 00 00 00 00 00 ]]
[[ DATA: 00 00 00 00 00 00 00 00 00 00 00 00 00 00 00 00 00 00 00 00 ]]
[[ DATA: 00 00 00 00 00 00 00 00 00 00 00 00 00 00 00 00 00 00 00 00 ]]
[[ DATA: 00 00 00 00 00 00 00 00 00 00 00 00 00 00 00 00 00 00 00 00 ]]
[[ DATA: 00 00 00 00 00 00 00 00 00 00 00 00 00 00 00 00 00 00 00 00 ]]
[[ DATA: 00 00 00 00 00 00 00 00 00 00 00 00 00 00 00 00 00 00 00 00 ]]
[[ DATA: 00 00 00 00 00 00 00 00 00 00 00 00 00 00 00 00 00 00 00 00 ]]
[[ DATA: 00 00 00 00 00 00 00 00 00 00 00 00 00 00 00 00 00 00 00 00 ]]
[[ DATA: 00 00 00 00 00 00 00 00 00 00 00 00 00 00 00 00 00 00 00 00 ]]
[[ DATA: 00 00 00 00 00 00 00 00 00 00 00 00 00 00 00 00 00 00 00 00 ]]
[[ DATA: 00 00 00 00 00 00 00 00 00 00 00 00 00 00 00 00 00 00 00 00 ]]
[[ DATA: 00 00 00 00 00 00 00 00 00 00 00 00 00 00 00 00 00 00 00 00 ]]
[[ DATA: 00 00 00 00 00 00 00 00 00 00 00 00 00 00 00 00 00 00 00 00 ]]
[[ DATA: 00 00 00 00 00 00 00 00 00 00 00 00 00 00 00 00 00 00 00 00 ]]
[[ DATA: 00 00 00 00 00 00 00 00 00 00 00 00 00 00 00 00 00 00 00 00 ]]
[[ DATA: 00 00 00 00 00 00 00 00 00 00 00 00 00 00 00 00 00 00 00 00 ]]
[[ DATA: 00 00 00 00 00 00 00 00 00 00 00 00 00 00 00 00 00 00 00 00 ]]
[[ DATA: 00 00 00 00 00 00 00 00 00 00 00 00 00 00 00 00 00 00 00 00 ]]
[[ DATA: 00 00 00 00 00 00 00 00 00 00 00 00 00 00 00 00 00 00 00 00 ]]
[[ DATA: 00 00 00 00 00 00 00 00 00 00 00 00 00 00 00 00 00 00 00 00 ]]
[[ DATA: 00 00 00 00 00 00 00 00 00 00 00 00 00 00 00 00 00 00 00 00 ]]
[[ DATA: 00 00 00 00 00 00 00 00 00 00 00 00 00 00 00 00 00 00 00 00 ]]
[[ DATA: 00 00 00 00 00 00 00 00 00 00 00 00 00 00 00 00 00 00 00 00 ]]
[[ DATA: 00 00 00 00 00 00 00 00 00 00 00 00 00 00 00 00 00 00 00 00 ]]
[[ DATA: 00 00 00 00 00 00 00 00 00 00 00 00 00 00 00 00 00 00 00 00 ]]
[[ DATA: 00 00 00 00 00 00 00 00 00 00 00 00 00 00 00 00 00 00 00 00 ]]
[[ DATA: 00 00 00 00 00 00 00 00 00 00 00 00 00 00 00 00 00 00 00 00 ]]
[[ DATA: 00 00 00 00 00 00 00 00 00 00 00 00 00 00 00 00 00 00 00 00 ]]
[[ DATA: 00 00 00 00 00 00 00 00 00 00 00 00 00 00 00 00 00 00 00 00 ]]
[[ DATA: 00 00 00 00 00 00 00 00 00 00 00 00 00 00 00 00 00 00 00 00 ]]
[[ DATA: 00 00 00 00 00 00 00 00 00 00 00 00 00 00 00 00 00 00 00 00 ]]
[[ DATA: 00 00 00 00 00 00 00 00 00 00 00 00 00 00 00 00 00 00 00 00 ]]
[[ DATA: 00 00 00 00 00 00 00 00 00 00 00 00 00 00 00 00 00 00 00 00 ]]
[[ DATA: 00 00 00 00 00 00 00 00 00 00 00 00 00 00 00 00 00 00 00 00 ]]
[[ DATA: 00 00 00 00 00 00 00 00 00 00 00 00 00 00 00 00 00 00 00 00 ]]
[[ DATA: 00 00 00 00 00 00 00 00 00 00 00 00 00 00 00 00 00 00 00 00 ]]
[[ DATA: 00 00 00 00 00 00 00 00 00 00 00 00 00 00 00 00 00 00 00 00 ]]
[[ DATA: 00 00 00 00 00 00 00 00 00 00 00 00 00 00 00 00 00 00 00 00 ]]
[[ DATA: 00 00 00 00 00 00 00 00 00 00 00 00 00 00 00 00 00 00 00 00 ]]
[[ DATA: 00 00 00 00 00 00 00 00 00 00 00 00 00 00 00 00 00 00 00 00 ]]
[[ DATA: 00 00 00 00 00 00 00 00 00 00 00 00 00 00 00 00 00 00 00 00 ]]
[[ DATA: 00 00 00 00 00 00 00 00 00 00 00 00 00 00 00 00 00 00 00 00 ]]
[[ DATA: 00 00 00 00 00 00 00 00 00 00 00 00 00 00 00 00 00 00 00 00 ]]
[[ DATA: 00 00 00 00 00 00 00 00 00 00 00 00 00 00 00 00 00 00 00 00 ]]
[[ DATA: 00 00 00 00 00 00 00 00 00 00 00 00 00 00 00 00 00 00 00 00 ]]
[[ DATA: 00 00 00 00 00 00 00 00 00 00 00 00 00 00 00 00 00 00 00 00 ]]
[[ DATA: 00 00 00 00 00 00 00 00 00 00 00 00 00 00 00 00 00 00 00 00 ]]
[[ DATA: 00 00 00 00 00 00 00 00 00 00 00 00 00 00 00 00 00 00 00 00 ]]
[[ DATA: 00 00 00 00 00 00 00 00 00 00 00 00 00 00 00 00 00 00 00 00 ]]
[[ DATA: 00 00 00 00 00 00 00 00 00 00 00 00 00 00 00 00 00 00 00 00 ]]
[[ DATA: 00 00 00 00 00 00 00 00 00 00 00 00 00 00 00 00 00 00 00 00 ]]
[[ DATA: 00 00 00 00 00 00 00 00 00 00 00 00 00 00 00 00 00 00 00 00 ]]
[[ DATA: 00 00 00 00 00 00 00 00 00 00 00 00 00 00 00 00 00 00 00 00 ]]
[[ DATA: 00 00 00 00 00 00 00 00 00 00 00 00 00 00 00 00 00 00 00 00 ]]
[[ DATA: 00 00 00 00 00 00 00 00 00 00 00 00 00 00 00 00 00 00 00 00 ]]
[[ DATA: 00 00 00 00 00 00 00 00 00 00 00 00 00 00 00 00 00 00 00 00 ]]
[[ DATA: 00 00 00 00 00 00 00 00 00 00 00 00 00 00 00 00 00 00 00 00 ]]
[[ DATA: 00 00 00 00 00 00 00 00 00 00 00 00 00 00 00 00 00 00 00 00 ]]
[[ DATA: 00 00 00 00 00 00 00 00 00 00 00 00 00 00 00 00 00 00 00 00 ]]
[[ DATA: 00 00 00 00 00 00 00 00 00 00 00 00 00 00 00 00 00 00 00 00 ]]
[[ DATA: 00 00 00 00 00 00 00 00 00 00 00 00 00 00 00 00 00 00 00 00 ]]
[[ DATA: 00 00 00 00 00 00 00 00 00 00 00 00 D4 D3 D2 D1 ]]
[[ DevAlert Data Ended. Checksum: 21246 ]]

[[ DevAlert Data Begins ]]
[[ DATA: D1 D2 D3 D4 F0 0F 01 00 71 83 01 00 06 00 07 00 03 00 00 00 ]]
[[ DATA: 20 00 20 00 10 00 00 00 D0 07 00 00 24 44 55 4D 4D 59 5F 53 ]]
[[ DATA: 45 53 53 49 4F 4E 5F 49 44 00 00 00 00 00 00 00 00 00 00 00 ]]
[[ DATA: 00 00 00 00 24 44 55 4D 4D 59 5F 44 45 56 49 43 45 5F 49 44 ]]
[[ DATA: 00 00 00 00 00 00 00 00 00 00 00 00 00 00 00 00 64 66 6D 5F ]]
[[ DATA: 74 72 61 63 65 2E 70 73 66 73 00 00 00 00 00 00 00 00 00 00 ]]
[[ DATA: 00 00 00 00 00 00 00 00 00 00 00 00 00 00 00 00 00 00 00 00 ]]
[[ DATA: 00 00 00 00 00 00 00 00 00 00 00 00 00 00 00 00 00 00 00 00 ]]
[[ DATA: 00 00 00 00 00 00 00 00 00 00 00 00 00 00 00 00 00 00 00 00 ]]
[[ DATA: 00 00 00 00 00 00 00 00 00 00 00 00 00 00 00 00 00 00 00 00 ]]
[[ DATA: 00 00 00 00 00 00 00 00 00 00 00 00 00 00 00 00 00 00 00 00 ]]
[[ DATA: 00 00 00 00 00 00 00 00 00 00 00 00 00 00 00 00 00 00 00 00 ]]
[[ DATA: 00 00 00 00 00 00 00 00 00 00 00 00 00 00 00 00 00 00 00 00 ]]
[[ DATA: 00 00 00 00 00 00 00 00 00 00 00 00 00 00 00 00 00 00 00 00 ]]
[[ DATA: 00 00 00 00 00 00 00 00 00 00 00 00 00 00 00 00 00 00 00 00 ]]
[[ DATA: 00 00 00 00 00 00 00 00 00 00 00 00 00 00 00 00 00 00 00 00 ]]
[[ DATA: 00 00 00 00 00 00 00 00 00 00 00 00 00 00 00 00 00 00 00 00 ]]
[[ DATA: 00 00 00 00 00 00 00 00 00 00 00 00 00 00 00 00 00 00 00 00 ]]
[[ DATA: 00 00 00 00 00 00 00 00 00 00 00 00 00 00 00 00 00 00 00 00 ]]
[[ DATA: 00 00 00 00 00 00 00 00 00 00 00 00 00 00 00 00 00 00 00 00 ]]
[[ DATA: 00 00 00 00 00 00 00 00 00 00 00 00 00 00 00 00 00 00 00 00 ]]
[[ DATA: 00 00 00 00 00 00 00 00 00 00 00 00 00 00 00 00 00 00 00 00 ]]
[[ DATA: 00 00 00 00 00 00 00 00 00 00 00 00 00 00 00 00 00 00 00 00 ]]
[[ DATA: 00 00 00 00 00 00 00 00 00 00 00 00 00 00 00 00 00 00 00 00 ]]
[[ DATA: 00 00 00 00 00 00 00 00 00 00 00 00 00 00 00 00 00 00 00 00 ]]
[[ DATA: 00 00 00 00 00 00 00 00 00 00 00 00 00 00 00 00 00 00 00 00 ]]
[[ DATA: 00 00 00 00 00 00 00 00 00 00 00 00 00 00 00 00 00 00 00 00 ]]
[[ DATA: 00 00 00 00 00 00 00 00 00 00 00 00 00 00 00 00 00 00 00 00 ]]
[[ DATA: 00 00 00 00 00 00 00 00 00 00 00 00 00 00 00 00 00 00 00 00 ]]
[[ DATA: 00 00 00 00 00 00 00 00 00 00 00 00 00 00 00 00 00 00 00 00 ]]
[[ DATA: 00 00 00 00 00 00 00 00 00 00 00 00 00 00 00 00 00 00 00 00 ]]
[[ DATA: 00 00 00 00 00 00 00 00 00 00 00 00 00 00 00 00 00 00 00 00 ]]
[[ DATA: 00 00 00 00 00 00 00 00 00 00 00 00 00 00 00 00 00 00 00 00 ]]
[[ DATA: 00 00 00 00 00 00 00 00 00 00 00 00 00 00 00 00 00 00 00 00 ]]
[[ DATA: 00 00 00 00 00 00 00 00 00 00 00 00 00 00 00 00 00 00 00 00 ]]
[[ DATA: 00 00 00 00 00 00 00 00 00 00 00 00 00 00 00 00 00 00 00 00 ]]
[[ DATA: 00 00 00 00 00 00 00 00 00 00 00 00 00 00 00 00 00 00 00 00 ]]
[[ DATA: 00 00 00 00 00 00 00 00 00 00 00 00 00 00 00 00 00 00 00 00 ]]
[[ DATA: 00 00 00 00 00 00 00 00 00 00 00 00 00 00 00 00 00 00 00 00 ]]
[[ DATA: 00 00 00 00 00 00 00 00 00 00 00 00 00 00 00 00 00 00 00 00 ]]
[[ DATA: 00 00 00 00 00 00 00 00 00 00 00 00 00 00 00 00 00 00 00 00 ]]
[[ DATA: 00 00 00 00 00 00 00 00 00 00 00 00 00 00 00 00 00 00 00 00 ]]
[[ DATA: 00 00 00 00 00 00 00 00 00 00 00 00 00 00 00 00 00 00 00 00 ]]
[[ DATA: 00 00 00 00 00 00 00 00 00 00 00 00 00 00 00 00 00 00 00 00 ]]
[[ DATA: 00 00 00 00 00 00 00 00 00 00 00 00 00 00 00 00 00 00 00 00 ]]
[[ DATA: 00 00 00 00 00 00 00 00 00 00 00 00 00 00 00 00 00 00 00 00 ]]
[[ DATA: 00 00 00 00 00 00 00 00 00 00 00 00 00 00 00 00 00 00 00 00 ]]
[[ DATA: 00 00 00 00 00 00 00 00 00 00 00 00 00 00 00 00 00 00 00 00 ]]
[[ DATA: 00 00 00 00 00 00 00 00 00 00 00 00 00 00 00 00 00 00 00 00 ]]
[[ DATA: 00 00 00 00 00 00 00 00 00 00 00 00 00 00 00 00 00 00 00 00 ]]
[[ DATA: 00 00 00 00 00 00 00 00 00 00 00 00 00 00 00 00 00 00 00 00 ]]
[[ DATA: 00 00 00 00 00 00 00 00 00 00 00 00 00 00 00 00 00 00 00 00 ]]
[[ DATA: 00 00 00 00 00 00 00 00 00 00 00 00 00 00 00 00 00 00 00 00 ]]
[[ DATA: 00 00 00 00 00 00 00 00 00 00 00 00 00 00 00 00 00 00 00 00 ]]
[[ DATA: 00 00 00 00 00 00 00 00 00 00 00 00 00 00 00 00 00 00 00 00 ]]
[[ DATA: 00 00 00 00 00 00 00 00 00 00 00 00 00 00 00 00 00 00 00 00 ]]
[[ DATA: 00 00 00 00 00 00 00 00 00 00 00 00 00 00 00 00 00 00 00 00 ]]
[[ DATA: 00 00 00 00 00 00 00 00 00 00 00 00 00 00 00 00 00 00 00 00 ]]
[[ DATA: 00 00 00 00 00 00 00 00 00 00 00 00 00 00 00 00 00 00 00 00 ]]
[[ DATA: 00 00 00 00 00 00 00 00 00 00 00 00 00 00 00 00 00 00 00 00 ]]
[[ DATA: 00 00 00 00 00 00 00 00 00 00 00 00 00 00 00 00 00 00 00 00 ]]
[[ DATA: 00 00 00 00 00 00 00 00 00 00 00 00 00 00 00 00 00 00 00 00 ]]
[[ DATA: 00 00 00 00 00 00 00 00 00 00 00 00 00 00 00 00 00 00 00 00 ]]
[[ DATA: 00 00 00 00 00 00 00 00 00 00 00 00 00 00 00 00 00 00 00 00 ]]
[[ DATA: 00 00 00 00 00 00 00 00 00 00 00 00 00 00 00 00 00 00 00 00 ]]
[[ DATA: 00 00 00 00 00 00 00 00 00 00 00 00 00 00 00 00 00 00 00 00 ]]
[[ DATA: 00 00 00 00 00 00 00 00 00 00 00 00 00 00 00 00 00 00 00 00 ]]
[[ DATA: 00 00 00 00 00 00 00 00 00 00 00 00 00 00 00 00 00 00 00 00 ]]
[[ DATA: 00 00 00 00 00 00 00 00 00 00 00 00 00 00 00 00 00 00 00 00 ]]
[[ DATA: 00 00 00 00 00 00 00 00 00 00 00 00 00 00 00 00 00 00 00 00 ]]
[[ DATA: 00 00 00 00 00 00 00 00 00 00 00 00 00 00 00 00 00 00 00 00 ]]
[[ DATA: 00 00 00 00 00 00 00 00 00 00 00 00 00 00 00 00 00 00 00 00 ]]
[[ DATA: 00 00 00 00 00 00 00 00 00 00 00 00 00 00 00 00 00 00 00 00 ]]
[[ DATA: 00 00 00 00 00 00 00 00 00 00 00 00 00 00 00 00 00 00 00 00 ]]
[[ DATA: 00 00 00 00 00 00 00 00 00 00 00 00 00 00 00 00 00 00 00 00 ]]
[[ DATA: 00 00 00 00 00 00 00 00 00 00 00 00 00 00 00 00 00 00 00 00 ]]
[[ DATA: 00 00 00 00 00 00 00 00 00 00 00 00 00 00 00 00 00 00 00 00 ]]
[[ DATA: 00 00 00 00 00 00 00 00 00 00 00 00 00 00 00 00 00 00 00 00 ]]
[[ DATA: 00 00 00 00 00 00 00 00 00 00 00 00 00 00 00 00 00 00 00 00 ]]
[[ DATA: 00 00 00 00 00 00 00 00 00 00 00 00 00 00 00 00 00 00 00 00 ]]
[[ DATA: 00 00 00 00 00 00 00 00 00 00 00 00 00 00 00 00 00 00 00 00 ]]
[[ DATA: 00 00 00 00 00 00 00 00 00 00 00 00 00 00 00 00 00 00 00 00 ]]
[[ DATA: 00 00 00 00 00 00 00 00 00 00 00 00 00 00 00 00 00 00 00 00 ]]
[[ DATA: 00 00 00 00 00 00 00 00 00 00 00 00 00 00 00 00 00 00 00 00 ]]
[[ DATA: 00 00 00 00 00 00 00 00 00 00 00 00 00 00 00 00 00 00 00 00 ]]
[[ DATA: 00 00 00 00 00 00 00 00 00 00 00 00 00 00 00 00 00 00 00 00 ]]
[[ DATA: 00 00 00 00 00 00 00 00 00 00 00 00 00 00 00 00 00 00 00 00 ]]
[[ DATA: 00 00 00 00 00 00 00 00 00 00 00 00 00 00 00 00 00 00 00 00 ]]
[[ DATA: 00 00 00 00 00 00 00 00 00 00 00 00 00 00 00 00 00 00 00 00 ]]
[[ DATA: 00 00 00 00 00 00 00 00 00 00 00 00 00 00 00 00 00 00 00 00 ]]
[[ DATA: 00 00 00 00 00 00 00 00 00 00 00 00 00 00 00 00 00 00 00 00 ]]
[[ DATA: 00 00 00 00 00 00 00 00 00 00 00 00 00 00 00 00 00 00 00 00 ]]
[[ DATA: 00 00 00 00 00 00 00 00 00 00 00 00 00 00 00 00 00 00 00 00 ]]
[[ DATA: 00 00 00 00 00 00 00 00 00 00 00 00 00 00 00 00 00 00 00 00 ]]
[[ DATA: 00 00 00 00 00 00 00 00 00 00 00 00 00 00 00 00 00 00 00 00 ]]
[[ DATA: 00 00 00 00 00 00 00 00 00 00 00 00 00 00 00 00 00 00 00 00 ]]
[[ DATA: 00 00 00 00 00 00 00 00 00 00 00 00 00 00 00 00 00 00 00 00 ]]
[[ DATA: 00 00 00 00 00 00 00 00 00 00 00 00 00 00 00 00 00 00 00 00 ]]
[[ DATA: 00 00 00 00 00 00 00 00 00 00 00 00 00 00 00 00 00 00 00 00 ]]
[[ DATA: 00 00 00 00 00 00 00 00 00 00 00 00 00 00 00 00 00 00 00 00 ]]
[[ DATA: 00 00 00 00 00 00 00 00 00 00 00 00 00 00 00 00 00 00 00 00 ]]
[[ DATA: 00 00 00 00 00 00 00 00 00 00 00 00 00 00 00 00 00 00 00 00 ]]
[[ DATA: 00 00 00 00 00 00 00 00 00 00 00 00 00 00 00 00 00 00 00 00 ]]
[[ DATA: 00 00 00 00 00 00 00 00 00 00 00 00 00 00 00 00 00 00 00 00 ]]
[[ DATA: 00 00 00 00 00 00 00 00 00 00 00 00 00 00 00 00 00 00 00 00 ]]
[[ DATA: 00 00 00 00 00 00 00 00 00 00 00 00 D4 D3 D2 D1 ]]
[[ DevAlert Data Ended. Checksum: 58835 ]]

[[ DevAlert Data Begins ]]
[[ DATA: D1 D2 D3 D4 F0 0F 01 00 71 83 01 00 07 00 07 00 03 00 00 00 ]]
[[ DATA: 20 00 20 00 10 00 00 00 10 04 00 00 24 44 55 4D 4D 59 5F 53 ]]
[[ DATA: 45 53 53 49 4F 4E 5F 49 44 00 00 00 00 00 00 00 00 00 00 00 ]]
[[ DATA: 00 00 00 00 24 44 55 4D 4D 59 5F 44 45 56 49 43 45 5F 49 44 ]]
[[ DATA: 00 00 00 00 00 00 00 00 00 00 00 00 00 00 00 00 64 66 6D 5F ]]
[[ DATA: 74 72 61 63 65 2E 70 73 66 73 00 00 00 00 00 00 00 00 00 00 ]]
[[ DATA: 00 00 00 00 00 00 00 00 00 00 00 00 00 00 00 00 00 00 00 00 ]]
[[ DATA: 00 00 00 00 00 00 00 00 00 00 00 00 00 00 00 00 00 00 00 00 ]]
[[ DATA: 00 00 00 00 00 00 00 00 00 00 00 00 00 00 00 00 00 00 00 00 ]]
[[ DATA: 00 00 00 00 00 00 00 00 00 00 00 00 00 00 00 00 00 00 00 00 ]]
[[ DATA: 00 00 00 00 00 00 00 00 00 00 00 00 00 00 00 00 00 00 00 00 ]]
[[ DATA: 00 00 00 00 00 00 00 00 00 00 00 00 00 00 00 00 00 00 00 00 ]]
[[ DATA: 00 00 00 00 00 00 00 00 00 00 00 00 00 00 00 00 00 00 00 00 ]]
[[ DATA: 00 00 00 00 00 00 00 00 00 00 00 00 00 00 00 00 00 00 00 00 ]]
[[ DATA: 00 00 00 00 00 00 00 00 00 00 00 00 00 00 00 00 00 00 00 00 ]]
[[ DATA: 00 00 00 00 00 00 00 00 00 00 00 00 00 00 00 00 00 00 00 00 ]]
[[ DATA: 00 00 00 00 00 00 00 00 00 00 00 00 00 00 00 00 00 00 00 00 ]]
[[ DATA: 00 00 00 00 00 00 00 00 00 00 00 00 00 00 00 00 00 00 00 00 ]]
[[ DATA: 00 00 00 00 00 00 00 00 00 00 00 00 00 00 00 00 00 00 00 00 ]]
[[ DATA: 00 00 00 00 00 00 00 00 00 00 00 00 00 00 00 00 00 00 00 00 ]]
[[ DATA: 00 00 00 00 00 00 00 00 00 00 00 00 00 00 00 00 00 00 00 00 ]]
[[ DATA: 00 00 00 00 00 00 00 00 00 00 00 00 00 00 00 00 00 00 00 00 ]]
[[ DATA: 00 00 00 00 00 00 00 00 00 00 00 00 00 00 00 00 00 00 00 00 ]]
[[ DATA: 00 00 00 00 00 00 00 00 00 00 00 00 00 00 00 00 00 00 00 00 ]]
[[ DATA: 00 00 00 00 00 00 00 00 00 00 00 00 00 00 00 00 00 00 00 00 ]]
[[ DATA: 00 00 00 00 00 00 00 00 00 00 00 00 00 00 00 00 00 00 00 00 ]]
[[ DATA: 00 00 00 00 00 00 00 00 00 00 00 00 00 00 00 00 00 00 00 00 ]]
[[ DATA: 00 00 00 00 00 00 00 00 00 00 00 00 00 00 00 00 00 00 00 00 ]]
[[ DATA: 00 00 00 00 00 00 00 00 00 00 00 00 00 00 00 00 00 00 00 00 ]]
[[ DATA: 00 00 00 00 00 00 00 00 00 00 00 00 00 00 00 00 00 00 00 00 ]]
[[ DATA: 00 00 00 00 00 00 00 00 00 00 00 00 00 00 00 00 00 00 00 00 ]]
[[ DATA: 00 00 00 00 00 00 00 00 00 00 00 00 00 00 00 00 00 00 00 00 ]]
[[ DATA: 00 00 00 00 00 00 00 00 00 00 00 00 00 00 00 00 00 00 00 00 ]]
[[ DATA: 00 00 00 00 00 00 00 00 00 00 00 00 00 00 00 00 00 00 00 00 ]]
[[ DATA: 00 00 00 00 00 00 00 00 00 00 00 00 00 00 00 00 00 00 00 00 ]]
[[ DATA: 00 00 00 00 00 00 00 00 00 00 00 00 00 00 00 00 00 00 00 00 ]]
[[ DATA: 00 00 00 00 00 00 00 00 00 00 00 00 00 00 00 00 00 00 00 00 ]]
[[ DATA: 00 00 00 00 00 00 00 00 00 00 00 00 00 00 00 00 00 00 00 00 ]]
[[ DATA: 00 00 00 00 00 00 00 00 00 00 00 00 00 00 00 00 00 00 00 00 ]]
[[ DATA: 00 00 00 00 00 00 00 00 00 00 00 00 00 00 00 00 00 00 00 00 ]]
[[ DATA: 00 00 00 00 00 00 00 00 00 00 00 00 00 00 00 00 00 00 00 00 ]]
[[ DATA: 00 00 00 00 00 00 00 00 00 00 00 00 00 00 00 00 00 00 00 00 ]]
[[ DATA: 00 00 00 00 00 00 00 00 00 00 00 00 00 00 00 00 00 00 00 00 ]]
[[ DATA: 00 00 00 00 00 00 00 00 00 00 00 00 00 00 00 00 00 00 00 00 ]]
[[ DATA: 00 00 00 00 00 00 00 00 00 00 00 00 00 00 00 00 00 00 00 00 ]]
[[ DATA: 00 00 00 00 00 00 00 00 00 00 00 00 00 00 00 00 00 00 00 00 ]]
[[ DATA: 00 00 00 00 00 00 00 00 00 00 00 00 00 00 00 00 00 00 00 00 ]]
[[ DATA: 00 00 00 00 00 00 00 00 00 00 00 00 00 00 00 00 00 00 00 00 ]]
[[ DATA: 00 00 00 00 00 00 00 00 00 00 00 00 00 00 00 00 00 00 00 00 ]]
[[ DATA: 00 00 00 00 00 00 00 00 00 00 00 00 00 00 00 00 00 00 00 00 ]]
[[ DATA: 00 00 00 00 00 00 00 00 00 00 00 00 00 00 00 00 00 00 00 00 ]]
[[ DATA: 00 00 00 00 00 00 00 00 00 00 00 00 00 00 00 00 00 00 00 00 ]]
[[ DATA: 00 00 00 00 00 00 00 00 00 00 00 00 00 00 00 00 00 00 00 00 ]]
[[ DATA: 00 00 00 00 00 00 00 00 00 00 00 00 00 00 00 00 00 00 00 00 ]]
[[ DATA: 00 00 00 00 00 00 00 00 00 00 00 00 00 00 00 00 00 00 00 00 ]]
[[ DATA: 00 00 00 00 00 00 00 00 00 00 00 00 00 00 00 00 00 00 00 00 ]]
[[ DATA: 00 00 00 00 00 00 00 00 00 00 00 00 00 00 00 00 0A 0B 0C 0D ]]
[[ DATA: 71 72 73 74 F1 F2 F3 F4 00 00 00 00 D4 D3 D2 D1 ]]
[[ DevAlert Data Ended. Checksum: 14128 ]]

[[ DevAlert Data Begins ]]
[[ DATA: D1 D2 D3 D4 F0 0F 01 00 18 46 02 00 01 00 01 00 03 00 00 00 ]]
[[ DATA: 20 00 20 00 10 00 00 00 24 00 00 00 24 44 55 4D 4D 59 5F 53 ]]
[[ DATA: 45 53 53 49 4F 4E 5F 49 44 00 00 00 00 00 00 00 00 00 00 00 ]]
[[ DATA: 00 00 00 00 24 44 55 4D 4D 59 5F 44 45 56 49 43 45 5F 49 44 ]]
[[ DATA: 00 00 00 00 00 00 00 00 00 00 00 00 00 00 00 00 74 72 61 70 ]]
[[ DATA: 2E 64 6D 70 00 00 00 00 00 00 00 00 50 44 61 50 F0 0F 03 10 ]]
[[ DATA: 2C 02 00 00 74 72 61 70 2E 64 6D 70 00 00 00 00 00 00 00 00 ]]
[[ DATA: 50 61 44 50 00 00 00 00 D4 D3 D2 D1 ]]
[[ DevAlert Data Ended. Checksum: 4982 ]]

[[ DevAlert Data Begins ]]
[[ DATA: D1 D2 D3 D4 F0 0F 01 00 71 83 02 00 01 00 01 00 03 00 00 00 ]]
[[ DATA: 20 00 20 00 10 00 00 00 2C 02 00 00 24 44 55 4D 4D 59 5F 53 ]]
[[ DATA: 45 53 53 49 4F 4E 5F 49 44 00 00 00 00 00 00 00 00 00 00 00 ]]
[[ DATA: 00 00 00 00 24 44 55 4D 4D 59 5F 44 45 56 49 43 45 5F 49 44 ]]
[[ DATA: 00 00 00 00 00 00 00 00 00 00 00 00 00 00 00 00 74 72 61 70 ]]
[[ DATA: 2E 64 6D 70 00 00 00 00 00 00 00 00 63 43 03 00 01 00 00 00 ]]
[[ DATA: 0A 00 00 00 00 00 00 00 00 F2 05 2A 64 00 00 00 28 90 00 20 ]]
[[ DATA: 00 00 00 00 00 00 00 00 C8 8E 00 20 FF FF FF FF FF FF FF FF ]]
[[ DATA: FF FF FF FF FF FF FF FF 9C 14 00 20 C8 8E 00 20 79 73 00 08 ]]
[[ DATA: 74 73 00 08 00 00 00 01 80 FF 0B 20 A8 8E 00 20 00 00 00 01 ]]
[[ DATA: 00 00 00 00 00 00 00 00 00 00 00 00 00 00 00 00 00 00 00 00 ]]
[[ DATA: 00 00 00 00 00 00 00 00 00 00 00 00 00 00 00 00 00 00 00 00 ]]
[[ DATA: 00 00 00 00 00 00 00 46 00 00 00 00 C0 E1 64 4D 00 00 00 40 ]]
[[ DATA: 00 0E 27 07 00 00 00 00 00 00 00 00 00 00 00 00 00 00 00 00 ]]
[[ DATA: 00 00 00 00 00 00 00 00 00 00 00 00 00 00 00 00 00 00 00 00 ]]
[[ DATA: 00 00 00 00 00 00 00 00 00 00 00 00 00 00 00 00 00 00 00 00 ]]
[[ DATA: 00 00 00 00 00 00 00 00 00 00 00 00 C8 8E 00 20 F4 8F 00 20 ]]
[[ DATA: 00 F2 05 2A 01 00 00 00 00 00 00 00 0A 00 00 00 34 00 00 00 ]]
[[ DATA: 64 00 00 00 07 74 00 08 28 90 00 20 00 8F 00 20 21 74 00 08 ]]
[[ DATA: 2C 33 01 08 AC 2C 01 08 14 00 00 00 3C 33 01 08 00 F2 05 2A ]]
[[ DATA: 01 00 00 00 88 2C 01 08 0A 00 00 00 22 00 00 00 23 00 00 00 ]]
[[ DATA: 30 8F 00 20 9D 74 00 08 2C 33 01 08 AC 2C 01 08 14 00 00 00 ]]
[[ DATA: 3C 33 01 08 3C 33 01 08 2C 33 01 08 40 8F 00 20 01 00 00 00 ]]
[[ DATA: 58 00 00 20 11 7C 00 0A 01 00 00 00 0A 00 00 00 00 00 00 00 ]]
[[ DATA: 26 00 00 00 B8 2C 01 08 0C 0F 00 20 92 00 00 00 00 00 00 00 ]]
[[ DATA: 91 00 00 00 21 D9 00 08 00 EE 00 08 00 02 00 61 88 8F 00 20 ]]
[[ DATA: 13 2B 00 08 90 8F 00 20 01 2A 00 08 00 00 00 00 A8 8F 00 20 ]]
[[ DATA: B8 2C 01 08 0C 0F 00 20 18 00 00 00 EF BE AD DE A8 8F 00 20 ]]
[[ DATA: FD 74 00 08 3C 33 01 08 2C 33 01 08 C8 00 00 00 9F FB B3 92 ]]
[[ DATA: C0 8F 00 20 2F 75 00 08 02 00 00 00 00 00 00 00 D0 8F 00 20 ]]
[[ DATA: 61 75 00 08 11 72 3D A9 B8 24 01 08 E8 8F 00 20 BB 6A 00 08 ]]
[[ DATA: A5 A5 A5 A5 A5 A5 A5 A5 A5 A5 A5 A5 00 00 00 00 A5 A5 A5 A5 ]]
[[ DATA: 28 ED 00 E0 3C ED 00 E0 00 00 00 00 00 00 00 00 00 00 00 00 ]]
[[ DATA: 34 ED 00 E0 38 ED 00 E0 D4 D3 D2 D1 ]]
[[ DevAlert Data Ended. Checksum: 34600 ]]
DFMT:RETURNED:1012:0
DFMT:SUITE_COMPLETE:m3_o0:92b3fb9f
