:020000040800F2
:1000000000000C2035590008C1020008C102000898
:10001000C1020008C1020008C102000821590008FD
:100020000000000000000000000000000DAA000811
:100030008559000800000000B1A9000851A7000878
:100040008559000885590008855900088559000818
:100050008559000885590008855900088559000808
:100060008559000885590008855900082559000858
:1000700085590008855900088559000885590008E8
:1000800085590008855900088559000885590008D8
:1000900085590008855900088559000885590008C8
:1000A00085590008855900088559000885590008B8
:1000B00085590008855900088559000885590008A8
:1000C0008559000885590008855900088559000898
:1000D0008559000885590008855900088559000888
:1000E0008559000885590008855900088559000878
:1000F0008559000885590008855900088559000868
:100100008559000885590008855900088559000857
:100110008559000885590008855900088559000847
:100120008559000885590008855900088559000837
:100130008559000885590008855900088559000827
:100140008559000885590008855900088559000817
:100150008559000885590008855900088559000807
:1001600085590008855900088559000885590008F7
:1001700085590008855900088559000885590008E7
:1001800085590008855900088559000885590008D7
:1001900085590008855900088559000885590008C7
:1001A00085590008855900088559000885590008B7
:1001B00085590008855900088559000885590008A7
:1001C0008559000885590008855900088559000897
:1001D0008559000885590008855900088559000887
:1001E0008559000885590008855900088559000877
:1001F0008559000885590008855900088559000867
:100200008559000885590008855900088559000856
:100210008559000885590008855900088559000846
:100220008559000885590008855900088559000836
:080230008559000885590008FA
:1002380088B01E4801680091416801918168029167
:10024800C168039101690491CDF814E07146A1F1E8
:10025800040121F001010691EFF3038141F080715F
:1002680007911349C1F800D0EFF3038343F080737B
:10027800EFF30982EFF30881DFF8380085462DE9AE
:10028800FE4FEFF31481C1F340014FF6B872CFF679
:10029800FF7242EA81020B92684603F03BFC0CB005
:1002A8000349096848698D4608B00047E44A0020B8
:1002B800F84A0020C84F00202DE9005002F082FEC5
:1002C800BDE80050EFF30383EFF30982EFF30881F1
:1002D800DFF820D02DE9FE4F684603F01BFCBDE88F
:1002E800FE4F8D462DE9005002F08AFEBDE8005011
:1002F80070470000C84F0020F1EE101AA0EC200A49
:1003080001607047A0EC108A704700BFF0B5EFF3AA
:100318001484EFF3088580F3088824F0020787F334
:100328001488BFF36F8F04F06BFD84F31488BFF358
:100338006F8F85F30888F0BD53B94AB9002908BF03
:1003480000281CBF4FF0FF314FF0FF3000F06AB9B2
:10035800ADF1080C6DE904CE00F006F8DDF804E014
:10036800DDE9022304B070472DE9F0478C468E463C
:10037800089E154604461946002B40F0D080724569
:1003880047D9B2FA82F74FB1C7F120030EFA07FC3A
:10039800BD40BC4020FA03F343EA0C0C4FEA154E6B
:1003A800A8B2230CBCFBFEF80EFB18CC08FB00F926
:1003B80043EA0C43994528D9EB1808F1FF3204D2D7
:1003C800994502D9A8F102022B44A3EB0903A4B270
:1003D800B3FBFEFC0EFB1C330CFB00F044EA0344A9
:1003E800A04214D92C190CF1FF3304D2A04202D92F
:1003F800ACF102032C44241A43EA02401EB1FC402B
:10040800002334607360BDE8F0874246DDE7634649
:10041800F1E7002A79D0B2FA82F3002B3FD01946CF
:10042800C1F1200302FA01F500FA01F42EFA03F2F1
:100438000EFA01FE20FA03F3AFB243EA0E034FEAC5
:10044800154EB2FBFEFC0EFB1C201A0C0CFB07F829
:1004580042EA004290455AD9AA180CF1FF3004D25A
:10046800904502D9ACF102002A44A2EB08029BB2E3
:10047800B2FBFEFC0EFB1C220CFB07F743EA02430F
:100488009F4246D9EB180CF1FF3204D29F4202D9A1
:10049800ACF102022B44DB1B42EA004202E0AEEB65
:1004A800020301224FEA154EAFB2200CB3FBFEFC4B
:1004B8000EFB1C330CFB07F840EA034398452AD986
:1004C800EB180CF1FF3004D2984502D9ACF10200C8
:1004D8002B44A3EB0803A4B2B3FBFEFC0EFB1C33B6
:1004E8000CFB07F744EA0344A74216D92C190CF170
:1004F800FF3304D2A74202D9ACF102032C44E41B17
:1005080043EA00400F46114678E71F2188E7604616
:10051800ABE76246BFE76046DBE76346EFE7734554
:1005280006D916B9002108466DE7C6E9000EF9E7B5
:10053800B3FA83F787B9734501D3824207D8841A7F
:100548006EEB030301209C461EB900215BE7384689
:10055800FAE7C6E9004CF8E7C7F1200CBB4000FAFF
:1005680007F422FA0CF520FA0CF1BA401D432EFAD2
:100578000CF30EFA07FE4FEA154941EA0E011FFA7D
:1005880085FEB3FBF9F809FB18300B0C08FB0EFAD3
:1005980043EA00439A4540D9EB1808F1FF3004D2EA
:1005A8009A4502D9A8F102002B44A3EB0A0389B2A9
:1005B800B3FBF9F809FB183308FB0EFE41EA0341C7
:1005C8008E452CD9691808F1FF3304D28E4502D91B
:1005D800A8F10203294443EA0040A1EB0E01A0FB65
:1005E80002984145CE46434602D306D14C4504D233
:1005F8000138B9EB020E68EB0503002EA5D0B4EB69
:100608000E0261EB030101FA0CFC22FA07F3F94030
:100618004CEA0303C6E9003197E74046C5E743467D
:10062800D9E70000704700BF844641EA000313F091
:10063800030349D1403A23D30B6803604B684360F6
:100648008B688360CB68C3600B6903614B69436146
:100658008B698361CB69C3610B6A03624B6A43622E
:100668008B6A8362CB6AC3620B6B03634B6B436316
:100678008B6B8363CB6BC36340304031403ADBD232
:1006880030320BD30B6803604B6843608B68836020
:10069800CB68C36010301031103AF3D20C3205D356
:1006A80051F8043B40F8043B043AF9D2043208D02C
:1006B800D2071CBF11F8013B00F8013B01D30B889E
:1006C80003806046704700BF082A13D38B07B1D058
:1006D80010F00303AED0C3F10403D21ADB071CBF2A
:1006E80011F8013B00F8013BA4D331F8023B20F894
:1006F800023B9FE7043AD9D3013A11F8013B00F8CD
:10070800013BF9D20B7803704B7843708B78837078
:100718006046704770B4840746D0541E002A41D002
:10072800CDB2034602E0621EE4B3144603F8015B4F
:100738009A07F8D1032C2ED9CDB245EA05250F2CFE
:1007480045EA054519D9264603F11002103E0F2E39
:1007580042F8105C42F80C5C42F8085C42F8045C11
:1007680002F11002F2D8A4F1100222F00F0204F0F4
:100778000F041032032C13440DD91E462246043AA6
:10078800032A46F8045BFAD8221F22F00302043237
:10079800134404F003042CB1C9B21C4403F8011B30
:1007A800A342FBD170BC704714460346C2E7000061
:1007B800064A80B5034610600020054A1860136891
:1007C80000AF43F48003136080BD00BF60000020C9
:1007D800EC040020084A80B5034610600020074A50
:1007E800C3E90000C3E902001861136800AF43F0D1
:1007F8000803136080BD00BF64000020EC040020E3
:10080800054B80B51A6800AF52F820300B4442F807
:100818002030002080BD00BF6400002080B5012189
:1008280000AFFFF7EDFF002080BD0000054B80B54D
:100838001B6800AF53F820208A42B8BF43F8201045
:10084800002080BD6400002098B5184B00AF1B68DD
:100858001B0728D5164C23685A68002A05DD08208E
:1008680000F084F9002223685A601A681C2A05DD02
:10087800092000F07BF9002223681A609A68002A90
:1008880005DD0A2000F072F9002223689A60DB680F
:10089800002B01DC002098BD0E2000F067F9002233
:1008A8002368DA60F6E70120F5E700BFEC040020D2
:1008B80064000020054B80B51860002300AFC354C6
:1008C8000133382BFBD18363002080BD68000020F2
:1008D8000E4B80B5382218601C23C0E9002303237F
:1008E8008360002300AF00F5286280F82030C0E95B
:1008F8000333C0E9053330309042F6D1044A002072
:10090800136843F01003136080BD00BF6C00002023
:10091800EC040020B0B5184B05461B6800AFDB0699
:100928000CD5EFF31084012080F31088134B1A685C
:10093800936B2BB9FFF772FF84F310880120B0BDC9
:10094800013B9363D05C11781070FF20D0543022A3
:10095800002051430A4B01F10C021B681A440B4456
:10096800C3E90400C3E90600DA6083F820002A60BE
:1009780084F31088E3E700BFEC040020680000203F
:100988006C00002030210E4B90B51B6802460C33DA
:10099800C31AB3FBF1F300AFDBB2EFF3108401200D
:1009A80080F31088116811B984F3108890BD002075
:1009B8001060044A11688A6B8B5401328A63F3E72A
:1009C8006C000020680000200B4BF0B51A68302539
:1009D800002300AF02F10C0C05FB03F45CF8046083
:1009E800864204D100200C3422440A60F0BD013351
:1009F800382BF1D10120F9E76C000020F8B5064644
:100A080014460D4600AF09B90C46084D2146002092
:100A1800FFF70CFF1B2C28BF1B242946621C06F17C
:100A28001400FFF701FE0020F8BD00BF85D50008BF
:100A380080B500AF0E2825D8DFE800F02622181A66
:100A48001C1E2012080C0E10121416000F4B00204A
:100A58000B6080BD0E4BFAE70E4BF8E70E4BF6E73E
:100A68000E4BF4E70E4BF2E70E4BF0E70E4BEEE7BA
:100A78000E4BECE70E4BEAE70E4BE8E70E4BE6E7CA
:100A88000E4BE4E70E4BE2E70120E2E790D10008C5
:100A9800ADD10008D6D10008EAD1000813D2000869
:100AA8003DD2000856D2000875D2000888D2000846
:100AB8009DD20008AFD20008C8D20008E0D20008D2
:100AC800F0D20008B0B582B01A4D1B4B296800AFB0
:100AD8001B687B604FF000038B680446CBB1394636
:100AE8002046FFF7A5FF012C09D10120124B1A68F7
:100AF8007B685A404FF0000318D002F09BFAA31EFF
:100B08000C2B2B680CD83968986801F083F9002001
:100B1800ECE70A48083101F041FB0128DFD1E4E79E
:100B280022460749986801F0BFF9DEE70837BD4655
:100B3800B0BD00BF70000020300000200BD30008BB
:100B4800F0D20008074A80B5034610600020064A24
:100B5800C3E900009860136800AF43F020031360F6
:100B680080BD00BF70000020EC04002098B50C4A3E
:100B780000AF1268910611D50A4A431E11680C6825
:100B880024FA03F2D20701D5002098BD012202FA07
:100B980003F323430B60FFF795FFF5E70120F4E724
:100BA800EC04002070000020B0B5114B00AF1B68AA
:100BB8009B0612D50F4D2B68596809B10020B0BDAE
:100BC8000124411E8C4019682143C3E90010FFF736
:100BD80079FF012803D101F0A9FA0120EFE72B687A
:100BE8000549986801F016F901F0A0FAE6E700BF98
:100BF800EC0400207000002010D30008064A80B5DD
:100C0800034610600020054A1860136800AF43F0DF
:100C18004003136080BD00BF74000020EC04002076
:100C28002DE9F04784B0314B00AF1B68FB604FF0F3
:100C380000030023C7E901332D4B04461B680D460A
:100C4800DB071CD52B4B1B685B68C3B1EFF3108621
:100C5800012383F31088DFF8A4A0DFF8A480DAF872
:100C680000200C21136801331360D8F800303A1DB6
:100C7800186800F09FFD01280BD186F31088012029
:100C88001A4B1A68FB685A404FF0000329D002F04B
:100C9800D1F9DAF80030D7F804901B6844F480548E
:100CA800A9F80230A9F8004004F030FD124B796829
:100CB8001B68C9F804005A694868904238BFDA6866
:100CC8005861D8F800003CBF0132DA6000680C2295
:100CD8008D6007F1080300F0DBFD86F31088002023
:100CE800CEE71037BD46BDE8F08700BF30000020D2
:100CF800EC040020F0040020A43B00207400002035
:100D0800A83B00202DE9F04F85B0324B00AF1B689F
:100D1800FB604FF000030023C7E901332E4B044664
:100D28001B680E46DB0715461CD52C4B1B685B68F9
:100D3800C3B1EFF31088012383F31088DFF8A4B060
:100D4800DFF8A490DBF8002010211368013313604A
:100D5800D9F800303A1D186800F02CFD01280BD195
:100D680088F3108801201B4B1A68FB685A404FF023
:100D780000032AD002F05EF9DBF80030D7F804A0AF
:100D88001B6844F40054AAF80230AAF8004004F0A2
:100D9800BDFC134B79681B68CAF804005A69486897
:100DA800904238BFDA685861D9F800003CBF013278
:100DB800DA6000681022C1E9026507F1080300F053
:100DC80067FD88F310880020CDE71437BD46BDE8DD
:100DD800F08F00BF30000020EC040020F004002059
:100DE800A43B002074000020A83B00202DE9F04F10
:100DF80087B01D46324B00AF1B687B614FF0000384
:100E08000023C7E903332F4B04461B688846DB07DA
:100E180016461DD52C4B1B685B68CBB1EFF31089C8
:100E2800012383F31088DFF8A8B0DFF8A8A0DBF867
:100E380000201421136801331360DAF8003007F139
:100E48000C02186800F0B6FC01280BD189F3108851
:100E580001201B4B1A687B695A404FF000032AD0C7
:100E680002F0E8F8DBF80020FB68126844F440540C
:100E78001C805A807B6004F049FC7B68F9685860E4
:100E8800124B4A681868436942619A4238BFC3687E
:100E98004FF014023CBF0133C360DAF80000C1E927
:100EA80002860D6107F11003006800F0F1FC89F378
:100EB80010880020CDE71C37BD46BDE8F08F00BF85
:100EC80030000020EC040020F0040020A43B0020A7
:100ED80074000020A83B00202DE9F04F87B01D4684
:100EE800334B00AF1B687B614FF000030023C7E959
:100EF8000333304B04461B688846DB0716461DD56E
:100F08002D4B1B685B68CBB1EFF31089012383F38A
:100F18001088DFF8ACB0DFF8ACA0DBF800201821AF
:100F2800136801331360DAF8003007F10C0218680F
:100F380000F040FC01280BD189F3108801201C4BDC
:100F48001A687B695A404FF000032CD002F072F8FF
:100F5800DBF80020FB68126844F480441C805A8047
:100F68007B6004F0D3FB7B68F9685860134B4A68D0
:100F78001868436942619A4238BFC3684FF0180243
:100F88003CBF0133C3603B6CDAF800004B61C1E938
:100F980002860D6107F11003006800F079FC89F3FF
:100FA80010880020CBE71C37BD46BDE8F08F00BF96
:100FB80030000020EC040020F0040020A43B0020B6
:100FC80074000020A83B00202DE9F04F87B0334B78
:100FD80000AF1B687B614FF000030023D41C24F092
:100FE800030404F10806402E0546884684BF4026BF
:100FF8003824C7E90333EFF31089012383F31088FA
:10100800DFF8A0B0DFF8A0A0DBF8002031461368B5
:1010180001331360DAF8003007F10C02186800F0A9
:10102800C9FB01280AD189F310881C4B1A687B690F
:101038005A404FF000032CD001F0FCFFDBF80020F1
:10104800FB68126845EA84251D805A807B6004F09D
:101058005DFB7B685860124BF8681B6841685A69E9
:101068000830914238BFDA6859613CBF0132DA6012
:1010780041462246FFF7D8FADAF800003246F96806
:1010880007F11003006800F003FC89F310880020C2
:10109800CBE71C37BD46BDE8F08F00BF300000200D
:1010A800A43B002074000020A83B00202DE9F04F4D
:1010B80087B000AF7A60374ADC1C12687A614FF05B
:1010C8000002002224F0030404F10C03412B324BEC
:1010D80028BF34241B680546DB078846C7E9032276
:1010E8001ED52E4B1B685B68D3B1EFF31089012323
:1010F80083F310882A4BDFF8B0B01968DBF80000DA
:101108000A6804F10C0A01320A600068514607F1C6
:101118000C0200F04FFB0128214B0BD189F31088FA
:1011280001201C4B1A687B695A404FF000032DD0F0
:1011380001F080FF1B68211DFE681B68890845EACD
:1011480001357380358004F0E1FA164B70601B6836
:10115800F8685A6941680C30914238BFDA685961B9
:101168003CBF0132DA607968224640F8048CFFF708
:101178005BFADBF800005246F96807F110030068D3
:1011880000F086FB89F310880020CAE71C37BD46AB
:10119800BDE8F08F30000020EC040020F0040020AF
:1011A80074000020A43B0020A83B00202DE9F04F4C
:1011B80087B000AF7B603A4B3C6C1B687B614FF09B
:1011C80000030023033424F00304C7E9033304F1C4
:1011D8001003412B334B28BF30241B680546DB071F
:1011E800884616461ED5304B1B685B68D3B1EFF3B3
:1011F8001089012383F310882C4BDFF8B8B01968E5
:10120800DBF800000A6804F1100A01320A6000687D
:10121800514607F10C0200F0CDFA0128234B0BD1FF
:1012280089F3108801201E4B1A687B695A404FF0D9
:10123800000330D001F0FEFE1B6804F10801FA68D3
:101248001B68890845EA0135158053803A6004F027
:101258005DFA3A68164B50601B68F8685A6941682D
:10126800914238BFDA6859613CBF0132DA60796867
:101278002246C0E902861030FFF7D6F9DBF80000F5
:101288005246F96807F11003006800F001FB89F382
:1012980010880020C7E71C37BD46BDE8F08F00BFA7
:1012A80030000020EC040020F0040020740000202E
:1012B800A43B0020A83B00202DE9F04F89B000AFE7
:1012C8009B46BB6CFA60BB603A4BFC6C1B68FB61CD
:1012D8004FF000030023033424F00304C7E9053367
:1012E80004F11403412B344B28BF2C241B680546FA
:1012F800DB070E461ED5314B1B685B68D3B1EFF395
:101308001088012383F310882D4BDFF8BCA01968DF
:10131800DAF800000A6804F1140901320A6000686A
:10132800494607F1140200F045FA0128244B0BD175
:1013380088F3108801201F4B1A68FB695A404FF048
:10134800000332D001F076FE1B6804F10C017A69C3
:101358001B68890845EA0135158053807A6004F0D6
:10136800D5F97A68174B50601B6878695A694168E3
:10137800914238BFDA6859613CBF0132DA60FB68D4
:101388002246C0E9033BB96886601430FFF74CF980
:10139800DAF800004A46796907F11803006800F096
:1013A80077FA88F310880020C5E72437BD46BDE8E2
:1013B800F08F00BF30000020EC040020F004002073
:1013C80074000020A43B0020A83B00202DE9F04F2A
:1013D80089B000AF9B46FB6CFA60BB603B4B3C6D31
:1013E8001B68FB614FF000030023033424F003045F
:1013F800C7E9053304F11803412B354B28BF2824CE
:101408001B680546DB070E461ED5324B1B685B681A
:10141800D3B1EFF31088012383F310882E4BDFF844
:10142800C0A01968DAF800000A6804F11809013246
:101438000A600068494607F1140200F0BBF9012868
:10144800254B0BD188F310880120204B1A68FB69C3
:101458005A404FF0000334D001F0ECFD1B6804F152
:1014680010017A691B68890845EA0135158053809F
:101478007A6004F04BF97A68184B50601B687869F9
:101488005A694168914238BFDA6859613CBF0132F4
:10149800DA60FB682246C0E9033BBB6CB96886602A
:1014A80043611830FFF7C0F8DAF800004A46796956
:1014B80007F11803006800F0EBF988F310880020A2
:1014C800C3E72437BD46BDE8F08F00BF30000020D9
:1014D800EC040020F004002074000020A43B00204D
:1014E800A83B00202DE9F04F87B000AF9B46BB6CAE
:1014F800FC6C7B603B4B03341B687B614FF0000343
:10150800002324F00304C7E9033304F11C03412B2F
:10151800354B28BF24241B680546DB07884616463A
:101528001CD5324B1B685B68C3B1EFF310890123EC
:1015380083F310882E4B04F11C0A19680A680132DB
:101548000A602C4A5146106807F10C02006800F046
:1015580031F90128264B0BD189F310880120214B42
:101568001A687B695A404FF0000336D001F062FDDB
:101578001B6804F11401FA681B68890845EA0135FB
:10158800158053803A6004F0C1F83A681A4B5060ED
:101598001B68F8685A694168914238BFDA6859612E
:1015A8003CBF0132DA603B6C224643617B6CC0E988
:1015B80002867968C0F810B083611C30FFF734F8F0
:1015C8000C4B52461868F96807F11003006800F0E0
:1015D8005FF989F310880020C1E71C37BD46BDE8D4
:1015E800F08F00BF30000020EC040020F004002041
:1015F80074000020A83B0020A43B00202DE9F04FF8
:1016080087B000AF9B46FB6C3C6D7B603C4B033462
:101618001B687B614FF00003002324F00304C7E933
:10162800033304F12003412B364B28BF20241B68C9
:101638000546DB07884616461CD5334B1B685B6896
:10164800C3B1EFF31089012383F310882F4B04F102
:10165800200A19680A6801320A602D4A5146106842
:1016680007F10C02006800F0A5F80128274B0BD100
:1016780089F310880120224B1A687B695A404FF081
:10168800000338D001F0D6FC1B6804F11801FA6891
:101698001B68890845EA0135158053803A6004F0D3
:1016A80035F83A681B4B50601B68F8685A694168FE
:1016B800914238BFDA6859613CBF0132DA603B6C4D
:1016C800224643617B6CC0E902868361BB6C796802
:1016D800C0F810B0C3612030FEF7A6FF0C4B52468D
:1016E8001868F96807F11003006800F0D1F889F369
:1016F80010880020BFE71C37BD46BDE8F08F00BF4B
:1017080030000020EC040020F004002074000020C9
:10171800A83B0020A43B0020038880B51B0B0233A4
:101728009B00002000AF0B6080BD000090B583B027
:101738000446D0E90102134B00AF1B687B604FF0F1
:1017480000030023A1693B60521A90420CD2A36A9D
:1017580039461844FFF7E0FF3A6863681344A26803
:10176800B3FBF2F102FB11336360064B1A687B6826
:101778005A404FF0000301D001F05CFC0C37BD4625
:1017880090BD00BF3000002090B50446C160002025
:10179800A262074AA36063611368C4E9000043F0CA
:1017A8008003C4E9060000AF2062136090BD00BF4B
:1017B800EC0400202DE9F0410D46C1689046D0E9BF
:1017C800003201290446866800AF47D1934220D3EE
:1017D800F21AAA420BD9A16A19442B44B3FBF6F2B8
:1017E80006FB1233C8F800100020E36142E02046EF
:1017F800FFF79CFF6368043B9D42F8D82368A16A01
:10180800F31AA36100232360B5FBF6F306FB135319
:10181800E8E7043AD21A95421CD9F31AAB420BD224
:101828002046FFF783FF6368002BF9D02268A3687E
:101838009B1AA361002323602046FFF777FFD4E9B2
:1018480000310A1FD21A9542F6D819B9A26A1A4469
:10185800C8F80020A16A19442B44C3E79342A2F1B7
:10186800040111D3F01A01448D4205D90023012047
:10187800C8F80030BDE8F081A842ACD89542F5D848
:10188800A16AA0613544BFE7C91AA942E2D2EDE7CF
:10189800054980B5096800AFC9680162C16901607E
:1018A80000201A6080BD00BFA43B00200346002032
:1018B80080B59A68C3E90000C3E9052000AFD86184
:1018C80080BD0000064B80B51860FD23054A036003
:1018D8001368002043F4807300AF136080BD00BF1D
:1018E80078000020EC040020B0B588B0104C04AF9C
:1018F8002468FC604FF00004BB603B6AC7E9001233
:1019080002934FF000430246019300210323F22083
:10191800009700F0F3F8064B1A68FB685A404FF03E
:10192800000301D001F086FB1037BD46B0BD00BFF3
:101938003000002080B500AF50B139B143689B1A20
:1019480043603920FFF7DEF9002080BDEA20F9E77F
:101958000120FAE70B4A80B50346106000204FF0DB
:10196800FF32C3E90820084AC3E90000C3E90200BE
:10197800C3E90400C3E90600136800AF43F48053C9
:10198800136080BD7C000020EC04002080B500AF0F
:1019980000F0F2FB4FF4FA7008F072F9F8E7000073
:1019A80080B500AF30B1044B18600023C0E90033A4
:1019B800184680BD0120FCE780000020B0B584B047
:1019C800134C04AF23681A6832B9009311464FF4D8
:1019D80000331048FFF788FF25686B6813B10020B3
:1019E800BD46B0BD0C4A0D4902920D4A0D48CDE9DD
:1019F80000324FF4807207F0C3FD236868605B68AB
:101A0800002BECD10620FFF7CFF80120E8E700BF54
:101A18008000002036D3000884000020D9D20008B6
:101A2800E40000209519000898B50C4600AF48B1AD
:101A380041B10021216008F0B5FA2060B0FA80F0C9
:101A4800400998BD0120FCE780B5024B00AF1B6838
:101A5800186880BD8000002098B5044623F0030371
:101A68002260104600AF2C3B2C32FFF78DFE431E40
:101A78005842584198BD80B5006800AFFFF716FF7F
:101A8800002080BD2DE9F0411646024604460D4669
:101A980000F11301002052F8148B00AF11F801CFA8
:101AA800431CBCF1000F01D080280ED14146032011
:101AB800FFF7FCFA324641462846FFF723F920464D
:101AC800BD46BDE8F041FEF75DBF1846E6E70000F9
:101AD800094B0022002918BF0B4680B400AF995C5F
:101AE80009B1802A05D11946BD465DF8047BFEF789
:101AF80085BF0132F3E700BF85D500082DE9F04F17
:101B080085B09846384B02AF06460C4691461B688E
:101B18007B604FF000033D6BD7F838A0EFF3108BD4
:101B2800012383F31088384661B3FEF7F3FE68BBE0
:101B38003B681C6039682A1F0B4601EB880083420A
:101B480033D10B697A6B13430B61CAF800108BF31E
:101B58001088B9F1000F06D099F800301BB149463A
:101B68003868FFF7B5FFB8F1020F29D0B8F1030FB5
:101B78002DD0B8F1010F1DD021463046FFF750F89F
:101B8800002006E0FEF7C6FE01280BD18BF3108873
:101B98000120154B1A687B685A404FF000031FD08C
:101BA80001F048FA3B681C68C4E752F804CF43F8D0
:101BB80004CFC4E7214630462A68FFF7A3F8DFE7D9
:101BC8002146D5E900233046FFF710F9D8E7AB687E
:101BD800214600933046D5E90023FFF77DF9CFE78A
:101BE8000C37BD46BDE8F08F3000002090B589B0B5
:101BF80004AF7B600D4B1B68FB604FF0000307F1DF
:101C080008030293002301933B1D00930123FFF770
:101C180075FF064B1A68FB685A404FF0000301D065
:101C280001F008FA1437BD4690BD00BF300000200F
:101C3800F0B583B0134B00AF0446154608461B6841
:101C48007B604FF00003EFF31086012383F31088C5
:101C58003946FEF7B9FE01280AD186F31088094BE8
:101C68001A687B685A404FF0000307D001F0E2F988
:101C78002A4621463868FFF705FFEEE70C37BD46D0
:101C8800F0BD00BF300000202DE9F04182B0174BB5
:101C980000AF06460D461B687B604FF00003EFF36C
:101CA8001088012383F310883946FEF78DFE01283A
:101CB800044605D13846FEF72DFE30B93B681E6054
:101CC80029463868FFF704FF044688F31088074B55
:101CD8001A687B685A404FF0000301D001F0AAF956
:101CE80020460837BD46BDE8F08100BF300000201F
:101CF8002DE9F04387B006AF0D46164698460146D3
:101D08003C6A40B9DFF8E490D9F800100B6853B189
:101D1800D9F800301968B8F1050F09D8DFE808F0DC
:101D28000D16232F3E50304800F038FA0128EFD125
:101D380001200437BD46BDE8F08333462A4691208A
:101D48000437BD46BDE8F043FFF7B0B922689220DA
:101D5800131D23602B463E6212680437BD46BDE85A
:101D6800F043FFF723BA2068034653F8082B236093
:101D7800CDE9005643689320FFF79EFAD9E720681B
:101D880000F10C0CD0E90023C4F800C0CDE90156DD
:101D9800806800909420FFF719FBCAE7206800F1DB
:101DA800100ED0F808C0D0E90023C4F800E0CDE94F
:101DB8000256C068CDE900C09520FFF793FBB8E74D
:101DC800206800F11408D0E90023D0E902CEC4F855
:101DD8000080CDE903560069CDF800C0CDE901E0E7
:101DE8009620FFF70BFCA4E742D30008E404002088
:101DF800064A80B5034610600020054AC3E9000082
:101E0800136800AF43F40043136080BDE40400206E
:101E1800EC04002090B583B00C4B02AF1B681B0488
:101E280012D50B4B002908BF19460023CC5C5A1C5D
:101E38000CB1802B06D100230093FFF759FF04371C
:101E4800BD4690BD1346F1E70120F8E7EC040020F9
:101E580085D50008F0B583B0114B15461B6802AF55
:101E68001B041AD50F4B002908BF194600231C462E
:101E78000E5D621C0EB17F2C05D90095FFF738FF67
:101E88000437BD46F0BD252E05D18E5C1EB1144623
:101E9800252E18BF01330134EAE70120F0E700BF1F
:101EA800EC04002085D500080EB480B583B0114B32
:101EB80000AF1B687B604FF000030F4B79691B680C
:101EC8001B040ED507F118033A463B60FFF7C2FF23
:101ED800084B1A687B685A404FF0000303D001F0A2
:101EE800A9F80120F4E70C37BD46BDE8804003B0EF
:101EF800704700BF30000020EC04002080B5054A80
:101F0800054B00AF18601368002043F4802313606A
:101F180080BD00BFEC040020E8040020F8B53E4E68
:101F280000AF3568002D74D103F0D6FB3B4C3C481C
:101F3800C0E90055206085601430FEF7BBFC01281D
:101F480001D10120F8BD206800F557503030FEF768
:101F58002FFC0128F5D0206800F55750343000F0E8
:101F6800ADF90128EDD02068543000F035FA012889
:101F7800E7D0206800F557501830FEF72BFC0128F1
:101F8800DFD0206800F557502C30FFF79BFC012864
:101F9800D7D0206800F54D500430FFF7AFFF012877
:101FA800CFD0206800F556500430FEF727FE0128F0
:101FB800C7D0206800F556500C30FFF719FF0128EC
:101FC800BFD0206800F556501430FEF7BBFD01283D
:101FD800B7D0206800F556502030FFF7BBFC012829
:101FE800AFD0206800F55750103000F007F90128ED
:101FF800A7D0206800F557500830FFF7D1FC01281A
:102008009FD04FF0FF322368DA60336843F0010352
:102018003360002096E700BFEC040020F0040020A5
:10202800F404002090B500AFD0B10E4A0E4B00F179
:102038001F04C0E900230D4A00F1170312F8011B21
:1020480003F8011F09B1A342F8D1002340F201327D
:10205800C0E902324FF0817203614261184690BDB7
:102068000120FCE7004653500E00A11A4AD300088D
:102078002DE9F04182B0284B00AF05461B687B6014
:102088004FF00003FFF74AFF0128044609D1012455
:10209800214B1A687B685A404FF0000336D000F095
:1020A800C9FFFFF78BFC0128F1D0022D05D11B4B8E
:1020B8001B685B68002BEBD1FEE7012D22D1174E80
:1020C80033685B68012BE3D0154B1B689A680AB923
:1020D800144A9A60EFF31088012585F3108800F000
:1020E800E7F9114B04221B6839461B6828463B60F8
:1020F800FEF76AFF33681A682A44C3E9002588F3A3
:102108001088C5E72C1E18BF0124C1E720460837F0
:10211800BD46BDE8F08100BF30000020F00400207B
:10212800A43B0020000E27079C3B0020084B80B5ED
:102138001A6800AF52684AB1EFF31082012181F3A7
:10214800108800211B68596082F31088002080BD28
:10215800F004002080B5074B00AF1B6843B138B1CD
:1021680031B15433036043F2F02300200B6080BD8B
:102178000120FCE7F004002080B5064B00AF1B6887
:10218800DB0705D5044B1B685B680BB1FEF75CFBEE
:10219800002080BDEC040020F0040020F0B583B0DE
:1021A800154B00AF044638460D461B687B604FF060
:1021B8000003FEF7AFFB012810D00022A35C561CD9
:1021C8000BB11C2A13D121463868FEF717FC396871
:1021D8003346224603202960FEF768FF064B1A683B
:1021E8007B685A404FF0000303D000F023FF3246CB
:1021F800E4E70C37BD46F0BD30000020064B80B543
:1022080018600223054A03601368002043F4801312
:1022180000AF136080BD00BF9C3B0020EC04002091
:10222800B0B582B0104B00AF0C46394605461B6866
:102238007B604FF00003FEF7C7FB012807D03B681F
:102248002246294604205C60FEF75CFD0020064B10
:102258001A687B685A404FF0000301D000F0EAFE8C
:102268000837BD46B0BD00BF30000020B0B5104BE8
:102278000A461B6800AFDB0706D50E4C0E4B2568D7
:10228800696819B91B6818600120B0BD0121A960EF
:10229800EFF3108581F310881B680146186037201A
:1022A800FEF730FD022223689A6085F31088ECE778
:1022B800EC040020F00400209C3B0020114B90B55A
:1022C8001860002302466424C0E9003300AF83602D
:1022D80000F17801C2E90333C2E90533C2E90743D3
:1022E80018328A42F6D1084AC0E92933C0E92B33AB
:1022F800C0F8843080F888301368002043F4000365
:10230800136090BDA03B0020EC04002080B500AF16
:1023180020B1034B1B689860002080BD0120FCE7BA
:10232800A03B0020F0B583B01B4B00AF1B687B605F
:102338004FF00003002305463B6003F0E7F9174B15
:1023480004461B685A69586190423EBFDA680132F8
:10235800DA60134B1B685E6858604DB901200E4B5C
:102368001A687B685A404FF0000311D000F062FEF3
:1023780039462846FFF758FB0128EFD03A6813681A
:10238800002BEBD0536800209B1B23445360E6E7E7
:102398000C37BD46F0BD00BF30000020A43B002034
:1023A800A03B00200A4A80B5034610604FF47A72B9
:1023B8001A61012200201A60064AC3E901009861E7
:1023C800D8605861136800AF43F40013136080BDF0
:1023D800A43B0020EC04002098B5044600AF08B9DF
:1023E800012098BD304B314A1860031D13604FF42B
:1023F80020530121C0F8DC3A00F52E62FFF72CFBD0
:102408000128EDD004F11400FFF70CFE0128E7D0F5
:1024180004F15000FEF75CFA0128E1D004F1340021
:10242800FFF7C0FF0128DBD00A2204F5405383F8E8
:10243800E0220B2283F8E1220C2283F8E2220D220B
:1024480083F8E322712283F8E422722283F8E522DA
:10245800732283F8E622742283F8E722F12283F8B4
:10246800E822F22283F8E922F32283F8EA22F4220E
:1024780083F8EB2205232372062363720723A372D2
:102488000823E37275232373762363737723A37377
:102498007823E373F5232374F6236374F723A37473
:1024A800F8230020E3749CE7A83B0020AC3B002005
:1024B80080B4044B00AF1868BD465DF8047BFFF795
:1024C800DABA00BFA83B002098B5144600AF044A0A
:1024D80008F0FEFB10B12060002098BD0120FCE749
:1024E80053D3000898B5144600AF044A08F0F0FB2F
:1024F80010B12060002098BD0120FCE764D30008DB
:10250800B0B50C46054600AF28B92949294808F056
:10251800CDFB0120B0BD09B92749F7E740F63442A1
:1025280000212648FEF7F6F8254B1D60254B1C6058
:10253800224B181D00F022FF012801D12249E5E7AE
:102548001E4B03F1A40001F0F6F9012801D11F493F
:10255800DCE71A4B03F5037000F028F9012801D1D4
:102568001B49D3E7154B03F5787000F027FE0128C7
:1025780001D11849CAE7114B03F1B00000F038FA4D
:10258800012801D11449C1E70C4B03F1A80001F05F
:1025980077F8012801D11149B8E701F0A3F901231F
:1025A800064A0020136000F013FF0020B2E700BFC6
:1025B80076D30008A7D30008AAD30008383C002027
:1025C800343C0020303C0020D6D300080CD400084E
:1025D80045D4000879D40008ADD40008E1D4000837
:1025E80080B40449044800AFBD465DF8047BFFF79A
:1025F80087BF00BFD1240008ED24000880B5024B36
:1026080000AF186880BD00BF383C00200023024698
:1026180090B500F1400100AF83710361C2E9053351
:1026280008328A42FAD1437280F89C30084B002263
:1026380019680B4601F1C00483F81821C3E9442244
:102648001833A342F8D1C1F8D021C0F8082190BDB1
:102658006C48002080B500AF01F094F8002080BDE0
:1026680080B400AFBD465DF8047B01F051B880B579
:1026780000AF00F005FA002080BD80B400AFBD4671
:102688005DF8047B00F0C8B92DE9F04F8BB0002449
:10269800DFF8149104AFD9F80060424B0436796032
:1026A800054607F1100130461B687B614FF00003B7
:1026B8003C6100F08FFD012809D10120394B1A68CF
:1026C8007B695A404FF0000367D000F0B3FC3869CB
:1026D800A8470128F1D0D9F80030D3F8D021A24278
:1026E80001D80020EAE7182202FB04FA03EB0A02E9
:1026F800D2F81451621C92B2FA600AF58C723A60F0
:1027080007F1100200920AF58C72134430462A46EB
:10271800F96800F09BFD012801D10134DBE7386935
:102728007B6898470128C8D04FF4FA634FF0000837
:10273800013DB5FBF3F5C3460135ABB2BB60BA68E2
:10274800D9F800309345E8D203EB0A01D1F81451C7
:1027580007F11000A5EB0805B5F5FA6F28BF4FF48F
:10276800FA6503900BF101021FFA82FB3A683046C2
:102778001344CDE90153D1F810315A46434400932C
:10278800BB68F96800F0C4FD0128D8D038697B68B7
:102798009847012891D0A844D1E71C37BD46BDE829
:1027A800F08F00BF300000206C480020B0B582B028
:1027B800044600AF38B91949194808F077FA0120DA
:1027C8000837BD46B0BD174B482218600023C0F833
:1027D800D03101237A60144A40F8043B62604FF418
:1027E8007F6222810322A272082222737A682361FF
:1027F800E2726822A2730D4A04F1570304F19F059F
:1028080012F8011B03F8011F09B1AB42F8D1FFF719
:10281800FDFE074B0020C4F80831D1E717D50008A2
:10282800A7D300086C4800205044666D45D50008C1
:102838006D6644502DE9F84300AF80460D461646B4
:1028480000F01CFE10B90120BDE8F883144B1C6889
:10285800002CF8D02368002BF5D0002EF3D0002DE3
:10286800F1D02B78002BEED004F104094846FFF78D
:10287800CDFE0323C4F81480A37200F0ABFE012838
:10288800E1D06B1E9F34673513F8012F04F8012F30
:102898000AB1AB42F8D10020C6F80090D4E700BFD7
:1028A8006C480020F8B500AF04460E46154600F007
:1028B800E5FD58B10C4B1B6843B11A6832B12CB115
:1028C800587B072804D9042000F0A8FE0120F8BD91
:1028D80004EBC00046615A7B002004EBC204A561EA
:1028E8005A7B01325A73F2E76C4800202DE9F04117
:1028F80000AF0546884616461C4600F0BFFD38B3B3
:10290800144B1B6823B31A6812B30DB3B8F1000F48
:102918001ED0EEB1E4B12278D2B1D3F8D051072D50
:1029280016D8182068431A18C2E9448600F217120C
:10293800611E1A440F3411F8010F02F8010F08B193
:10294800A142F8D100200135C3F8D051BDE8F0818B
:102958000120FBE76C480020B0B500AF04460D46E7
:1029680000F08CFD50B1064B1B683BB11B682BB1C6
:1029780024B11DB100209C342C60B0BD0120FCE7BF
:102988006C480020B0B500AF04460D4600F076FD57
:1029980010B1124B1B680BB90120B0BD1B68002B8E
:1029A800FAD0002CF8D00023EA05C4F8083109D57C
:1029B8000B490C48FFF768FE20B92046FFF726FEB2
:1029C8000020EAE7AB0505D507490848FFF75CFE94
:1029D8000028F2D02046FFF719FEDDE76C480020FA
:1029E80077260008832600085D2600086926000867
:1029F80098B5044600AF08B9012098BD043001F02D
:102A080045F80128F8D0034B00201C6001232360FF
:102A1800F3E700BF7048002090B583B0164B00AFB5
:102A28001B687B604FF000030023FB70134B0446C8
:102A38001B684BB90120104B1A687B685A404FF04D
:102A4800000316D000F0F6FA1B68002BF2D000F055
:102A580015FD0028EED0002CECD0F81C00F0F0FD9D
:102A68000128E7D0FB78002BE4D0204601F016F8C7
:102A7800E1E70C37BD4690BD3000002070480020CB
:102A880090B583B0164B00AF1B687B604FF0000316
:102A98000023FB70134B04461B684BB90120104BF5
:102AA8001A687B685A404FF0000316D000F0C2FA4B
:102AB8001B68002BF2D000F0E1FC0028EED0002CBF
:102AC800ECD0F81C00F0BCFD0128E7D0FB78002B07
:102AD800E4D0204600F0E9FFE1E70C37BD4690BDA1
:102AE800300000207048002080B500AFBFF34F8F42
:102AF8000549064BCA6802F4E0621343CB60BFF392
:102B08004F8F00BFFDE700BF00ED00E00400FA05AD
:102B18000FB40648009901600199416002998160EB
:102B28000399C160614601610FBC7047E44A002007
:102B380000224FF0FF3180B5034B00AFC3E900120C
:102B4800C3E902221A6180BD34000020144B2DE92C
:102B5800F0411B68134A144E1A44B2F5967F34BFED
:102B6800124A03F59672124800AFC6E9003208F01F
:102B780031F804463568D6F8048025F00305454544
:102B880008D2224628460A4908F062F828B90134D2
:102B98002C4474600448BDE8F0810435EFE700BFB9
:102BA8007C4800202C01F4DF00000020FCFF0B20F3
:102BB80086D500082DE9F04F87B000245C4B02AFA2
:102BC8001B68FB604FF0000302685A4B5A4D1A60AD
:102BD8005A4B5B4A5B4E1A605B4B80461C602B6805
:102BE8003C60A3423460C0F28980A86800F084FE8B
:102BF800EB680446CDE9000380216B68534A5448CA
:102C080008F066F8D5F800B00023DFF87091C9F82D
:102C18000030504B1B68DB0714D54F4B1B685B68B3
:102C280083B10123DFF858A1C9F80030DAF8003081
:102C38001BB951464948FFF7B1FA4549DAF800008F
:102C4800FFF7E8F84649474808F030F84049454852
:102C580008F02CF84449434808F028F85846394AFF
:102C68003B49FFF7E7FD00285BD1384600F06CFED2
:102C780020213868D6F800A000F04FFE0121024656
:102C88005046FFF70FFED8F8002007213068FFF7FD
:102C980009FE2B68D6F80080002B3BDB202120465C
:102CA80000F03BFE022102464046FFF7FBFD0421EF
:102CB800EA683068FFF7F6FDD9F800306BB10023F9
:102CC80007F10801381DC7E90133FFF743FAD7E9CF
:102CD8000112264B3068FFF709FE2549214807F005
:102CE800E5FF21491F4807F0E1FF114B1A68FB680F
:102CF8005A404FF0000316D000F09CF94FF0E02343
:102D08008021D3F8283D1B4A114807F0E1FF40F223
:102D1800014B79E74FF0E02306214046D3F8282DF0
:102D2800C8E71549DAE71437BD46BDE8F08F00BF9C
:102D3800300000207C48002034000020D84A0020C1
:102D480080480020004B0020FC4A002051D5000894
:102D5800B03B0020EC040020F00400206AD50008F5
:102D68005DD50008A7D3000884D50008B1D50008B0
:102D7800C0D5000893D50008DBD50008DC4A002040
:102D8800E04A00202DE9F04182B03E4B3E4D00AFB5
:102D980006461B687B604FF0000328683B4B1446CF
:102DA800C31A02FB0133B3F5167F13D30122384B44
:102DB8001A60344B1A687B685A404FF0000301D000
:102DC80000F038F9334934480837BD46BDE8F041CA
:102DD80007F06CBF314BD3F800C0314B9C4504D091
:102DE80030492D4807F062FFFEE742B9254B1A68C3
:102DF8007B685A404FF00003E2D12B49E3E70229F0
:102E080014D0042923D0012932D13146FDF70CFC16
:102E18002B6823442B601B4B1A687B685A404FF081
:102E28000003CDD10837BD46BDE8F0814FF000085A
:102E380036F81830022239463B80FDF7F5FB286842
:102E480008F10108023044452860F1D1E3E74FF06A
:102E5800000856F82830042239463B60FDF7E4FBA9
:102E6800286808F10108043044452860F1D1D2E708
:102E7800044B1A687B685A404FF00003A0D10B49F5
:102E8800A1E700BF30000020D84A00208048002079
:102E9800FC4A002007D60008A7D30008184B0020DA
:102EA800ED55CEAC35D6000884D60008B0D600085B
:102EB800F0B583B0344D354E286800AF002840D0B7
:102EC800334A3168334B13EA210338BF1346324A79
:102ED800126852B9314A32491268521AFFF706FD90
:102EE80018B13049304807F0E1FE304B1C6854B146
:102EF8002F4B1C6814F0010405D02E4B1A68536838
:102F0800EBB1002353604FF4E0612868FFF73AFD06
:102F180018B12949244807F0C9FE3368013325D080
:102F28003369012B13D125491F4807F0BFFE002341
:102F3800234A3B603B68934205DDFFF7D5FD1C46FD
:102F4800E1E70446E9E73B6801333B60F2E71CB17F
:102F58000122184B1B685A60FFF7EAFD0120002385
:102F6800124A0C372B601360BD46F0BD13490E485A
:102F780007F09CFE0023124A7B607B689342DCDCEE
:102F88007B6801337B60F8E7004B002034000020A9
:102F9800CFD60008D8D60008FC4A0020D84A00201E
:102FA80080480020E2D60008A7D30008DC4A0020A9
:102FB800EC040020F00400200BD7000870D50008AE
:102FC8003F420F0080B500AFEFF3058363B9EFF31D
:102FD8001482920708D5EFF30B81074A116083F337
:102FE8000B88BFF36F8F80BDEFF30A82034B1A6023
:102FF800002383F30A88F4E7784800207448002007
:1030080080B500AFEFF3058353B9EFF314839B0743
:1030180006D5064B1B6883F30B88BFF36F8F80BD03
:10302800034B1B6883F30A88F7E700BF7848002042
:103038007448002080B500AFFFF76AFD05220C4BED
:1030480040F2ED111A600B4A5A600B4A9A6001224D
:10305800C3E90312FFF7D2FA30B1FFF7B3FFFDF768
:10306800E7F8FFF7CDFFFEE7FFF762FDFBE700BFDC
:103078003400002026D7000837D700082DE9F04F84
:1030880089B01646002200AFC7E90110D7E9155AE2
:103098009846D7E91393454CFB60454BD4F800B0EC
:1030A8001B68FB614FF00003C7E90422BA61B9F15C
:1030B800000F09D101203E4B1A68FB695A404FF0B6
:1030C80000036ED0FFF7B6FF99F80020002AF1D070
:1030D800FB68002BEED0002DECD0BAF1000FE9D040
:1030E800002EE7D04645E5D807F1100000F0E0F9DA
:1030F8000128DFD007F1140000F07EFA0128D9D0AA
:1031080007F1180000F01EFA0128D3D0294B2A4AEB
:103118002068CBE901327A69BB68CBF814204FF0FC
:103128002012ABF80C307B683969ABF80E30BB6CF9
:10313800ABF81060ABF81C30CBF81820ABF8128055
:103148002022CBF820502430FDF76EFA2068202288
:10315800B9694430FDF768FA20684946BA6C6430AA
:10316800FDF762FABB6C206803F1600604302A465A
:10317800F9683044FDF758FA5B4622689BF8070067
:1031880004323244505551199BF8062000204A70E9
:103198009BF805208A7013F8042FCA70CAF800300B
:1031A80089E72437BD46BDE8F08F00BF044B0020F7
:1031B80030000020D1D2D3D4F00F0100034680B5EF
:1031C800012000AF1BB118600020014A136080BDC8
:1031D800044B0020F0B589B000261A4B06AF1B68D7
:1031E8007B604FF00003184B04461B680D463E6099
:1031F8004BB90120134B1A687B685A404FF0000303
:103208001CD0FFF717FF1B68002BF2D00028F0D066
:103218003946FFF7A1FB0128EBD04FF48673CDE9BF
:10322800024304953B6831460193682300930123C8
:1032380041F212501A46FFF721FFDBE70C37BD4673
:10324800F0BD00BF30000020044B00202DE9F047FE
:1032580090B01C4606AF294B80460E461546002105
:10326800242238461B687B624FF00003D7F848A039
:10327800FDF750FA224BB9461B68002B37D01B6864
:10328800002B34D0B8F1000F31D085B37CB323784C
:103298006BB3BAF1000F2AD01A4A1B4BBD60C7E9BD
:1032A800002304F10F00631E07F10B0213F8011F3E
:1032B80002F8011F09B18342F8D1144B3146FB6172
:1032C8002423CDE9029310230093012344F21860CC
:1032D8001A46CDF810A00194FFF7D0FE074B1A68E4
:1032E8007B6A5A404FF0000303D0FFF7A3FE01208A
:1032F800F4E72837BD46BDE8F08700BF300000205E
:10330800044B002050446150F00F031050614450AA
:1033180090B587B00C4C06AF24689CB124688CB17A
:1033280080B1F86904907869039038690290B869A7
:1033380001901020009048F27130FFF79FFE04378B
:10334800BD4690BD0120FAE7044B002080B50A4B2A
:1033580000AF1B6873B11B6863B158B151B1C36941
:10336800828A24331344C28A1344028B00201344F4
:103378000B6080BD0120FCE7044B002080B500AF46
:10338800F0B11049104B41604FF480710122186070
:10339800002301810D49C0E903228272C0F89C30E4
:1033A80080F87C3080F85C3000F1130211F8013BA2
:1033B80002F8013F002BF9D101220260184680BDB6
:1033C8000120FCE703922871084B002045D500082E
:1033D800F0B585B0254B00AF1B68FB604FF00003CC
:1033E8000023234DC7E901332B6806464BB901205A
:1033F8001E4B1A68FB685A404FF0000332D0FFF7A3
:1034080019FE1B68002BF2D0FFF7F8F80028EED061
:103418002B68184C5B68A34201D10020E8E708211B
:10342800381D00F05BF980B97B68012B0DD1BB68B2
:10343800114A934209D0A2F10752A2F51F12012E98
:10344800A2F16E020BD1934206D101230821381D47
:10345800C7E9013400F028F92B685C60DDE7934286
:10346800FAD1C4E71437BD46F0BD00BF30000020D4
:10347800084B0020252715157152109398B50A4C52
:1034880000AF23680BB9002098BD1B68002BFAD049
:10349800FFF7B4F80028F6D023685868034BC31A1E
:1034A80058425841F0E700BF084B00202527151562
:1034B8002DE9F04182B0204B00AF1B687B604FF0D4
:1034C800000300231D4E3B60336804464BB90120BE
:1034D800194B1A687B685A404FF0000328D0FFF751
:1034E800A9FD1A68002AF2D00028F0D093F87C5081
:1034F800D5B99A7A012AEAD1114AD2F80080B8F1EE
:10350800000FE4D03A461F2103F17C00C047012890
:10351800DDD0336893F87C20002AD8D03A681F2A77
:10352800D5D81A4482F87C507C3300202360CFE73A
:103538000837BD46BDE8F08130000020084B002068
:10354800343C00202DE9F04182B01F4B00AF1B68CE
:103558007B604FF0000300231C4E3B603368044639
:103568004BB90120184B1A687B685A404FF000038A
:1035780025D0FFF75FFD1A68002AF2D00028F0D0A6
:1035880093F85C50BDB9124AD2F80080B8F1000F28
:10359800E7D03A461F2103F15C00C0470128E0D07C
:1035A800336893F85C20002ADBD03A681F2AD8D801
:1035B8001A4482F85C505C3300202360D2E7083755
:1035C800BD46BDE8F08100BF30000020084B002058
:1035D800303C002080B5074B00AF1B6843B11A6828
:1035E80032B10020D3F89C200132C3F89C2080BD62
:1035F8000120FCE7084B002080B5074B00AF1B6893
:103608003BB11A682AB120B1D3F89C30036000207E
:1036180080BD0120FCE700BF084B002080B5074BA8
:1036280000AF1B683BB11A682AB11A69012A02D196
:103638001861002080BD0120FCE700BF084B002076
:1036480080B5064B00AF1B6833B11A6822B118B1B8
:103658005B7A0370002080BD0120FCE7084B002046
:1036680080B5064B00AF1B6833B11A6822B118B198
:103678001B7A0370002080BD0120FCE7084B002066
:1036880098B500AF08B9012098BD064C20600430F9
:1036980000F012FA0128F6D00122236800201A60EF
:1036A800F2E700BF0C4B0020B0B50B4B04461B687B
:1036B8000D4600AF6BB11B685BB1FFF7DFFE40B191
:1036C8003CB135B129462046BD46BDE8B04000F0C2
:1036D800F7B90120B0BD00BF0C4B0020B0B50B4BB3
:1036E80004461B680D4600AF6BB11B685BB1FFF762
:1036F800C5FE40B13CB135B129462046BD46BDE8BE
:10370800B04000F0E1B90120B0BD00BF0C4B002073
:1037180090B583B0194B00AF1B687B604FF0000376
:103728000223FB70164B04461B684BB90120134B50
:103738001A687B685A404FF000031CD0FFF77AFCE8
:103748001B68002BF2D0FFF799FE0028EED0002C62
:10375800ECD0F81CFFF784FF0128E7D0F97800299E
:10376800E4D04B1E59425941204600F0B1F9421E9F
:1037780050425041DBE70C37BD4690BD3000002079
:103788000C4B002090B583B0194B00AF1B687B60D1
:103798004FF000030223FB70164B04461B684BB91D
:1037A8000120134B1A687B685A404FF000031CD065
:1037B800FFF740FC1B68002BF2D0FFF75FFE0028E4
:1037C800EED0002CECD0F81CFFF74AFF0128E7D018
:1037D800F9780029E4D04B1E59425941204600F09F
:1037E8007BF9421E50425041DBE70C37BD4690BD85
:1037F800300000200C4B0020B0B586B02F4B02AF34
:103808001B68FB604FF000030023826AC7E901339D
:10381800036A041D934244D900932346284A802111
:10382800284807F055FA3A4606202649FFF702F8D5
:1038380070BB254D2B681BB929462448FEF7AEFC02
:1038480020492868FEF7E6FAFEF770FC07F1080140
:10385800381DFEF77FFCD7E901121D4B3868FFF7CA
:1038680045F81C2120463D6800F057F80121024622
:103878002846FFF717F84FF4E0613868FFF782F839
:1038880018B11449144807F011FA0120FEF7F0FBAB
:103898000A4B1A68FB685A404FF000030AD0FFF73A
:1038A800C9FB426A0093934238BF0C4A234628BF9B
:1038B8000B4AB4E71037BD46B0BD00BF300000204A
:1038C80090D70008B03B0020104B00206AD50008B4
:1038D800B1D500080BD70008A7D30008BED7000849
:1038E800ECD7000880B4034800AFBD465DF8047B00
:1038F800FEF70CBD0138000898B500AF044607F084
:1039080069F928B102460138235C2F2B02D11444EF
:10391800204698BD5C2BF4D1F9E780B500AF30B1F3
:103928000346014400201A780AB18B4200D180BDB9
:1039380010440133F7E780B5034600AF10B100200B
:10394800186080BD0120FCE798B5044600AF08B9AF
:10395800012098BD06F05AFB0028F9D006F008F8B7
:1039680020600020F5E700002DE9F04786B03D4BC8
:103978003D4E00AF1B687B614FF00003336804467F
:103988004BB90120374B1A687B695A404FF0000346
:1039980064D0FFF74FFB0028F3D0391DFFF7D6FCA2
:1039A8000128EED07B68B3F5803FEAD22F49304832
:1039B80007F07CF900252146D7F8048008EB0400BD
:1039C80081421BD14FF000091423B9FBF3FAC84513
:1039D80003FB1A9A20DCBAF1000F03D025492448CA
:1039E80007F064F92B465021234A306807F070F934
:1039F80031681F4807F05AF90020C3E711F8012B76
:103A08006A4082EA0212D2B2D30083EA022383EA2E
:103A1800152383EA1215D3E70A2114F80930174A47
:103A280007F1080007F054F9BAF1000F03D114495F
:103A38000F4807F03BF90E4807F1080107F036F97F
:103A4800104B09F1010903FB09F30F4AB2EBB30F5D
:103A5800BAD30849064807F029F9B5E71837BD462B
:103A6800BDE8F08730000020144B002029D800085A
:103A7800A7D3000879D8000855D8000846D8000808
:103A88004CD80008CDCCCCCCCCCCCC0C80B5024BDF
:103A980000AF1860002080BD144B002080B400AF38
:103AA800BD465DF8047BFFF75FBF80B400AFBD463D
:103AB8005DF8047BFFF758BF80B5002000AF80BDDC
:103AC80080B5012000AF80BD80B5012000AF80BD6A
:103AD80080B5012000AF80BD80B5012000AF80BD5A
:103AE80098B5044600AF20461CB154F80C3B01338E
:103AF80000D198BD08220121FFF744F954F80C0CB5
:103B080054F8082C14F8041C121AB2FBF1F2FFF74F
:103B180039F9E8E72DE9F041A8B0C26A604B00AF77
:103B280012F0040F1B68C7F89C304FF00003D0E96F
:103B3800003118BF0B46C7E90003D0064CBF03F19C
:103B4800200203F16802DB690021DB0903F00403AA
:103B58001343FB604FF0E023B960D3F8883D042697
:103B680003F4A003A3F5A0014B424B41BB60002323
:103B78004FF001084B4C3B614B4D07F10C002C609A
:103B8800FFF718F8042201214848FFF7FBF8042240
:103B9800012107F10800FFF7F5F8102201217868E4
:103BA800FFF7F0F83868202201210C30FFF7EAF817
:103BB8007868042201211030FFF7E4F8042201217B
:103BC80007F10C00FFF7DEF878680C2201211430A9
:103BD800FFF7D8F80C2201213868FFF7D3F8BB6843
:103BE800DA0718D53B68DB6ADB0650D407F15400C6
:103BF800FCF788FB79684022203107F11400FCF7B4
:103C080013FD7B681B6EC7F894308422012107F1ED
:103C18001400FFF7B7F8FEF799FFFFF761FF4FF0C1
:103C2800E023D3F8003D03F47023B3F5402F0ED002
:103C38001F4B07F114007B611433BB614FF0FF3356
:103C48003E77C7E9083387F82880FFF749FF2B68D4
:103C5800A34208D0174B0422012107F19800C7F8A6
:103C68009830FFF78FF8FFF723F9002884D03B69D5
:103C78001BB17A68936902339361094B1A68D7F8C4
:103C88009C305A404FF0000306D0FFF7D3F907F1F4
:103C98001400FCF731FBB8E7A037BD46BDE8F0815A
:103CA80030000020ED55CEAC184B0020BDE50008D3
:103CB80028ED00E0ACCE55ED90B41346054C064A0D
:103CC80000AF002908BF224601460448BD4690BC03
:103CD80006F0ECBF83D800087ED8000888D8000812
:103CE8004368B0B50F2B85699DBF0F4A1B01D1589A
:103CF8000E49436904462A460D4800AF06F0D6FF30
:103D0800062D04D063680F2B9CBF0133636000232A
:103D180001222046C4E90232C4E90533BD46BDE8A4
:103D2800B04000F087BA00BFC4E500089DD800087D
:103D3800A5D800082DE9F04391B0954B02AF1B6858
:103D48007B634FF00003934B07F1240203F108054E
:103D5800144618685968083303C4AB422246F7D1A1
:103D680018681B792060237107F1080000F01EFA1B
:103D780038BB894800F0A0FA07F1080000F016FAED
:103D8800BA688649864806F091FF7B69082B07D1F7
:103D9800BA688249834806F089FF002005F048FC8C
:103DA800FB680F2B9EBF80491A018A58796988BF22
:103DB8007E4A0239052921D8DFE801F0932089518C
:103DC800148EF968102903D9794806F06FFFD0E7F7
:103DD800BB697848CDE9001370497B69BA6806F079
:103DE80065FFD2E73969744806F060FF00210123B6
:103DF800C7E9041307F1080000F01CFA6F4C2368A8
:103E0800DA0773D56E4B1B685B68002B7BD06D4956
:103E18006D48FEF7C3F9B0FA80F16C4A6C4849095D
:103E2800FFF74AFF604EFA680F2A77D90823002463
:103E3800F818C7E9044300F0FDF9BA68574959482A
:103E480006F034FF204605F0F3FB514B1A687B6BF4
:103E58005A404FF0000300F01F81FFF7EBF80F2BDB
:103E68002ED8514C1A0104EB03133D695B68AB4231
:103E780026D1A6585748D7E90723314606F016FF3A
:103E8800F9693046B1FA81F1534A4909FFF714FF3D
:103E980097F82010514AC1F3400181F001013046E2
:103EA80001F00101FFF708FFFB68294601330F2BDA
:103EB800FB609ABF1B01E2583C4A3F4806F0F6FEF9
:103EC80000230122C7E90733C7E9043292E74FF01C
:103ED800FF33FB6104233B6207F10800FFF700FF93
:103EE8008CE74FF0FF33FB610223F4E7FEF716F887
:103EF800B0FA80F13A4A36484909FFF7DDFE2368EF
:103F0800DB073FF57FAF0120FEF7B2F8B0FA80F18A
:103F1800344A2F484909FFF7CFFE78E71301F458D0
:103F280006EB02152146304806F0C0FE95F80890C9
:103F3800D5F80480B9F1010F5ED1032300257B6118
:103F4800BB6907F108000133BB61C7E90755C7F82A
:103F5800108000F06FF92146244806F0A7FE42F2CF
:103F68000F727D607B6893420CD9BFF34F8F204955
:103F7800204BCA6802F4E0621343CB60BFF34F8F53
:103F880000BFFDE700BF7B6801337B60EAE700BF45
:103F98003000002086D500089FFBB392E2D80008C5
:103FA800E8D8000861D90008C4E50008DAD8000894
:103FB80002D9000831D900087ED90008EC04002095
:103FC800F00400202890002002DA00080CDA00082B
:103FD800ECD9000892D90008C1D90008CDD9000849
:103FE800DAD90008F4D9000825DA000837DA000819
:103FF80000ED00E00400FA05294B424618682949FB
:10400800FDF752FF0023C7E90733A9F10203012B8B
:10401800C7F810802ED8244A244B07F10800B9F1BC
:10402800020F14BF90469846FB680133FB600623D5
:104038007B61BB690133BB6100F0FCF84246214655
:104048001B4806F033FE2046EB6898472146024697
:10405800184806F02BFE0023012207F10800C7E9E3
:104068000432C7E9073300F0E5F84FF4967005F01D
:1040780007FED8E6022307F108007B6100F0DAF8B2
:10408800EB6820469847214602460B4806F00EFE8C
:10409800FB680133FB60DEE73C37BD46BDE8F083D3
:1040A8002890002058DA000844D30008DED8000819
:1040B80062DA00087EDA0008B1DA000880B5024B3F
:1040C80000AF186880BD00BF2890002090B585B06B
:1040D800194804AF06F0EAFD00F082FCFDF71EFF68
:1040E80038B1164806F0E2FD4FF0FF300437BD4600
:1040F80090BDFEF775FA08B11148F3E70120FDF706
:10410800B7FF044608B10F48ECE700F0B7FC0E4BC8
:104118004FF4805202930D4B0D49019303230D4830
:104128000093234605F02CFA08B90B48DAE705F0A6
:104138009DFB0A48D6E700BFC6DA000805DB000881
:104148002EDB000855DB0008C88F0020C84F002070
:1041580079DB00083D3D000882DB0008A6DB00088B
:1041680090B589B0104B00AF044638461B68FB6118
:104178004FF0000300F01AF848B1FB68082B06D08E
:10418800C7E9054307233846FB6000F053F8064BA0
:104198001A68FB695A404FF0000301D0FEF74AFF46
:1041A8002437BD4690BD00BF300000201D4B2DE9CF
:1041B800F04FD3F800B0D3F804A0D3F80890D3F8A0
:1041C8000CE0D3F810C05E699A69DD691C6A596A07
:1041D800D3F82880144B00AF9B4520D1BAF1020FC9
:1041E8001DD1124B99451AD1531E072B17D88EEAA9
:1041F800010383EA0C0373405340DFF834906B40AB
:10420800634083EA0909C84509D1C0E900ECC0E95F
:104218000262C0E9045481610120BDE8F08F0020EA
:10422800FBE700BF70B402204D465444D0BDE4D62D
:104238007A8A8C3B0346D0E900C09A692DE9F0439D
:10424800D3E90265D3E904418CEA02034340734091
:104258006B406340DFF854E04B4000AF83EA0E0E3A
:10426800EFF3108872B64FF000090F4BC3F828908F
:10427800DFF83C90C3F800904FF00209C3F80490AF
:10428800DFF83090C3F80890C3F80CC018615E617D
:104298009D61DC6119625A62C3F828E0B8F1000F29
:1042A80000D162B6BDE8F08370B402207A8A8C3BF4
:1042B8004D465444D0BDE4D690B589B00E4B00AFFE
:1042C800182204460021381D1B68FB614FF00003CB
:1042D800FCF720FA01233846FB603C60FFF7AAFF91
:1042E800054B1A68FB695A404FF0000301D0FEF7EE
:1042F800A1FE2437BD4690BD3000002090B589B09E
:10430800114B00AF1B68FB614FF00003002304460C
:104318003846FB60FFF74AFF50B1FB68032B07D113
:10432800BB68A34204D104233846FB60FFF782FF31
:10433800054B1A68FB695A404FF0000301D0FEF79D
:1043480079FE2437BD4690BD30000020F0B589B015
:10435800134B00AF1B68FB614FF0000300230646B8
:1043680038460D461446FB60FFF720FF60B1FB6836
:10437800042B09D1BB68B34206D105233846C7E9E7
:104388000554FB60FFF756FF054B1A68FB695A4056
:104398004FF0000301D0FEF74DFE2437BD46F0BDB7
:1043A80030000020B0B582B000AFD7E906542C44E5
:1043B8001C4414440C446A40044450403C607860F7
:1043C800FEF7A6FB40F2F6320F4B20211A600F4A87
:1043D8005A600F4A9A600022C3E90312FEF70EF9E9
:1043E80070B1FEF7EFFDFBF723FFFEF709FE3B6810
:1043F8007A6808375340074A13601068BD46B0BD55
:10440800FEF796FBF3E700BF34000020EFDB00085F
:10441800F9DB0008309000202DE9F04198460A2386
:104428000D461646044684B002AF7B60FFF746FE91
:104438000B49FDF7EFFC7B6A324601933B6A29463C
:10444800009320464346FFF7ADFF064A7968136894
:104458004B4013607B6808371844BD46BDE8F081BF
:104468003EDC0008309000202DE9F0419846642396
:104478000D461646044684B002AF7B60FFF71EFE69
:104488000B49FDF7C7FC7B6A324601933B6A294614
:10449800009320464346FFF7BFFF064A7968136832
:1044A8000B4413607B6808375840BD46BDE8F0816F
:1044B8005EDC00083090002080B582B002AFFFF7C4
:1044C800FDFD01220C49FDF7EFFCFFF7F7FD062281
:1044D8000A49FDF7E9FC052306220221CDE900324D
:1044E800012004230322FFF7BFFF054A1368434056
:1044F8001360BD4680BD00BF7FDC000890DC00086B
:104508003090002080B500AFFFF7D6FF002080BDB7
:104518002DE9F0411D46642382B000AF04461646DB
:104528007B608846FEF7F4FA40F2EA3312486822C4
:104538000360124B4360124B83600023C0E90323DE
:10454800FEF75CF8A0B1FEF73DFDFBF771FEFEF744
:1045580057FD7B6884EA08045C40337808375C4080
:104568002B685C40074B1C601868BD46BDE8F081AD
:10457800FEF7DEFAEDE700BF34000020A1DC0008FA
:10458800F9DB0008309000202DE9F04116469846E6
:104598000D46044600AFFFF791FD0A49FDF73AFCC6
:1045A800FFF78CFD0849FDF735FC4346324629469E
:1045B8002046FFF7ADFF054A136803441360BDE8C2
:1045C800F08100BFABDC0008D3DC0008309000208D
:1045D80080B500AFFFF772FD07221449FDF764FCB0
:1045E800FFF76CFD1E221249FDF75EFCFFF766FD22
:1045F8001049FDF70FFCFFF761FD0F49FDF70AFCB5
:10460800FFF75CFD0D49FDF705FCFFF757FD0C4969
:10461800FDF700FC1E210B4B0B4A0720FFF7B4FFE8
:104628000A4A13684340136080BD00BFFADC0008E3
:104638000DDD000822DD00083BDD00084DDD000827
:1046480061DD0008C4E6000832DD00083090002073
:1046580080B500AFFFF7BCFF002080BD80B582B0F9
:1046680000F5CA7000AF7860FEF752FA4FF47B721B
:104678000C4BCB211A600C4A5A600C4A9A600022F3
:10468800C3E90312FDF7BAFF48B1FEF79BFCFBF73D
:10469800CFFDFEF7B5FC78680837BD4680BDFEF74C
:1046A80047FAF8E73400002076DD0008F9DB000857
:1046B80080B500AFFFF702FD0949FDF7ABFBFFF737
:1046C800FDFC0849FDF7A6FBFFF7F8FC0649FDF7D6
:1046D800A1FB4FF47A60FFF7C1FF044A106080BD68
:1046E80080DD000896DD0008B6DD00083090002067
:1046F80080B500AFFFF7DCFF024A13684340136040
:1047080080BD00BF30900020B0B500AFFFF7F0FFCC
:1047180041F2341504460749074A084BA84218BF16
:104728000A460749074806F0C1FA601B18BF4FF050
:10473800FF30B0BD83D800087ED80008DEDD000851
:104748007BDD000888D8000890B583B000AF044628
:104758007960FEF7DDF940F2EF320E4BF721C3E93D
:1047680000240D4A9A600022C3E90312FDF746FFB0
:1047780068B1FEF727FCFBF75BFDFEF741FC074A33
:10478800796813680C374B401360BD4690BDFEF73F
:10479800CFF9F4E734000020F9DB0008309000205E
:1047A80080B500AFFFF78AFC0549FDF733FB4621CA
:1047B8000448FFF7C9FF044A13680133136080BD3A
:1047C800F4DD000822DE00083090002080B500AF3C
:1047D800FFF774FC0549FDF71DFB47210448FFF767
:1047E800B3FF044A13680133136080BD2DDE00084F
:1047F8005DDE00083090002080B500AFFFF7E6FFCF
:10480800024A13680133136080BD00BF3090002056
:1048180098B51D4C00AFFFF7C3FF2368DA072FD503
:104828001A4B1B4A1B6859681A4B002908BF1A46BD
:10483800194B1A491A4806F039FAFFF73FFC226863
:1048480012F0010205D0114B1B685A68003A18BFD4
:1048580001221449FDF728FBFFF7CEFF2368DB0789
:1048680010D50A4B0A4A1B6859680A4B002908BF29
:104878001A46094B0C490A4806F018FA002098BD58
:10488800044AD5E7034AF4E7EC040020F0040020CA
:104898007ED8000883D8000868DE000827DE0008F4
:1048A80088D8000876DE000862DE000898B500AFF8
:1048B8000446FEF72DF940F2F3320D4B40F22B116E
:1048C8001A600C4A5A600C4A9A600022C3E9031223
:1048D800FDF794FE40B1FEF775FBFBF7A9FCFEF768
:1048E8008FFB064B1C6098BDFEF722F9F9E700BF65
:1048F8003400002097DE0008F9DB00083090002023
:1049080098B5044600AFFFF7D9FB0549FDF782FAD1
:104918002046FFF7CBFF034A13680133136098BDA5
:10492800A1DE000830900020B0B50446074B00AF68
:104938001D68FFF7C3FB22460549FDF7B5FA204677
:10494800A847044A136801331360B0BD2C900020B7
:10495800CADE00083090002080B5064B064A0B20BE
:1049680000AF1A60FFF7E0FF044A136801331360D1
:1049780080BD00BF2C90002009490008309000201D
:1049880080B500AFFFF7E8FF002080BD90B4134664
:10499800054C064A00AF002908BF224601460448D4
:1049A800BD4690BC06F082B983D800087ED80008BE
:1049B80088D800080122084B80B51A7000230748E0
:1049C80000AF1A461946006804F0DAF80020BD4620
:1049D800BDE8804004F02CBE3490002038900020C0
:1049E800F0B589B0214B00AF38461B68FB614FF02A
:1049F8000003FFF7DBFB48B3FB68032B26D140F22B
:104A0800F233BC689C4221D12046FFF777FCEFF3D4
:104A18000585EFF31486FEF77BF8154B154A15212B
:104A28005A60154A1C609A600122C3E90312FDF717
:104A3800E5FDA0B1FEF7C6FAFBF7FAFBFEF7E0FAD0
:104A48003246294640F2F230FFF780FC074B1A68DD
:104A5800FB695A404FF0000304D0FEF7EBFAFEF76B
:104A680067F8EDE72437BD46F0BD00BF30000020F1
:104A780034000020E7DE0008F1DE0008F0B589B058
:104A8800234B00AF38461B68FB614FF00003FFF76C
:104A98008DFB70B3FB68032B2BD140F2ED33BC6860
:104AA8009C4226D12046FFF729FCEFF30585EFF35A
:104AB800148618483246294606F0F8F8FEF728F812
:104AC800154B164A2A215A60154A1C609A60002222
:104AD800C3E90312FDF792FDA0B1FEF773FAFBF7E5
:104AE800A7FBFEF78DFA3246294640F2ED30FFF774
:104AF8002DFC074B1A68FB695A404FF0000304D09D
:104B0800FEF798FAFEF714F8EDE72437BD46F0BD36
:104B18003000002033DF00083400002061DF000887
:104B2800F1DE000898B500AFEFF30583124C23605F
:104B3800FFF7C4FA22681149FDF7B6F9FDF7E8FF57
:104B480040F2EE320E4B37211A600E4A5A600E4A76
:104B58009A600022C3E90312FDF750FD48B1FEF741
:104B680031FAFBF765FBFEF74BFA0122074B1A7087
:104B780098BDFDF7DDFFF8E7549D00206BDF0008C6
:104B88003400002086DF0008F1DE0008509D002078
:104B9800F8B50023254D264C00AF2B60237000F09C
:104BA800BDFD04F0DDFE00F57A76237843B300F00E
:104BB800C5FDFFF783FA2A681E49FDF775F92968CC
:104BC8001D4A003918BF01211C48FFF7DFFE217874
:104BD8001B4A1A48FFF7DAFEFDF79AFF40F2EE3259
:104BE800184B4E211A60184A5A60184A9A600022D7
:104BF800C3E90312FDF702FD48B9FDF799FF0CE080
:104C080004F0AEFEB042D2D205F066FDCDE7FEF765
:104C1800D9F9FBF70DFBFEF7F3F92B6813B12078F0
:104C28000138F8BD4FF0FF30FBE700BF549D00206E
:104C3800509D002091DF0008B3DF0008D1DB000899
:104C4800C0DF000834000020CDDF0008F1DE0008D6
:104C580080B500AFFDF75CFF4FF47C720C4B55211B
:104C68001A600C4A5A600C4A9A600122C3E903127E
:104C7800FDF7C4FC40B1FEF7A5F9FBF7D9FAFEF73A
:104C8800BFF94FF0FF3080BDFDF752FFF9E700BFD5
:104C980034000020D8DF0008F1DE000880B582B0BB
:104CA80000AF7860FDF734FF40F2F1320F4B62211C
:104CB8001A600F4A5A600F4A9A600022C3E9031229
:104CC800FDF79CFC78B1FEF77DF9FBF7B1FAFEF72A
:104CD80097F97B680837A3F1090253425341064A02
:104CE8001370BD4680BDFDF723FFF2E734000020B6
:104CF800E2DF0008F1DE0008F89C002098B50446C1
:104D080000AFFFF7DBF922460549FDF7CDF820464D
:104D1800FFF7C4FF034A1378DBB2137098BD00BFD6
:104D2800ECDF0008F89C0020B0B50C4600AFFFF798
:104D3800C5F90849FDF76EF82046FFF7DFFF0023A5
:104D48001A46194604480068BD46BDE8B04003F05D
:104D580017BF00BF00E00008FC9C0020F0B583B03E
:104D68001F4C02AF206840B9032302460146009356
:104D780001201C4B03F0C8FE2060002104F0FAF863
:104D88000021194E4FF47A7309221848317005F042
:104D980045FC42F210710546206804F0EBF8044621
:104DA8006B1E59425941124A1248FFF7EFFD601E27
:104DB80041424141104A0F48FFF7E8FD31780F4A58
:104DC8000C48FFF7E3FD012D06D1012C04D1307802
:104DD80001380437BD46F0BD4FF0FF30F9E700BF9A
:104DE800FC9C0020009D0020F89C0020314D00080C
:104DF80023E00008E7DF000832E0000841E000088F
:104E0800B0B500AFEFF30583174D2B60EFF31483B4
:104E1800164C2360FFF752F92A681549FDF744F844
:104E2800FFF74CF922681349FDF73EF8FDF770FECD
:104E38004FF47E72104BA5211A60104A5A60104A2E
:104E48009A600022C3E90312FDF7D8FB48B1FEF7C8
:104E5800B9F8FBF7EDF9FEF7D3F80122094B1A7000
:104E6800B0BDFDF765FEF8E7F4940020F09400204B
:104E78004FE0000862E00008340000207AE00008F3
:104E8800F1DE0008EC9400202DE9F0474FF0FF33E5
:104E98004FF00009354E364C364D00AF3360236075
:104EA80085F80090FFF70AF93349FCF7B3FF05F0DE
:104EB80021FC324901F50060FBF728FA05F02AFCCD
:104EC800EFF31488FFF7FAF822682D49FCF7ECFF96
:104ED800FFF7F4F842462B49FCF7E6FF31682A4A07
:104EE800B1FA81F129484909FFF750FD2168284A9C
:104EF800C1F3400181F00101244801F00101FFF7ED
:104F080045FD244A2148C8F34001FFF73FFD224AE6
:104F180029781E48FFF73AFDFDF7FAFD4FF47E7237
:104F28001E4B08F0020A1A601D4A5A601D4A9A6010
:104F3800C422C3E90329FDF761FB88B1FEF742F8F3
:104F4800FBF776F9FEF75CF8336863B923689B07CB
:104F580009D4BAF1000F06D028780138BDE8F087E7
:104F6800FDF7E6FDF0E74FF0FF30F7E7F494002097
:104F7800F0940020EC94002085E00008F8940020CC
:104F8800A5E00008C1E00008C1D90008E0DB00087E
:104F9800CDD90008DCE0000841E00008340000201A
:104FA800E9E00008F1DE00082DE9F04F85B00020A7
:104FB80004AF04F0B7FBDFF8C0918046D9F80000D1
:104FC80048B903230246014600930120574B03F0DA
:104FD8009BFDC9F8000000260021554D03F0CAFFCB
:104FE800022130462E7004F0B7FB04F0AFFCFFF747
:104FF80065F802224F49FCF757FFFFF75FF80422D4
:105008004D49FCF751FF4D4B4FF4807202934C4BC6
:105018004C49019304234C480093334604F0B0FAFA
:105028008246FFF74BF84949FCF7F4FEFDF770FD9F
:1050380040F2FD33464CDFF844B12360454BC4F8D9
:1050480008B06360F123C4E90336FDF7D7FA0028F6
:1050580062D0FDF7B7FFFBF7EBF8FDF7D1FF2E782D
:10506800FFF72CF82A783C49FCF71EFF04F066FD90
:1050780041F28831D9F8000003F07CFF8146FFF740
:105088001DF82A783549FCF70FFFFFF717F84A464D
:105098003349FCF709FF4146002004F05DFBBAF1F3
:1050A800000118BF01212F4A2F4886F00106FFF79B
:1050B8006DFC31462D4A2C48FFF768FCB9F1010F09
:1050C8000CBF297800212A4A08BFC9B22648FFF731
:1050D8005DFCFDF71DFD40F2FD332360254B4FF4C9
:1050E8008272C4E9013B0023C4E90323FDF786FA71
:1050F800A8B1FDF767FFFBF79BF8FDF781FFBAF151
:10510800000F0FD076B1B9F1010F0BD12878013813
:105118000437BD46BDE8F08FFDF70AFD9FE7FDF7B0
:1051280007FDECE74FF0FF30F2E700BF3C900020AE
:1051380034900020F4E000080FE100088C90002073
:10514800EC90002027E10008BD49000831E1000883
:105158003400002062E100086DE1000887E10008E2
:105168009FE10008B3E10008EADB0008C7E1000896
:10517800DCE10008F9E1000838900020F1DE0008C1
:1051880080B500AFFEF79AFF0349FCF743FE00DE47
:105198004FF0FF3080BD00BF04E2000890B4134612
:1051A800054C064A00AF002908BF224601460448BC
:1051B800BD4690BC05F07ABD83D800087ED80008AB
:1051C80088D80008B0B586B0334B00AF1B687B6148
:1051D8004FF00003314B3A1D03F1080514461868D7
:1051E8005968083303C4AB422246F7D118681B79C3
:1051F8002060237100242A4B20461C6004F0EAFE3C
:10520800284D80002860FEF759FF4FF4C0622649F8
:10521800FCF74AFEFEF752FF2A682449FCF744FED1
:10522800FDF776FC40F2FA32214B1A60214A5A60A7
:10523800214A9A603122C3E90324FDF7DFF908B354
:10524800FDF7C0FEFAF7F4FFFDF7DAFE01220024AD
:105258001A4B20461A701A4B1C6004F0BBFE194BFF
:10526800800018601848234622462146006803F04B
:1052780087FC094B1A687B695A404FF0000304D039
:10528800FDF7D8FEFDF754FCE0E720461837BD4689
:10529800BDE8B04004F0CCB93000002086D5000845
:1052A800689D0020609D002031E2000845E200086A
:1052B800340000205BE2000865E20008589D0020E9
:1052C800649D00205C9D00206C9D00202DE9F0412C
:1052D800254C00AFFCF72AFF2368D80749BF234BAA
:1052E80001251B685D6844BFB5FA85F56D09FDF7B2
:1052F8000FFC40F2F9321E4B0E211A601D4AA846D7
:105308005A601D4A9A600022C3E90312FDF776F934
:1053180020B3FDF757FEFAF78BFFFDF771FE236800
:105328002946DB074ABF114B01241B68134A48BFB3
:105338005C68134844BFB4FA84F46409FFF72EFF8D
:105348000F4821460F4AFFF729FF0120FCF790FE7E
:10535800B8F1000F05D0601EBDE8F081FDF7E8FB4D
:10536800DDE74FF0FF30F7E7EC040020F004002001
:1053780034000020A9E2000865E20008B3E2000852
:10538800AEE20008C8E200084FF0FF332DE9F04F05
:1053980085B0414E414D33602B600023DFF83491D6
:1053A800DFF834A13E4CDFF83481D9F80000CAF8A0
:1053B800003004AF236088F8003048B90323024660
:1053C800014600930120374B03F09EFBC9F800000B
:1053D800002103F0CFFD344B4FF4C0720293334BDE
:1053E80033490193042333480093002304F0C8F899
:1053F80042F210718346D9F8000003F0BBFD8146E4
:10540800DAF800204FF4C06123682B4805F04EFC01
:10541800BBF1000118BF0121284A2948FFF7BEFE49
:1054280009F1FF3359425941264A2548FFF7B6FE8C
:1054380098F80010244A2248FFF7B0FE33682BBBC7
:105448002968B1FA81F14909204A1D48FFF7A6FEEB
:1054580021681F4A003918BF01211948FFF79EFE2D
:10546800BBF1000F14D0B9F1010F11D198F8003039
:1054780073B1336863B92B6853B92068B0FA80F008
:10548800400940420437BD46BDE8F08F0021DBE704
:105498004FF0FF30F6E700BF689D0020649D0020B4
:1054A8005C9D0020709D0020C09D0020209E002053
:1054B800DCE20008CD510008E7E20008B8E1000886
:1054C80060E2000825E3000841E0000836E3000830
:1054D8004BE300086C9D0020609D0020589D002033
:1054E800B0B50A2100AF214805F0E0FBFEF7E6FD64
:1054F8001F490A22FCF7D8FCFDF70AFB40F2FB33F0
:105508001C4C672123601C4B1C4D63600023A56065
:10551800C4E90313FDF772F808B3FDF753FDFAF772
:1055280087FEFDF76DFDFEF7C9FD1549FCF772FC16
:10553800FDF7EEFA40F2FB332360124B6A22C4E90E
:1055480001350023C4E90323FDF758F850B1FDF7EE
:1055580039FDFAF76DFEFDF753FD0020B0BDFDF7EC
:10556800E7FAE0E7FDF7E4FAF7E700BF62E30008CF
:1055780080E3000834000020CCE6000865E200085B
:10558800A5E30008C8E3000880B500AF00F044F8C0
:1055980000F0A0F9BD46BDE88040FEF797BD0000C9
:1055A80080B500AFBFF34F8F0549064BCA6802F4B8
:1055B800E0621343CB60BFF34F8F00BFFDE700BF2E
:1055C80000ED00E00400FA0580B5002000AF80BDC2
:1055D80080B483B00F4B00AFD3F8942042F004029C
:1055E800C3F89420D3F8942002F004023A603A6891
:1055F800D3F8A82042F00202C3F8A820D3F8A830B4
:1056080003F002037B607B680C37BD465DF8047BC2
:1056180000F0D8BB000C024690B5A1B02C4B00AFEF
:105628001B68FB674FF0000300F0CEF91822002139
:10563800381DFBF76FF86022002107F11C00FBF70B
:1056480069F84FF4403000F071FB00B1FEE7102319
:105658000122FB61C7E90E2302230324C7E915329F
:105668004FF40052C7E917420F22C7E91B33C7E9B5
:1056780019230C233864C7E91D3007F11C0000F01A
:10568800FFFD0028E2D11F23C7E90300C7E9050091
:105698002146381DC7E9013400F080FC0028D5D127
:1056A80000F026FB00F036FB4FF00062094B9A60D1
:1056B800BFF34F8FBFF36F8F054B1A68FB6F5A40CC
:1056C8004FF0000301D0FDF7B5FC8437BD4690BD0F
:1056D8003000002000ED00E00A4A80B5D2F8FC3026
:1056E80000AF43F08073C2F8FC300022064B5A60CA
:1056F8001A6842F001021A60BFF34F8FBFF36F8F31
:1057080080BD00BF00ED00E0001000E080B5024B56
:1057180000AF586880BD00BF001000E04FF4006281
:10572800702180B5044B00AFC3F8802183F80B13B8
:105738001A60C3F8002180BD00E100E04FF4006268
:1057480080B5054B00AFC3F88020BFF34F8FBFF380
:105758006F8FC3F8802180BD00E100E0044B80B565
:105768000360044B00AF0B604FF48073136080BD7F
:1057780080B0002080AC0020044B80B50360044B4F
:1057880000AF0B604FF40073136080BD20AC0020A5
:1057980020A4002080B5054800AF05F087FA052051
:1057A800FEF7DEFC05F0EEF8FFF7FAFED3E300089B
:1057B80080B50A4600AF0146044805F077FA012093
:1057C800FEF7CEFC05F0DEF8FFF7EAFEF0E300088E
:1057D80090B583B00D4B00AF1B687B604FF00003A2
:1057E80001224FF0FF33F8700446F91C084802F014
:1057F80081FF064B1A687B685A404FF0000301D0BE
:10580800FDF718FC20460C37BD4690BD300000203F
:10581800E0B0002090B5BDB0044600AF294B14227B
:10582800002107F10C001B68C7F8EC304FF00003AB
:10583800FAF770FFC822002107F12000FAF76AFF83
:105848002268214B9A422FD10122002307F1200020
:10585800C7E9082301F08EFA1C4B1D48D3F8A42091
:1058680007F10C0142F48042C3F8A420D3F8A42025
:1058780002F480427A607A68D3F88C2042F0010200
:10588800C3F88C20D3F88C304FF4C06203F00103C6
:10589800BB60BB680223C7E903230022C7E90523CD
:1058A8000723FB6100F00CF9064B1A68D7F8EC30B7
:1058B8005A404FF0000301D0FDF7BCFBF437BD465A
:1058C80090BD00BF3000002000380140000C0246A7
:1058D800000002420E490F4B80B54FF4E1220B60E5
:1058E8000023C1E901230C2200AF0846C1E90333B4
:1058F800C1E90523C1E90733C1E9093302F0B1FF62
:1059080018B9034802F0DDFF00B1FEE780BD00BF13
:10591800E0B0002000380140FAF7CEBC80B400AFF8
:10592800BD465DF8047BFFF7FDB80000DFF834D012
:1059380000F026F8002103E00B4B5B58435004317C
:105948000A480B4B42189A42F6D30A4A02E000234F
:1059580042F8043B084B9A42F9D305F069F9FFF77E
:1059680013FEFEE700000C2028EB000800000020D2
:10597800600000206000002070B40220FEE70000F4
:1059880001220F4880B5D0F8883000AF43F4700387
:10599800C0F888300B4B1A600022DA611A625A622A
:1059A800196821F0A85121F4102119609A62196828
:1059B80021F4802119601A654FF00063836080BD6F
:1059C80000ED00E0000C024698B5032000AF00F09F
:1059D80027F800F05FFA0B4B0B4A1B6A03F00F0322
:1059E800D35CD840094B1860042000F02DF8002043
:1059F800FFF7EAFD044618B9FFF7EAFD204698BD0F
:105A08000124FBE7000C024624E7000858000020A8
:105A180080B5024B00AF186880BD00BF68B1002098
:105A2800084980B5CA68030222F4E062120403F44C
:105A3800E063120C134343F0BF6343F4003300AF39
:105A4800CB6080BD00ED00E080B500AF04280AD827
:105A5800DFE800F00A18260903004FF0E022136976
:105A680043F00403136180BD4FF0E022136923F073
:105A780004031361114AD2F8E03023F44003C2F85A
:105A8800E030F0E74FF0E022136923F004031361DC
:105A98000A4AD2F8E03023F4400343F48003EEE7E7
:105AA8004FF0E022136923F004031361034AD2F88C
:105AB800E03023F4400343F40003E0E7000C02461F
:105AC8002DE9F04F864B85B000AF7B60002203467E
:105AD800844C854E04EA9024B9603C60B9680C682F
:105AE80034FA02F503D11437BD46BDE8F08F012121
:105AF80001FA02FE1EEA0404FC6000F09680B96810
:105B08004C687A4924F01005884240F09380036875
:105B1800796823EA0E0C04F00103934043EA0C036E
:105B28000360D1F804C00F217B684FEADC081B68CA
:105B38000CF0070903EB8808D8F820E04FEA890938
:105B480001FA09FA2EEA0A0A4FF00B0E03210EFA9F
:105B580009FE4EEA0A0EC8F820E0D3F800804FEAA2
:105B68004C0901FA09FE28EA0E084FF0020E0EFA57
:105B780009FE4EEA080EC3F800E0013D012D40F28F
:105B88008580032C51D003214FEA4C0CDD6801FAC3
:105B98000CFEB96825EA0E0E8D6805FA0CF545EA83
:105BA8000E05DD60E50040D50F2122F0030C0CF155
:105BB8008C4C02F003050CF5083CED00DCF8608025
:105BC80001FA05FE396828EA0E0E01FA05F5F968AA
:105BD80045EA0E05CCF860506FEA010CE10248BFB7
:105BE800F96835684CBF0D430CEA05053560A1021C
:105BF80048BFF96875684CBF0D430CEA0505756028
:105C0800A103D6F884504ABFF9680CEA05050D438C
:105C1800C6F88450E103D6F8805049BFFC680CEA06
:105C280005052C432546C6F880507C6801320834A7
:105C38007C6053E703214FEA420901FA09FC022D6F
:105C48006FEA0C0C3ED122FA01FE0F2102F0070880
:105C58004FEA880801FA08FBB96800EB8E0EDEF8F7
:105C680020A009692AEA0B0A01F00F0B0BFA08FBBE
:105C78004BEA0A0BCEF820B0D3F800E005FA09F594
:105C88000EEA0C0E944645EA0E051D6003214FEA04
:105C98004C089D6801FA08FEB96825EA0E0ECD6821
:105CA800012105FA08F545EA0E059D605D6801FACF
:105CB8000CFE25EA0E0E250905FA0CF545EA0E0537
:105CC8005D6060E7D3F800E00EEA0C0E04F0030C08
:105CD8000CFA09FC4CEA0E0CC3F800C094464CE7D9
:105CE80034E700087F7F2F000020024600000246AC
:105CF8000146074A80B5106800AF10F0010009BFDF
:105D08001368012023F004030B4308BF136080BD10
:105D18000004034080B5044A0020136800AF43F034
:105D28000103136080BD00BF000403401E4B80B513
:105D3800DA6B00AF02F44032824208D1B2F5803FFC
:105D480082BFDA6842F48022DA60002080BDDA6817
:105D5800B0F5803F22F4E02242EA000288BF42F414
:105D68008022DA604FF47A72104B32211B68B3FB41
:105D7800F2F34B43B3FBF2F301331A460A49C868FE
:105D8800000404D40AB90320E0E7013AF7E7002A3F
:105D9800F9D0054AD16B090403D4002BF3D0013B99
:105DA800F8E7002BD1D1EEE70008024658000020A2
:105DB80080B5034B00AFD86B00F4403080BD00BF06
:105DC8000008024680B5034A00AFD36A43F00103D6
:105DD800D36280BD00080246B0B582B02B4D0446A0
:105DE800D5F8943000AF5B0718D5FFF7E1FF20F432
:105DF8008033B3F5003F26D1B4F1805F2CBF00207B
:105E08000120234A136823F00F0303431360136828
:105E180003F00F03181A18BF01201BE0D5F89430BF
:105E280043F00403C5F89430D5F8943003F0040324
:105E38007B607B68FFF7BCFFD5F8943023F0040340
:105E4800C5F89430D3E7B4F1805F06D2B0F5803F4F
:105E580016D001200837BD46B0BDB4F1005F06D9A1
:105E680080B9B4F1405F8CBF00200120C9E7B4F1CC
:105E7800805F09D1B0F5803F0CBF01200220C0E748
:105E88000320BEE70020BCE70120BAE7000C024669
:105E9800002002403D4AB0B5D36900AF13F00C03AF
:105EA800916A05D00C2B3FD101F0030101293BD1A8
:105EB8009168090254BFD2F8F4209268344954BF5B
:105EC800C2F30332120F51F82200002B5AD02F4987
:105ED800B7EE006A8C6A8B6A8D6AC3F303238A6BF8
:105EE800013307EE903AC2F3CC03C5F300125343D3
:105EF80006EE903A04F00304022CB8EEE77AFAEEC4
:105F0800E96A1FD0032C1DD04B6BC3F3080307EEBF
:105F1800903AF8EEE77A77EEA67A06EE900A77EEF0
:105F2800867AB8EE666A1AE0D26902F00C02042A90
:105F380006D0082B27D000200C2B23D10020C6E741
:105F48001448F9E74B6BC3F3080307EE903AF8EEF1
:105F5800E77A77EEA67A77EE867A9FED0F6A0B4B93
:105F6800C6EE076A5B6B67EEA67AC3F30663013376
:105F780007EE103AB8EEC77AC7EE876AFCEEE67A03
:105F880017EE900AB0BD0348FCE700BF000C0246BC
:105F9800DCE600080024F4000024744B2DE9F043EB
:105FA80083B00D46044600AF20B901200C37BD462A
:105FB800BDE8F0839A4A136803F00F038B426FD34E
:105FC8002368DE0678D418070DD5964920690A6A31
:105FD800120902F07002904281BF0A6A22F4E0625C
:105FE80042EA00120A6259070BD58E49E0680A6A2C
:105FF80002F07002904281BF0A6A22F070020243E6
:106008000A629A070BD58749A0680A6A02F00F024C
:10601800904281BF0A6A22F00F0202430A62DE0739
:1060280057D42268900700F1E1807D490B6803F09E
:106038000F03AB4200F2E780500700F1FD80110723
:106048000DD5784920690B6A1B0903F07003984243
:106058003FBF0B6A23F4E06343EA00130B62D306E5
:106068000BD5704A6169536A03F0700399423FBFC8
:10607800536A23F070030B435362FFF70BFF694B1E
:10608800694A1B6A0C3703F00F03D35CD840674B8F
:106098001860674B1868BD46BDE8F043FFF794BA2F
:1060A800136823F00F030B431360136803F00F0307
:1060B8008B427FF47AAF83E75A4960694A6A02F0F3
:1060C8007002904281BF4A6A22F0700202434A621B
:1060D80079E76268534B032A53D1D3F894205107C8
:1060E80041D44FF00108D3F8942042F00402C3F8D9
:1060F8009420D3F8943003F004037B607B68FFF7A7
:1061080087FCDFF830910646D9F80C305A032DD4B5
:10611800444BB8F1000F05D0D3F8942022F00402C4
:10612800C3F894201B6813F0007F3FF43EAF3D4E48
:106138006268F36941F2883923F003031343F3617A
:10614800FFF766FC63688046032B27D1F36903F0E9
:106158000C030C2B3FF465AFFFF75AFCA0EB0800CB
:106168004845F3D90BE04FF00008C8E7D9F80C30E0
:106178005B04CDD4FFF74CFC801B0228F6D9032022
:1061880014E7022A1B6802D113F4003FCDE712B9C5
:1061980013F0040FC9E713F4806FC6E7022B0CD184
:1061A800F36903F00C03082B3FF43BAFFFF730FC17
:1061B800A0EB08004845F3D9E1E78BB9F36913F080
:1061C8000C0F3FF42EAFFFF723FCA0EB0800484567
:1061D800F4D9D4E7FFF71CFCA0EB08004845CED85B
:1061E800F36903F00C03042BF4D11AE70D49A068F6
:1061F8000B6A03F00F0398423FBF0B6A23F00F03AB
:1062080003430B6211E70B6823F00F032B430B606A
:106218000B6803F00F03AB427FF4C7AE0CE700BF77
:1062280000200240000C024624E700085800002025
:106238005C000020000802460649E0680B6A03F08B
:10624800700398423FBF0B6A23F0700303430B624D
:10625800F5E600BF000C024680B500AFFFF71AFE56
:10626800044B054A1B6A03F00F03D35CD840034B69
:10627800186080BD000C024624E700085800002082
:106288002DE9F04385B0044600AF00283AD0A54B6D
:10629800DE699B6A06F00C0603F003080368DA0659
:1062A80040F19C80C36926B10C2E77D1B8F1010F5B
:1062B80074D13BB39B4D606AAB681B0256BFD5F8DF
:1062C800F430AB681B0403F07043984239D9AEB17F
:1062D800AB6843F40003AB60AB68616A23F07043BA
:1062E8000B43AB60B1F1404F226A0DD20029EB6835
:1062F8001BDA23F4787343EA421309E0FFF76CFDD5
:106308000028E5D001200CE0EB6823F01F031343BD
:10631800EB60FFF7A1FF844B1868FFF755F90028D9
:106328005CD01437BD46BDE8F083B1F1804F2BBF78
:1063380023F4F84323F4782343EA822343EAC2335D
:10634800E6E7AB68B0F1404F43F40003AB60AB68DD
:1063580023F0704343EA0003AB60226AEB680AD378
:1063680023F01F031343EB60002ED2D1FFF734FD57
:106378000028CED0C6E7002804DA23F4787343EA6D
:106388004213F0E7B0F1804F2BBF23F4F84323F416
:10639800782343EA822343EAC233E4E7614D002BC2
:1063A80075D02B6843F001032B60FFF731FB814662
:1063B8002B6859074FD5AB6843F40003AB60AB6853
:1063C800616A23F070430B43AB60B1F1404F226A1E
:1063D800EB6848D323F01F031343EB602368DB0704
:1063E80066D423689D0700F1BF802368180740F131
:1063F8003C814C4BD3F89420510700F1F4800126DE
:10640800D3F8942042F00402C3F89420D3F89430CF
:1064180003F004037B607B68444DAB6ADA0740F104
:10642800E48063693F4D002B40F0F180D5F8F030EF
:1064380023F0A053C5F8F030FFF7EAFA8046D5F804
:10644800F0301B0140F10981FFF7E2FAA0EB0800E8
:106458000528F4D905E0FFF7DBFAA0EB09000228CC
:10646800A6D903205DE7002904DA23F4787343EA08
:106478004213B2E7B1F1804F04D323F4F84343EA5F
:106488008223AAE723F4782343EAC233A5E72B68DB
:1064980023F001032B60FFF7BBFA81462B685A07EC
:1064A8009CD5FFF7B5FAA0EB09000228F6D9D8E782
:1064B800082E636804D00C2E05D1B8F1030F02D161
:1064C800002B8ED11EE7B3F5803F164D13D12B68F4
:1064D80043F480332B60FFF79BFA0546DFF84490BE
:1064E800D9F8003098033FF57CAFFFF791FA401BCD
:1064F8006428F5D9B5E7B3F5A02F08D12B6843F484
:1065080080232B602B6823F480132B60DFE7B3F51F
:10651800A81F0DD12B6843F480232B602B6843F40C
:106528008013F2E7000C02465C00002000080246D7
:106538002A6822F480322A602A6822F480222A609B
:106548002A6822F480122A60002BC4D1FFF760FA6F
:1065580081462B6899037FF544AFFFF759FAA0EB02
:1065680009006428F5D97CE7042EE36804D00C2ED2
:106578000ED1B8F1020F0BD1002B3FF4C3AEAD4AD8
:106588002169136923F4F81343EA014313612CE7E3
:10659800A84DBBB12B6843F480732B60FFF738FA22
:1065A80006462B685A0507D52B69226923F4F81388
:1065B80043EA02432B6118E7FFF72AFA801B0228F7
:1065C800EFD94EE72B6823F480732B60FFF720FA8E
:1065D80006462B685B057FF508AFFFF719FA801BA5
:1065E8000228F6D93DE7002616E7AB6A43F0010317
:1065F800AB62FFF70DFA8046AB6ADB073FF511AFD8
:10660800FFF706FAA0EB08000228F5D929E7D5F824
:10661800F030A16903F08052914210D003F040623B
:10662800B2F1006F3FF46EAE58016DD4814AA16992
:10663800D2F8F03023F080530B43C2F8F0307D4D90
:10664800D5F8F03043F08063C5F8F030FFF7E0F993
:106658008046D5F8F0301A016AD536B1754AD2F8B5
:10666800943023F00403C2F8943023685E0740F1A5
:10667800AD80704BD3F89420550760D44FF00108D3
:10668800D3F8942042F00402C3F89420D3F894304D
:1066980003F00403BB60BB68674DAB6AD80751D5EC
:1066A800A368644D13F0010F5CD1D5F8F02022F0F7
:1066B8000102C5F8F020D5F8F02022F00402C5F850
:1066C800F020002B5DD1FFF7A3F941F28839064687
:1066D800D5F8F030990700F1A580D5F8F0301A0602
:1066E8006AD541F28839D5F8F03023F08003C5F82F
:1066F800F030504DD5F8F0301B055DD5FFF788F91F
:10670800801B4845F6D9ACE6D5F8F03023F0A05305
:10671800C5F8F030FFF77CF98046D5F8F03019015C
:1067280084D5FFF775F9A0EB08000528F5D998E698
:10673800FFF76EF9A0EB080005288AD991E64FF01B
:106748000008A9E7AB6A43F00103AB62FFF760F901
:106758000646AB6AD907A3D4FFF75AF9801B02286B
:10676800F7D97EE613F0040FD5F8F0301EBF43F0DA
:106778000403C5F8F030D5F8F03043F00103C5F84C
:10678800F030FFF745F941F288390546294ED6F829
:10679800F0309A0729D5A36813F0800FD6F8F030A7
:1067A8002FD041F2883943F08003C6F8F030214EEB
:1067B800D6F8F0301B051ED5B8F1000F06D01D4ADB
:1067C800D2F8943023F00403C2F894302368980672
:1067D80034D42368190654D423685D0674D4A16B95
:1067E800002940F0C18000209BE5FFF711F9401B0C
:1067F8004845CCD935E6FFF70BF9401B4845D7D9B2
:106808002FE641F2883923F08003C6F8F030094EAC
:10681800D6F8F0301805CFD5FFF7FAF8401B4845F1
:10682800F6D91EE6FFF7F4F8801B48457FF650AF0F
:1068380017E600BF000C024600080246E36A9D4DB9
:106848007BB12B6843F480532B60FFF7E1F80646D1
:106858002B689A04BDD4FFF7DBF8801B0228F7D910
:10686800FFE52B6823F480532B60FFF7D1F8064629
:106878002B689B04ADD5FFF7CBF8801B0228F7D90E
:10688800EFE5236B8B4D7BB12B6843F480432B6082
:10689800FFF7BEF806462B6818049DD4FFF7B8F832
:1068A800801B0228F7D9DCE52B6823F480432B6092
:1068B800FFF7AEF806462B6819048DD5FFF7A8F840
:1068C800801B0228F7D9CCE5636B7A4D002B3AD0B0
:1068D800AB6843F40003AB60AB68A26A23F0706353
:1068E8001343AB60D4E90823B3F1404F16D3EB68E8
:1068F80023F01F031343EB606E4D2B6843F0100326
:106908002B60FFF785F806462B689A063FF567AFB8
:10691800FFF77EF8801B0228F6D9A2E5002B05DADE
:10692800EB6823F4787343EA4213E4E7B3F1804F4A
:10693800EB682BBF23F4F84323F4782343EA82233C
:1069480043EAC233D7E72B6823F010032B60FFF725
:106958005FF806462B689B067FF541AFFFF758F8AE
:10696800801B0228F6D97CE5524DEB6903F00C0335
:106978000C2B00F0A5802B68022923F080732B6074
:1069880040F08480FFF744F80646296811F000714A
:1069980070D1D5F894305E070CD40121D5F8943025
:1069A80043F00403C5F89430D5F8943003F0040399
:1069B800FB60FB68404DEE68EB6823F48023EB60D6
:1069C8003C4B606CD3F828C0E26B02432CF47F4048
:1069D80020F003000243206C013842EA00229A6248
:1069E800A26CD3F834C03548013A0CEA0000C2F36F
:1069F80008020243E06C0138400280B20243206D75
:106A08000138000400F4FE000243606D01380006FE
:106A180000F0FE4002435A639A6A22F010029A621A
:106A2800E26DD2009A639A6A42F010029A629A6AF8
:106A3800A06D22F00C0202439A62700342BFEA681A
:106A480042F48022EA6029B1D3F8942022F00402AB
:106A5800C3F894201A68174C42F080721A60FEF747
:106A6800D7FF054623689A010AD5A36A43F4802311
:106A7800A362B8E6FEF7CCFF801B022885D9F0E4B4
:106A8800FEF7C6FF401B0228ECD9EAE4FEF7C0FF78
:106A980004462B689B0106D4AB6A23F4E02323F059
:106AA8000303AB629FE6FEF7B3FF001B0228F0D991
:106AB800D7E400BF000C02460008024600008080B0
:106AC8000129AA6A6B6B3FF41DACE06B02F003016D
:106AD80081427FF417AC216CC2F30320013988424C
:106AE8007FF410AC616C02F470428A427FF40AAC05
:106AF800A26CC3F30801013A91427FF403ACE26C43
:106B0800C3F34621013A91427FF4FCAB226DC3F3F3
:106B18000641013A91427FF4F5AB626DC3F3066317
:106B2800013A93427FF4EEAB0D4BE16D9A6BC2F3E1
:106B3800CC028A423FF457AE9A6A22F010029A6257
:106B4800FEF766FF0546FEF763FFA842FBD0E26D3D
:106B5800034BD2009A639A6A42F010029A6242E6A4
:106B6800000C024680B500AFFFF776FB034B044AE2
:106B78001B6AC3F30213D35CD84080BD000C0246E5
:106B88001CE7000880B500AFFFF766FB034B044A1B
:106B98001B6AC3F30223D35CD84080BD000C0246B5
:106BA8001CE7000880B500AFFFF756FB034B044A0B
:106BB8005B6AC3F30213D35CD84080BD000C024665
:106BC8001CE70008F8B5334C00AF2368054623F0EE
:106BD80080532360FEF71CFF064623689A004BD4B7
:106BE800236B29686A6823F4706323F00303013A6E
:106BF8000B4343EA02232363AB68616C264A013BDB
:106C08000A40C3F308031343EA68013A520292B2F6
:106C180013432A69013A120402F4FE0213436A6913
:106C2800013A120602F0FE4213436364236BAA6919
:106C380023F00C0313432363236B2A6A1343236350
:106C4800236B23F010032363A36CEA696FF3CF036C
:106C580043EAC203A364236B0E4D43F0100323637E
:106C6800236843F080532360FEF7D2FE04462B6866
:106C78009B0008D5002005E0FEF7CAFE801B02280D
:106C8800ABD90320F8BDFEF7C3FE001B0228EED9DE
:106C9800F7E700BF000C024600008080F8B5334CCF
:106CA80000AF2368054623F080632360FEF7B0FE3B
:106CB800064623681A014BD4E36A29686A6823F4F4
:106CC800706323F00303013A0B4343EA0223E362B0
:106CD800AB68E16B264A013B0A40C3F30803134340
:106CE800EA68013A520292B213432A69013A12043D
:106CF80002F4FE0213436A69013A120602F0FE42E8
:106D08001343E363E36AAA6923F00C031343E362C2
:106D1800E36A2A6A1343E362E36A23F01003E36237
:106D2800236CEA696FF3CF0343EAC2032364E36A7F
:106D38000E4D43F01003E362236843F08063236041
:106D4800FEF766FE04462B681B0108D5002005E007
:106D5800FEF75EFE801B0228ABD90320F8BDFEF7C4
:106D680057FE001B0228EED9F7E700BF000C0246C9
:106D7800000080802DE9F04F83B003680446D807EF
:106D880000AF08D5A649206DD1F8E02022F0030213
:106D98000243C1F8E020990708D5A149606DD1F8F0
:106DA800E02022F00C020243C1F8E0205A0708D57F
:106DB8009B49A06DD1F8E02022F030020243C1F8CF
:106DC800E0201E0708D59649E06DD1F8E02022F0B2
:106DD800C0020243C1F8E020DD0608D59049206EC4
:106DE800D1F8E02022F440720243C1F8E02098066E
:106DF80008D58B49606ED1F8E82022F007020243DB
:106E0800C1F8E820590608D58549A06ED1F8E020D8
:106E180022F440620243C1F8E0201A0608D58049EE
:106E2800E06ED1F8E02022F440520243C1F8E0209D
:106E3800DE0508D57A49206FD1F8E82022F0C00293
:106E48000243C1F8E8205D0208D57549606FD1F8A2
:106E5800E02022F440420243C1F8E020980508D51A
:106E68006F49A06FD1F8E82022F440620243C1F8CC
:106E7800E820590508D56A49E06FD1F8E02022F4E6
:106E880040220243C1F8E0201A0509D56449D4F824
:106E98008000D1F8E82022F440720243C1F8E820CB
:106EA8009E0427D5D4F89030402B25D014D84BB366
:106EB800202B2FD0012623685D040BD5D4F89430FD
:106EC800B3F5007F58D02AD8002B5BD0B3F5807F6C
:106ED8005ED00126354635E0602B01D0802BE9D104
:106EE8004F4AD4F89010D2F8E43023F0E0030B4373
:106EF800C2F8E4300026DEE7494A936A43F4803357
:106F08009362EDE704F10800FFF7C8FE0028E7D018
:106F18000326D0E704F12C00FFF754FEF6E7B3F59B
:106F2800407F02D0B3F5806FD3D13546002D34D1E0
:106F38003B4AD4F89410D2F8E43023F4E0630B43CE
:106F4800C2F8E430236818040AD5D4F8A830B3F599
:106F5800005F36D023F4805221D832B3012635465B
:106F68002368D90345D5D4F88830042B5AD8DFE8EC
:106F780003F0353051353500294A936A43F480339C
:106F88009362D2E704F10800FFF788FE0546CDE7D3
:106F980004F12C00FFF716FEF8E72E46D2E7B2F50B
:106FA800804F02D0B3F5405FD8D185B91C4AD4F8D8
:106FB800A810D2F8E83023F4E0430B43C2F8E830D5
:106FC800CEE704F10800FFF769FE0546EDE72E4617
:106FD800C6E7134A936A43F4803393622DBB104A81
:106FE800D4F88810D2F8E43023F007030B43C2F832
:106FF800E43023689A032CD5D4F88C30B3F5003FDD
:1070080000F0828013D8C3B1B3F5803F76D0012653
:1070180035461EE004F12C00FFF7D4FD0546DDE7F8
:10702800000C024601263546E3E72E46E1E7B3F5B4
:10703800403F02D0B3F5802FE9D1002D6AD1B14A83
:10704800D4F88C10D2F8E83023F4E0230B43C2F8CC
:10705800E83023685B033ED5AA4BD3F89420500749
:107068005AD44FF00109D3F8942042F00402C3F82F
:107078009420D3F8943003F004037B607B68DFF836
:107088008882D8F8283043F00103C8F82830FEF782
:10709800BFFC8246D8F82830D90740D5002D6FD1DB
:1070A800DFF86082D8F8F03013F4407340D1954A85
:1070B800D4F8C010D2F8F03023F440730B43C2F870
:1070C800F030B9F1000F06D08E4AD2F8943023F090
:1070D8000403C2F894302368D80263D5D4F8A030EA
:1070E800B3F1006F00F0F6804CD8002B4DD0B3F10F
:1070F800806F00F0E9800126354653E0814A936AA3
:1071080043F48033936298E704F12C00FFF75AFDAB
:10711800054692E72E469CE74FF00009AFE7FEF7D9
:1071280077FCA0EB0A000228B4D903263546C8E745
:10713800D4F8C0209342BAD0D8F8F020D8F8F0306C
:1071480022F4407143F48033C8F8F030D8F8F030B6
:10715800D20723F48033C8F8F030C8F8F010A6D569
:10716800FEF756FC41F2883B8246D8F8F0309B0780
:107178009DD4FEF74DFCA0EB0A005845F5D9D4E79D
:107188002E469EE7B3F1406FB5D1002D40F0A880A0
:107198005C4AD4F8A010D2F8E03023F040630B43E7
:1071A800C2F8E0302368190313D5D4F8981031F4E5
:1071B800805203D0B1F5005F40F09480002D40F07C
:1071C80094805048D0F8E42022F440520A43C0F892
:1071D800E420DA0409D54B49D4F89C00D1F8E4201E
:1071E80022F400620243C1F8E420980210D5D4F8D2
:1071F800A4004449B0F5804F02BF8A6A42F4803245
:107208008A62D1F8E42022F480420243C1F8E420E3
:10721800190209D53B49D4F8B400D1F8E02022F48A
:1072280040120243C1F8E020DA0109D53549D4F803
:10723800B800D1F8E02022F440320243C1F8E0203F
:10724800980109D52F49D4F8BC00D1F8E82022F0DC
:1072580018020243C1F8E820590115D5D4F8B03016
:10726800B3F5001F43D1274A936A43F4003393626E
:10727800002D45D1234AD4F8B010D2F8E43023F4D5
:1072880040130B43C2F8E43023681A014FD5D4F8F1
:107298008430B3F1807F39D0B3F1007F49D0002B1F
:1072A80039D001252368DB0009D5164AD4F8AC107B
:1072B800D2F8E83023F400430B43C2F8E8302846FC
:1072C8000C37BD46BDE8F08F04F10800FFF7E6FC77
:1072D80005465AE70B4A936A43F40033936254E72E
:1072E8002E465FE70126354673E72E4671E7B3F56C
:1072F800401FBDD104F10800FFF7D0FC0546B7E7F1
:107308002E46C1E7000C0246000802460C4A936A62
:1073180043F400339362002DC4D1094AD4F8841091
:10732800D2F8E03023F040730B43C2F8E030354622
:10733800B8E704F10800FFF7B1FC0546EBE700BF2A
:10734800000C0246464AF0B5536B956A946A966AF1
:10735800C4F30324916B013407EE904AC1F3CC01C6
:10736800C6F30014614306EE901A05F00305022DDA
:10737800B8EEE76AFAEEE96AF7EE005A00AF5FD0B6
:10738800032D5DD0C3F3080307EE903A936835499F
:107398001B024BBF9368D2F8F4301B0FC3F30333BF
:1073A80001EB8303B8EEE77A93ED005A37EE267ABD
:1073B800B8EE455A37EE257AC5EE067A284A67EEC2
:1073C800877A936A13F480330ED0536BC3F3462342
:1073D80006EE903AF8EEE66A76EEA56A87EEA67AA9
:1073E800BCEEC77A17EE103A1D4A0360936A13F48D
:1073F80000330ED0536BC3F3064306EE903AF8EE13
:10740800E66A76EEA56A87EEA67ABCEEC77A17EE2C
:10741800103A134A4360936A13F480230ED0536BD7
:10742800C3F3066306EE903AF8EEE66A76EEA56ACE
:1074380087EEA67AFCEEC77A17EE903A8360F0BD25
:10744800536BC3F3080307EE903AF8EEE77A77EE4A
:10745800A67ADFED056A77EEA57A86EE867AADE73D
:10746800000C0246DCE600080024744B464AF0B5DE
:10747800D36BD56AD46AD66AC4F30324116C013479
:1074880007EE904AC1F3CC01C6F30014614306EE3F
:10749800901A05F00305022DB8EEE76AFAEEE96ADC
:1074A800F7EE005A00AF5FD0032D5DD0C3F3080399
:1074B80007EE903A936835491B024BBF9368D2F8A0
:1074C800F4301B0FC3F3033301EB8303B8EEE77A01
:1074D80093ED005A37EE267AB8EE455A37EE257AFC
:1074E800C5EE067A284A67EE877AD36A13F48033A2
:1074F8000ED0D36BC3F3462306EE903AF8EEE66A55
:1075080076EEA56A87EEA67ABCEEC77A17EE103A31
:107518001D4A0360D36A13F400330ED0D36BC3F350
:10752800064306EE903AF8EEE66A76EEA56A87EE2E
:10753800A67ABCEEC77A17EE103A134A4360D36AAC
:1075480013F480230ED0D36BC3F3066306EE903A90
:10755800F8EEE66A76EEA56A87EEA67AFCEEC77ABA
:1075680017EE903A8360F0BDD36BC3F3080307EEC0
:10757800903AF8EEE77A77EEA67ADFED056A77EECD
:10758800A57A86EE867AADE7000C0246DCE60008AE
:107598000024744B464AF0B5536C156B146B166B8C
:1075A800C4F30324916C013407EE904AC1F3CC0173
:1075B800C6F30014614306EE901A05F00305022D88
:1075C800B8EEE76AFAEEE96AF7EE005A00AF5FD064
:1075D800032D5DD0C3F3080307EE903A936835494D
:1075E8001B024BBF9368D2F8F4301B0FC3F303336D
:1075F80001EB8303B8EEE77A93ED005A37EE267A6B
:10760800B8EE455A37EE257AC5EE067A284A67EE6F
:10761800877A136B13F480330ED0536CC3F346236D
:1076280006EE903AF8EEE66A76EEA56A87EEA67A56
:10763800BCEEC77A17EE103A1D4A0360136B13F4B9
:1076480000330ED0536CC3F3064306EE903AF8EEBF
:10765800E66A76EEA56A87EEA67ABCEEC77A17EEDA
:10766800103A134A4360136B13F480230ED0536C03
:10767800C3F3066306EE903AF8EEE66A76EEA56A7C
:1076880087EEA67AFCEEC77A17EE903A8360F0BDD3
:10769800536CC3F3080307EE903AF8EEE77A77EEF7
:1076A800A67ADFED056A77EEA57A86EE867AADE7EB
:1076B800000C0246DCE600080024744B80B584B058
:1076C800B04B00AF1B68FB604FF00003A0F5804390
:1076D8000B4300F0198144F20103984271F1000351
:1076E80067D2A0F180030B4300F0AA83812871F1CF
:1076F800000336D2092871F1000318D250EA0103B9
:1077080000F0F685013841F1FF31082871F10001D8
:1077180080F0F185072800F2EE85DFE810F0B60169
:10772800EF01EC051802EC05EC05EC053502A0F1BB
:1077380020030B4300F06382A0F140030B4300F0E9
:1077480054831038084300F03A8200208D4B1A68A1
:10775800FB685A404FF0000340F0AD821037BD4639
:1077680080BDA0F500630B4300F0F48340F60103ED
:10777800984271F1000310D2A0F500730B4300F09A
:107788002C84A0F580630B4300F06884A0F580701A
:10779800084300F080830020D8E7A0F580530B430E
:1077A80000F0DB80A0F50050084300F0878000203F
:1077B800CCE7A0F580030B4300F0A083724B9842FE
:1077C80071F100032AD2A0F580230B434DD06F4BF3
:1077D800984271F1000310D2A0F580330B4300F0FA
:1077E8009682A0F500330B4300F0CD82A0F500404F
:1077F800084300F047820020A8E7A0F580130B4358
:1078080000F0D080A0F500130B4300F0FF80A0F536
:107818000020084300F04F85002097E700F17C43E3
:107828000B4300F0F8845A4B984271F1000310D2D0
:1078380000F17F430B4300F08C8400F17E430B433F
:1078480000F0B784A0F50000084300F0528400203F
:107858007CE700F178430B4300F02D8400F1704081
:10786800084300F00985002070E74A4AD2F8F03052
:10787800D2F8F01003F44073890703D5B3F5807F7D
:1078880000F03C85D2F8F01009010BD5B3F5007F64
:1078980008D1D2F8F03013F0805F14BFFA204FF40B
:1078A800FA4053E73B4A106810F400303FF44EAFFB
:1078B800B3F5407F384818BF002047E7354AD2F86B
:1078C800E43003F0E003402B0DD005D883B93846E7
:1078D800FFF7CCFD386839E7602B00F01385802B63
:1078E8000BD0002032E73846FFF72CFD38682DE72B
:1078F8003846FFF74FFE386828E71368274813F41F
:10790800806F08BF002021E7224AD2F8E43003F450
:10791800E063B3F5007F0FD005D893B93846FFF779
:10792800A5FD386812E7B3F5407F00F0EF84B3F5A2
:10793800806F0BD0002009E73846FFF703FD386851
:1079480004E73846FFF726FE3868FFE61368134851
:1079580013F4806F08BF0020F8E60E4AD2F8E4302E
:10796800116803F40063490502D5002B00F0D284A6
:10797800106810F480603FF4E9AE002B084808BF97
:107988000020E3E630000020010040000100040070
:1079980001000004000C024620A107000024F400A6
:1079A80000127A009F4BD3F8E02002F04062B2F157
:1079B800006F0DD007D882B91B689B4813F4005F8D
:1079C80008BF0020C2E6B2F1406F0BD00020BDE630
:1079D8003846FFF7B7FC7868B8E63846FFF746FD43
:1079E8007868B3E6186810F020003FF4AFAE9A68E4
:1079F80012024CBF9B68D3F8F4308C4A4CBFC3F3D7
:107A08000363C3F3032352F823009FE6854BD3F89F
:107A1800E420500434D4D3F8E03003F04063B3F1E9
:107A2800006F0ED008D88BB97E4B7F481B6813F4C3
:107A3800005F08BF002089E6B3F1406F0BD000203B
:107A480084E63846FFF77EFC78687FE63846FFF71D
:107A58000DFD78687AE6734B186810F020003FF443
:107A680075AE9A6811024CBF9B68D3F8F4306F4A20
:107A78004CBFC3F30363C3F3032352F8230065E643
:107A88003846FFF75FFC386860E6664AD2F8E030AF
:107A980013F003030DD1664B1A68FB685A404FF088
:107AA800000340F008811037BD46BDE88040FFF76D
:107AB80069B8012B0DD15E4B1A68FB685A404FF02C
:107AC800000340F0F8801037BD46BDE88040FEF75F
:107AD800E1B91268520502D5022B00F01E84514A02
:107AE800D2F8F00010F002003FF430AEA3F1030C1E
:107AF800DCF1000343EB0C03D80327E6494AD2F82C
:107B0800E03013F00C030DD1494B1A68FB685A405A
:107B18004FF0000340F0CF801037BD46BDE88040ED
:107B2800FFF720B8042BC6D01268500502D5082BE1
:107B380000F0F6833B4AD2F8F00010F002003FF460
:107B480005AEA3F10C014B424B41D803FEE5354A83
:107B5800D2F8E03013F03003D6D0102BABD0126837
:107B6800520502D5202B00F0DE832E4AD2F8F00011
:107B780010F002003FF4EAADA3F1300CDCF1000391
:107B880043EB0C03D803E1E5264AD2F8E03013F0C2
:107B9800C003B9D0402B8ED01268500502D5802B77
:107BA80000F0C4831F4AD2F8F00010F002003FF43E
:107BB800CDADA3F1C0014B424B41D803C6E5194AEC
:107BC800D2F8E03013F440739ED0B3F5807F3FF4D1
:107BD80072AF1268520503D5B3F5007F00F0A98390
:107BE800104AD2F8F00010F002003FF4AFADA3F550
:107BF800407CDCF1000343EB0C03D803A6E5094AFB
:107C0800D2F8E83013F0070314D1094B1A68FB685F
:107C18005A404FF000034ED11037BD46BDE88040B2
:107C2800FEF7C0BF000C0246006CDC02DCE6000870
:107C380030000020012B3FF43EAF1268500502D5FA
:107C4800022B00F07983A94AD2F8F010890702D5EF
:107C5800032B00F07483106810F020003FF476AD19
:107C6800042B40F0708393681B024CBF9368D2F8D2
:107C7800F4309F4A4CBFC3F30363C3F3032352F8A2
:107C8800230063E5994AD2F8E83003F4E043B3F5FA
:107C9800805F3FF410AFB3F5005F04D13846FFF7BB
:107CA800E5FBB86852E543B9924B1A68FB685A403D
:107CB8004FF000034DD0FBF7BDF9B3F5A04F13D13A
:107CC800106810F020003FF441AD936818024CBFD3
:107CD8009368D2F8F430864A4CBFC3F30363C3F306
:107CE800032352F8230031E51268910303D5B3F555
:107CF800405F00F02B837D4A106810F480603FF4E9
:107D080025ADB3F5804F7C4818BF00201EE5774BA2
:107D1800D3F8E42002F00702042A00F21A8301A132
:107D280051F822F0B17C0008477D0008517D000819
:107D3800417D0008677D00084BF6803006E538462F
:107D4800FFF700FB386801E53846FFF723FC786841
:107D5800FCE41037BD46BDE88040FEF77DBA1868E0
:107D680010F020003FF4F2AC9A6812024CBF9B68F6
:107D7800D3F8F4305E4A4CBFC3F30363C3F3032361
:107D880052F82300E2E4594AD2F8E83003F4E02339
:107D9800B3F5003F10D006D8002B85D03846FFF742
:107DA800D1FA3868D2E4B3F5403F00F0D582B3F594
:107DB800802F06D00020C9E43846FFF7EBFB78682F
:107DC800C4E4106810F020003FF4C0AC93681B02B4
:107DD8004CBF9368D2F8F430454A4CBFC3F30363F1
:107DE800C3F3032352F82300B0E4404AD2F8E0304A
:107DF80013F440633FF488AEB3F5806F3FF45BAE95
:107E08001268500503D5B3F5006F00F0A982374A10
:107E1800106810F020003FF499ACB3F5406F40F0C3
:107E2800A282936819024CBF9368D2F8F430304AA2
:107E38004CBFC3F30363C3F3032352F8230085E461
:107E48002A4AD2F8E03013F440533FF45DAEB3F55C
:107E5800805F3FF430AE1268520503D5B3F5005F7A
:107E680000F08482214A106810F020003FF46EACC4
:107E7800B3F5405F40F07D82936818024CBF936869
:107E8800D2F8F4301A4A4CBFC3F30363C3F3032395
:107E980052F823005AE4154BD3F8E82002F0C00248
:107EA800802A08D003D8002A7FF405AEADE6C02AA0
:107EB80008D000204AE41B680F4813F4806F08BFFD
:107EC800002043E4186810F020003FF43FAC9A68A3
:107ED80011024CBF9B68D3F8F430054A4CBFC3F37A
:107EE8000363C3F3032352F823002FE4000C024674
:107EF800DCE60008300000200024F400B44AD2F880
:107F0800E03013F440433FF4FFADB3F5804F3FF446
:107F1800D2AD1268520503D5B3F5004F00F02C829C
:107F2800AB4A106810F020003FF410ACB3F5404F96
:107F380040F0258293681B024CBF9368D2F8F43056
:107F4800A44A4CBFC3F30363C3F3032352F82300CB
:107F5800FFF7FCBB9E4AD2F8E83013F4407314D103
:107F6800106810F020003FF4F1AB936818024CBF82
:107F78009368D2F8F430974A4CBFC3F30363C3F352
:107F8800032352F82300FFF7E1BBD2F8F0100901F0
:107F98000CD5B3F5807F09D1D2F8F03013F0805FAB
:107FA80014BFFA204FF4FA40FFF7D0BB126852050D
:107FB80003D5B3F5007F00F0E581854AD2F8F000DB
:107FC80010F002003FF4C2ABA3F5407CDCF10003E3
:107FD80043EB0C03D803FFF7B9BB7D4AD2F8E8306E
:107FE80013F4406314D1106810F020003FF4AEABD6
:107FF800936818024CBF9368D2F8F430754A4CBFA6
:10800800C3F30363C3F3032352F82300FFF79EBBB4
:10801800D2F8F01009010CD5B3F5806F09D1D2F868
:10802800F03013F0805F14BFFA204FF4FA40FFF7E6
:108038008DBB1268520503D5B3F5006F00F0A5811A
:10804800634AD2F8F00010F002003FF47FABA3F5CA
:10805800406043424341D803FFF778BB5C4AD2F8FB
:10806800E03013F440233FF44FADD2F8F01009018B
:108078000CD5B3F5802F09D1D2F8F03013F0805F1A
:1080880014BFFA204FF4FA40FFF760BB126852059C
:1080980003D5B3F5002F00F07B814D4AD2F8F000EC
:1080A80010F002003FF452ABA3F540204342434195
:1080B800D803FFF74BBB464AD2F8E030126803F00A
:1080C8004073910302D5002B00F06581B3F1807FE6
:1080D80005D13846FFF736F97868FFF737BBB3F1B3
:1080E800007F40F05B813846FFF7C0F93868FFF73A
:1080F8002DBB374BD3F8E02002F44012B2F5001F35
:108108000AD003D8002A7FF4D6ACC4E4B2F5401FE5
:108118000AD00020FFF71ABB1B682F4813F4806FA2
:1081280008BF0020FFF712BB186810F020003FF4CA
:108138000DAB9A6812024CBF9B68D3F8F430254AFD
:108148004CBFC3F30363C3F3032352F82300FFF7C1
:10815800FDBA1F4BD3F8E02002F44032B2F5003FDD
:108168000AD003D8002A7FF4A6ACCDE4B2F5403F8C
:108178000AD00020FFF7EABA1B68174813F4806F8B
:1081880008BF0020FFF7E2BA186810F020003FF49B
:10819800DDAA9A6810024CBF9B68D3F8F4300D4AE8
:1081A8004CBFC3F30363C3F3032352F82300FFF761
:1081B800CDBA074BD3F8E82002F01802102A0DD0E8
:1081C8007FF671AE182A11D00020FFF7BFBA00BFA2
:1081D800000C0246DCE600080024F4001B6879481D
:1081E80013F4806F08BF0020FFF7B0BA186810F0CA
:1081F80020003FF4ABAA9A6811024CBF9B68D3F8E1
:10820800F430714A4CBFC3F30363C3F3032352F83A
:108218002300FFF79BBA6D4BD3F8E42002F4401219
:10822800B2F5001F22D017D8002A3FF444AC1868D2
:1082380010F020003FF48AAA9A6812024CBF9B688B
:10824800D3F8F430604A4CBFC3F30363C3F303238A
:1082580052F82300FFF77ABAB2F5401F40F0A18028
:108268003846FFF703F97868FFF770BA3846FFF722
:1082780069F87868FFF76ABA544AD2F8E800D2F881
:10828800F03000F400409B0702D5002800F08C80F5
:10829800D2F8F03013F0006300F08A8000283FF431
:1082A80055AAD2F8F03013F0805F14BFFA204FF4CB
:1082B800FA40FFF74BBA454AD2F8E430116803F4A4
:1082C8004053890401D5002B75D01268920402D559
:1082D800B3F5805F72D03D4A106810F480603FF4B7
:1082E80035AAB3F5005F374818BF0020FFF72EBA4C
:1082F8000020FFF72BBA0020FFF728BA4FF4004000
:10830800FFF724BA4BF68030FFF720BA4BF68030DF
:10831800FFF71CBA2B48FFF719BA2A48FFF716BA15
:108328002848FFF713BA2748FFF710BA2548FFF780
:108338000DBA2448FFF70ABA2248FFF707BA4FF4E4
:108348000040FFF703BA0020FFF700BA1D48FFF707
:10835800FDB90020FFF7FAB94BF68030FFF7F6B900
:108368001848FFF7F3B90020FFF7F0B91548FFF7F1
:10837800EDB90020FFF7EAB91248FFF7E7B9002086
:10838800FFF7E4B90F48FFF7E1B90E48FFF7DEB988
:108398000C48FFF7DBB90B48FFF7D8B90020FFF707
:1083A800D5B90020FFF7D2B94FF40040FFF7CEB996
:1083B8001846FFF7CBB90648FFF7C8B90548FFF7D5
:1083C800C5B900BF0024F400DCE60008000C024632
:1083D800006CDC0200366E0190B500AF026852E80E
:1083E800003F23F4907342E8003102680029F5D178
:1083F8000E4C02F1080353E8003F234002F1080C39
:108408004CE800310029F4D1836E012B07D152E8E2
:10841800003F23F0100342E800310029F7D1202360
:10842800C0F8803000238366036790BDFEFFFFEF2E
:10843800F8B504460368C169826800691D6802438B
:10844800606900AF02435B480A43284002431A6050
:108458005A68E06822F4405202435A60564AA069BA
:10846800934205D002F1805293421CBF226A104306
:108478009A6822F06E4222F4306202439A60DA6A05
:10848800606A22F00F020243DA624C4A93424CD0EF
:10849800A2F5744293426DD002F5806293426BD08C
:1084A80002F58062934269D002F58062934267D0F8
:1084B800414A93421CD002F1805293424FF000008F
:1084C80034D10021FFF7FAF868B3616A3C4A65685D
:1084D80032F8112005EB4501B0FBF2F3994209D9B6
:1084E80001204FF0011363660023C4E91C33F8BD73
:1084F8002020E6E7B3EB053FF2D800231946F7F74B
:108508001BFF0023064619464FF4807C68082A465C
:10851800E6FB0C01F7F710FF2A4BA0F540729A42D0
:10852800DED82368D8600020DBE70120B1F5004FD2
:108538004FF0000126D1FFF7C1F80028F3D0616A97
:108548001F4B626833F81130B0FBF3F0530803EBAC
:108558004003B3FBF2F34FF6EF72A3F1100191421F
:10856800BED823F00F02216892B2C3F3420313432B
:10857800CB60D8E70220D9E70420D7E70820D5E761
:108588001020D3E7FFF79AF80028CCD0616A0C4B8B
:10859800626833F81130B0FBF3F303EB5203B3FB1B
:1085A800F2F34FF6EF72A3F11001914298D82268C6
:1085B800D360B8E7F369FFCF0024004600380140D4
:1085C800B4E70008FFFC0F0090B5836A00AF1C07F2
:1085D80006D50168846B4A6822F4004222434A6047
:1085E800D90706D50168C46A4A6822F400322243D2
:1085F8004A609A0706D50168046B4A6822F48032FB
:1086080022434A605C0706D50168446B4A6822F435
:10861800802222434A60D90606D50168C46B8A685D
:1086280022F4805222438A605A0610D50168046CED
:108638004A68B4F5801F22F4801242EA04024A60B4
:1086480005D14A68446C22F4C00222434A601B06E2
:1086580006D50268816C536823F400230B435360EA
:1086680090BD2DE9F04704460D469046994600AF67
:10867800D7F820A02268D36935EA03030CBF012389
:108688000023434501D0002022E0BAF1FF3FF2D099
:10869800FDF7BEF9A0EB0900504529D8BAF1000F43
:1086A80026D021680B685A07E4D5802DE2D0402DEA
:1086B800E0D0CE6916F008060CD0082520460D62D9
:1086C800FFF78AFE00230120C4F8845084F878302C
:1086D800BDE8F087CB691B05CCD54FF40063204675
:1086E8000B62FFF779FE202384F87860C4F88430A1
:1086F8000320EDE72DE9F04782B09846C36F0446A2
:10870800202B0E46924602AF4BD100294BD0002AAF
:1087180049D0036800259A68120642BF9A6822F079
:1087280080029A602123C0F88450C367FDF770F96E
:10873800A3688146B3F5805FA4F850A0A4F852A0BE
:1087480003D123690BB935461E46B4F852204B466F
:1087580092B2CDF800803AB940212046FFF781FF58
:10876800202340B9E36708E0002280212046FFF774
:1087780078FF28B120230320E367BD46BDE8F087D2
:1087880022685EB935F8023BC3F308039362B4F874
:108798005220013A92B2A4F85220D6E716F8013BCB
:1087A800F4E70220E9E70120E7E7F0B500260446F0
:1087B80083B002AFC0F88460FDF72AF92368054644
:1087C8001B681A071CD56FF07E43324600934FF49E
:1087D800001103462046FFF744FF88B1226852E89B
:1087E800003F23F0800342E800310029F6D120231E
:1087F800E36703200023043784F87830BD46F0BDD2
:1088080023681B685B0724D56FF07E430022009322
:108818004FF480012B462046FFF723FFC8B122689A
:1088280052E8003F23F4907342E80031226800299F
:10883800F5D102F1080353E8003F23F0010302F1E8
:10884800080040E800310029F3D12023C4F8803023
:10885800CFE720230020E367C4F88030A066E066F5
:10886800C8E798B5044600AF48B3C36F1BB980F892
:108878007830FCF7CFFF24232268E367136823F0DE
:1088880001031360A36A13B12046FFF79DFE20463B
:10889800FFF7CEFD012812D0204623685A6822F43B
:1088A80090425A609A6822F02A029A601A6842F046
:1088B80001021A60BD46BDE89840FFF776BF012067
:1088C80098BD80B590F8783000AF012B12D02423E2
:1088D8000268C3671168136821F0005123F001038F
:1088E8001360002303661160202280F87830C26785
:1088F800184680BD0220FCE798B5044600AF01F099
:10890800F9FEA46B01F006FFB4FA84F0400998BDA3
:10891800F8B51646026C0446856B00AF42B9066886
:108928009EB9806801F0F2FBA6600135A563F8BD29
:108938006EB94068F7F778FE6368226C1344A26842
:108948006360934224BF236863600020EDE7C0683A
:10895800F7F76AFE226CE36851429B1A2268E360CB
:1089680093423EBFA3685B18E360022EEDD10DB1C0
:10897800013DEAE72846D8E7034690B41A6C084652
:1089880000AF5AB1DC68A1189C68D960A14224BF25
:108998001968D960BD4690BCF7F746BEBD4690BC85
:1089A8007047F8B5044600AF01F0A4FE94F84550AE
:1089B80004F124066DB2002D01DD636ABBB9FF2303
:1089C80084F8453001F0A6FE01F094FE94F8445076
:1089D80004F110066DB2002D01DD236983B9FF2370
:1089E80084F84430BD46BDE8F84001F093BE3046F7
:1089F80001F018FA08B101F0CDFA013D6DB2DAE7DD
:108A0800304601F00FFA08B101F0C4FA013D6DB229
:108A1800E1E70000F8B50E46044600AF40B1C56B6B
:108A280065B91D484FF4B671FCF7C2FE002029E075
:108A380040F237111848FCF7BBFEF2E7036CA3FBC2
:108A48000535002DEDD101F055FED4E90F314B432A
:108A58002268A563D0185B1A62601A44FF23A060DD
:108A680084F84430E26084F8453066B9236933B14C
:108A780004F1100001F0D6F908B101F02DFE01F063
:108A880049FE0120F8BD04F1100002F05BF804F182
:108A9800240002F057F8F2E70CE400082DE9F04151
:108AA80000AFBC69002908BF22461D46C4E90F0172
:108AB8000646012120462260FFF7ACFF84F84C509F
:108AC800042D1CD8DFE805F003111B0C16003346F3
:108AD800214611200B4ABD46BDE8F041F9F786B89A
:108AE800002321461220074AF5E7002321461320D8
:108AF800044AF0E7002321461720024AEBE7BDE8C5
:108B0800F08100BF85D500082DE9F04184B0064604
:108B18000D4690461C4602AF6BB94FF4C271174818
:108B2800FCF746FE4FF4D8711448FCF741FE0024C8
:108B38001EE03DB1F6E70028F4D0B8F1000FF8D0F8
:108B4800002DEFD050237B607B68502B04D04FF46E
:108B5800CB710A48FCF72CFE7B68012384F8463069
:108B6800009442462946304697F82030FFF796FF92
:108B780020460837BD46BDE8F08100BF0CE4000878
:108B88002DE9F04786B01D4600AF7D4B7A600E4652
:108B98001B687B614FF00003044620B94FF47071E5
:108BA8007848FCF705FE36B9236C23B140F2C13191
:108BB8007448FCF7FDFD022D07D1E36B012B04D0AF
:108BC80040F2C2316F48FCF7F3FD01F027FA30B9E3
:108BD8007B6823B140F2C5316A48FCF7E9FD4FF0E4
:108BE8000008002D0CBF4FF0560A4FF0C20AC146CC
:108BF80001F080FDA26BE36B9A4208D294F84C30E6
:108C0800042B1DD8DFE803F0133C37374100022D51
:108C1800F4D07B68002B41D101F07CFD94F84C30F6
:108C2800042B39D8DFE803F09A34A3A33400002DCD
:108C3800214614BFC0205020A26B0132F8F762F819
:108C48002A4631462046FFF763FE636A1BB104F1EA
:108C5800240001F0E7F808B101F03EFD01F05AFDEB
:108C68000120474B1A687B695A404FF0000300F017
:108C78008280FAF7DFF9A26B214651200132DDE745
:108C880021465220F7F7CCFFDAE72146C520F9E75D
:108C980021465520F7F7C4FF0020E2E7B8F1000F9E
:108CA80003D107F10C0001F02FF901F033FD00F0BA
:108CB8004DFE01F01FFD94F84430FF2B08BF84F8E7
:108CC800449094F84530FF2B08BF84F8459001F094
:108CD80021FD391D07F10C0001F024F9002837D1D6
:108CE80001F008FDA26BE36B9A420AD101F012FD74
:108CF80094F84C30042B13D8DFE803F00D2521211C
:108D0800250001F007FD2046FFF74BFE00F016FF97
:108D18004FF001086CE721465046A26BF7F7F2FFC7
:108D2800796804F1100001F02DF82046FFF739FEAC
:108D380000F004FF0028EBD101F0CEFCE8E7214663
:108D48005720A26BEAE721465820F7F769FFE7E7C3
:108D58002046FFF726FE00F0F1FE5FE7002D2146D2
:108D680014BFC1205320A26BF7F7CCFF94E721462C
:108D78005420A26BF8E71837BD46BDE8F08700BF5E
:108D8800300000200CE400082DE9F04387B0774B51
:108D980000AF7A600D461B687B614FF00003044604
:108DA80020B94FF4BE617248FCF702FD35B9236C57
:108DB80023B140F2F4516E48FCF7FAFC01F02EF9A9
:108DC80030B97B6823B140F2F9516948FCF7F0FCEF
:108DD8004FF00008C14601F08DFCA66B002E3BD079
:108DE80029462046FFF7C8FD94F84C30042B0BD8D1
:108DF800DFE803F0032822222E0021466020A36B1F
:108E08007A68013BF7F7F2FF2369013EA66333B1A5
:108E180004F1100001F006F808B101F05DFC01F062
:108E280079FC0120514B1A687B695A404FF00003C6
:108E380000F09780FAF7FEF8A36B214661207A6864
:108E4800013BDFE7214662207A68F7F75BFFDBE743
:108E58002146C7207A68F8E77B6853B901F05AFCC5
:108E680094F84C30042B6BD8DFE803F064716C6C19
:108E78007700B8F1000F03D107F10C0001F044F8B6
:108E880001F048FC00F062FD01F034FC94F8443035
:108E9800FF2B08BF84F8449094F84530FF2B08BF97
:108EA80084F8459001F036FC391D07F10C0001F0FB
:108EB80039F8A0BB2046FFF71FFD50B394F84C309B
:108EC8007A68042B09D8DFE803F0031C181821007E
:108ED80021466620A36BF7F789FF796804F124001F
:108EE80000F050FF2046FFF75CFD00F027FE08B9B0
:108EF80001F0F2FB4FF001086DE721466720A36BF4
:108F0800E9E721466820F7F7FDFEE6E72146F62067
:108F1800F9E72046FFF745FD00F010FEEAE7204696
:108F2800FFF73FFD00F00AFE2046FFF7E5FC0028AA
:108F3800E0D095E721466320A36B7A68F7F756FFE0
:108F480000206FE721466420A36B7A68F6E7214684
:108F580065207A68F7F7D6FEF2E72146C8207A68D6
:108F6800F8E71C37BD46BDE8F08300BF300000209D
:108F78000CE400082DE9F04387B0854B00AF796019
:108F88001B687B614FF00003044620B940F28961F9
:108F98008048FCF70DFC236C23B140F28D617D48BD
:108FA800FCF706FC01F03AF830B97B6823B140F2CF
:108FB80092617848FCF7FCFB0025A946A84601F019
:108FC80099FBA66B002E3CD094F84C30042B0BD8A0
:108FD800DFE803F0032D2727330021466020A36B29
:108FE8007A68013BF7F702FF2368013EA66313B9CD
:108FF80001F052F9A060236933B104F1100000F0C8
:1090080011FF08B101F068FB01F084FB0120604BFF
:109018001A687B695A404FF0000300F0B480FAF7F1
:1090280009F8A36B214661207A68013BDAE72146FB
:1090380062207A68F7F766FED6E72146C7207A6885
:10904800F8E77B685BB901F065FB94F84C30042BBA
:1090580000F28880DFE803F0808D88889300B9F1FA
:10906800000F03D107F10C0000F04EFF01F052FB96
:1090780000F06CFC01F03EFB94F84430FF2B08BF75
:1090880084F8448094F84530FF2B08BF84F8458065
:1090980001F040FB391D07F10C0000F043FF0028E8
:1090A80042D12046FFF728FC002837D094F84C30EE
:1090B800042B0AD8DFE803F0032823232E002146D7
:1090C8006620A36B7A68F7F791FE23683BB901F035
:1090D80011FBA06800F0B4FF054601F01BFB79689E
:1090E80004F1240000F04EFE2046FFF75AFC00F081
:1090F80025FD08B901F0F0FA4FF001095FE72146B4
:109108006720A36B7A68DEE7214668207A68F7F75C
:10911800F9FDDAE72146F6207A68F8E72046FFF7F6
:1091280040FC00F00BFDE7E72046FFF73AFC00F0B3
:1091380005FD2046FFF7E0FB0028DDD0002D84D098
:1091480001F0D8FA616A19B1236B1968C1F10901F4
:10915800A06801F037F876E721466320A36B7A68A8
:10916800F7F744FE002052E721466420A36B7A6893
:10917800F6E7214665207A68F7F7C4FDF2E721464D
:10918800C8207A68F8E71C37BD46BDE8F08300BF01
:10919800300000200CE40008F8B50D46044600AF86
:1091A80020B940F6CE311148FCF702FBEDB100239F
:1091B8000F4A194610465668A6420AD100EBC10369
:1091C80029462046C3E90054BD46BDE8F840F8F7F3
:1091D8005BBD1BB91668002E08BF13460131102964
:1091E80002F10802E7D1002BEAD1F8BD0CE400082F
:1091F8006CB10020F8B5044600AF0D46164601F0E4
:1092080079FA94F84430FF2B04BF002384F84430E3
:1092180094F84530FF2B04BF002384F8453001F053
:1092280079FAA36B2BB93246294604F1240000F0E1
:10923800C5FD2046BD46BDE8F840FFF7B2BB0000BB
:109248002DE9F84300AF044601F054FA384B394E83
:109258001A68DFF8088101321A603568002D5AD182
:1092680034601B68012B1FD1C1464846013501F007
:1092780069FC092D09F11409F7D1DFF8E4902E4DA6
:10928800484601F05FFC284601F05CFC2B4801F0E1
:1092980059FC2B4801F056FC2A4801F053FC2A4B94
:1092A800C3F80090294B1D60294A214613681020F5
:1092B80001331360636404F13402E36AF8F796FC3F
:1092C80021463020F7F7ACFC01222249E36A0868FE
:1092D8009A4002430A601422534308EB03014A6888
:1092E800201DA2609568E5606860906058F80320CA
:1092F8006161013248F8032001F00CFA164B1B6833
:10930800A3B13368DA6AE36A9A420FD2BD46BDE870
:10931800F84301F0E1B9104B1B68002BC4D1336846
:10932800DA6AE36A9A4298BF3460BDE7BDE8F88319
:1093380014B200203CB3002060B2002044B20020E8
:1093480030B2002018B200205CB2002058B20020D1
:10935800F8B100200CB2002008B2002088B200202A
:1093680074B20020254B2DE9F0471D68244B254C8D
:10937800D3F80090244B0646D3F800A0206800AF2D
:109388000430884601F015FC40B922681F49D06AAC
:1093980001220B68824023EA02030B60731C16D17A
:1093A800B8F1000F13D01A4B21685A688A60906888
:1093B8002168C860216804314160216804319160E6
:1093C800226853611A6801321A60BDE8F087236881
:1093D8002168AD195D6001F1040105D35046BD4611
:1093E800BDE8F04701F0CDBB484601F0CAFB094B88
:1093F8001A68AA4288BF1D60E7E700BF10B20020C4
:109408005CB200203CB3002058B200200CB200200F
:1094180018B20020F4B10020074A80B5136800AFE5
:109428001968064B19B94FF0FF321A6080BD1268EF
:10943800D2681268F9E700BF5CB20020F4B10020DE
:1094480098B590F85D30044600AF43B9006B01F061
:10945800E5FA2046BD46BDE8984001F0DFBA012B89
:10946800F8D0022B07D041F6D3110348BD46BDE81A
:109478009840FCF79DB998BD54E400082DE9F041E7
:109488000E4C0F4E0F4D00AF23680BB9BDE8F081AD
:1094980001F030F9F368D3F80C8008F1040001F00A
:1094A80088FB2B68013B2B602368013B236001F09C
:1094B80031F94046FFF7C4FFE6E700BF2CB20020B1
:1094C80030B2002014B2002080B500AFFFF7D6FFFD
:1094D800FCE700002DE9F84F0E4600AF3C6B950005
:1094E80081469046A5212A46206B9A46D7F828B08F
:1094F800F7F710F9226B043D154425F007056EB106
:10950800721E04F133010F3612F8010F01F8010F32
:1095180008B1B242F8D1002284F84320BBF1080F09
:1095280006D940F26F711548FCF742F94FF0080B65
:10953800201DC4F82CB0C4F84CB001F010FB04F1A5
:10954800180001F00CFBCBF109032846A3614A4639
:109558005346216B2461646201F02EF92D1AB8EB91
:10956800A50F206004D840F2D2710448FCF720F916
:10957800FB6A03B11C60BDE8F88F00BF54E4000823
:109588002DE9F04788B09946274B04AF1B68FB606C
:109598004FF00003D7E90DA4002305460E46904678
:1095A8007B60BAF1000F04D140F2FC411F48FCF780
:1095B800FFF824B940F2FD411C48FCF7F9F8602394
:1095C800BB60BB68602B04D040F205511748FCF71C
:1095D800EFF8BB68D4B1BAF1000F17D060220021B0
:1095E8002046F7F797F8022384F85D303B1DC4F84E
:1095F80030A0029401933B6B2846009342464B46A9
:109608003146FFF767FF2046FFF71AFE064B7868DA
:109618001A68FB685A404FF0000301D0F9F70AFDB9
:109628001037BD46BDE8F0873000002054E400083C
:109638002DE9F041044600AF01F05CF82F4D34B934
:109648002C6824B940F6B1012D48FCF7B1F804F1B3
:109658000408404601F0ADFA60B91423E06A294ACB
:109668004343D35833B90122274982400B6823EA80
:1096780002030B60A36A1BB104F1180001F099FA08
:10968800224A234E1368013313602B68326812B3E1
:10969800A34220D141461F4801F066FA1E4A2146DE
:1096A8001368202001331360E26AF8F7C1FA01F069
:1096B80031F8336803B32B68A3421DD1174B1B68DD
:1096C80023B140F62A110E48FCF772F8BD46BDE8F2
:1096D800F04101F001B8124A214613682020013BED
:1096E8001360E26AF8F7A4FAFFF796FE01F012F8A1
:1096F8002046FFF7A5FEDCE7BDE8F0813CB300207B
:1097080054E4000888B200200CB20020F8B1002010
:1097180008B2002030B200202CB20020ECB10020AA
:1097280014B2002098B5044600AF00F0E3FF4CB92E
:10973800074B1C6834B940F68C210648FCF738F80A
:10974800E36AFFDEE46A00F0E5FF204698BD00BF4B
:109758003CB3002054E400082DE9F04708290446EA
:109768000D4600AF05D940F629313C48FCF720F8F2
:10977800082500F0BFFF6CB9394B1C6854B940F696
:109788003A313648FCF714F829462046F8F748FDE0
:10979800E36CFFDE29462046F8F742FDE26C95426D
:1097A80050D02F4B53D91968A14255D01B68DE6A97
:1097B800AE422CBF00260126D4F82CA0524501D079
:1097C800554500D9E562A369DFF89880002B4FF072
:1097D800140303FB0A836269E564A4BFC5F10905A4
:1097E800A5619A422BD1251D284601F0E2F9DFF840
:1097F800789040B90122D9F8003002FA0AF223EA37
:109808000203C9F8003021463020F7F709FA01228F
:10981800E36AD9F800109A400A43C9F800201422D4
:10982800534308EB03014A68A2609068E060456012
:10983800956058F803206161013248F803200EB1A1
:1098480000F04AFFBD46BDE8F04700F063BF1E6860
:10985800331B5E425E41AFE70026ADE754E40008E3
:109868003CB3002088B200200CB20020B0B58CB008
:109878002C4B04AF1022002107F10C001B68FB6180
:109888004FF00003F6F746FF274A07F10C0312F8DA
:10989800014B03F8014B002CF9D1384607F10802B7
:1098A800391DC7E90044FBF759FF3B681F4802937D
:1098B8007B6807F10C01CDE900432346BA68FFF73E
:1098C8005FFE1B4B1860B0B100F062FE0128054630
:1098D8001CD101F057F84FF0FF32164B1A60164BA7
:1098E8001D60164B1C60164B18681B68D96AF8F780
:1098F800BDFC00F0EFFF134B1B680A4B1A68FB69AD
:109908005A404FF0000309D0F9F794FB0135F2D122
:1099180040F6F8610C48FBF74BFFECE72037BD46F3
:10992800B0BD00BF300000209CE40008D1940008BE
:10993800F0B10020F4B1002008B2002010B20020DD
:109948003CB30020CCE7000854E4000880B5034A83
:1099580000AF13680133136080BD00BFECB1002075
:1099680080B5024B00AF186880BD00BF10B2002060
:1099780098B5044600AF38B9054B1C6824B94FF4B4
:1099880086510448FBF714FF04F1340098BD00BF6A
:109998003CB3002054E400082DE9F04F83B05A4A44
:1099A80000AF1368012B02D0584B1B682BB9584BDA
:1099B80058491B68096801338B611368002B40F014
:1099C8009D80534B1D6801351D609DB9524C23681D
:1099D8001B6823B141F2FC215048FBF7E9FE504BCC
:1099E8002268196821601A604E4A136801331360AF
:1099F800FFF712FDDFF838910026D9F80030DFF8BC
:109A080034819D420CD3B646DFF80CB1DFF828A1AB
:109A1800DBF800301B68BBB94FF0FF33C9F80030E2
:109A28001421414B414A1B681268DB6A4B4358F8C2
:109A38000300012898BF002A14BF012000203043EA
:109A48000C37BD46BDE8F08FDBF80030DB68DC681A
:109A580063689D42E2D3D4E9023160699960A368E2
:109A68004B604168231D994204BFE1684160016869
:109A7800C4F814E001390160A06A80B1D4E9072173
:109A88009160E26904F1180C4A604168614504BFBD
:109A9800216A41600168C4F828E001390160214663
:109AA80030207B60F7F7BCF80120E16ADAF800C0E3
:109AB800884040EA0C00CAF800001420414308EB33
:109AC800010CDCF804007B68A060D0F808E0C4F85A
:109AD8000CE0CEF80430836058F80130C4F814C0A4
:109AE800013348F80130104BE16A1B684FF0000E53
:109AF800DB6A994288BF46F0010689E7034A0020DD
:109B08001368013313609BE7ECB1002004B2002016
:109B180010B20020A43B00205CB2002054E40008EE
:109B280058B20020FCB100203CB3002000B2002055
:109B3800F4B1002088B200200CB200202DE9F843CF
:109B4800464C00AF00F0D6FD236823B940F6F67105
:109B58004348FBF72DFE2368013B236024682CB1A2
:109B6800002400F0D7FD2046BDE8F8833D4B1B6874
:109B7800002BF5D02646A0463B4D51E0EB68DC684B
:109B8800A36AD4E907128A60E1695160596804F14F
:109B98001802914204BF226A5A601A68A662013A02
:109BA8001A606369D4E902128A60A16804F10409A1
:109BB80051605A6821464A4508BFE2684FF03000B4
:109BC80008BF5A601A68C4F81480013A1A60F7F797
:109BD80027F801202549E36AD1F800C000FA03F20A
:109BE80042EA0C020A6014214B43214A02EB030C9F
:109BF800DCF80410A160D1F808E0C4F80CE0CEF855
:109C08000490C1F80890D158C4F814C00144D15048
:109C1800184BE26A1B68DB6A9A4201D9164B186036
:109C28002B68002BAAD10CB1FFF7F6FB134D2C685B
:109C380054B14FF00108104EFFF7AEFE08B1C6F858
:109C48000080013CF8D12C600B4B1B68002B87D09F
:109C5800084B01241B6800F03FFD82E7ECB10020AF
:109C680054E4000814B2002044B200200CB20020D2
:109C780088B200203CB3002000B2002004B20020CB
:109C880098B5044600AF20B9BD46BDE8984000F03D
:109C980023BDFFF75BFE0B4B1B68012B04D040F67E
:109CA800D5110948FBF784FD21467A20F6F7B8FF5D
:109CB80000212046FFF756FBFFF740FF0028E3D0BE
:109CC80098BD00BFECB1002054E40008F8B5274B5C
:109CD80000AF1A68264B12B101221A60F8BD254D53
:109CE8001A602868F8F71EFB2B6829682A68096833
:109CF800126B914210D91B6B1A68B2F1A53F0BD1B8
:109D08005A68B2F1A53F07D19A68B2F1A53F03D1CD
:109D1800DB68B3F1A53F04D0296828683431FBF724
:109D280039FD154B1C68B4FA84F41423C4F11F04DC
:109D38006343124EF35823B941F299411048FBF797
:109D480037FD14235C433219536808345B68264492
:109D5800B342536004BFD3685360DB682B60286844
:109D68002B68D96AF8F782FA2B68B7E7ECB10020BC
:109D780000B200203CB300200CB2002088B20020C2
:109D880054E40008B0B50D46044600AF20B941F2CE
:109D98001F510848FBF70CFD074B2046196818317E
:109DA80000F0EFFE01212846BD46BDE8B040FFF7B0
:109DB800D9BA00BF54E400083CB30020F8B50D46FA
:109DC8001646044600AF20B941F25D511248FBF730
:109DD800EFFC002E18BF4FF0FF35104B6268196872
:109DE800CA61906819680862196818314160196871
:109DF8001B68183191609C622368792001332360C5
:109E0800074B19682944F6F70BFF31462846BD462B
:109E1800BDE8F840FFF7A6BA54E400083CB30020B8
:109E280010B20020F8B5C36800AFDC6824B941F26D
:109E380094512E48FBF7BCFCD4E90712A36A8A6048
:109E4800E16951605A6804F118018A4204BF226A24
:109E58005A600022A2621A68013A1A60244B1B68F1
:109E6800002B36D1D4E9021263698A60A168251DE6
:109E780051605A682146AA4208BFE2684FF0300094
:109E880008BF5A60002262611A68013A1A60F6F740
:109E9800C7FE01221749E36A08689A4002430A602C
:109EA80014214B43144AD0184168A1608E68E660BB
:109EB80075608D60D15860610131D1500F4BE26AF5
:109EC8001B68DB6A9A4285BF01200D4B0020186091
:109ED800F8BD0C4B5A68E26190682062416091605D
:109EE8001A68A36201321A60E8E700BF54E4000868
:109EF800ECB100200CB2002088B200203CB3002056
:109F080000B2002044B20020044B80B51B6800AFAB
:109F18000360034B1B68436080BD00BFFCB1002099
:109F280010B20020F8B50D46044600AF20B941F242
:109F380044611548FBF73CFC25B941F245611248DC
:109F4800FBF736FC00F0D6FB104B19682B685A1C3F
:109F580017D00F48266800686268864208D08A428F
:109F680006D8002301242B6000F0D4FB2046F8BD5E
:109F7800881A8342F5D95B1A134420462B60FFF7F1
:109F8800C3FF0024F0E700BF54E4000810B200202B
:109F9800FCB10020012280B5014B00AF1A6080BDE2
:109FA80000B2002098B5044600AF61B948B9074B24
:109FB8001C6834B941F2F8710548FBF7F9FB636D89
:109FC800FFDE606D98BD0020FCE700BF3CB30020B9
:109FD80054E4000898B5044600AF48B9094B1C681A
:109FE80034B941F690110848FBF7E2FB236BFFDE1A
:109FF8000020226B135CA52B01D0800898BD01308E
:10A00800F8E700BF3CB3002054E4000880B5024BD9
:10A0180000AF186880BD00BF3CB3002080B5064B78
:10A0280000AF1B6833B1054B1868B0FA80F04009DF
:10A03800400080BD0120FCE708B20020ECB1002000
:10A048002DE9F843044600AF00284BD02C4DC36AD5
:10A058002A68D26A93424BD28269DFF8A880002A24
:10A06800A1BF2A68D26AC2F109028261142202FBE6
:10A07800038342699A4237D1061D304600F099FDA4
:10A08800DFF8849040B90122E16AD9F800308A40AB
:10A0980023EA0203C9F800302B682146DB6A302026
:10A0A800E362F6F7BDFD0122E36AD9F800109A4091
:10A0B8000A43C9F800201422534308EB03014A68F5
:10A0C800A2609068E0604660966058F8032061617D
:10A0D800013248F803202B6821460520DA6AF6F792
:10A0E80011FE0120BDE8F8832B68DB6AC362F2E742
:10A0F8002B68C06CDB6A98422CBF00200120F1E776
:10A108003CB3002088B200200CB20020F8B5044609
:10A1180000AF08B90020F8BD264B1B68834204D065
:10A1280041F6CD212448FBF743FB236D23B941F6C3
:10A13800CE212148FBF73CFB236DE16AE26C013B31
:10A1480091422365E6D0002BE4D1261D304600F06D
:10A1580030FD1A4D30B90122E16A2B688A4023EAA2
:10A1680002032B60E26C21460620F6F7CBFDE36C78
:10A178002146E362C3F10903A3613020F6F750FDDD
:10A188000120E36A296800FA03F20A4314214B43C9
:10A198002A600B4AD5186968A160D1F808C0C4F8CC
:10A1A8000CC0CCF804608E60D15865610144D15070
:10A1B800B1E700BF3CB3002054E400080CB2002013
:10A1C80088B200202DE9F8430D46044600AF002868
:10A1D80058D0036D23B941F62B312B48FBF7E8FA29
:10A1E800E36C9D4238BF1D46E36AAB424AD0236DFB
:10A1F800012B47D1254B1B68A34204D141F64631B8
:10A208002148FBF7D5FA2A4621460620F6F77AFDBB
:10A21800A369D4F82C90002B4FF014031C4E6269EC
:10A2280003FB0963E562A4BFC5F10905A5619A426C
:10A2380028D1251D284600F0BCFCDFF8588040B91D
:10A248000122D8F8003002FA09F223EA0203C8F81A
:10A25800003021463020F6F7E3FC0122E36AD8F803
:10A2680000109A400A43C8F8002014225343F118FA
:10A278004A68A2609068E06045609560F258616144
:10A288000132F250BDE8F88354E400083CB30020E2
:10A2980088B200200CB2002080B5044B00AF1868CB
:10A2A80010B1036D0133036580BD00BF3CB30020CE
:10A2B80080B5914200AF416000610AD8D21A836923
:10A2C8009A420DD2074B011D186800F05AFC002075
:10A2D80080BD9A4201D2994202D2034B011DF3E795
:10A2E8000120F5E71CB4002020B40020F8B504468E
:10A2F8000D46164600AFA1692B4632462046294432
:10A30800FFF7D6FF00B9F8BDA36920461D44236AAC
:10A318009847F0E70F4B2DE9F0411B680546DB68CD
:10A3280000AFDC680E46201D00F043FC94F828308E
:10A338005A070AD5324629462046FFF7D7FF204656
:10A34800236ABD46BDE8F041184723F0010384F8AD
:10A358002830F4E720B4002098B5084C00AF2368F3
:10A368001A6822B9064A11681360216098BDDB6833
:10A378004FF0FF311868FFF7CDFFF0E720B4002059
:10A388001CB400202DE9F041124C82B002AF00F05D
:10A39800B1F92568CDB9DFF858800F4E404600F076
:10A3A800D1FB304600F0CEFB0C4B1021C3F80080E7
:10A3B8000B4B08201E600B4A0B4B0095FEF7A4FBC5
:10A3C800206010B10949FEF7E7FEBD46BDE8F0413F
:10A3D80000F0A0B918B4002024B4002020B4002054
:10A3E8001CB4002090B3002040B30020A1E4000872
:10A3F80038B400202DE9F04387B05F4B00AF1B68ED
:10A408007B614FF000035D4E5D4B1B68D3F80090F5
:10A41800B9F1000F23D00025DB68D3F80090FFF7CF
:10A4280095FAFFF79DFA336804469842DFF85C8195
:10A4380017D33060002D45D0524B1B681D68B5FA04
:10A4480085F56D092A46D8F80000A9EB0401FEF746
:10A45800D1FEFFF773FB48B900F03EF906E001258D
:10A46800DDE7FFF779FF3460FFF768FB1022002172
:10A47800381DF6F74FF90022D8F80000391DFEF70D
:10A4880083FC0028C0D07B68002B24DBFC68002CF0
:10A49800F1D0636913B1201D00F08BFBFFF760FA60
:10A4A80033680546984201D2FFF756FF7B6835604E
:10A4B800013B082BDFD8DFE803F0161639405616A3
:10A4C800163940008145BDD8FFF738FB214648467C
:10A4D800FFF720FFCAE7BB68D7E9030198477B6805
:10A4E800002BC8DBD2E794F82830A16943F00103B8
:10A4F80084F82830BB682A4620461944FFF7D8FE5E
:10A508000028B8D094F8283059070AD5A369B96843
:10A518002A4620461944FFF7E9FE2046236A984751
:10A52800A9E723F0010384F82830F6E794F82830E7
:10A5380023F0010384F828309DE794F8283043F08D
:10A54800010384F82830BB68A36123B94FF4826102
:10A558000D48FBF72DF9A1692B462A4620462944C8
:10A56800FFF7A6FE87E794F828309A07E0D420463C
:10A5780000F054FA7FE700BF3000002010B400203C
:10A5880020B400201CB40020A6E4000818B4002061
:10A59800B0B588B01B4B04AF1B68FB604FF00003DD
:10A5A800FFF7F0FE184B1B680BB300250124384653
:10A5B80007F10802391DC7E90055FBF7DDF83B68CC
:10A5C800124902937B6800940193BA682B4610489D
:10A5D800FEF7D6FF0F4B186048B12046094B1A68A2
:10A5E800FB685A404FF0000308D0F8F723FD0A48EB
:10A5F8004FF4A371FBF7DCF80020EFE71037BD46F6
:10A60800B0BD00BF3000002018B40020EFE40008FF
:10A61800FDA3000814B40020A6E400082DE9F043C7
:10A6280087B01C46144D154B00AF1B687B614FF07B
:10A6380000032B6880460E46914623B940F201512B
:10A648000F48FBF7B5F84FF0FF332246C7E901384A
:10A6580028680023391DC7E90369FEF791FA074BFB
:10A668001A687B695A404FF0000301D0F8F7E2FC02
:10A678001C37BD46BDE8F08318B400203000002028
:10A68800A6E4000880B5002382B000AF7B60084BC9
:10A698001B68013304D040F275310648FBF788F88F
:10A6A80000F070F97B68002BFCD00837BD4680BDF0
:10A6B80054B40020F7E400084FF0E023042280B5EA
:10A6C8001A6100229A61034A00AF5A6107221A618F
:10A6D80080BD00BFBFD401004FF0E0234FF080528F
:10A6E80080B5C3F8042D00AFBFF34F8FBFF36F8F52
:10A6F80080BD000080B500AF00F044F9044A13683B
:10A7080001331360BFF34F8FBFF36F8F80BD00BF5E
:10A7180054B4002098B50A4C00AF236823B940F21E
:10A728002A410848FBF744F82368013B2360206866
:10A7380020B9BD46BDE8984000F02FB998BD00BFCC
:10A7480054B40020F7E4000898B500AF00F01AF9F7
:10A758000446FFF721F928B14FF0E0234FF080526B
:10A76800C3F8042D2046BD46BDE8984000F015B951
:10A7780080B4836900AF13F8023C662B12D14FF006
:10A78800E023D3F8882D42F47002C3F8882DD3F85B
:10A79800342F42F04042C3F8342FBD465DF8047BA5
:10A7A80000F0C8B84FF49D610248BD465DF8047BCF
:10A7B800FAF7FEBFF7E4000890B54FF0807440E95F
:10A7C8000224184A4FF0123440F80C2C4FF0033290
:10A7D8004FF0023C40E905244FF0013240F8203C9C
:10A7E80040E9072C4FF010334FF011324FF0093485
:10A7F80040E90A324FF008334FF0073C40E90C3487
:10A808004FF006334FF0053240E90E3C4FF0043369
:10A8180040E910326FF0020300AF40F8443C40F8C2
:10A82800481D90BD8DA60008002380B582B000AFFA
:10A838007B604FF07F424FF0E023C3F81C2DD3F824
:10A848001C3D214A1B0EFB70FB7803F0500313706C
:10A8580023B940F6AD011D48FAF7AAFFFB78DB43A0
:10A8680013F0500F04D040F6B1011848FAF7A0FFD2
:10A87800FB7813F0800F7B681FD1082B0CBF0023D7
:10A888007B68134A18BFC3F107031B0203F4E06394
:10A8980013604FF0E023D3F8202D083742F47F02ED
:10A8A800C3F8202DD3F8202D42F07F42C3F8202D85
:10A8B8000022C3F81C2DBD4680BD01337B60FB78A8
:10A8C8005B00DBB2FB70D3E750B40020F7E400086C
:10A8D8004CB4002098B54FF0E023D3F8084D114B45
:10A8E800E26A00AF9A4204D040F20F710E48FAF7BC
:10A8F8005FFFA26B0D4B9A4204D04FF4E2610A4805
:10A90800FAF756FF0024FFF78FFFFFF7D5FE084B35
:10A918001C6000F027F8FFF7D9F9FFF7B3FE2046CF
:10A9280098BD00BF0DAA0008F7E40008B1A9000807
:10A9380054B400200A4A1168086806C881F30B88D5
:10A94800EFF3148151F0020181F31488203080F371
:10A958000988BFF36F8F4FF0000080F3118810470C
:10A968003CB3002006480068006880F3088862B697
:10A9780061B6BFF34F8FBFF36F8F66DF00BF000074
:10A9880008ED00E0EFF311804FF0500181F31188DA
:10A99800BFF34F8FBFF36F8F704780F31188BFF3FA
:10A9A8004F8FBFF36F8F7047EFF309801EF0100FC2
:10A9B80008BF20ED108AEFF30B82734620E9FC0FE5
:10A9C8000F4A116808604FF0500080F31188BFF3F8
:10A9D8004F8FBFF36F8FFFF779F94FF0000080F3C7
:10A9E8001188074A11680868B0E8FC0F13F0100FC7
:10A9F80008BFB0EC108A82F30B8880F309881847E7
:10AA08003CB300201EF0040F0CBFEFF30880EFF3F7
:10AA1800098001490847000079A700082DE9F0419D
:10AA2800044600AF002878D0DFF81481A0F10805AB
:10AA3800454502D33A4B9D4204D94FF4B871394881
:10AA4800FAF7B6FE54F8043C002B04DB40F271110F
:10AA58003448FAF7ADFE54F8083C23B14FF4B97105
:10AA68003048FAF7A5FE54F8043C002B55DA54F8A0
:10AA7800082C002A51D123F0004344F8043CFEF787
:10AA880065FF294A54F8043C11680B441360274BAE
:10AA98001B68DB070AD5264B1B685B6833B1F6F7E2
:10AAA800D3FF214654F8042CF6F744FF214B1A46ED
:10AAB8001E461B689D42FBD8964209D0464502D3E4
:10AAC800174B9E4204D940F206211648FAF770FE49
:10AAD8007268B3189D4201BF354654F8043C9B1870
:10AAE8007360696833686A18934214D1124A12680D
:10AAF800934203D05A680A446A601A682A600F4A67
:10AB0800AE42136818BF356001331360BD46BDE817
:10AB1800F041FFF713B81A46F0E7BDE8F08100BF2F
:10AB28006BB4022063E500085CB40020EC0400204C
:10AB3800F004002064B4002060B4002058B4002061
:10AB48006CB400204FF0FF3200F1080380B5C0E973
:10AB5800022343600361002300AF036080BD00232C
:10AB680080B5036100AF80BD436880B59A684B60CB
:10AB78008A605160996003680861013300AF03601F
:10AB880080BDB0B50C6800AF631C0AD103695A6870
:10AB98004A6091608B605960036808610133036003
:10ABA800B0BD00F10802134652681568A542FAD9EB
:10ABB800EDE70369D0E9011280B58A6051605968F0
:10ABC80000AF814208BF5A6000220261186801384C
:10ABD800186080BD20F0030110F00300C0F10000F0
:10ABE80051F8043B00F1040C4FEACC0C6FF0000262
:10ABF8001CBF22FA0CF213434FF0010C4CEA0C2C48
:10AC08004CEA0C4CA3EB0C0222EA030212EACC1227
:10AC180004BF51F8043B0430F4D0C2F1000102EA49
:10AC28000102B2FA82F2C2F11F0200EBD2007047B1
:10AC380038B5054C054DAC4204D054F8043B984750
:10AC4800AC42FAD138BD00BF00000000000000008F
:10AC5800032A30B412D941EA000484460B46A407FB
:10AC680021D11946604653F8044B5CF8045BA542B1
:10AC780019D1043A032AF4D860461946541E7AB109
:10AC8800431E0139021901E09A4209D013F8010F55
:10AC980011F801CF6045F7D0A0EB0C0030BC70472D
:10ACA800002030BC7047541EEAE700BF0FB400B55F
:10ACB80083B0064B04AA186852F8041B019200F0EE
:10ACC800D3F903B05DF804EB04B07047D8E6000888
:10ACD8000CB430B58BB00D4620220446002102A8E2
:10ACE800F5F718FD0222134B002D06948DF80A2063
:10ACF80003931DDB10D0013D2C440FAA0E9902A826
:10AD08000794019200F0B0F9069B00221A700BB06C
:10AD1800BDE8304002B070470FAA0E9902A8079408
:10AD2800019200F0A1F90BB0BDE8304002B07047C5
:10AD38000024E2E781D100082DE9F041C3F137088A
:10AD480005460C46174603F01F065FFA88F82846A2
:10AD5800214632460023F5F7EFFA2346D2B20C46D5
:10AD6800AC460546092A08EB020188BFCAB2B445B9
:10AD780002F1300207F8012B4FF000029341E6D2AE
:10AD88003846BDE8F08100BF2DE9F0434FF0010ED1
:10AD9800724508DD034601E0252C06D09C4613F8D1
:10ADA800014B002CF8D1BDE8F0831C780CF1020CA3
:10ADB800252C01D16346F1E70026AA4FB04609E0E9
:10ADC80027FA03F3DB0740F1F4801CF8014B002C51
:10ADD80000F09280A4F12003102BF1D963464FF0C4
:10ADE800000CA4F12405152D20D8DFE805F0B21FCA
:10ADF8001F1F1F1FAA1F1F1FAA1F0C0C0C0C0C0CB7
:10AE08000C0C0C0C6346303C06EB86064FF0200C0D
:10AE180004EB460613F8014B002C70D0BCF11F0F51
:10AE280040F2BA80BCF17F0F40F2AE80A4F14C052D
:10AE38002E2D64D80FF2040959F825F04FAF0008F9
:10AE480007AF000807AF000807AF000807AF000802
:10AE580007AF000807AF000807AF000807AF0008F2
:10AE680007AF000807AF000807AF000807AF0008E2
:10AE780007AF000807AF000807AF000807AF0008D2
:10AE880007AF000807AF000807AF000807AF0008C2
:10AE980007AF000807AF000807AF000807AF0008B2
:10AEA80007AF000807AF000807AF000881AF000828
:10AEB80007AF00084FAF000807AF000871AF0008E0
:10AEC80007AF000807AF000807AF000807AF000882
:10AED80007AF000807AF000807AF00081DAE00085D
:10AEE80007AF000807AF000807AF000807AF000862
:10AEF80007AF00081DAE000863464FF0000CB8F11C
:10AF0800000F3FF450AFF0457FF448AF44F0200500
:10AF18000B68A5F16506022E40F29F80612D00F0B6
:10AF28009C80633C102C00F29280DFE804F01890BB
:10AF38009090909090909090909090909090180011
:10AF4800B046002666E74CF4207C63E763464FF082
:10AF5800000CB8F1000FF3D07645F2D10B6804333A
:10AF68000EF1010E0B6013E71CF0800F18BF4CF4B4
:10AF7800007C4CF0800C4DE71CF4807F18BF4CF42B
:10AF8800007C4CF4807C45E74FF0200C29E713F84F
:10AF9800014B0026002CB0D0A4F1200C314DBCF19F
:10AFA800100F25FA0CF54FD815F0010526D09C4650
:10AFB8000BE7A4F124030C2B9ED801A555F823F028
:10AFC80055AF000801AF000801AF000801AF000845
:10AFD80001AF000801AF0008FDAF000801AF00088D
:10AFE80001AF000801AF0008FDAF000801AF00087D
:10AFF8000DAE000800266346B4460BE7A4F1240909
:10B00800AC464D460C2D3FF678AF0FF2080959F8BB
:10B0180025F000BF5BAF000803AF000803AF0008CE
:10B0280003AF000803AF000803AF000897AF00089C
:10B0380003AF000803AF000803AF000897AF00088C
:10B0480003AF00080FAE00084FF0000CC9E61CF073
:10B05800800F84D01CF4007F81D0073323F00703CE
:10B0680008337DE7892801002DE9F04F837893B0F4
:10B0780047689C07049240F134870B4683468E4606
:10B088000B9213F8010B002800F092860C464FF043
:10B09800000A05910DE01C4659460AF1010AB84715
:10B0A8000028C0F26A81234613F8010B002800F03B
:10B0B8006C812528EFD165780234252DECD04FF02E
:10B0C8000008C1464646CDF808801F2E40D97F2E7D
:10B0D80075D9A5F14C032E2B00F25B81DFE813F044
:10B0E8000F015901590159015901590159015901D2
:10B0F8005901590159015901590159015901590178
:10B108005901590159015901590159015901590167
:10B118005901590159015901920159010F01590168
:10B12800860159015901590159015901590159011A
:10B13800B50059015901590159015901B50046F0A5
:10B14800020614F8015B46F00406002D00F0828028
:10B15800A5F12003102B32D801A252F823F000BF2A
:10B168004BB10008C7B10008C7B10008D7B2000842
:10B17800C7B10008C7B10008C7B1000853B200083A
:10B18800C7B10008C7B10008C7B1000847B1000837
:10B19800C7B10008E7B20008C7B10008C7B1000886
:10B1A800F7B200087306A5F1300540F16B8109EB91
:10B1B800890905EB490914F8015B002D4AD0A5F16E
:10B1C8002403152B85D801A252F823F02DB20008CC
:10B1D800DBB00008DBB00008DBB00008DBB000081B
:10B1E800DBB00008B5B30008DBB00008DBB000082E
:10B1F800DBB00008E1B30008DBB00008ADB100081F
:10B20800ADB10008ADB10008ADB10008ADB100089E
:10B21800ADB10008ADB10008ADB10008ADB100088E
:10B22800ADB10008B8F1000F00F02181049B72064F
:10B238000B9300F13581029A0BA90598FFF7A4FD3D
:10B248000B9B1A1D1B680B92029314F8015B002DCF
:10B258007FF43BAF202303950693B8F1000F06D087
:10B26800049B42460BA905980B93FFF78DFDB9F196
:10B27800000F04DA26F040064FF00009B6B2039B2F
:10B28800002B00F0DA80ED4306F0400205F02003C1
:10B2980007930B9B073323F0070303F108010B9176
:10B2A800D3E90001069B612B00F04B81002A40F096
:10B2B8000E81652B00F07C84662B4FF0060900F0A8
:10B2C8005D834B4600226525039208950EE114F82C
:10B2D800015B46F01006002D7FF43AAFBAE714F888
:10B2E800015B46F00806002D7FF432AFB2E714F890
:10B2F800015B46F00106002D7FF42AAFAAE714F897
:10B30800015B46F42076002D7FF4E3AEA2E72D25FD
:10B31800029B042B00F37C820023029328465946A3
:10B32800B84700280AF1010A27DB9DF834301D07C9
:10B3380040F14D83AE4E3546DDF81C8003E0C0B2C7
:10B34800B847002819DBA94615F8013B5946A3EB75
:10B358000800002BF3D1AAEB0606B144029DCA46A9
:10B368004D44A5EB0A0359462020002B7FF79BAEDE
:10B37800B84700280AF1010AF3DA9BF802304FF0C7
:10B38800FF3A43F004038BF80230504613B0BDE88F
:10B39800F08F45F02002A2F165030692612A18BFDA
:10B3A800022B94BF01230023039356E7B8F1000F43
:10B3B8007FF44BAF0B9B750653F8042B0B937FD48C
:10B3C800002AC0F2548314F8015B46F02006002DD1
:10B3D80000F056830292F2E67006D6D414F8015BA8
:10B3E80046F04006002D7FF4EAAE33E7330614F842
:10B3F800015B48BF46F4007646F08006002D7FF4D6
:10B4080068AE27E7F50514F8015B48BF46F40076F7
:10B4180046F48076002D7FF45CAE1BE7002B00F02D
:10B4280074811A46049B0BA905980B93C146FFF734
:10B43800ABFC2023CDF808800693A5F16303122BFB
:10B4480000F25F81DFE813F08D0270015D015D019C
:10B458005D015D0170015D015D015D015D015D01E1
:10B46800970245025D015D011A025D01880214F828
:10B47800015B4646029B002DD0D0C146CDF808801E
:10B48800984665E6029B46F0200603EB830305EB2E
:10B498004303029314F8015B002D7FF490AED9E6C4
:10B4A8004A460BA90598FFF76FFC0B9B14F8015B44
:10B4B8001A1DD3F800900B92002D7FF408AEC9E650
:10B4C80014F8015B002D00F0DB82914677E6652BCE
:10B4D80000F06483662B00F0518219F0FF0340F0FE
:10B4E80004851A46652503930123089501920DF1F9
:10B4F8003008039A0092424600F01EFE0C9AC3B22E
:10B508000221069302F109030391122B35D89DF805
:10B51800343013F0010503F00C0C3CD1B00760D4B3
:10B5280016F0040040F08A81BCF1000F39D0029A6D
:10B53800032A40F31283033A029232073FF5F7AE2B
:10B548006BE1079B46F4C0560DF130080093002AC2
:10B5580000F0CC804B46424601F00AFC431CDBB2AB
:10B568004B45069380F2CA8070230C9A01210893F8
:10B5780002F109030391122BC9D902F16303C62B07
:10B588002CD902F2E73140F2CE73994240F25D8144
:10B5980004210391BBE7BCF1000F7FF4B8AE4FF074
:10B5A8002D0C16F4405F00F06D82B50440F19780D1
:10B5B80022EAE2730133BCF1000F1BD1B9F1000F8D
:10B5C80000F0518109F101010B440299994200F3FD
:10B5D800CB823005CDF808C026D43CE00221039187
:10B5E80095E7BCF1000F00F026812B2590E600BFFF
:10B5F800D4E70008591CB9F1000F00F0298109F1BE
:10B6080001030B440299994200F3558300230293E6
:10B61800604659460992B84700280AF1010A099A72
:10B62800FFF6ABAE350513D5594630200992B84719
:10B638000028FFF6A2AE079B59460AF1020AC3F199
:10B64800780000F0F800B8470028099AFFF695AE90
:10B65800300740F1F882B10400F1C68259469DF8DE
:10B6680035000992B8470028FFF687AEB9F1000FF8
:10B67800099A00F32F83F50600F152830AF10109B4
:10B6880006925946DDE90723981AC0B2B847002840
:10B69800FFF673AE069A002AC0F23F832B20594664
:10B6A8000692B8470028FFF668AE039B069A042B5B
:10B6B80000F01782032B09F1020900F02682012B02
:10B6C80040F0368202F13000594609F10109C0B252
:10B6D800B8470028BFF642AE4FE60EF1FF3916F420
:10B6E800006F14BF052303230B4464E74FF0FF33B7
:10B6F800424601F03DFB431CDBB2069303F1FF39E0
:10B7080032E7069B782B00F0798359462520B84705
:10B718000028FFF632AE28465946B8470028FFF6FB
:10B728002CAE0AF1020ABEE432060B9B40F11483E8
:10B73800B00540F1A483073323F0070303F108029F
:10B74800D3E900030B9226F01008002B1FFA88F2A9
:10B758000392C0F2418350EA030140F0458406F0A9
:10B7680040037006069303D5B9F1000F00F0E48298
:10B77800002001460DF130080A234246FFF7DCFAA3
:10B78800069AA0EB0803002A00F0DC82039A4B45D6
:10B798001E4622F00108B8BF4E461FFA88F20392EF
:10B7A800039A40F206410A4202F0080000F0AC8415
:10B7B80006F10108002800F02683029AA2EB08028D
:10B7C800029206935946039B0AF1010513F0020FF2
:10B7D80014BF2B20202013F4806F18BF2D20B847EA
:10B7E8000028069BFFF6C9AD994540F3128409EB82
:10B7F800050A1E46AAEB030A02E0554500F0C5807B
:10B8080059463020B847002805F10105F5DAB4E5B6
:10B81800043B360702933FF581AD029E564402E091
:10B82800B24500F0468359462020B84700280AF15F
:10B83800010AF5DAA1E54FF02B0CB2E6BCF1000FD6
:10B8480040F0AD824FF0200CABE6032103915EE699
:10B85800F00640F1E68202330299994200F32B8206
:10B86800CDF80890D4E6F10640F1E682013302995A
:10B87800994200F37981CDF80890D3E60B9B1A1D05
:10B888000B921A68002A00F0F88216F0400F104652
:10B89800039214BF49464FF0FF3101F057FA039A5B
:10B8A8008046029B3007194600F19A80984580F03F
:10B8B80097801D461646994603E0984580F0898092
:10B8C8001D4659462020B847002805F1FF33F4DA11
:10B8D80053E546F010061023782516F0800C0B9AD5
:10B8E80068D016F4007100F03B81073222F007029D
:10B8F80002F108010B91D2E9000106F0400203921F
:10B9080050EA010240F0868006F040021AB1B9F10F
:10B91800000F00F019820DF1300800200021424686
:10B92800FFF70AFA06F04002A0EB0803002A00F02D
:10B93800438126F017024B4592B2039280F245826A
:10B94800002D40F0A882350740F1AE83029A554693
:10B95800A2EB090202924AE726F010060A23B6B2C1
:10B96800BBE70B9B4FF001080CAA191D1B680B9134
:10B978008DF8303095E708230025AEE7662546F4B4
:10B9880000564A4611230895B0E533460DF13008B4
:10B9980008EB0306354605E015F8010DB847002801
:10B9A800FFF6EBACA8455946F6D106EB0A03A3EB24
:10B9B8000809D3E4111D10680B9116F480719CD00E
:10B9C80016F4007100F0F281C0B2614695E7BD4EF1
:10B9D800B1E40AF1010A32461946CA44AAEB050A3B
:10B9E800029402EB080516461446894605E014F849
:10B9F800010BB8470028FFF6C0ACAC425946F6D157
:10BA08004946AAEB0603A146029CA1EB0802994409
:10BA18000292A3E40DF130084246FFF78DF906F0D3
:10BA28004002A0EB0803002A40F0C58126F0060278
:10BA3800F10692B2039240F1C380039A02F0080221
:10BA4800002D40F0188103F10108002A00F0398226
:10BA5800029AA2EB08020292594630200393B84793
:10BA680000280AF10105039BBFF6BEAE85E45342E8
:10BA780014F8015B46F028060293002D7FF49FAB73
:10BA8800002542E6B9F1000F069B14BFCE464FF0E1
:10BA9800010E002B00F0B682581D404403E013F05D
:10BAA800FF0500F07F8110F8019D1D46013BB9F1AB
:10BAB800300FF4D09946EBB206937245B4BF012318
:10BAC8000023101DB8BF002316F0100000F04D81B0
:10BAD800002B3FF402AE46F40056531CAEEB0309AC
:10BAE80066E5794D5946039209F10309A5FB02352C
:10BAF800AD0905F13000C0B2B8470028FFF63DACEB
:10BB08004FF47A73039A03FB1522704D594603923A
:10BB180009F10109A5FB02356D0905F13000C0B234
:10BB2800B8470028FFF629AC6423039A03FB1522C3
:10BB3800674D5946039209F10109A5FB0235ED0845
:10BB480005F13000C0B2B8470028FFF616AC05EB87
:10BB58008505039AA2EB4502B4E50290FFF7E7BB1F
:10BB6800101D0B901068C8E6CB1A16F0090F029347
:10BB78007FF458AD1D465544099402925446C24676
:10BB8800E04602E0AC4200F0598259462020B8470E
:10BB9800002804F10104F5DAFFF7EFBB09F101030E
:10BBA800DBB2112B28BF112346F48056FFF78ABB5E
:10BBB80007234FF00609F7E726F0160292B2039220
:10BBC80012F0080200F09681029A5546D21A0292A3
:10BBD8000AE63105E14600F1258216F0080FCDF896
:10BBE80008C01E463FF437ADC9F1000322EAE275EA
:10BBF800914607960393531D069E5B1B0694984433
:10BC0800A9EB0502039B013D3020964259460AF1F3
:10BC1800010488BF98F80000AB4200F31781B847C9
:10BC2800002808F10108FFF6A8AB6B1C01D0A2465A
:10BC3800E6E759462E20B84700280AF10204FFF625
:10BC48009CABA246DCE7029B002B3FF404AD029DAF
:10BC580043460292A046554454469A4602E0AC42F6
:10BC680000F0C48059463020B847002804F1010488
:10BC7800F5DAFFF782BB03F10208002A00F07281AF
:10BC8800029AA2EB08020292594630200393B84761
:10BC98000028FFF672AB039B002D00F01F81284699
:10BCA80059460393B84700280AF10205039BBFF6DB
:10BCB8009BADFFF762BBCB1A16F0090F02937FF416
:10BCC800A7AC57E7D0E70008D34D62101F85EB51AA
:10BCD800CDCCCCCC59462E20B8470028FFF64DAB2A
:10BCE800099A0126069D09940692AE4208EB0602BF
:10BCF8004FF030005946B8BF50793446B84700284D
:10BD080006F10106FFF639AB4E45EEDD25460AF190
:10BD18000209069A099CA944B2E452422D20BEE4C5
:10BD280059462E200692B84700280AF10209069AB9
:10BD3800BFF6A6ACFFF721BB26F011081FFA88F35F
:10BD4800039300231E462BE516F0080300F0168126
:10BD580000230DF130081BE61A1DF1051B680B9234
:10BD680000F192801846DB17EDE4002B3FF4B7ACE6
:10BD7800AA4246F40053C0F24981BCF1000F00F01A
:10BD88001981911C029D8D4240F33781691A0291F5
:10BD980016F009011E4600F06F81814638E420251F
:10BDA800FFF7B6BA4FF0FF39069586E680B2A4E5EC
:10BDB8008246FFF7EABA26F007024B4592B2039291
:10BDC800C0F26981F1063FF538AE320740F157817C
:10BDD800029AD21A0292DBE542F480624042039250
:10BDE80006F0400263EB43010692C3E45346A246C1
:10BDF8004446029A9846002302932CE4C5F178033E
:10BE080043F0100369E512F0010F029A7DD09045C6
:10BE1800A2EB080180F2E68001EB030901460291DA
:10BE2800CFE4029B8B427FF71BAD5B1A16F0090F1C
:10BE380002937FF4EDAB9DE6029999423FF794AEE9
:10BE48003505CDF808903FF5EFAB04E4A146DDE9F0
:10BE58000646B8470028FFF690AAF6067FF57EAAA0
:10BE680001357FF47BAA59462E20B84700280AF1ED
:10BE78000209BFF673AAFFF780BAAE4A05E518684B
:10BE880004330B93C3175EE4B20540F1A68058B2A1
:10BE980043F3C01357E4494602F0080082B2002871
:10BEA80000F02681029A5546A2EB090289460292C1
:10BEB8009AE4002D7FF430AA9DF834300295FFF7FC
:10BEC80036BA039AD6076ED502998845A1EB0802BF
:10BED80080F2908003EB02090295D5E60AF101058C
:10BEE80082E44FF0FF3AFFF750BA112B28BF112315
:10BEF800FFF7E8B90399C90740F18F800298834298
:10BF0800A0EB030148DB029142E5904580F2A38053
:10BF180026460695029C4546079302E0A24209DAA6
:10BF2800154659462020B847002805F10102F5DAE0
:10BF3800FFF723BA02990AF1010A34462E468A1AF3
:10BF4800AAEB080A0292B244039AD606DDE9065320
:10BF58003FF59AAE40F20642039911427FF431ACA4
:10BF6800554641E4039A12F0010F029A5FD09045BA
:10BF7800A2EB08010FDB9946029185E6029A002A96
:10BF880040F3B38026F0170899461FFA88F3C8468D
:10BF980003934B46BCE7102203EB0109002A67D044
:10BFA8000022029270E6029A9045B1DBA2EB0802E9
:10BFB800029251E5511C029888427FF70AAE411A55
:10BFC80016F0090F02914FD0300549D416F0080F2A
:10BFD800E1461E467FF408AE39E618B243F3C03393
:10BFE800FFF7B1BB99461AE7194606F040030693D6
:10BFF800FFF7C0BB9946029246E681461E4602906C
:10C00800FFF706BB1D464FF0FF3956E51E46AE4604
:10C0180063E5AA460DF13008BAE4029A93427CDA45
:10C02800984675E71E46CDF80890FFF7FDBA90458B
:10C03800FFF66EAFA2EB0802029225E6C446029A0A
:10C04800D046A246099CBCF1000F7FF4DFAACDF8C8
:10C0580008C0FFF7E7BAA2EB08020292FFF7B1BBEC
:10C068001E46E146FFF7E0BA1E46E1460D4682E568
:10C0780055460292FFF7B8BB8946029D7BE5984674
:10C08800029A9045FFF644AF029A5546A2EB080281
:10C098000292FFF7A9BB55B926F0170836071FFA11
:10C0A80088F203923FF552ACC8460025E8E7F0064F
:10C0B80004D4039A494602F00800EFE6320709F172
:10C0C80002083FF5DDAD029A9045FFF621AF0393D4
:10C0D8005946029B3020A3EB08030293B847002877
:10C0E800039BBFF6DCADFFF748B90DF130084FE40C
:10C0F8000398C0070BD502988145A0EB0901FFF60C
:10C108004BAF0DF13008FEE64946B146C6E6029A45
:10C11800914507DAC8468946FAE6D21A5546029288
:10C12800FFF762BBA2EB0902554689460292FFF768
:10C138005BBB00BFD8E700082DE9F04F9BB0C1F307
:10C14800130504460B92CA0F0E939DF890300C927B
:10C1580040EA05020D93C1F30A53002B08BF002AD9
:10C168000CBF012200220A9200F00181080D40F262
:10C17800FF718B4200F0ED8004F001021192002B58
:10C1880040F00281AB00012740F23446DFF89C857D
:10C1980043EA947306970593A300049330460DF180
:10C1A800580B00F059FCC71BF61B07EB0803079751
:10C1B80030460F9300F058FC0346594630467D3B05
:10C1C800A7EB030A00F07AFC241912ABAAF1410884
:10C1D8006D41204600932946DDE9162300F076FDDF
:10C1E80014AB06460F46204629460093DDE918237E
:10C1F80000F06CFD0022CDF80080DDE9124304193F
:10C2080051EB0305149B169928BF0122D218159BE0
:10C2180043F1000370181799149247EB0101B042DB
:10C228001593B941DDE9180134BF4FF0010C4FF007
:10C23800000C201845EB01011CEB000041F1000146
:10C24800A04271EB050C34BF4FF0010C4FF0000C0D
:10C258001CEB020243F1000300F050FD0391169914
:10C268008146DDF864C00891DDE917E1DDE91423B2
:10C27800099106990293002940F01F82B019AAF18A
:10C288004001009147EB0701231945EB050AB0422D
:10C2980071EB070634BF012600269E19089B4AF158
:10C2A80000079842099B71EB0E0134BF0120002062
:10C2B800301A67F10001C01A029B61EB0C01921859
:10C2C8005B41A64277EB050C34BF4FF0010C4FF0F1
:10C2D800000C12EB0C0243F10003864277EB0106D7
:10C2E80034BF01260026921B63F1000300F006FD0F
:10C2F8008246029120462946CDF80080DDE91423C4
:10C3080000F0FCFC079B04460D46012B40F25483C9
:10C318003E2B1E4600F208814FF0FF33A6F12002A3
:10C32800C6F1200003FA02F203FA06F123FA00F03C
:10C338000B461143049A014322EA0302059B23EAB0
:10C3480001031A434FF00003069308BF0123059326
:10C35800EDE00C9B25434FF000000B9A14BF43F00F
:10C36800080343F0040313711BB0BDE8F08F0C9B66
:10C3780030210B9C012043F00202002361712271DD
:10C3880023601BB0BDE8F08F54EA050240F2FE724C
:10C3980045F48015A3F2354800EA020014BF0122D3
:10C3A8000022002808BF42F00102271906924FEA2E
:10C3B800850245EB0506B8F1000F42EA9472059232
:10C3C8004FEA84020492C0F21F8340460DF1580BD5
:10C3D80000F03AFBB8F1030FC8BF013804460790D4
:10C3E8000F9000F041FBA4EB080800F17C035946CC
:10C3F800204603EB080A00F0E1FB12AB3846314651
:10C408000093DDE9162300F061FC14AB04460D46E9
:10C41800384631460093DDE9182300F057FC0A9AA4
:10C42800DDE912638719AAF1410651EB0308149B51
:10C43800169928BF012208960096D218159B43F139
:10C44800000360181799149245EB0101A042159357
:10C45800A941DDE9180134BF01260026381848EB48
:10C468000101301841F10001B84271EB080634BFF0
:10C4780001260026B21843F1000300F03FFCDDF866
:10C4880064E003918146DDE91432DDE91761029227
:10C49800169A0992069A002A40F0F18014EB040CCF
:10C4A800AAF1400245EB05000092FA1948EB080A88
:10C4B800A44570EB0505099D34BF01240024121919
:10C4C8004AF10004AC45B041029E34BF012000206F
:10C4D800101A64F10005401A65EB0E01DB1876416D
:10C4E800BA4274EB080534BF012500255D1946F1F1
:10C4F8000003824274EB010234BF01220022AA1A0F
:10C5080063F1000300F0FAFB82460291089B38466B
:10C5180041460093DDE9142300F0F0FB079B044635
:10C528000D46152B40F220820023CDE905330D9BE3
:10C53800002B00F0D8810A2C75F10003C0F06E8240
:10C548000A2300220120910001309E0041EA9371E4
:10C55800F31842EB0102DB1852419C4275EB0201D1
:10C56800F1D20F9B259AC3181344D20F9342B8BF38
:10C5780013460E9A9342A8BF13460993B3FA83F061
:10C588004FF0000E03994009CDF810E0109048468E
:10C59800CDE9079E644A4FF0CC33CDF800B000F0E7
:10C5A80095FB169F179B5046FF0802994FEAD30840
:10C5B8005D4A47EA4377CDF800B04FF0CC3300F03E
:10C5C80085FB169E179BF6084FEAD30946EA437681
:10C5D800BE4279EB08031ED30A2C75F10003C0F0A4
:10C5E8008B800A23002201204FEA820C0130990037
:10C5F8004CEA937CCB1842EB0C0CDB184CEB0C0C84
:10C608009C4275EB0C016246EED2099B984240F3BE
:10C61800558101230A9329462046434A4FF0CC33DB
:10C62800CDF800B000F052FB049B06EB8602089997
:10C638000133179DBAEB420F069A0493B24602F0F3
:10C648000102169B18BF00223846DB08CDF8089077
:10C658000692059A43EA45730797ED08002914BF27
:10C66800002202F00102CDF80C804146059203EB4E
:10C678008302A4EB42021C46D3B208938AE70998C6
:10C68800791A089A009268EB0E02844275EB060646
:10C6980034BF01200020081A62F10001874278EBBC
:10C6A800010234BF012200229A1A029B63F100039F
:10C6B80000F024FB8246029128E7099BCDF8008010
:10C6C800E11A089B65EB0C0C9E42029B77EB0E006F
:10C6D80034BF01200020081A6CF10001844275EB78
:10C6E800010634BF01260026921B63F1000300F007
:10C6F80005FB82460291FDE5099B002B00F3DE80D5
:10C7080054EA050385D1109B002B82D00024DDE973
:10C71800079E2546069B002B51D05B46F046A34654
:10C7280002991C4635E000BFCDCCCCCCCCFBFFFF3A
:10C73800BB4A4FF0CC330094B24600F0C7FA169BC0
:10C74800294658464FEAD309179BB54A49EA43791F
:10C758000094DB0803934FF0CC3300F0B7FA059B45
:10C76800179D3946B8F1000F14BF002303F00103E9
:10C7780002970593049B01330493169BDB0843EA55
:10C788004573ED0803EB8302ABEB42029B465FFA6D
:10C7980082F84FF0CC33A24A5046009400F096FA43
:10C7A800169E179F4846F608039946EA4776FF08FB
:10C7B80006EB8603BAEB430FBAD0C6465C46049A2A
:10C7C8000F9B1344059A9B46029BBEF1050F14BFAD
:10C7D800002202F001029D4208BF54450A9B83F0E3
:10C7E800010303F0010318BF0023002A69D014F0E5
:10C7F80001017BD1002B40F022810A2C75F1000247
:10C80800C0F020811A460A230021012688009F00D3
:10C8180040EA9370FB1841EB0001DB18304606F143
:10C82800010649419C4275EB0107EFD2099B9E42E4
:10C8380001DD002A66D109980FFA8BFEB042A8BF25
:10C84800304600B2864400280EF1FF3E2EDD0B9BD9
:10C85800411D734A4FF0CC37194403F1050C0526E6
:10C8680014EB050848F10008A2FB083929F0030376
:10C8780003EB9903A8EB0308B4EB080465F1000384
:10C8880007FB04F502FB0355A4FB02431D4404F017
:10C8980001036408A3FB063944EAC57413EB0803D3
:10C8A8006D08303301F8013D6145D9D10B9B0C9AD5
:10C8B800C3F800E01A711BB0BDE8F08FDDE9079EF0
:10C8C80028E7BBB9BEF1040F94BF0022012211462C
:10C8D800611845F100050A290C4675F1000392D24A
:10C8E80000200126A2E70E9B099347E6002BEFD014
:10C8F8004FF0050E069B119A83F001031A43E1D00D
:10C908000121E5E70D9B6BB1259A06EB0B03134458
:10C918000E9A012BB8BF01239A42A8BF1A46964225
:10C92800099288DD05343E4906464FF0CC3345F17F
:10C9380000050BF1010B621942F10002A1FB02078D
:10C9480027F0030000EB9700121AA41A65F10005FE
:10C9580004FB03F301FB0533A4FB01410B4464080A
:10C968005D0844EAC37466E7049E14AB2C4A00933E
:10C9780030464FF0CC33059900F0A8F9149B159A6E
:10C988009B0843EA827303EB8303B3424AD0119EA8
:10C99800049B1EBB013B059A42F1FF31069A981A87
:10C9A80061F1000100F068F8079B83428CBF002307
:10C9B8000123CDE90563BAE5119B13B9012305935A
:10C9C800B5E519F1FF334FF000029946039B63F177
:10C9D800000303930123CDE90532A8E5981C059BC4
:10C9E80043F1000100F048F8079B83428CBF002305
:10C9F8000123B9EB03039946039B63F100030393F7
:10CA08000023CDE9053392E540F2354618F10107D8
:10CA1800A6EB030618BF0127FFF7C0BB0120A0E55E
:10CA2800CDCCCCCCDDE9040100F026F8079B83428D
:10CA38008CBF0023012305930023069377E54FF06D
:10CA4800040E57E70126F6E6024B03FB00F0800CC4
:10CA5800704700BF41340100024B03FB00F0000D9A
:10CA6800704700BFFB2E0B00024B03FB00F0C00C0D
:10CA7800013070474F93120030B54FF0CC350E4C53
:10CA88004FF0333C05FB00F304FB0131A0FB0432FB
:10CA980000200A449C457CEB02010CD3A64605FB0A
:10CAA80003F1013004FB0211A3FB0E320A449C453A
:10CAB8007CEB0201F3D230BDCDCCCCCC2DE9F04FCC
:10CAC8003A4D1A233A4F87B0A5FB00250E46ED08CC
:10CAD80003FB150307EB051753B9D7E90023C1E991
:10CAE8000023D7E90201C6E9020107B0BDE8F08FCB
:10CAF800304A02A9044602EBC303D3E90089D7E907
:10CB0800022340460091494600F0E0F802460B46F1
:10CB18004046494691469846D7E9002304AF009716
:10CB280000F0D4F8002282468B46DDE9047317EB47
:10CB3800090753EB080928BF012232B1029B0133D0
:10CB48000293039B43F1000303932046FFF78CFFF6
:10CB580080461A2005FB00F0FFF786FFA8EB0005CA
:10CB68003A464B4600955046594600F0C7F800959E
:10CB7800114B25096400844653F825300A4604F011
:10CB88001E0438464946E34003F0030313EB0C0345
:10CB980042F10002C6E90032DDE9022300F0AEF8F6
:10CBA800C6E9020107B0BDE8F08F00BF4FECC44EE4
:10CBB80008E90008E0E70008B0E800083F4A00F18B
:10CBC8001903A2FB03232DE9F04FDB081A263C4F7B
:10CBD80087B003FB06F60D4607EB031B321A0AD192
:10CBE800DBE90023C1E90023DBE90201C5E9020111
:10CBF80007B0BDE8F08F4FEA031A324B02A904468A
:10CC080003EBC203D3E90089DBE902234046009124
:10CC1800494600F05BF857F80A200F46DBF8043065
:10CC2800013A84464046B84604AF63F100034946DA
:10CC3800E246009700F04AF8002281468B46DDE97B
:10CC4800047317EB0A0753EB080828BF012232B117
:10CC5800029B01330293039B43F100030393304685
:10CC6800FFF702FF06462046FFF7FEFE361A3A4651
:10CC7800434600964846594600F040F80096124B45
:10CC880026096400844653F826300A4604F01E0438
:10CC980038464146E34003F00303013313EB0C032A
:10CCA80042F10002C5E90032DDE9022300F026F86E
:10CCB800C5E9020107B0BDE8F08F00BF4FECC44ED4
:10CCC80030EA0008E0E70008D8E900084FF0000C57
:10CCD80070B58E4605461646A0FB02016246049CC6
:10CCE800EEFB06126646EEFB032CE3FB05169219D3
:10CCF8004CF10003C4E9002370BD00BF10B5029CCD
:10CD0800C4F1400CC4F1200EE04002FA0EFE03FA12
:10CD18000CF302FA0CFC43EA0E03C4F1200E01FAEC
:10CD28000EFE40EA0E00A4F1200E22FA0EFEA4F137
:10CD3800200221FA04F421FA02F243EA0E03104316
:10CD480043EA04014CEA000010BD00BF71B103467C
:10CD580001EB000C01E0634506D01A460133117857
:10CD68000029F8D1101A7047181A704708467047FA
:10CD78002DE9F0430446C1F31305CE0F184654EAD3
:10CD880005039DF81CE0C1F30A51167156D10B1E1C
:10CD980018BF0123002951D100281360C0F25E8119
:10CDA8000C2800F3DA811F461D46C0F10D06012448
:10CDB800B600711EA6F12108C6F1210304FA01F19B
:10CDC80004FA08F824FA03F34C1848EA030848EB75
:10CDD8000809634269EB490C013C49F1FF393C40C1
:10CDE80009EA0509A14278EB09090EDBC6F1200919
:10CDF80027FA06F4203E05FA09F944EA090402D4A0
:10CE080045FA06F63443E40703D5C91945EB080586
:10CE18000F463B4005EA0C0C1B0943EA0C734FEA2A
:10CE28002C1C19090C2803F00F0441EA0C714FEA75
:10CE38002C1C2CD0002C00F0148128E040F2FF7349
:10CE4800994200F08D81002900F0F780A1F2FF31AE
:10CE5800002845F4801527461160C0F2F5800C289B
:10CE6800A3DD230904F00F004FEA251C43EA0573EC
:10CE7800092802DDCEF1270108443030190903F0F2
:10CE88000F0441EA0C7190744FEA2C1C0D20092CF8
:10CE980002DDCEF127031C4430340C284FEA11156B
:10CEA8005474B8BF0C2001F00F0445EA0C754FEA22
:10CEB8002C13092C02DDCEF127010C4430340B2849
:10CEC80014744FEA1514B8BF0B2005F00F0544EA97
:10CED80003741B11092D02DDCEF127010D444FEA21
:10CEE80014180A2805F1300504F00F0448EA0378FD
:10CEF800B8BF0A201B11D573092C02DDCEF127011A
:10CF08000C443034092894734FEA1814B8BF092028
:10CF180008F00F0844EA03741B11B8F1090F02DD89
:10CF2800CEF12701884408F13008082882F80D80DE
:10CF38004FEA1418B8BF082004F00F0448EA037831
:10CF48001B11092C02DDCEF127010C4430340728CF
:10CF580014734FEA1814B8BF072008F00F0844EA02
:10CF680003741B11B8F1090F02DDCEF127018844C3
:10CF78002109062808F1300804F00F0441EA03717A
:10CF8800B8BF06201B1182F80B80092C02DDCEF1F8
:10CF980027052C444FEA1118052804F1300401F044
:10CFA8000F0148EA0378B8BF05201B1194720929BC
:10CFB80002DDCEF1270421444FEA1814042801F1B8
:10CFC800300108F00F08B8BF042044EA03744FEAA0
:10CFD80023195172B8F1090F02DDCEF127039844E5
:10CFE8002109032808F1300804F00F04B8BF032012
:10CFF80041EA09714FEA291382F80880092C02DDF9
:10D00800CEF127052C440D09022804F1300401F063
:10D018000F01B8BF022045EA0375D471092902DD62
:10D02800CEF1270E7144012801F13001B8BF01206B
:10D03800917130355571BDE8F083A1F2FE310028B9
:10D0480027461160BFF60BAF230914F00F004FEA13
:10D05800251C43EA05737FF40BAFE2E61846194630
:10D068009C460D0911F00F044FEA2C1745EA0C7580
:10D078003B467FF41EAF0B283FF41BAF0C0A15F09C
:10D088000F054FEA2C2644EA0C6433467FF422AF9E
:10D098000A283FF41FAF4FEA113814F00F044FEA83
:10D0A8002C3548EA0C582B467FF426AF09283FF464
:10D0B80023AF0C0C18F00F084FEA2C4344EA0C4439
:10D0C8007FF42BAF08283FF428AF4FEA115814F02B
:10D0D8000F044FEA2C5348EA0C387FF432AF072884
:10D0E8003FF42FAF0C0E18F00F084FEA2C6344EAF8
:10D0F8000C247FF437AF06283FF434AF090F14F03F
:10D108000F044FEA2C7341EA0C117FF43EAF052857
:10D118003FF43BAF11F00F01E0464FEAEC737FF4A8
:10D1280046AF04283FF443AF1CF00F083C4699462D
:10D138007FF450AF03283FF44DAF17F00F0431468A
:10D148007FF45CAF02283FF459AF16F00F017FF46B
:10D1580065AFC3077FF56DAF60E79C4618468CE660
:10D1680025434FF0000014BF46F0080646F00406B9
:10D178001671BDE8F08300BFD1E90432934202D0B2
:08D188005A1C0A61187070477F
:10D190004578636565646564205452435F43464740
:10D1A0005F454E5452595F534C4F5453004578637A
:10D1B0006565646564205452435F4346475F454E4E
:10D1C0005452595F53594D424F4C5F4D41585F4C3B
:10D1D000454E475448004576656E742073697A65FC
:10D1E000206578636565646564005452435F5354F9
:10D1F0005245414D5F504F52545F524541445F4448
:10D200004154412072657475726E65642065727256
:10D210006F72005452435F53545245414D5F504F1B
:10D2200052545F57524954455F44415441207265FE
:10D230007475726E6564206572726F7200426C6FF5
:10D24000636B696E6720696E20785472616365450F
:10D250006E61626C65004E6F20736C6F7473206C2E
:10D2600065667420696E20537461636B204D6F6E28
:10D2700069746F7200496E76616C696420657665C9
:10D280006E7420636F6465004578636565646564EA
:10D2900020495352206E657374696E670044575479
:10D2A000206E6F7420737570706F727465640044C3
:10D2B00057545F435943434E54206E6F7420737527
:10D2C00070706F7274656400436F756C64206E6F6C
:10D2D000742063726561746520547A4374726C00C3
:10D2E0004153534552543A20257320282564290080
:10D2F000556E6B6E6F776E206572726F7220636F02
:10D3000064653A203078253038580023574652005B
:10D310005265636F726465722073746F70706564B8
:10D3200020696E207854726163654572726F72284D
:10D330002E2E2E29210053797374656D2048656166
:10D34000700044656661756C740046726565525480
:10D350004F53002444554D4D595F4445564943456C
:10D360005F4944002444554D4D595F53455353493B
:10D370004F4E5F4944007844666D496E6974696137
:10D380006C697A65204572726F72202D207847652E
:10D3900074556E6971756553657373696F6E494431
:10D3A00020697320300A002573007844666D496E49
:10D3B000697469616C697A65204572726F72202D9B
:10D3C00020784765744465766963654E616D6520B4
:10D3D000697320300A007844666D496E697469612A
:10D3E0006C697A65204572726F72202D20784466D0
:10D3F0006D53657373696F6E496E697469616C69A9
:10D400007A65206661696C65642E0A007844666DF1
:10D41000496E697469616C697A65204572726F72D0
:10D42000202D207844666D4B65726E656C506F726E
:10D4300074496E697469616C697A65206661696CAA
:10D4400065642E0A007844666D496E697469616C82
:10D45000697A65204572726F72202D207844666D5E
:10D46000416C657274496E697469616C697A652092
:10D470006661696C65642E0A007844666D496E6960
:10D480007469616C697A65204572726F72202D2013
:10D490007844666D456E747279496E697469616C21
:10D4A000697A65206661696C65642E0A0078446655
:10D4B0006D496E697469616C697A65204572726F35
:10D4C00072202D207844666D436C6F7564496E69D7
:10D4D0007469616C697A65206661696C65642E0A9D
:10D4E000007844666D496E697469616C697A65207B
:10D4F0004572726F72202D207844666D53746F727E
:10D50000616765496E697469616C697A65206661F5
:10D51000696C65642E0A007844666D416C657274AE
:10D52000496E697469616C697A65204572726F72BF
:10D53000202D207078427566666572206973204ED2
:10D54000554C4C0A004275696C642D4D332D4F7358
:10D550000025732061742025733A2575000A44461E
:10D560004D20416C6572743A2000414C4552540084
:10D5700044464D3A2052657374617274696E672E29
:10D580002E2E0A0A0A00636F726564756D705F65FE
:10D590006E64004661756C742065786365707469AB
:10D5A0006F6E2C20434653523A203078253038583D
:10D5B0000064666D5F74726163652E7073667300DC
:10D5C000202044464D3A2053746F72696E67207470
:10D5D000686520616C6572742E0A00202044464DF7
:10D5E0003A204E6F742079657420696E69746961A0
:10D5F0006C697A65642E20416C6572742069676E6F
:10D600006F7265642E0A000A44464D3A20457272D4
:10D610006F722C2075634461746142756666657231
:10D62000206E6F74206C6172676520656E6F756720
:10D6300068210A0A0044464D3A204552524F522C66
:10D6400020737461636B206F766572666C6F7720F0
:10D65000696E204372617368436174636865722CFC
:10D660002073656520636F6D6D656E7420696E2033
:10D6700064666D4372617368436174636865722E9A
:10D68000630A0A0044464D3A205761726E696E671C
:10D690002C206D656D6F727920726567696F6E20E1
:10D6A00073697A65206973207A65726F210A0A00AE
:10D6B0000A44464D3A204572726F722C20756E688E
:10D6C000616E646C65642063617365210A0A00748D
:10D6D0007261702E646D70006661756C742E646D7D
:10D6E000700044464D3A204572726F722C20784487
:10D6F000666D416C6572744164645061796C6F61F0
:10D7000064206661696C65642E0A0044464D3A20C7
:10D710007844666D416C657274456E64206661691B
:10D720006C65642E0A00537461636B20636F7272C0
:10D73000757074696F6E00433A2F7372632F44657E
:10D740006D6F735265706F2F5A657068797244659A
:10D750006D6F2F6D6F64756C65732D737461676980
:10D760006E672F6D6F64756C65732F646562756786
:10D770002F706572636570696F2F44464D2F646624
:10D780006D4372617368436174636865722E6300F0
:10D790005461736B202573206578656375746564C7
:10D7A000206D6F7265207468616E206578706563A6
:10D7B00074656420282575202525292E0A005461CA
:10D7C000736B202573206578656375746564206CC0
:10D7D000657373207468616E206578706563746525
:10D7E0006420282575202525292E0A005461736B95
:10D7F0004D6F6E69746F7220616C6572742C205469
:10D8000061736B2025732C20435055206C6F61642D
:10D810002025752025252C20756E6B6E6F776E2068
:10D82000726561736F6E2E0A000A5B5B2044657639
:10D83000416C657274204461746120426567696E51
:10D8400073205D5D0A002025303258005B5B204468
:10D850004154413A005B5B20446576416C657274CB
:10D86000204461746120456E6465642E20436865C0
:10D87000636B73756D3A202564205D5D0A0050412D
:10D880005353004641494C0044464D543A434845A1
:10D89000434B3A25733A25733A25730A00554E4B8C
:10D8A0004E4F574E0044464D543A4841524E455310
:10D8B000535F4641494C3A25733A494E54455252BA
:10D8C00055505445443A70686173653D25753A7208
:10D8D0006561736F6E3D25750A00454E44006466B0
:10D8E0006D006D335F6F730044464D543A53554994
:10D8F00054455F424547494E3A25733A25303878BA
:10D900000A0044464D543A4841524E4553535F46EF
:10D9100041494C3A53544154453A494E4445585F65
:10D920004F55545F4F465F52414E47453A25750A61
:10D930000044464D543A424F4F543A25733A2530ED
:10D9400038783A70686173653D25753A696E64652B
:10D95000783D25753A7265626F6F74733D25750A5F
:10D960000044464D543A53554954455F434F4D503A
:10D970004C4554453A25733A253038780A004446D8
:10D980004D543A524553554D45443A25753A257301
:10D990000A0044464D543A52455455524E45443A75
:10D9A00025733A737461727475703A697073723D5D
:10D9B00025753A636F6E74726F6C3D307825780A06
:10D9C000005448524541445F4D4F4445004D53502B
:10D9D0005F53454C45435445440054524143455FD1
:10D9E000494E495449414C495A4544004841524ED8
:10D9F0004553530054524143455F5354415254459B
:10DA0000440044464D20546573747300545241439E
:10DA1000455F4348414E4E454C5F5245474953543C
:10DA2000455245440044464D543A424547494E3AD2
:10DA300025733A25750A0044464D543A5245424FE3
:10DA40004F545F45585045435445443A25733A7303
:10DA50007461727475700A005425752042454749F7
:10DA60004E0044464D543A5245424F4F545F45583C
:10DA70005045435445443A25733A25730A004446B9
:10DA80004D543A4841524E4553535F4641494C3AF2
:10DA900025733A45585045435445445F52455354C5
:10DAA0004152545F52455455524E45443A25640AFA
:10DAB0000044464D543A52455455524E45443A2539
:10DAC000733A25640A00426F6F74696E672050656F
:10DAD00072636570696F204672656552544F5320BA
:10DAE00044464D2074657374206861726E6573736B
:10DAF000206F6E2051454D55206D7073322D616E33
:10DB00003338350A0044464D543A4841524E455345
:10DB1000535F4641494C3A424F4F543A5452414365
:10DB2000455F494E495449414C495A450A004446CB
:10DB30004D543A4841524E4553535F4641494C3A41
:10DB4000424F4F543A44464D5F494E495449414C27
:10DB5000495A450A0044464D543A4841524E4553AD
:10DB6000535F4641494C3A424F4F543A5452414315
:10DB7000455F53544152540A0044464D54657374F2
:10DB8000730044464D543A4841524E4553535F4604
:10DB900041494C3A424F4F543A5441534B5F4352E0
:10DBA000454154450A0044464D543A4841524E4579
:10DBB00053535F4641494C3A424F4F543A534348BE
:10DBC0004544554C45525F52455455524E45440AC2
:10DBD00000313030360031303037003130323500EE
:10DBE000313031360031303139003130323100548A
:10DBF000657374203130313400433A2F7372632FD0
:10DC000044656D6F735265706F2F44656D6F2D465F
:10DC100072656552544F532D51454D552F64666DB5
:10DC20005F74657374732F7372632F746573745F9D
:10DC300063616C6C5F636861696E732E630054315D
:10DC400030313420504154482073657276696365E1
:10DC5000202D3E20747261705F73697465005431C9
:10DC60003031342050415448207075626C69635FD4
:10DC7000617069202D3E207365727669636500547A
:10DC80003130313420415247532061303D257500F9
:10DC9000543130313420415247532061353D257590
:10DCA00000546573742031303032005431303032DA
:10DCB0002050415448207075626C69635F617069DF
:10DCC000202D3E20696E6C696E655F7772617070A1
:10DCD0006572005431303032205041544820696E12
:10DCE0006C696E655F77726170706572202D3E2081
:10DCF000747261705F6C656166005431303032203F
:10DD000041524753206D6F64653D25750054313095
:10DD100030322041524753207363616C61723D255C
:10DD2000750054313030322044415441206E616DD1
:10DD3000653D7430322D6E616D6500543130303286
:10DD40002044415441207461673D313000543130EA
:10DD50003032204441544120636F756E743D32303F
:10DD6000005431303032204441544120656E6162AC
:10DD70006C65643D3100546573742031303034007B
:10DD80005431303034204441544120696E707574F0
:10DD90003D3430303000543130303420444154412F
:10DDA0002065787065637465645F72657475726E02
:10DDB0003D343430340054313030342050415448F4
:10DDC0002063616C6C6572202D3E20747261705FFF
:10DDD0006265666F72655F72657475726E0043414D
:10DDE0004C4C45525F434F4E54494E5545445F4F4E
:10DDF0004E43450054313030374120504154482083
:10DE00006C6566745F70617468202D3E2073686174
:10DE10007265645F6572726F725F68616E646C6573
:10DE20007200546573742031303037410054313002
:10DE300030374220504154482072696768745F69E6
:10DE40006E6E6572202D3E207368617265645F6539
:10DE500072726F725F68616E646C65720054657394
:10DE6000742031303037420054524143455F5245AF
:10DE700053554D454400543130303741207265745C
:10DE800075726E65642074726163655F656E616250
:10DE90006C65643D257500546573742031303131F3
:10DEA00000543130313120504154482063616C6C52
:10DEB0006261636B5F68616E646C6572202D3E20E9
:10DEC000747261705F736974650054313031312050
:10DED000444154412063616C6C6261636B207661E4
:10DEE0006C75653D25750054657374203130313093
:10DEF00000433A2F7372632F44656D6F73526570E0
:10DF00006F2F44656D6F2D4672656552544F532DCA
:10DF100051454D552F64666D5F74657374732F732F
:10DF200072632F746573745F636F6E746578747356
:10DF30002E630044464D543A535441525455505F59
:10DF4000454E5445523A313030353A697073723D1E
:10DF500025753A636F6E74726F6C3D307825780A60
:10DF60000054657374203130303500543130303610
:10DF700041204354582048616E646C6572204950BA
:10DF800053523D257500546573742031303036414D
:10DF9000005431303036422052455455524E20669E
:10DFA0006972737420747261703B20495053523D02
:10DFB00025750048414E444C45525F4D4F44450045
:10DFC0004953525F52455455524E4544005465736F
:10DFD0007420313030364200546573742031303053
:10DFE000380054657374203130303900543130308A
:10DFF0003920444154412076616C75653D2575009A
:10E00000543130303920504154482074696D657264
:10E010002D6461656D6F6E202D3E2073657276698B
:10E02000636500574F524B5F5355424D4954544519
:10E030004400574F524B5F434F4D504C455445445D
:10E0400000545241505F52455455524E454400547D
:10E0500031303136412043545820495053523D25E8
:10E0600075005431303136412043545820434F4ECF
:10E0700054524F4C3D25303858005465737420314C
:10E08000303136410054313031364120414354491A
:10E090004F4E2073776974636820505350202D3E93
:10E0A000204D5350005431303136422052455455A2
:10E0B000524E20747261705F43544C3D2530385885
:10E0C000005431303136422052455455524E206E64
:10E0D0006F775F43544C3D25303858005053505FA4
:10E0E000524553544F5245440054657374203130A7
:10E0F00031364200543130323120444154412063A2
:10E10000757272656E745F7072696F3D256400543C
:10E1100031303231204441544120686967685F7072
:10E1200072696F3D25640054313032314869676847
:10E1300000543130323141205354415445206869F4
:10E140006768207468726561642072656164793BF8
:10E15000207363686564756C6572206C6F636B65B2
:10E1600064005465737420313032314100543130D1
:10E170003231412052455455524E20686967685FDC
:10E1800072616E3D25750054313032314220504F5E
:10E19000535420686967685F72616E3D257500544D
:10E1A000313032314220504F535420776169743DF1
:10E1B000256400484947485F5448524541445F43FD
:10E1C000524541544544004F555445525F4C4F43CE
:10E1D0004B5F5052455345525645440048494748C5
:10E1E0005F5448524541445F52414E5F4146544559
:10E1F000525F554E4C4F434B005465737420313081
:10E20000323142005431303235204641554C542091
:10E2100064656C6962657261746520756E646566BB
:10E22000696E656420696E737472756374696F6E6C
:10E2300000543130313820535441434B2073697AB4
:10E24000653D257500543130313820535441434BDE
:10E2500020756E757365643D257500546573742073
:10E260003130313800433A2F7372632F44656D6F3C
:10E27000735265706F2F44656D6F2D4672656552E0
:10E28000544F532D51454D552F64666D5F74657322
:10E2900074732F7372632F746573745F626F756E1E
:10E2A0006461726965732E63005465737420313044
:10E2B00031370054524143455F53544F5050454409
:10E2C0005F4245464F52450054524143455F5354C7
:10E2D000494C4C5F53544F505045440054313031F9
:10E2E00038536D616C6C0044464D543A4F42533A7A
:10E2F000313031383A737461636B5F73697A653DAD
:10E3000025753A756E757365645F6265666F7265D3
:10E310003D25753A756E757365645F6166746572E7
:10E320003D25750A005448524541445F434F4D50C6
:10E330004C4554454400535441434B5F5350414373
:10E34000455F4D4541535552454400535441434B5D
:10E350005F48454144524F4F4D5F52454D41494EF4
:10E36000530044464D543A4F42533A313031393AD2
:10E37000696E7075745F62797465733D25750A0006
:10E38000543130313941204D5347206368617273F5
:10E390003D257520666F726D61747465645F6D6193
:10E3A000783D34390054313031394220524554558A
:10E3B000524E206669727374207472617020636FAC
:10E3C0006D706C6574656400546573742031303110
:10E3D000394200464154414C3A20737461636B20CA
:10E3E0006F766572666C6F7720696E2025730A0000
:10E3F000464154414C3A20617373657274696F6E83
:10E400002061742025733A256C750A00433A2F73F6
:10E4100072632F44656D6F735265706F2F44656D25
:10E420006F2D4672656552544F532D51454D552FF2
:10E4300074686972645F70617274792F4672656581
:10E4400052544F532D4B65726E656C2F7175657507
:10E45000652E6300433A2F7372632F44656D6F73AB
:10E460005265706F2F44656D6F2D4672656552540D
:10E470004F532D51454D552F74686972645F70611B
:10E480007274792F4672656552544F532D4B6572E5
:10E490006E656C2F7461736B732E630049444C4539
:10E4A00000546D725100433A2F7372632F44656DAF
:10E4B0006F735265706F2F44656D6F2D4672656581
:10E4C00052544F532D51454D552F74686972645FF6
:10E4D00070617274792F4672656552544F532D4B9B
:10E4E00065726E656C2F74696D6572732E6300546E
:10E4F0006D722053766300433A2F7372632F446525
:10E500006D6F735265706F2F44656D6F2D46726528
:10E510006552544F532D51454D552F74686972649F
:10E520005F70617274792F4672656552544F532D36
:10E530004B65726E656C2F706F727461626C652FC3
:10E540004743432F41524D5F434D33335F4E545A3F
:10E550002F6E6F6E5F7365637572652F706F727467
:10E560002E6300433A2F7372632F44656D6F7352AD
:10E5700065706F2F44656D6F2D4672656552544FFF
:10E58000532D51454D552F74686972645F706172E7
:10E5900074792F4672656552544F532D4B65726ED8
:10E5A000656C2F706F727461626C652F4D656D4D77
:10E5B000616E672F686561705F342E63006343038B
:10E5C00000000000A6DC0008EA03000000000000D4
:10E5D000594600087BDD0008EC0300000000000045
:10E5E0001147000866DF0008ED030000010000008D
:10E5F00000000000D1DB0008EE0300000000000076
:10E60000994B0008D6DB0008EF0300000000000073
:10E6100019480008DDDF0008F003000002000000D8
:10E62000594C0008DBDB0008010400000300000077
:10E6300089510008E7DF0008F10300000000000036
:10E64000654D00089CDE0008F30300000000000098
:10E6500089490008F4DB0008F60300000000000010
:10E660000D450008E0DB0008F80300000000000092
:10E67000914E0008AEE20008F9030000000000001F
:10E68000D552000860E20008FA0300000000000014
:10E6900091530008E5DB0008FB03000000000000C8
:10E6A000E9540008EADB0008FD0300000000000058
:10E6B000B14F0008ECDE0008F2030000010000008A
:10E6C000000000000A00000014000100546573748B
:10E6D000203130313941000048000020006CDC025C
:10E6E00000366E010024F400001BB70000093D0055
:10E6F00080841E0060E3160040420F0000E02E0000
:10E700000070170000A00F0000B80B00801A060070
:10E71000400D0300F0490200A08601000000000047
:10E7200001020304000000000000000001020304D5
:10E730000607080900000242010000000000024232
:10E740000300000000000242060000000004024234
:10E7500001000000000402420A000000000802421A
:10E7600002000000000C02420D000000000C0242FA
:10E7700002000000000802420A00000000040242F9
:10E7800000000000000802420C00000000040242E9
:10E7900003000000000402420400000000100242D6
:10E7A00000000000001002420200000000100242BF
:10E7B00003000000010002000400060008000A0037
:10E7C0000C00100020004000800000010800000044
:10E7D000696E66006E616E00286E756C6C290000B3
:10E7E0000100000000000000050000000000000023
:10E7F00019000000000000007D0000000000000083
:10E800007102000000000000350C00000000000054
:10E81000093D0000000000002D3101000000000053
:10E82000E1F505000000000065CD1D0000000000BE
:10E83000F902950000000000DD0EE9020000000072
:10E84000514A8D0E000000009573C2480000000080
:10E85000E941CC6B010000008D49FD1A0700000062
:10E86000C16FF28623000000C52EBCA2B1000000DB
:10E87000D9E9AC2D780300003D9160E45811000007
:10E8800031D6E275BC560000F52E6E4DAEB10100DA
:10E89000C9EA268367780800ED95C28F055A2A00D9
:10E8A000A1EDCCCE1BC2D30025A4000A8BCA220442
:10E8B0000000000000000000000000000000000058
:10E8C00000000040955969595555545515555556F0
:10E8D0000405154110545540455155444045504498
:10E8E00050555545004000404004449665555655E6
:10E8F0004540455451411540559155555555405148
:10E900000501000000000000000000000000000001
:10E9100000000000000000100000000000000000E7
:10E92000B9340332B7F4AD1410DB1AB30892540EA5
:10E930000D307D951447BA1A66088F4D26ADC66D09
:10E94000F598BF85E2B74511CA96853D92BD1DEB8E
:10E95000FCA11860DCEF52163C92AE220BB8C1B499
:10E96000839D2D5B0562DA1C304C7E8F4E8BB25B33
:10E9700016F4529F8B56A512FBD4827643ED8AF093
:10E980008FE7F9311565191850F19BD94A13EEB488
:10E99000284CF0A686C1251F035FC270CB9E491686
:10E9A000E642889C44EB2014B0650836AD6EA58520
:10E9B00085F0CA14E2FD031A0B899979D5B13D0996
:10E9C000D8DA973A35EBCF10AC363F5E73BB38CF11
:10E9D0003E6752FA44AFBA155445545445550504A0
:10E9E000001004101404400000000140555515416A
:10E9F00054040000440001000000004041000044B5
:10EA00005044455054005555545565510040004000
:10EA100001000001000501001154515154555505E4
:10EA200000154150000004401001040500000000E2
:10EA300001000000000000000000000000000020B5
:10EA4000345065C05FC9A652BB13CBAEC440C218D8
:10EA500006C8DF7100D5A87CF56F0FDA58FC2713C4
:10EA60006E4756357D24206502C7E768E48CA41DF7
:10EA7000E9E60268D7CD39617977FCC2405BEF16D1
:10EA8000798CDE43FFA751F991F3B278F5BDBE1141
:10EA9000E857E9D6E8BEE87BB054AC8F848D751B8F
:10EAA000EA23A499E9F9D38BB7A3714061DA3E1543
:10EAB000CEE33ECB73F948088C97B427D51B701072
:10EAC000A2BFEFB9EB8532154DB44DB49BBB6F19A6
:10EAD00096B6076CF8E7EEAD36D9B4F59135AE13BE
:10EAE000222218AF4E6A684D91DAAA3D4F40741E3B
:10EAF0009FBD9EE006A1C09857C2A7FDA40E901727
:10EB00000E7D497173E3208FB220D87605143B1235
:10EB1000853D7434811343B0AD297A5F27F4351CE9
:08EB20005018FF7F0100000006
:10EB2800FFFFFFFFFFFFFFFF01000000FFFFFFFFE8
:10EB3800FFFFFFFF01000000FFFFFFFFFFFFFFFFD8
:10EB480001000000FFFFFFFFFFFFFFFF01000000C3
:10EB5800EFBEADDEFFFFFFFF000000000000000079
:10EB6800FFFFFFFF0000000000000200D957000867
:10EB7800000000000000000000093D001000000037
:040000050800593561
:00000001FF
