*** Booting Zephyr OS build v4.4.0-12302-gc0bba90c366a ***
Starting Percepio Detect test
DFMT:SUITE_BEGIN:m3_os:098fe75d
DFMT:CHECK:HARNESS:PASS:TRACE_CHANNEL_REGISTERED
DFMT:BEGIN:1002:0

[[ DevAlert Data Begins ]]
[[ DATA: D1 D2 D3 D4 F0 0F 01 00 12 15 00 00 01 00 01 00 01 00 00 00 ]]
[[ DATA: 20 00 20 00 68 00 00 00 0C 01 00 00 24 44 55 4D 4D 59 5F 53 ]]
[[ DATA: 45 53 53 49 4F 4E 5F 49 44 00 00 00 00 00 00 00 00 00 00 00 ]]
[[ DATA: 00 00 00 00 24 44 55 4D 4D 59 5F 44 45 56 49 43 45 5F 49 44 ]]
[[ DATA: 00 00 00 00 00 00 00 00 00 00 00 00 00 00 00 00 54 65 73 74 ]]
[[ DATA: 20 31 30 30 32 20 61 74 20 74 65 73 74 5F 63 61 6C 6C 5F 63 ]]
[[ DATA: 68 61 69 6E 73 2E 63 3A 31 30 34 00 00 00 00 00 00 00 00 00 ]]
[[ DATA: 00 00 00 00 00 00 00 00 00 00 00 00 00 00 00 00 00 00 00 00 ]]
[[ DATA: 00 00 00 00 00 00 00 00 00 00 00 00 00 00 00 00 00 00 00 00 ]]
[[ DATA: 00 00 00 00 00 00 00 00 00 00 00 00 00 00 00 00 00 00 00 00 ]]
[[ DATA: 50 44 66 6D F0 0F 03 48 08 04 68 00 01 00 00 00 EA 03 00 00 ]]
[[ DATA: 01 00 00 00 A5 01 00 00 07 00 00 00 E0 53 00 20 02 00 00 00 ]]
[[ DATA: 21 07 00 00 04 00 00 00 68 00 00 00 00 00 00 00 00 00 00 00 ]]
[[ DATA: 00 00 00 00 00 00 00 00 00 00 00 00 00 00 00 00 00 00 00 00 ]]
[[ DATA: 00 00 00 00 42 75 69 6C 64 2D 4D 33 2D 4F 73 00 00 00 00 00 ]]
[[ DATA: 00 00 00 00 00 00 00 00 00 00 00 00 00 00 00 00 00 00 00 00 ]]
[[ DATA: 00 00 00 00 00 00 00 00 00 00 00 00 00 00 00 00 00 00 00 00 ]]
[[ DATA: 00 00 00 00 00 00 00 00 00 00 00 00 00 00 00 00 54 65 73 74 ]]
[[ DATA: 20 31 30 30 32 20 61 74 20 74 65 73 74 5F 63 61 6C 6C 5F 63 ]]
[[ DATA: 68 61 69 6E 73 2E 63 3A 31 30 34 00 00 00 00 00 00 00 00 00 ]]
[[ DATA: 00 00 00 00 00 00 00 00 00 00 00 00 00 00 00 00 00 00 00 00 ]]
[[ DATA: 00 00 00 00 00 00 00 00 00 00 00 00 00 00 00 00 00 00 00 00 ]]
[[ DATA: 00 00 00 00 00 00 00 00 00 00 00 00 00 00 00 00 00 00 00 00 ]]
[[ DATA: 6D 66 44 50 00 00 00 00 D4 D3 D2 D1 ]]

[[ DevAlert Data Ended. Checksum: 11083 ]]

[[ DevAlert Data Begins ]]
[[ DATA: D1 D2 D3 D4 F0 0F 01 00 18 46 01 00 01 00 01 00 01 00 00 00 ]]
[[ DATA: 20 00 20 00 10 00 00 00 24 00 00 00 24 44 55 4D 4D 59 5F 53 ]]
[[ DATA: 45 53 53 49 4F 4E 5F 49 44 00 00 00 00 00 00 00 00 00 00 00 ]]
[[ DATA: 00 00 00 00 24 44 55 4D 4D 59 5F 44 45 56 49 43 45 5F 49 44 ]]
[[ DATA: 00 00 00 00 00 00 00 00 00 00 00 00 00 00 00 00 74 72 61 70 ]]
[[ DATA: 2E 7A 70 72 00 00 00 00 00 00 00 00 50 44 61 50 F0 0F 03 10 ]]
[[ DATA: 1B 02 00 00 74 72 61 70 2E 7A 70 72 00 00 00 00 00 00 00 00 ]]
[[ DATA: 50 61 44 50 00 00 00 00 D4 D3 D2 D1 ]]

[[ DevAlert Data Ended. Checksum: 62386 ]]

[[ DevAlert Data Begins ]]
[[ DATA: D1 D2 D3 D4 F0 0F 01 00 71 83 01 00 01 00 01 00 01 00 00 00 ]]
[[ DATA: 20 00 20 00 10 00 00 00 1B 02 00 00 24 44 55 4D 4D 59 5F 53 ]]
[[ DATA: 45 53 53 49 4F 4E 5F 49 44 00 00 00 00 00 00 00 00 00 00 00 ]]
[[ DATA: 00 00 00 00 24 44 55 4D 4D 59 5F 44 45 56 49 43 45 5F 49 44 ]]
[[ DATA: 00 00 00 00 00 00 00 00 00 00 00 00 00 00 00 00 74 72 61 70 ]]
[[ DATA: 2E 7A 70 72 00 00 00 00 00 00 00 00 5A 45 02 00 03 00 05 00 ]]
[[ DATA: 0D D0 00 00 41 03 00 4C 00 07 00 00 00 1E 00 00 00 31 E8 00 ]]
[[ DATA: 08 64 00 00 00 BD 21 5C 0A AF 87 00 08 EE 81 00 08 00 00 00 ]]
[[ DATA: 29 E0 53 00 20 08 0E 00 20 00 00 00 00 31 E8 00 08 1E 00 00 ]]
[[ DATA: 00 D0 0D 00 20 EA 03 00 00 FF FF FF FF FF FF FF FF 01 00 00 ]]
[[ DATA: 00 30 00 00 00 4D 01 00 50 0B 00 20 10 0C 00 20 84 38 00 20 ]]
[[ DATA: 84 38 00 20 00 00 00 00 01 00 00 FF 80 00 00 00 00 00 00 00 ]]
[[ DATA: 00 00 00 00 00 00 00 00 00 00 00 00 00 00 00 00 19 A3 00 08 ]]
[[ DATA: 00 00 00 00 00 00 00 00 6C 38 00 20 EA 03 00 00 E8 03 00 00 ]]
[[ DATA: 00 00 00 00 08 00 00 00 FF FF FF FF FF FF FF FF 38 54 00 20 ]]
[[ DATA: 00 00 00 00 A8 0B 00 20 A8 0B 00 20 05 8A 00 08 00 00 00 00 ]]
[[ DATA: 00 00 00 00 00 00 00 00 00 00 00 00 6D 61 69 6E 00 00 00 00 ]]
[[ DATA: 00 00 00 00 00 00 00 00 00 00 00 00 00 00 00 00 00 00 00 00 ]]
[[ DATA: 00 00 00 00 C8 50 00 20 00 04 00 00 10 00 00 00 00 00 00 00 ]]
[[ DATA: B8 54 00 20 00 00 00 00 00 00 00 00 00 00 00 00 00 00 00 00 ]]
[[ DATA: 00 00 00 00 F5 FF FF FF 4D 01 00 E0 53 00 20 C8 54 00 20 50 ]]
[[ DATA: 38 00 20 1E 00 00 00 68 00 00 00 19 00 00 00 30 E1 00 08 1D ]]
[[ DATA: 18 00 08 07 00 00 00 64 00 00 00 31 E8 00 08 07 00 00 00 1E ]]
[[ DATA: 00 00 00 31 E8 00 08 30 E1 00 08 6F 18 00 08 30 E1 00 08 A5 ]]
[[ DATA: E7 00 08 40 E0 00 08 00 00 00 00 40 E0 00 08 D3 18 00 08 9D ]]
[[ DATA: BA 00 08 A3 BA 00 08 9D BA 00 08 39 14 00 08 A5 27 00 08 00 ]]
[[ DATA: 00 00 00 5D E7 8F 09 00 00 00 00 EA 03 00 00 02 00 00 00 00 ]]
[[ DATA: 00 00 00 00 00 00 00 00 00 00 00 00 FE D0 D5 00 00 00 00 54 ]]
[[ DATA: DF 00 08 54 DF 00 08 54 DF 00 08 00 00 00 00 00 00 00 00 08 ]]
[[ DATA: 00 00 00 F7 8A 00 08 AA AA AA AA AA AA AA AA AA AA AA AA AA ]]
[[ DATA: AA AA AA 05 8A 00 08 00 00 00 00 B8 54 00 20 05 8A 00 08 00 ]]
[[ DATA: 00 00 00 87 2B 00 08 00 00 00 00 B9 36 00 08 AA AA AA AA AA ]]
[[ DATA: AA AA AA 50 0B 00 20 00 00 00 00 D4 D3 D2 D1 ]]

[[ DevAlert Data Ended. Checksum: 31641 ]]

[[ DevAlert Data Begins ]]
[[ DATA: D1 D2 D3 D4 F0 0F 01 00 18 46 02 00 01 00 01 00 01 00 00 00 ]]
[[ DATA: 20 00 20 00 10 00 00 00 24 00 00 00 24 44 55 4D 4D 59 5F 53 ]]
[[ DATA: 45 53 53 49 4F 4E 5F 49 44 00 00 00 00 00 00 00 00 00 00 00 ]]
[[ DATA: 00 00 00 00 24 44 55 4D 4D 59 5F 44 45 56 49 43 45 5F 49 44 ]]
[[ DATA: 00 00 00 00 00 00 00 00 00 00 00 00 00 00 00 00 64 66 6D 5F ]]
[[ DATA: 74 72 61 63 65 2E 70 73 66 73 00 00 50 44 61 50 F0 0F 03 10 ]]
[[ DATA: F0 1A 00 00 64 66 6D 5F 74 72 61 63 65 2E 70 73 66 73 00 00 ]]
[[ DATA: 50 61 44 50 00 00 00 00 D4 D3 D2 D1 ]]

[[ DevAlert Data Ended. Checksum: 60928 ]]

[[ DevAlert Data Begins ]]
[[ DATA: D1 D2 D3 D4 F0 0F 01 00 71 83 02 00 01 00 07 00 01 00 00 00 ]]
[[ DATA: 20 00 20 00 10 00 00 00 E8 03 00 00 24 44 55 4D 4D 59 5F 53 ]]
[[ DATA: 45 53 53 49 4F 4E 5F 49 44 00 00 00 00 00 00 00 00 00 00 00 ]]
[[ DATA: 00 00 00 00 24 44 55 4D 4D 59 5F 44 45 56 49 43 45 5F 49 44 ]]
[[ DATA: 00 00 00 00 00 00 00 00 00 00 00 00 00 00 00 00 64 66 6D 5F ]]
[[ DATA: 74 72 61 63 65 2E 70 73 66 73 00 00 30 1A 00 20 00 00 00 00 ]]
[[ DATA: 05 06 07 08 75 76 77 78 F5 F6 F7 F8 00 46 53 50 0E 00 A9 9A ]]
[[ DATA: 00 00 00 00 01 03 00 00 00 00 00 00 00 00 03 04 5A 65 70 68 ]]
[[ DATA: 79 72 00 00 01 00 00 00 00 71 02 00 00 68 89 09 00 00 00 00 ]]
[[ DATA: E8 03 00 00 5B BA 95 09 00 00 00 00 38 00 00 00 1C 00 00 00 ]]
[[ DATA: 03 00 00 00 AC 0F 00 20 63 00 04 04 88 01 00 00 3A 01 00 00 ]]
[[ DATA: 00 00 00 40 73 79 73 63 61 6C 6C 73 00 00 00 00 00 00 00 00 ]]
[[ DATA: 00 00 00 00 00 00 00 00 00 00 00 00 00 00 00 00 00 00 00 00 ]]
[[ DATA: 00 00 00 00 00 00 00 00 00 00 00 00 00 00 00 00 00 00 00 00 ]]
[[ DATA: 00 00 00 00 00 00 00 00 00 00 00 00 00 00 00 00 00 00 00 00 ]]
[[ DATA: 00 00 00 00 00 00 00 00 00 00 00 00 00 00 00 00 00 00 00 00 ]]
[[ DATA: 00 00 00 00 00 00 00 00 00 00 00 00 00 00 00 00 00 00 00 00 ]]
[[ DATA: 00 00 00 00 00 00 00 00 00 00 00 00 00 00 00 00 00 00 00 00 ]]
[[ DATA: 00 00 00 00 00 00 00 00 00 00 00 00 00 00 00 00 00 00 00 00 ]]
[[ DATA: 00 00 00 00 00 00 00 00 00 00 00 00 00 00 00 00 00 00 00 00 ]]
[[ DATA: 00 00 00 00 00 00 00 00 00 00 00 00 00 00 00 00 00 00 00 00 ]]
[[ DATA: 00 00 00 00 00 00 00 00 00 00 00 00 00 00 00 00 00 00 00 00 ]]
[[ DATA: 00 00 00 00 00 00 00 00 00 00 00 00 00 00 00 00 00 00 00 00 ]]
[[ DATA: 00 00 00 00 00 00 00 00 00 00 00 00 00 00 00 00 00 00 00 00 ]]
[[ DATA: 00 00 00 00 00 00 00 00 00 00 00 00 00 00 00 00 00 00 00 00 ]]
[[ DATA: 00 00 00 00 00 00 00 00 00 00 00 00 00 00 00 00 00 00 00 00 ]]
[[ DATA: 00 00 00 00 00 00 00 00 00 00 00 00 00 00 00 00 00 00 00 00 ]]
[[ DATA: 00 00 00 00 00 00 00 00 00 00 00 00 00 00 00 00 00 00 00 00 ]]
[[ DATA: 00 00 00 00 00 00 00 00 00 00 00 00 00 00 00 00 00 00 00 00 ]]
[[ DATA: 00 00 00 00 00 00 00 00 00 00 00 00 00 00 00 00 00 00 00 00 ]]
[[ DATA: 00 00 00 00 00 00 00 00 00 00 00 00 00 00 00 00 00 00 00 00 ]]
[[ DATA: 00 00 00 00 00 00 00 00 00 00 00 00 00 00 00 00 00 00 00 00 ]]
[[ DATA: 00 00 00 00 00 00 00 00 00 00 00 00 00 00 00 00 00 00 00 00 ]]
[[ DATA: 00 00 00 00 00 00 00 00 00 00 00 00 00 00 00 00 00 00 00 00 ]]
[[ DATA: 00 00 00 00 00 00 00 00 00 00 00 00 00 00 00 00 00 00 00 00 ]]
[[ DATA: 00 00 00 00 00 00 00 00 00 00 00 00 00 00 00 00 00 00 00 00 ]]
[[ DATA: 00 00 00 00 00 00 00 00 00 00 00 00 00 00 00 00 00 00 00 00 ]]
[[ DATA: 00 00 00 00 00 00 00 00 00 00 00 00 00 00 00 00 00 00 00 00 ]]
[[ DATA: 00 00 00 00 00 00 00 00 00 00 00 00 00 00 00 00 00 00 00 00 ]]
[[ DATA: 00 00 00 00 00 00 00 00 00 00 00 00 00 00 00 00 00 00 00 00 ]]
[[ DATA: 00 00 00 00 00 00 00 00 00 00 00 00 00 00 00 00 00 00 00 00 ]]
[[ DATA: 00 00 00 00 00 00 00 00 00 00 00 00 00 00 00 00 00 00 00 00 ]]
[[ DATA: 00 00 00 00 00 00 00 00 00 00 00 00 00 00 00 00 00 00 00 00 ]]
[[ DATA: 00 00 00 00 00 00 00 00 00 00 00 00 00 00 00 00 00 00 00 00 ]]
[[ DATA: 00 00 00 00 00 00 00 00 00 00 00 00 00 00 00 00 00 00 00 00 ]]
[[ DATA: 00 00 00 00 00 00 00 00 00 00 00 00 00 00 00 00 00 00 00 00 ]]
[[ DATA: 00 00 00 00 00 00 00 00 00 00 00 00 00 00 00 00 00 00 00 00 ]]
[[ DATA: 00 00 00 00 00 00 00 00 00 00 00 00 00 00 00 00 00 00 00 00 ]]
[[ DATA: 00 00 00 00 00 00 00 00 00 00 00 00 00 00 00 00 00 00 00 00 ]]
[[ DATA: 00 00 00 00 00 00 00 00 00 00 00 00 00 00 00 00 00 00 00 00 ]]
[[ DATA: 00 00 00 00 00 00 00 00 00 00 00 00 00 00 00 00 00 00 00 00 ]]
[[ DATA: 00 00 00 00 00 00 00 00 00 00 00 00 00 00 00 00 00 00 00 00 ]]
[[ DATA: 00 00 00 00 00 00 00 00 00 00 00 00 00 00 00 00 00 00 00 00 ]]
[[ DATA: 00 00 00 00 00 00 00 00 00 00 00 00 00 00 00 00 00 00 00 00 ]]
[[ DATA: 00 00 00 00 00 00 00 00 00 00 00 00 00 00 00 00 00 00 00 00 ]]
[[ DATA: 00 00 00 00 00 00 00 00 00 00 00 00 D4 D3 D2 D1 ]]

[[ DevAlert Data Ended. Checksum: 15951 ]]

[[ DevAlert Data Begins ]]
[[ DATA: D1 D2 D3 D4 F0 0F 01 00 71 83 02 00 02 00 07 00 01 00 00 00 ]]
[[ DATA: 20 00 20 00 10 00 00 00 E8 03 00 00 24 44 55 4D 4D 59 5F 53 ]]
[[ DATA: 45 53 53 49 4F 4E 5F 49 44 00 00 00 00 00 00 00 00 00 00 00 ]]
[[ DATA: 00 00 00 00 24 44 55 4D 4D 59 5F 44 45 56 49 43 45 5F 49 44 ]]
[[ DATA: 00 00 00 00 00 00 00 00 00 00 00 00 00 00 00 00 64 66 6D 5F ]]
[[ DATA: 74 72 61 63 65 2E 70 73 66 73 00 00 00 00 00 00 00 00 00 00 ]]
[[ DATA: 00 00 00 00 00 00 00 00 00 00 00 00 00 00 00 00 00 00 00 00 ]]
[[ DATA: 00 00 00 00 00 00 00 00 00 00 00 00 00 00 00 00 00 00 00 00 ]]
[[ DATA: 00 00 00 00 00 00 00 00 00 00 00 00 00 00 00 00 00 00 00 00 ]]
[[ DATA: 00 00 00 00 00 00 00 00 00 00 00 00 00 00 00 00 00 00 00 00 ]]
[[ DATA: 00 00 00 00 00 00 00 00 00 00 00 00 00 00 00 00 00 00 00 00 ]]
[[ DATA: 00 00 00 00 00 00 00 00 00 00 00 00 00 00 00 00 00 00 00 00 ]]
[[ DATA: 00 00 00 00 00 00 00 00 00 00 00 00 00 00 00 00 00 00 00 00 ]]
[[ DATA: 00 00 00 00 00 00 00 00 00 00 00 00 00 00 00 00 00 00 00 00 ]]
[[ DATA: 00 00 00 00 00 00 00 00 00 00 00 00 00 00 00 00 00 00 00 00 ]]
[[ DATA: 00 00 00 00 00 00 00 00 00 00 00 00 00 00 00 00 00 00 00 00 ]]
[[ DATA: 00 00 00 00 00 00 00 00 00 00 00 00 00 00 00 00 00 00 00 00 ]]
[[ DATA: 00 00 00 00 00 00 00 00 00 00 00 00 00 00 00 00 00 00 00 00 ]]
[[ DATA: 00 00 00 00 00 00 00 00 00 00 00 00 00 00 00 00 00 00 00 00 ]]
[[ DATA: 00 00 00 00 00 00 00 00 00 00 00 00 00 00 00 00 00 00 00 00 ]]
[[ DATA: 00 00 00 00 00 00 00 00 00 00 00 00 00 00 00 00 00 00 00 00 ]]
[[ DATA: 00 00 00 00 00 00 00 00 00 00 00 00 00 00 00 00 00 00 00 00 ]]
[[ DATA: 00 00 00 00 00 00 00 00 00 00 00 00 00 00 00 00 00 00 00 00 ]]
[[ DATA: 00 00 00 00 00 00 00 00 00 00 00 00 00 00 00 00 00 00 00 00 ]]
[[ DATA: 00 00 00 00 00 00 00 00 00 00 00 00 00 00 00 00 00 00 00 00 ]]
[[ DATA: 00 00 00 00 00 00 00 00 00 00 00 00 00 00 00 00 00 00 00 00 ]]
[[ DATA: 00 00 00 00 00 00 00 00 00 00 00 00 00 00 00 00 00 00 00 00 ]]
[[ DATA: 00 00 00 00 00 00 00 00 00 00 00 00 00 00 00 00 00 00 00 00 ]]
[[ DATA: 00 00 00 00 00 00 00 00 00 00 00 00 00 00 00 00 00 00 00 00 ]]
[[ DATA: 00 00 00 00 00 00 00 00 00 00 00 00 00 00 00 00 00 00 00 00 ]]
[[ DATA: 00 00 00 00 00 00 00 00 00 00 00 00 00 00 00 00 00 00 00 00 ]]
[[ DATA: 00 00 00 00 00 00 00 00 00 00 00 00 00 00 00 00 00 00 00 00 ]]
[[ DATA: 00 00 00 00 00 00 00 00 00 00 00 00 00 00 00 00 00 00 00 00 ]]
[[ DATA: 00 00 00 00 00 00 00 00 00 00 00 00 00 00 00 00 00 00 00 00 ]]
[[ DATA: 00 00 00 00 00 00 00 00 00 00 00 00 00 00 00 00 00 00 00 00 ]]
[[ DATA: 00 00 00 00 00 00 00 00 00 00 00 00 00 00 00 00 00 00 00 00 ]]
[[ DATA: 00 00 00 00 00 00 00 00 00 00 00 00 00 00 00 00 00 00 00 00 ]]
[[ DATA: 00 00 00 00 00 00 00 00 00 00 00 00 00 00 00 00 00 00 00 00 ]]
[[ DATA: 00 00 00 00 00 00 00 00 00 00 00 00 00 00 00 00 00 00 00 00 ]]
[[ DATA: 00 00 00 00 00 00 00 00 00 00 00 00 00 00 00 00 00 00 00 00 ]]
[[ DATA: 00 00 00 00 00 00 00 00 00 00 00 00 00 00 00 00 00 00 00 00 ]]
[[ DATA: 00 00 00 00 00 00 00 00 00 00 00 00 00 00 00 00 00 00 00 00 ]]
[[ DATA: 00 00 00 00 00 00 00 00 00 00 00 00 00 00 00 00 00 00 00 00 ]]
[[ DATA: 00 00 00 00 00 00 00 00 00 00 00 00 00 00 00 00 00 00 00 00 ]]
[[ DATA: 00 00 00 00 00 00 00 00 00 00 00 00 00 00 00 00 00 00 00 00 ]]
[[ DATA: 00 00 00 00 00 00 00 00 00 00 00 00 00 00 00 00 00 00 00 00 ]]
[[ DATA: 00 00 00 00 00 00 00 00 00 00 00 00 00 00 00 00 00 00 00 00 ]]
[[ DATA: 00 00 00 00 00 00 00 00 00 00 00 00 00 00 00 00 00 00 00 00 ]]
[[ DATA: 00 00 00 00 00 00 00 00 00 00 00 00 00 00 00 00 00 00 00 00 ]]
[[ DATA: 00 00 00 00 00 00 00 00 00 00 00 00 00 00 00 00 00 00 00 00 ]]
[[ DATA: 00 00 00 00 00 00 00 00 00 00 00 00 00 00 00 00 00 00 00 00 ]]
[[ DATA: 00 00 00 00 00 00 00 00 00 00 00 00 00 00 00 00 00 00 00 00 ]]
[[ DATA: 00 00 00 00 00 00 00 00 00 00 00 00 00 00 00 00 00 00 00 00 ]]
[[ DATA: 00 00 00 00 00 00 00 00 00 00 00 00 00 00 00 00 00 00 00 00 ]]
[[ DATA: 00 00 00 00 00 00 00 00 00 00 00 00 00 00 00 00 00 00 00 00 ]]
[[ DATA: 00 00 00 00 00 00 00 00 00 00 00 00 D4 D3 D2 D1 ]]

[[ DevAlert Data Ended. Checksum: 43126 ]]

[[ DevAlert Data Begins ]]
[[ DATA: D1 D2 D3 D4 F0 0F 01 00 71 83 02 00 03 00 07 00 01 00 00 00 ]]
[[ DATA: 20 00 20 00 10 00 00 00 E8 03 00 00 24 44 55 4D 4D 59 5F 53 ]]
[[ DATA: 45 53 53 49 4F 4E 5F 49 44 00 00 00 00 00 00 00 00 00 00 00 ]]
[[ DATA: 00 00 00 00 24 44 55 4D 4D 59 5F 44 45 56 49 43 45 5F 49 44 ]]
[[ DATA: 00 00 00 00 00 00 00 00 00 00 00 00 00 00 00 00 64 66 6D 5F ]]
[[ DATA: 74 72 61 63 65 2E 70 73 66 73 00 00 00 00 00 00 00 00 00 00 ]]
[[ DATA: 00 00 00 00 00 00 00 00 00 00 00 00 00 00 00 00 00 00 00 00 ]]
[[ DATA: 00 00 00 00 00 00 00 00 00 00 00 00 00 00 00 00 00 00 00 00 ]]
[[ DATA: 00 00 00 00 00 00 00 00 00 00 00 00 00 00 00 00 00 00 00 00 ]]
[[ DATA: 00 00 00 00 00 00 00 00 00 00 00 00 00 00 00 00 00 00 00 00 ]]
[[ DATA: 00 00 00 00 00 00 00 00 00 00 00 00 00 00 00 00 00 00 00 00 ]]
[[ DATA: 00 00 00 00 00 00 00 00 00 00 00 00 00 00 00 00 00 00 00 00 ]]
[[ DATA: 00 00 00 00 00 00 00 00 00 00 00 00 00 00 00 00 00 00 00 00 ]]
[[ DATA: 00 00 00 00 00 00 00 00 00 00 00 00 00 00 00 00 00 00 00 00 ]]
[[ DATA: 00 00 00 00 00 00 00 00 00 00 00 00 00 00 00 00 00 00 00 00 ]]
[[ DATA: 00 00 00 00 00 00 00 00 00 00 00 00 00 00 00 00 00 00 00 00 ]]
[[ DATA: 00 00 00 00 00 00 00 00 00 00 00 00 00 00 00 00 00 00 00 00 ]]
[[ DATA: 00 00 00 00 00 00 00 00 00 00 00 00 00 00 00 00 00 00 00 00 ]]
[[ DATA: 00 00 00 00 00 00 00 00 00 00 00 00 00 00 00 00 00 00 00 00 ]]
[[ DATA: 00 00 00 00 00 00 00 00 00 00 00 00 00 00 00 00 00 00 00 00 ]]
[[ DATA: 00 00 00 00 00 00 00 00 00 00 00 00 00 00 00 00 00 00 00 00 ]]
[[ DATA: 00 00 00 00 00 00 00 00 00 00 00 00 00 00 00 00 00 00 00 00 ]]
[[ DATA: 00 00 00 00 00 00 00 00 00 00 00 00 00 00 00 00 00 00 00 00 ]]
[[ DATA: 00 00 00 00 00 00 00 00 00 00 00 00 00 00 00 00 00 00 00 00 ]]
[[ DATA: 00 00 00 00 00 00 00 00 00 00 00 00 00 00 00 00 00 00 00 00 ]]
[[ DATA: 00 00 00 00 00 00 00 00 00 00 00 00 00 00 00 00 00 00 00 00 ]]
[[ DATA: 00 00 00 00 00 00 00 00 00 00 00 00 00 00 00 00 00 00 00 00 ]]
[[ DATA: 00 00 00 00 00 00 00 00 00 00 00 00 00 00 00 00 00 00 00 00 ]]
[[ DATA: 00 00 00 00 00 00 00 00 00 00 00 00 00 00 00 00 00 00 00 00 ]]
[[ DATA: 00 00 00 00 00 00 00 00 00 00 00 00 00 00 00 00 00 00 00 00 ]]
[[ DATA: 00 00 00 00 0C 19 00 20 00 00 00 00 00 00 00 00 00 00 00 00 ]]
[[ DATA: 00 00 00 00 41 4C 45 52 54 00 00 00 00 00 00 00 00 00 00 00 ]]
[[ DATA: 00 00 00 00 00 00 00 00 00 00 00 00 3C 19 00 20 00 00 00 00 ]]
[[ DATA: 00 00 00 00 00 00 00 00 00 00 00 00 44 46 4D 20 54 65 73 74 ]]
[[ DATA: 73 00 00 00 00 00 00 00 00 00 00 00 00 00 00 00 00 00 00 00 ]]
[[ DATA: CC 2C 00 20 00 00 00 00 00 00 00 00 00 00 00 00 00 00 00 00 ]]
[[ DATA: 54 7A 43 74 72 6C 00 00 00 00 00 00 00 00 00 00 00 00 00 00 ]]
[[ DATA: 00 00 00 00 00 00 00 00 F0 0C 00 20 FF FF FF FF 00 00 00 00 ]]
[[ DATA: 00 00 00 00 00 00 00 00 73 79 73 77 6F 72 6B 71 00 00 00 00 ]]
[[ DATA: 00 00 00 00 00 00 00 00 00 00 00 00 00 00 00 00 90 0A 00 20 ]]
[[ DATA: 0F 00 00 00 00 00 00 00 00 00 00 00 00 00 00 00 69 64 6C 65 ]]
[[ DATA: 00 00 00 00 00 00 00 00 00 00 00 00 00 00 00 00 00 00 00 00 ]]
[[ DATA: 00 00 00 00 50 0B 00 20 00 00 00 00 00 00 00 00 00 00 00 00 ]]
[[ DATA: 00 00 00 00 6D 61 69 6E 00 00 00 00 00 00 00 00 00 00 00 00 ]]
[[ DATA: 00 00 00 00 00 00 00 00 00 00 00 00 00 10 00 00 14 04 00 00 ]]
[[ DATA: 00 00 00 00 D4 0F 00 00 01 00 00 00 00 00 00 00 D4 0F 00 00 ]]
[[ DATA: 00 00 00 00 14 04 00 00 00 00 00 00 00 00 00 00 5C 1A 00 20 ]]
[[ DATA: 01 10 01 00 E1 12 00 00 02 00 00 00 10 30 02 00 D5 52 00 00 ]]
[[ DATA: 50 0B 00 20 00 04 00 00 00 00 00 00 30 10 03 00 0F 57 00 00 ]]
[[ DATA: 50 0B 00 20 10 30 04 00 35 72 00 00 90 0A 00 20 40 01 00 00 ]]
[[ DATA: 0F 00 00 00 37 20 05 00 DF 76 00 00 50 0B 00 20 00 00 00 00 ]]
[[ DATA: 2F 51 06 00 54 7A 00 00 F0 0C 00 20 C8 54 00 20 00 04 00 00 ]]
[[ DATA: FF FF FF FF C8 E3 00 08 10 30 07 00 3F B6 00 00 F0 0C 00 20 ]]
[[ DATA: 00 04 00 00 FF FF FF FF 5D 11 08 00 1E BF 00 00 F0 0C 00 20 ]]
[[ DATA: 30 10 09 00 3B C2 00 00 F0 0C 00 20 37 20 0A 00 4A CB 00 00 ]]
[[ DATA: F0 0C 00 20 FF FF FF FF 37 20 0B 00 D4 D3 D2 D1 ]]

[[ DevAlert Data Ended. Checksum: 47342 ]]

[[ DevAlert Data Begins ]]
[[ DATA: D1 D2 D3 D4 F0 0F 01 00 71 83 02 00 04 00 07 00 01 00 00 00 ]]
[[ DATA: 20 00 20 00 10 00 00 00 E8 03 00 00 24 44 55 4D 4D 59 5F 53 ]]
[[ DATA: 45 53 53 49 4F 4E 5F 49 44 00 00 00 00 00 00 00 00 00 00 00 ]]
[[ DATA: 00 00 00 00 24 44 55 4D 4D 59 5F 44 45 56 49 43 45 5F 49 44 ]]
[[ DATA: 00 00 00 00 00 00 00 00 00 00 00 00 00 00 00 00 64 66 6D 5F ]]
[[ DATA: 74 72 61 63 65 2E 70 73 66 73 00 00 CB D6 00 00 50 0B 00 20 ]]
[[ DATA: 00 00 00 00 2E 11 0C 00 3A D9 00 00 F0 0C 00 20 10 30 0D 00 ]]
[[ DATA: B5 15 01 00 CC 2C 00 20 00 04 00 00 00 00 00 00 5D 11 0E 00 ]]
[[ DATA: 30 18 01 00 CC 2C 00 20 30 10 0F 00 14 1B 01 00 CC 2C 00 20 ]]
[[ DATA: 2A 10 10 00 B1 7A 04 00 E8 03 00 00 37 20 11 00 42 88 04 00 ]]
[[ DATA: CC 2C 00 20 00 00 00 00 EA 20 12 00 FE 9E 04 00 50 0B 00 20 ]]
[[ DATA: 6C 02 00 00 2A 10 13 00 2C A1 04 00 FA 00 00 00 37 20 14 00 ]]
[[ DATA: F7 AA 04 00 90 0A 00 20 0F 00 00 00 30 10 15 00 2A 40 67 02 ]]
[[ DATA: CC 2C 00 20 37 20 16 00 0C 4A 67 02 CC 2C 00 20 00 00 00 00 ]]
[[ DATA: 2B 10 17 00 78 4D 67 02 00 00 00 00 EA 20 18 00 F0 57 67 02 ]]
[[ DATA: 90 0A 00 20 F4 00 00 00 2A 10 19 00 0D 5A 67 02 FA 00 00 00 ]]
[[ DATA: 37 20 1A 00 E3 63 67 02 90 0A 00 20 0F 00 00 00 30 10 1B 00 ]]
[[ DATA: F7 0A CC 04 CC 2C 00 20 37 20 1C 00 B5 14 CC 04 CC 2C 00 20 ]]
[[ DATA: 00 00 00 00 2B 10 1D 00 F5 17 CC 04 00 00 00 00 EA 20 1E 00 ]]
[[ DATA: 69 32 CC 04 F0 0C 00 20 F4 02 00 00 2A 10 1F 00 80 34 CC 04 ]]
[[ DATA: FA 00 00 00 37 20 20 00 50 3E CC 04 90 0A 00 20 0F 00 00 00 ]]
[[ DATA: 30 10 21 00 F7 D5 30 07 CC 2C 00 20 37 20 22 00 B5 DF 30 07 ]]
[[ DATA: CC 2C 00 20 00 00 00 00 2B 10 23 00 F5 E2 30 07 00 00 00 00 ]]
[[ DATA: EA 20 24 00 A9 FF 30 07 CC 2C 00 20 3C 03 00 00 2A 10 25 00 ]]
[[ DATA: C0 01 31 07 FA 00 00 00 37 20 26 00 78 0A 31 07 90 0A 00 20 ]]
[[ DATA: 0F 00 00 00 30 10 27 00 F7 4D 8E 09 50 0B 00 20 37 20 28 00 ]]
[[ DATA: B5 57 8E 09 50 0B 00 20 00 00 00 00 2B 10 29 00 F5 5A 8E 09 ]]
[[ DATA: 00 00 00 00 03 40 2A 00 77 A9 91 09 3C 19 00 20 44 46 4D 20 ]]
[[ DATA: 54 65 73 74 73 00 54 52 92 50 2B 00 A7 4F 95 09 3C 19 00 20 ]]
[[ DATA: EA 03 00 00 54 25 75 20 42 45 47 49 4E 00 44 46 92 70 2C 00 ]]
[[ DATA: E3 53 95 09 3C 19 00 20 07 00 00 00 54 31 30 30 32 20 41 52 ]]
[[ DATA: 47 53 20 6D 6F 64 65 3D 25 75 00 54 92 80 2D 00 D6 57 95 09 ]]
[[ DATA: 3C 19 00 20 1E 00 00 00 54 31 30 30 32 20 41 52 47 53 20 73 ]]
[[ DATA: 63 61 6C 61 72 3D 25 75 00 54 31 30 91 80 2E 00 CD 5B 95 09 ]]
[[ DATA: 3C 19 00 20 54 31 30 30 32 20 44 41 54 41 20 6E 61 6D 65 3D ]]
[[ DATA: 74 30 32 2D 6E 61 6D 65 00 54 31 30 91 60 2F 00 6A 5F 95 09 ]]
[[ DATA: 3C 19 00 20 54 31 30 30 32 20 44 41 54 41 20 74 61 67 3D 31 ]]
[[ DATA: 30 00 54 31 91 60 30 00 E4 62 95 09 3C 19 00 20 54 31 30 30 ]]
[[ DATA: 32 20 44 41 54 41 20 63 6F 75 6E 74 3D 32 30 00 91 70 31 00 ]]
[[ DATA: 76 66 95 09 3C 19 00 20 54 31 30 30 32 20 44 41 54 41 20 65 ]]
[[ DATA: 6E 61 62 6C 65 64 3D 31 00 54 65 73 91 B0 32 00 F9 6A 95 09 ]]
[[ DATA: 3C 19 00 20 54 31 30 30 32 20 50 41 54 48 20 70 75 62 6C 69 ]]
[[ DATA: 63 5F 61 70 69 20 2D 3E 20 69 6E 6C 69 6E 65 5F 77 72 61 70 ]]
[[ DATA: 70 65 72 00 91 B0 33 00 C6 6F 95 09 3C 19 00 20 54 31 30 30 ]]
[[ DATA: 32 20 50 41 54 48 20 69 6E 6C 69 6E 65 5F 77 72 61 70 70 65 ]]
[[ DATA: 72 20 2D 3E 20 74 72 61 70 5F 6C 65 61 66 00 54 03 30 34 00 ]]
[[ DATA: 16 B6 95 09 0C 19 00 20 41 4C 45 52 54 00 64 66 91 A0 35 00 ]]
[[ DATA: 5B BA 95 09 0C 19 00 20 54 65 73 74 20 31 30 30 32 20 61 74 ]]
[[ DATA: 20 74 65 73 74 5F 63 61 6C 6C 5F 63 68 61 69 6E 73 2E 63 3A ]]
[[ DATA: 31 30 34 00 00 00 00 00 00 00 00 00 00 00 00 00 00 00 00 00 ]]
[[ DATA: 00 00 00 00 00 00 00 00 00 00 00 00 00 00 00 00 00 00 00 00 ]]
[[ DATA: 00 00 00 00 00 00 00 00 00 00 00 00 00 00 00 00 00 00 00 00 ]]
[[ DATA: 00 00 00 00 00 00 00 00 00 00 00 00 00 00 00 00 00 00 00 00 ]]
[[ DATA: 00 00 00 00 00 00 00 00 00 00 00 00 00 00 00 00 00 00 00 00 ]]
[[ DATA: 00 00 00 00 00 00 00 00 00 00 00 00 00 00 00 00 00 00 00 00 ]]
[[ DATA: 00 00 00 00 00 00 00 00 00 00 00 00 D4 D3 D2 D1 ]]

[[ DevAlert Data Ended. Checksum: 57907 ]]

[[ DevAlert Data Begins ]]
[[ DATA: D1 D2 D3 D4 F0 0F 01 00 71 83 02 00 05 00 07 00 01 00 00 00 ]]
[[ DATA: 20 00 20 00 10 00 00 00 E8 03 00 00 24 44 55 4D 4D 59 5F 53 ]]
[[ DATA: 45 53 53 49 4F 4E 5F 49 44 00 00 00 00 00 00 00 00 00 00 00 ]]
[[ DATA: 00 00 00 00 24 44 55 4D 4D 59 5F 44 45 56 49 43 45 5F 49 44 ]]
[[ DATA: 00 00 00 00 00 00 00 00 00 00 00 00 00 00 00 00 64 66 6D 5F ]]
[[ DATA: 74 72 61 63 65 2E 70 73 66 73 00 00 00 00 00 00 00 00 00 00 ]]
[[ DATA: 00 00 00 00 00 00 00 00 00 00 00 00 00 00 00 00 00 00 00 00 ]]
[[ DATA: 00 00 00 00 00 00 00 00 00 00 00 00 00 00 00 00 00 00 00 00 ]]
[[ DATA: 00 00 00 00 00 00 00 00 00 00 00 00 00 00 00 00 00 00 00 00 ]]
[[ DATA: 00 00 00 00 00 00 00 00 00 00 00 00 00 00 00 00 00 00 00 00 ]]
[[ DATA: 00 00 00 00 00 00 00 00 00 00 00 00 00 00 00 00 00 00 00 00 ]]
[[ DATA: 00 00 00 00 00 00 00 00 00 00 00 00 00 00 00 00 00 00 00 00 ]]
[[ DATA: 00 00 00 00 00 00 00 00 00 00 00 00 00 00 00 00 00 00 00 00 ]]
[[ DATA: 00 00 00 00 00 00 00 00 00 00 00 00 00 00 00 00 00 00 00 00 ]]
[[ DATA: 00 00 00 00 00 00 00 00 00 00 00 00 00 00 00 00 00 00 00 00 ]]
[[ DATA: 00 00 00 00 00 00 00 00 00 00 00 00 00 00 00 00 00 00 00 00 ]]
[[ DATA: 00 00 00 00 00 00 00 00 00 00 00 00 00 00 00 00 00 00 00 00 ]]
[[ DATA: 00 00 00 00 00 00 00 00 00 00 00 00 00 00 00 00 00 00 00 00 ]]
[[ DATA: 00 00 00 00 00 00 00 00 00 00 00 00 00 00 00 00 00 00 00 00 ]]
[[ DATA: 00 00 00 00 00 00 00 00 00 00 00 00 00 00 00 00 00 00 00 00 ]]
[[ DATA: 00 00 00 00 00 00 00 00 00 00 00 00 00 00 00 00 00 00 00 00 ]]
[[ DATA: 00 00 00 00 00 00 00 00 00 00 00 00 00 00 00 00 00 00 00 00 ]]
[[ DATA: 00 00 00 00 00 00 00 00 00 00 00 00 00 00 00 00 00 00 00 00 ]]
[[ DATA: 00 00 00 00 00 00 00 00 00 00 00 00 00 00 00 00 00 00 00 00 ]]
[[ DATA: 00 00 00 00 00 00 00 00 00 00 00 00 00 00 00 00 00 00 00 00 ]]
[[ DATA: 00 00 00 00 00 00 00 00 00 00 00 00 00 00 00 00 00 00 00 00 ]]
[[ DATA: 00 00 00 00 00 00 00 00 00 00 00 00 00 00 00 00 00 00 00 00 ]]
[[ DATA: 00 00 00 00 00 00 00 00 00 00 00 00 00 00 00 00 00 00 00 00 ]]
[[ DATA: 00 00 00 00 00 00 00 00 00 00 00 00 00 00 00 00 00 00 00 00 ]]
[[ DATA: 00 00 00 00 00 00 00 00 00 00 00 00 00 00 00 00 00 00 00 00 ]]
[[ DATA: 00 00 00 00 00 00 00 00 00 00 00 00 00 00 00 00 00 00 00 00 ]]
[[ DATA: 00 00 00 00 00 00 00 00 00 00 00 00 00 00 00 00 00 00 00 00 ]]
[[ DATA: 00 00 00 00 00 00 00 00 00 00 00 00 00 00 00 00 00 00 00 00 ]]
[[ DATA: 00 00 00 00 00 00 00 00 00 00 00 00 00 00 00 00 00 00 00 00 ]]
[[ DATA: 00 00 00 00 00 00 00 00 00 00 00 00 00 00 00 00 00 00 00 00 ]]
[[ DATA: 00 00 00 00 00 00 00 00 00 00 00 00 00 00 00 00 00 00 00 00 ]]
[[ DATA: 00 00 00 00 00 00 00 00 00 00 00 00 00 00 00 00 00 00 00 00 ]]
[[ DATA: 00 00 00 00 00 00 00 00 00 00 00 00 00 00 00 00 00 00 00 00 ]]
[[ DATA: 00 00 00 00 00 00 00 00 00 00 00 00 00 00 00 00 00 00 00 00 ]]
[[ DATA: 00 00 00 00 00 00 00 00 00 00 00 00 00 00 00 00 00 00 00 00 ]]
[[ DATA: 00 00 00 00 00 00 00 00 00 00 00 00 00 00 00 00 00 00 00 00 ]]
[[ DATA: 00 00 00 00 00 00 00 00 00 00 00 00 00 00 00 00 00 00 00 00 ]]
[[ DATA: 00 00 00 00 00 00 00 00 00 00 00 00 00 00 00 00 00 00 00 00 ]]
[[ DATA: 00 00 00 00 00 00 00 00 00 00 00 00 00 00 00 00 00 00 00 00 ]]
[[ DATA: 00 00 00 00 00 00 00 00 00 00 00 00 00 00 00 00 00 00 00 00 ]]
[[ DATA: 00 00 00 00 00 00 00 00 00 00 00 00 00 00 00 00 00 00 00 00 ]]
[[ DATA: 00 00 00 00 00 00 00 00 00 00 00 00 00 00 00 00 00 00 00 00 ]]
[[ DATA: 00 00 00 00 00 00 00 00 00 00 00 00 00 00 00 00 00 00 00 00 ]]
[[ DATA: 00 00 00 00 00 00 00 00 00 00 00 00 00 00 00 00 00 00 00 00 ]]
[[ DATA: 00 00 00 00 00 00 00 00 00 00 00 00 00 00 00 00 00 00 00 00 ]]
[[ DATA: 00 00 00 00 00 00 00 00 00 00 00 00 00 00 00 00 00 00 00 00 ]]
[[ DATA: 00 00 00 00 00 00 00 00 00 00 00 00 00 00 00 00 00 00 00 00 ]]
[[ DATA: 00 00 00 00 00 00 00 00 00 00 00 00 00 00 00 00 00 00 00 00 ]]
[[ DATA: 00 00 00 00 00 00 00 00 00 00 00 00 00 00 00 00 00 00 00 00 ]]
[[ DATA: 00 00 00 00 00 00 00 00 00 00 00 00 00 00 00 00 00 00 00 00 ]]
[[ DATA: 00 00 00 00 00 00 00 00 00 00 00 00 D4 D3 D2 D1 ]]

[[ DevAlert Data Ended. Checksum: 24276 ]]

[[ DevAlert Data Begins ]]
[[ DATA: D1 D2 D3 D4 F0 0F 01 00 71 83 02 00 06 00 07 00 01 00 00 00 ]]
[[ DATA: 20 00 20 00 10 00 00 00 E8 03 00 00 24 44 55 4D 4D 59 5F 53 ]]
[[ DATA: 45 53 53 49 4F 4E 5F 49 44 00 00 00 00 00 00 00 00 00 00 00 ]]
[[ DATA: 00 00 00 00 24 44 55 4D 4D 59 5F 44 45 56 49 43 45 5F 49 44 ]]
[[ DATA: 00 00 00 00 00 00 00 00 00 00 00 00 00 00 00 00 64 66 6D 5F ]]
[[ DATA: 74 72 61 63 65 2E 70 73 66 73 00 00 00 00 00 00 00 00 00 00 ]]
[[ DATA: 00 00 00 00 00 00 00 00 00 00 00 00 00 00 00 00 00 00 00 00 ]]
[[ DATA: 00 00 00 00 00 00 00 00 00 00 00 00 00 00 00 00 00 00 00 00 ]]
[[ DATA: 00 00 00 00 00 00 00 00 00 00 00 00 00 00 00 00 00 00 00 00 ]]
[[ DATA: 00 00 00 00 00 00 00 00 00 00 00 00 00 00 00 00 00 00 00 00 ]]
[[ DATA: 00 00 00 00 00 00 00 00 00 00 00 00 00 00 00 00 00 00 00 00 ]]
[[ DATA: 00 00 00 00 00 00 00 00 00 00 00 00 00 00 00 00 00 00 00 00 ]]
[[ DATA: 00 00 00 00 00 00 00 00 00 00 00 00 00 00 00 00 00 00 00 00 ]]
[[ DATA: 00 00 00 00 00 00 00 00 00 00 00 00 00 00 00 00 00 00 00 00 ]]
[[ DATA: 00 00 00 00 00 00 00 00 00 00 00 00 00 00 00 00 00 00 00 00 ]]
[[ DATA: 00 00 00 00 00 00 00 00 00 00 00 00 00 00 00 00 00 00 00 00 ]]
[[ DATA: 00 00 00 00 00 00 00 00 00 00 00 00 00 00 00 00 00 00 00 00 ]]
[[ DATA: 00 00 00 00 00 00 00 00 00 00 00 00 00 00 00 00 00 00 00 00 ]]
[[ DATA: 00 00 00 00 00 00 00 00 00 00 00 00 00 00 00 00 00 00 00 00 ]]
[[ DATA: 00 00 00 00 00 00 00 00 00 00 00 00 00 00 00 00 00 00 00 00 ]]
[[ DATA: 00 00 00 00 00 00 00 00 00 00 00 00 00 00 00 00 00 00 00 00 ]]
[[ DATA: 00 00 00 00 00 00 00 00 00 00 00 00 00 00 00 00 00 00 00 00 ]]
[[ DATA: 00 00 00 00 00 00 00 00 00 00 00 00 00 00 00 00 00 00 00 00 ]]
[[ DATA: 00 00 00 00 00 00 00 00 00 00 00 00 00 00 00 00 00 00 00 00 ]]
[[ DATA: 00 00 00 00 00 00 00 00 00 00 00 00 00 00 00 00 00 00 00 00 ]]
[[ DATA: 00 00 00 00 00 00 00 00 00 00 00 00 00 00 00 00 00 00 00 00 ]]
[[ DATA: 00 00 00 00 00 00 00 00 00 00 00 00 00 00 00 00 00 00 00 00 ]]
[[ DATA: 00 00 00 00 00 00 00 00 00 00 00 00 00 00 00 00 00 00 00 00 ]]
[[ DATA: 00 00 00 00 00 00 00 00 00 00 00 00 00 00 00 00 00 00 00 00 ]]
[[ DATA: 00 00 00 00 00 00 00 00 00 00 00 00 00 00 00 00 00 00 00 00 ]]
[[ DATA: 00 00 00 00 00 00 00 00 00 00 00 00 00 00 00 00 00 00 00 00 ]]
[[ DATA: 00 00 00 00 00 00 00 00 00 00 00 00 00 00 00 00 00 00 00 00 ]]
[[ DATA: 00 00 00 00 00 00 00 00 00 00 00 00 00 00 00 00 00 00 00 00 ]]
[[ DATA: 00 00 00 00 00 00 00 00 00 00 00 00 00 00 00 00 00 00 00 00 ]]
[[ DATA: 00 00 00 00 00 00 00 00 00 00 00 00 00 00 00 00 00 00 00 00 ]]
[[ DATA: 00 00 00 00 00 00 00 00 00 00 00 00 00 00 00 00 00 00 00 00 ]]
[[ DATA: 00 00 00 00 00 00 00 00 00 00 00 00 00 00 00 00 00 00 00 00 ]]
[[ DATA: 00 00 00 00 00 00 00 00 00 00 00 00 00 00 00 00 00 00 00 00 ]]
[[ DATA: 00 00 00 00 00 00 00 00 00 00 00 00 00 00 00 00 00 00 00 00 ]]
[[ DATA: 00 00 00 00 00 00 00 00 00 00 00 00 00 00 00 00 00 00 00 00 ]]
[[ DATA: 00 00 00 00 00 00 00 00 00 00 00 00 00 00 00 00 00 00 00 00 ]]
[[ DATA: 00 00 00 00 00 00 00 00 00 00 00 00 00 00 00 00 00 00 00 00 ]]
[[ DATA: 00 00 00 00 00 00 00 00 00 00 00 00 00 00 00 00 00 00 00 00 ]]
[[ DATA: 00 00 00 00 00 00 00 00 00 00 00 00 00 00 00 00 00 00 00 00 ]]
[[ DATA: 00 00 00 00 00 00 00 00 00 00 00 00 00 00 00 00 00 00 00 00 ]]
[[ DATA: 00 00 00 00 00 00 00 00 00 00 00 00 00 00 00 00 00 00 00 00 ]]
[[ DATA: 00 00 00 00 00 00 00 00 00 00 00 00 00 00 00 00 00 00 00 00 ]]
[[ DATA: 00 00 00 00 00 00 00 00 00 00 00 00 00 00 00 00 00 00 00 00 ]]
[[ DATA: 00 00 00 00 00 00 00 00 00 00 00 00 00 00 00 00 00 00 00 00 ]]
[[ DATA: 00 00 00 00 00 00 00 00 00 00 00 00 00 00 00 00 00 00 00 00 ]]
[[ DATA: 00 00 00 00 00 00 00 00 00 00 00 00 00 00 00 00 00 00 00 00 ]]
[[ DATA: 00 00 00 00 00 00 00 00 00 00 00 00 00 00 00 00 00 00 00 00 ]]
[[ DATA: 00 00 00 00 00 00 00 00 00 00 00 00 00 00 00 00 00 00 00 00 ]]
[[ DATA: 00 00 00 00 00 00 00 00 00 00 00 00 00 00 00 00 00 00 00 00 ]]
[[ DATA: 00 00 00 00 00 00 00 00 00 00 00 00 00 00 00 00 00 00 00 00 ]]
[[ DATA: 00 00 00 00 00 00 00 00 00 00 00 00 D4 D3 D2 D1 ]]

[[ DevAlert Data Ended. Checksum: 60408 ]]

[[ DevAlert Data Begins ]]
[[ DATA: D1 D2 D3 D4 F0 0F 01 00 71 83 02 00 07 00 07 00 01 00 00 00 ]]
[[ DATA: 20 00 20 00 10 00 00 00 80 03 00 00 24 44 55 4D 4D 59 5F 53 ]]
[[ DATA: 45 53 53 49 4F 4E 5F 49 44 00 00 00 00 00 00 00 00 00 00 00 ]]
[[ DATA: 00 00 00 00 24 44 55 4D 4D 59 5F 44 45 56 49 43 45 5F 49 44 ]]
[[ DATA: 00 00 00 00 00 00 00 00 00 00 00 00 00 00 00 00 64 66 6D 5F ]]
[[ DATA: 74 72 61 63 65 2E 70 73 66 73 00 00 00 00 00 00 00 00 00 00 ]]
[[ DATA: 00 00 00 00 00 00 00 00 00 00 00 00 00 00 00 00 00 00 00 00 ]]
[[ DATA: 00 00 00 00 00 00 00 00 00 00 00 00 00 00 00 00 00 00 00 00 ]]
[[ DATA: 00 00 00 00 00 00 00 00 00 00 00 00 00 00 00 00 00 00 00 00 ]]
[[ DATA: 00 00 00 00 00 00 00 00 00 00 00 00 00 00 00 00 00 00 00 00 ]]
[[ DATA: 00 00 00 00 00 00 00 00 00 00 00 00 00 00 00 00 00 00 00 00 ]]
[[ DATA: 00 00 00 00 00 00 00 00 00 00 00 00 00 00 00 00 00 00 00 00 ]]
[[ DATA: 00 00 00 00 00 00 00 00 00 00 00 00 00 00 00 00 00 00 00 00 ]]
[[ DATA: 00 00 00 00 00 00 00 00 00 00 00 00 00 00 00 00 00 00 00 00 ]]
[[ DATA: 00 00 00 00 00 00 00 00 00 00 00 00 00 00 00 00 00 00 00 00 ]]
[[ DATA: 00 00 00 00 00 00 00 00 00 00 00 00 00 00 00 00 00 00 00 00 ]]
[[ DATA: 00 00 00 00 00 00 00 00 00 00 00 00 00 00 00 00 00 00 00 00 ]]
[[ DATA: 00 00 00 00 00 00 00 00 00 00 00 00 00 00 00 00 00 00 00 00 ]]
[[ DATA: 00 00 00 00 00 00 00 00 00 00 00 00 00 00 00 00 00 00 00 00 ]]
[[ DATA: 00 00 00 00 00 00 00 00 00 00 00 00 00 00 00 00 00 00 00 00 ]]
[[ DATA: 00 00 00 00 00 00 00 00 00 00 00 00 00 00 00 00 00 00 00 00 ]]
[[ DATA: 00 00 00 00 00 00 00 00 00 00 00 00 00 00 00 00 00 00 00 00 ]]
[[ DATA: 00 00 00 00 00 00 00 00 00 00 00 00 00 00 00 00 00 00 00 00 ]]
[[ DATA: 00 00 00 00 00 00 00 00 00 00 00 00 00 00 00 00 00 00 00 00 ]]
[[ DATA: 00 00 00 00 00 00 00 00 00 00 00 00 00 00 00 00 00 00 00 00 ]]
[[ DATA: 00 00 00 00 00 00 00 00 00 00 00 00 00 00 00 00 00 00 00 00 ]]
[[ DATA: 00 00 00 00 00 00 00 00 00 00 00 00 00 00 00 00 00 00 00 00 ]]
[[ DATA: 00 00 00 00 00 00 00 00 00 00 00 00 00 00 00 00 00 00 00 00 ]]
[[ DATA: 00 00 00 00 00 00 00 00 00 00 00 00 00 00 00 00 00 00 00 00 ]]
[[ DATA: 00 00 00 00 00 00 00 00 00 00 00 00 00 00 00 00 00 00 00 00 ]]
[[ DATA: 00 00 00 00 00 00 00 00 00 00 00 00 00 00 00 00 00 00 00 00 ]]
[[ DATA: 00 00 00 00 00 00 00 00 00 00 00 00 00 00 00 00 00 00 00 00 ]]
[[ DATA: 00 00 00 00 00 00 00 00 00 00 00 00 00 00 00 00 00 00 00 00 ]]
[[ DATA: 00 00 00 00 00 00 00 00 00 00 00 00 00 00 00 00 00 00 00 00 ]]
[[ DATA: 00 00 00 00 00 00 00 00 00 00 00 00 00 00 00 00 00 00 00 00 ]]
[[ DATA: 00 00 00 00 00 00 00 00 00 00 00 00 00 00 00 00 00 00 00 00 ]]
[[ DATA: 00 00 00 00 00 00 00 00 00 00 00 00 00 00 00 00 00 00 00 00 ]]
[[ DATA: 00 00 00 00 00 00 00 00 00 00 00 00 00 00 00 00 00 00 00 00 ]]
[[ DATA: 00 00 00 00 00 00 00 00 00 00 00 00 00 00 00 00 00 00 00 00 ]]
[[ DATA: 00 00 00 00 00 00 00 00 00 00 00 00 00 00 00 00 00 00 00 00 ]]
[[ DATA: 00 00 00 00 00 00 00 00 00 00 00 00 00 00 00 00 00 00 00 00 ]]
[[ DATA: 00 00 00 00 00 00 00 00 00 00 00 00 00 00 00 00 00 00 00 00 ]]
[[ DATA: 00 00 00 00 00 00 00 00 00 00 00 00 00 00 00 00 00 00 00 00 ]]
[[ DATA: 00 00 00 00 00 00 00 00 00 00 00 00 00 00 00 00 00 00 00 00 ]]
[[ DATA: 00 00 00 00 00 00 00 00 00 00 00 00 00 00 00 00 00 00 00 00 ]]
[[ DATA: 00 00 00 00 00 00 00 00 00 00 00 00 00 00 00 00 00 00 00 00 ]]
[[ DATA: 00 00 00 00 00 00 00 00 00 00 00 00 00 00 00 00 00 00 00 00 ]]
[[ DATA: 00 00 00 00 00 00 00 00 00 00 00 00 00 00 00 00 00 00 00 00 ]]
[[ DATA: 00 00 00 00 00 00 00 00 00 00 00 00 00 00 00 00 00 00 00 00 ]]
[[ DATA: 00 00 00 00 00 00 00 00 00 00 00 00 0A 0B 0C 0D 71 72 73 74 ]]
[[ DATA: F1 F2 F3 F4 00 00 00 00 D4 D3 D2 D1 ]]

[[ DevAlert Data Ended. Checksum: 15419 ]]
DFMT:RETURNED:1002:0
DFMT:BEGIN:1004:1

[[ DevAlert Data Begins ]]
[[ DATA: D1 D2 D3 D4 F0 0F 01 00 12 15 00 00 01 00 01 00 02 00 00 00 ]]
[[ DATA: 20 00 20 00 68 00 00 00 0C 01 00 00 24 44 55 4D 4D 59 5F 53 ]]
[[ DATA: 45 53 53 49 4F 4E 5F 49 44 00 00 00 00 00 00 00 00 00 00 00 ]]
[[ DATA: 00 00 00 00 24 44 55 4D 4D 59 5F 44 45 56 49 43 45 5F 49 44 ]]
[[ DATA: 00 00 00 00 00 00 00 00 00 00 00 00 00 00 00 00 54 65 73 74 ]]
[[ DATA: 20 31 30 30 34 20 61 74 20 74 65 73 74 5F 63 61 6C 6C 5F 63 ]]
[[ DATA: 68 61 69 6E 73 2E 63 3A 32 30 33 00 00 00 00 00 00 00 00 00 ]]
[[ DATA: 00 00 00 00 00 00 00 00 00 00 00 00 00 00 00 00 00 00 00 00 ]]
[[ DATA: 00 00 00 00 00 00 00 00 00 00 00 00 00 00 00 00 00 00 00 00 ]]
[[ DATA: 00 00 00 00 00 00 00 00 00 00 00 00 00 00 00 00 00 00 00 00 ]]
[[ DATA: 50 44 66 6D F0 0F 03 48 08 04 68 00 01 00 00 00 EC 03 00 00 ]]
[[ DATA: 01 00 00 00 A5 01 00 00 07 00 00 00 F8 53 00 20 02 00 00 00 ]]
[[ DATA: 21 07 00 00 04 00 00 00 CB 00 00 00 00 00 00 00 00 00 00 00 ]]
[[ DATA: 00 00 00 00 00 00 00 00 00 00 00 00 00 00 00 00 00 00 00 00 ]]
[[ DATA: 00 00 00 00 42 75 69 6C 64 2D 4D 33 2D 4F 73 00 00 00 00 00 ]]
[[ DATA: 00 00 00 00 00 00 00 00 00 00 00 00 00 00 00 00 00 00 00 00 ]]
[[ DATA: 00 00 00 00 00 00 00 00 00 00 00 00 00 00 00 00 00 00 00 00 ]]
[[ DATA: 00 00 00 00 00 00 00 00 00 00 00 00 00 00 00 00 54 65 73 74 ]]
[[ DATA: 20 31 30 30 34 20 61 74 20 74 65 73 74 5F 63 61 6C 6C 5F 63 ]]
[[ DATA: 68 61 69 6E 73 2E 63 3A 32 30 33 00 00 00 00 00 00 00 00 00 ]]
[[ DATA: 00 00 00 00 00 00 00 00 00 00 00 00 00 00 00 00 00 00 00 00 ]]
[[ DATA: 00 00 00 00 00 00 00 00 00 00 00 00 00 00 00 00 00 00 00 00 ]]
[[ DATA: 00 00 00 00 00 00 00 00 00 00 00 00 00 00 00 00 00 00 00 00 ]]
[[ DATA: 6D 66 44 50 00 00 00 00 D4 D3 D2 D1 ]]

[[ DevAlert Data Ended. Checksum: 60747 ]]

[[ DevAlert Data Begins ]]
[[ DATA: D1 D2 D3 D4 F0 0F 01 00 18 46 01 00 01 00 01 00 02 00 00 00 ]]
[[ DATA: 20 00 20 00 10 00 00 00 24 00 00 00 24 44 55 4D 4D 59 5F 53 ]]
[[ DATA: 45 53 53 49 4F 4E 5F 49 44 00 00 00 00 00 00 00 00 00 00 00 ]]
[[ DATA: 00 00 00 00 24 44 55 4D 4D 59 5F 44 45 56 49 43 45 5F 49 44 ]]
[[ DATA: 00 00 00 00 00 00 00 00 00 00 00 00 00 00 00 00 74 72 61 70 ]]
[[ DATA: 2E 7A 70 72 00 00 00 00 00 00 00 00 50 44 61 50 F0 0F 03 10 ]]
[[ DATA: 03 02 00 00 74 72 61 70 2E 7A 70 72 00 00 00 00 00 00 00 00 ]]
[[ DATA: 50 61 44 50 00 00 00 00 D4 D3 D2 D1 ]]

[[ DevAlert Data Ended. Checksum: 344 ]]

[[ DevAlert Data Begins ]]
[[ DATA: D1 D2 D3 D4 F0 0F 01 00 71 83 01 00 01 00 01 00 02 00 00 00 ]]
[[ DATA: 20 00 20 00 10 00 00 00 03 02 00 00 24 44 55 4D 4D 59 5F 53 ]]
[[ DATA: 45 53 53 49 4F 4E 5F 49 44 00 00 00 00 00 00 00 00 00 00 00 ]]
[[ DATA: 00 00 00 00 24 44 55 4D 4D 59 5F 44 45 56 49 43 45 5F 49 44 ]]
[[ DATA: 00 00 00 00 00 00 00 00 00 00 00 00 00 00 00 00 74 72 61 70 ]]
[[ DATA: 2E 7A 70 72 00 00 00 00 00 00 00 00 5A 45 02 00 03 00 05 00 ]]
[[ DATA: 0D D0 00 00 41 03 00 4C 00 34 11 00 00 B8 1F 00 20 00 00 00 ]]
[[ DATA: 00 00 00 00 00 BA 21 5C 0A AF 87 00 08 EE 81 00 08 00 00 00 ]]
[[ DATA: 29 F8 53 00 20 08 0E 00 20 00 00 00 00 00 00 00 00 40 E0 00 ]]
[[ DATA: 08 D0 0D 00 20 EC 03 00 00 FF FF FF FF FF FF FF FF 01 00 00 ]]
[[ DATA: 00 30 00 00 00 4D 01 00 50 0B 00 20 10 0C 00 20 84 38 00 20 ]]
[[ DATA: 84 38 00 20 00 00 00 00 01 00 00 FF 80 00 00 00 00 00 00 00 ]]
[[ DATA: 00 00 00 00 00 00 00 00 00 00 00 00 00 00 00 00 19 A3 00 08 ]]
[[ DATA: 00 00 00 00 00 00 00 00 6C 38 00 20 1F 05 00 00 2C 01 00 00 ]]
[[ DATA: 00 00 00 00 EA 03 00 00 FF FF FF FF FF FF FF FF F8 53 00 20 ]]
[[ DATA: 00 00 00 00 A8 0B 00 20 A8 0B 00 20 05 8A 00 08 00 00 00 00 ]]
[[ DATA: 00 00 00 00 00 00 00 00 00 00 00 00 6D 61 69 6E 00 00 00 00 ]]
[[ DATA: 00 00 00 00 00 00 00 00 00 00 00 00 00 00 00 00 00 00 00 00 ]]
[[ DATA: 00 00 00 00 C8 50 00 20 00 04 00 00 10 00 00 00 00 00 00 00 ]]
[[ DATA: B8 54 00 20 00 00 00 00 00 00 00 00 00 00 00 00 00 00 00 00 ]]
[[ DATA: 00 00 00 00 F5 FF FF FF 4D 01 00 F8 53 00 20 C8 54 00 20 34 ]]
[[ DATA: 11 00 00 CB 00 00 00 00 00 00 00 7A E8 00 08 50 E0 00 08 29 ]]
[[ DATA: 19 00 08 A0 0F 00 00 34 11 00 00 00 00 00 00 65 19 00 08 91 ]]
[[ DATA: 19 00 08 83 19 00 08 91 19 00 08 97 19 00 08 91 19 00 08 7A ]]
[[ DATA: E8 00 08 50 E0 00 08 39 14 00 08 A5 27 00 08 00 00 00 00 5D ]]
[[ DATA: E7 8F 09 01 00 00 00 EC 03 00 00 02 00 00 00 00 00 00 00 00 ]]
[[ DATA: 00 00 00 00 00 00 00 00 FE D0 D5 00 00 00 00 54 DF 00 08 54 ]]
[[ DATA: DF 00 08 54 DF 00 08 00 00 00 00 00 00 00 00 08 00 00 00 F7 ]]
[[ DATA: 8A 00 08 AA AA AA AA AA AA AA AA AA AA AA AA AA AA AA AA 05 ]]
[[ DATA: 8A 00 08 00 00 00 00 B8 54 00 20 05 8A 00 08 00 00 00 00 87 ]]
[[ DATA: 2B 00 08 00 00 00 00 B9 36 00 08 AA AA AA AA AA AA AA AA 50 ]]
[[ DATA: 0B 00 20 00 00 00 00 D4 D3 D2 D1 ]]

[[ DevAlert Data Ended. Checksum: 34883 ]]

[[ DevAlert Data Begins ]]
[[ DATA: D1 D2 D3 D4 F0 0F 01 00 18 46 02 00 01 00 01 00 02 00 00 00 ]]
[[ DATA: 20 00 20 00 10 00 00 00 24 00 00 00 24 44 55 4D 4D 59 5F 53 ]]
[[ DATA: 45 53 53 49 4F 4E 5F 49 44 00 00 00 00 00 00 00 00 00 00 00 ]]
[[ DATA: 00 00 00 00 24 44 55 4D 4D 59 5F 44 45 56 49 43 45 5F 49 44 ]]
[[ DATA: 00 00 00 00 00 00 00 00 00 00 00 00 00 00 00 00 64 66 6D 5F ]]
[[ DATA: 74 72 61 63 65 2E 70 73 66 73 00 00 50 44 61 50 F0 0F 03 10 ]]
[[ DATA: F0 1A 00 00 64 66 6D 5F 74 72 61 63 65 2E 70 73 66 73 00 00 ]]
[[ DATA: 50 61 44 50 00 00 00 00 D4 D3 D2 D1 ]]

[[ DevAlert Data Ended. Checksum: 61854 ]]

[[ DevAlert Data Begins ]]
[[ DATA: D1 D2 D3 D4 F0 0F 01 00 71 83 02 00 01 00 07 00 02 00 00 00 ]]
[[ DATA: 20 00 20 00 10 00 00 00 E8 03 00 00 24 44 55 4D 4D 59 5F 53 ]]
[[ DATA: 45 53 53 49 4F 4E 5F 49 44 00 00 00 00 00 00 00 00 00 00 00 ]]
[[ DATA: 00 00 00 00 24 44 55 4D 4D 59 5F 44 45 56 49 43 45 5F 49 44 ]]
[[ DATA: 00 00 00 00 00 00 00 00 00 00 00 00 00 00 00 00 64 66 6D 5F ]]
[[ DATA: 74 72 61 63 65 2E 70 73 66 73 00 00 30 1A 00 20 00 00 00 00 ]]
[[ DATA: 05 06 07 08 75 76 77 78 F5 F6 F7 F8 00 46 53 50 0E 00 A9 9A ]]
[[ DATA: 00 00 00 00 01 03 00 00 00 00 00 00 00 00 03 04 5A 65 70 68 ]]
[[ DATA: 79 72 00 00 01 00 00 00 00 71 02 00 00 68 89 09 00 00 00 00 ]]
[[ DATA: E8 03 00 00 B7 FE 81 0C 00 00 00 00 38 00 00 00 1C 00 00 00 ]]
[[ DATA: 03 00 00 00 AC 0F 00 20 63 00 04 04 88 01 00 00 3A 01 00 00 ]]
[[ DATA: 00 00 00 40 73 79 73 63 61 6C 6C 73 00 00 00 00 00 00 00 00 ]]
[[ DATA: 00 00 00 00 00 00 00 00 00 00 00 00 00 00 00 00 00 00 00 00 ]]
[[ DATA: 00 00 00 00 00 00 00 00 00 00 00 00 00 00 00 00 00 00 00 00 ]]
[[ DATA: 00 00 00 00 00 00 00 00 00 00 00 00 00 00 00 00 00 00 00 00 ]]
[[ DATA: 00 00 00 00 00 00 00 00 00 00 00 00 00 00 00 00 00 00 00 00 ]]
[[ DATA: 00 00 00 00 00 00 00 00 00 00 00 00 00 00 00 00 00 00 00 00 ]]
[[ DATA: 00 00 00 00 00 00 00 00 00 00 00 00 00 00 00 00 00 00 00 00 ]]
[[ DATA: 00 00 00 00 00 00 00 00 00 00 00 00 00 00 00 00 00 00 00 00 ]]
[[ DATA: 00 00 00 00 00 00 00 00 00 00 00 00 00 00 00 00 00 00 00 00 ]]
[[ DATA: 00 00 00 00 00 00 00 00 00 00 00 00 00 00 00 00 00 00 00 00 ]]
[[ DATA: 00 00 00 00 00 00 00 00 00 00 00 00 00 00 00 00 00 00 00 00 ]]
[[ DATA: 00 00 00 00 00 00 00 00 00 00 00 00 00 00 00 00 00 00 00 00 ]]
[[ DATA: 00 00 00 00 00 00 00 00 00 00 00 00 00 00 00 00 00 00 00 00 ]]
[[ DATA: 00 00 00 00 00 00 00 00 00 00 00 00 00 00 00 00 00 00 00 00 ]]
[[ DATA: 00 00 00 00 00 00 00 00 00 00 00 00 00 00 00 00 00 00 00 00 ]]
[[ DATA: 00 00 00 00 00 00 00 00 00 00 00 00 00 00 00 00 00 00 00 00 ]]
[[ DATA: 00 00 00 00 00 00 00 00 00 00 00 00 00 00 00 00 00 00 00 00 ]]
[[ DATA: 00 00 00 00 00 00 00 00 00 00 00 00 00 00 00 00 00 00 00 00 ]]
[[ DATA: 00 00 00 00 00 00 00 00 00 00 00 00 00 00 00 00 00 00 00 00 ]]
[[ DATA: 00 00 00 00 00 00 00 00 00 00 00 00 00 00 00 00 00 00 00 00 ]]
[[ DATA: 00 00 00 00 00 00 00 00 00 00 00 00 00 00 00 00 00 00 00 00 ]]
[[ DATA: 00 00 00 00 00 00 00 00 00 00 00 00 00 00 00 00 00 00 00 00 ]]
[[ DATA: 00 00 00 00 00 00 00 00 00 00 00 00 00 00 00 00 00 00 00 00 ]]
[[ DATA: 00 00 00 00 00 00 00 00 00 00 00 00 00 00 00 00 00 00 00 00 ]]
[[ DATA: 00 00 00 00 00 00 00 00 00 00 00 00 00 00 00 00 00 00 00 00 ]]
[[ DATA: 00 00 00 00 00 00 00 00 00 00 00 00 00 00 00 00 00 00 00 00 ]]
[[ DATA: 00 00 00 00 00 00 00 00 00 00 00 00 00 00 00 00 00 00 00 00 ]]
[[ DATA: 00 00 00 00 00 00 00 00 00 00 00 00 00 00 00 00 00 00 00 00 ]]
[[ DATA: 00 00 00 00 00 00 00 00 00 00 00 00 00 00 00 00 00 00 00 00 ]]
[[ DATA: 00 00 00 00 00 00 00 00 00 00 00 00 00 00 00 00 00 00 00 00 ]]
[[ DATA: 00 00 00 00 00 00 00 00 00 00 00 00 00 00 00 00 00 00 00 00 ]]
[[ DATA: 00 00 00 00 00 00 00 00 00 00 00 00 00 00 00 00 00 00 00 00 ]]
[[ DATA: 00 00 00 00 00 00 00 00 00 00 00 00 00 00 00 00 00 00 00 00 ]]
[[ DATA: 00 00 00 00 00 00 00 00 00 00 00 00 00 00 00 00 00 00 00 00 ]]
[[ DATA: 00 00 00 00 00 00 00 00 00 00 00 00 00 00 00 00 00 00 00 00 ]]
[[ DATA: 00 00 00 00 00 00 00 00 00 00 00 00 00 00 00 00 00 00 00 00 ]]
[[ DATA: 00 00 00 00 00 00 00 00 00 00 00 00 00 00 00 00 00 00 00 00 ]]
[[ DATA: 00 00 00 00 00 00 00 00 00 00 00 00 00 00 00 00 00 00 00 00 ]]
[[ DATA: 00 00 00 00 00 00 00 00 00 00 00 00 00 00 00 00 00 00 00 00 ]]
[[ DATA: 00 00 00 00 00 00 00 00 00 00 00 00 00 00 00 00 00 00 00 00 ]]
[[ DATA: 00 00 00 00 00 00 00 00 00 00 00 00 00 00 00 00 00 00 00 00 ]]
[[ DATA: 00 00 00 00 00 00 00 00 00 00 00 00 00 00 00 00 00 00 00 00 ]]
[[ DATA: 00 00 00 00 00 00 00 00 00 00 00 00 00 00 00 00 00 00 00 00 ]]
[[ DATA: 00 00 00 00 00 00 00 00 00 00 00 00 00 00 00 00 00 00 00 00 ]]
[[ DATA: 00 00 00 00 00 00 00 00 00 00 00 00 D4 D3 D2 D1 ]]

[[ DevAlert Data Ended. Checksum: 24655 ]]

[[ DevAlert Data Begins ]]
[[ DATA: D1 D2 D3 D4 F0 0F 01 00 71 83 02 00 02 00 07 00 02 00 00 00 ]]
[[ DATA: 20 00 20 00 10 00 00 00 E8 03 00 00 24 44 55 4D 4D 59 5F 53 ]]
[[ DATA: 45 53 53 49 4F 4E 5F 49 44 00 00 00 00 00 00 00 00 00 00 00 ]]
[[ DATA: 00 00 00 00 24 44 55 4D 4D 59 5F 44 45 56 49 43 45 5F 49 44 ]]
[[ DATA: 00 00 00 00 00 00 00 00 00 00 00 00 00 00 00 00 64 66 6D 5F ]]
[[ DATA: 74 72 61 63 65 2E 70 73 66 73 00 00 00 00 00 00 00 00 00 00 ]]
[[ DATA: 00 00 00 00 00 00 00 00 00 00 00 00 00 00 00 00 00 00 00 00 ]]
[[ DATA: 00 00 00 00 00 00 00 00 00 00 00 00 00 00 00 00 00 00 00 00 ]]
[[ DATA: 00 00 00 00 00 00 00 00 00 00 00 00 00 00 00 00 00 00 00 00 ]]
[[ DATA: 00 00 00 00 00 00 00 00 00 00 00 00 00 00 00 00 00 00 00 00 ]]
[[ DATA: 00 00 00 00 00 00 00 00 00 00 00 00 00 00 00 00 00 00 00 00 ]]
[[ DATA: 00 00 00 00 00 00 00 00 00 00 00 00 00 00 00 00 00 00 00 00 ]]
[[ DATA: 00 00 00 00 00 00 00 00 00 00 00 00 00 00 00 00 00 00 00 00 ]]
[[ DATA: 00 00 00 00 00 00 00 00 00 00 00 00 00 00 00 00 00 00 00 00 ]]
[[ DATA: 00 00 00 00 00 00 00 00 00 00 00 00 00 00 00 00 00 00 00 00 ]]
[[ DATA: 00 00 00 00 00 00 00 00 00 00 00 00 00 00 00 00 00 00 00 00 ]]
[[ DATA: 00 00 00 00 00 00 00 00 00 00 00 00 00 00 00 00 00 00 00 00 ]]
[[ DATA: 00 00 00 00 00 00 00 00 00 00 00 00 00 00 00 00 00 00 00 00 ]]
[[ DATA: 00 00 00 00 00 00 00 00 00 00 00 00 00 00 00 00 00 00 00 00 ]]
[[ DATA: 00 00 00 00 00 00 00 00 00 00 00 00 00 00 00 00 00 00 00 00 ]]
[[ DATA: 00 00 00 00 00 00 00 00 00 00 00 00 00 00 00 00 00 00 00 00 ]]
[[ DATA: 00 00 00 00 00 00 00 00 00 00 00 00 00 00 00 00 00 00 00 00 ]]
[[ DATA: 00 00 00 00 00 00 00 00 00 00 00 00 00 00 00 00 00 00 00 00 ]]
[[ DATA: 00 00 00 00 00 00 00 00 00 00 00 00 00 00 00 00 00 00 00 00 ]]
[[ DATA: 00 00 00 00 00 00 00 00 00 00 00 00 00 00 00 00 00 00 00 00 ]]
[[ DATA: 00 00 00 00 00 00 00 00 00 00 00 00 00 00 00 00 00 00 00 00 ]]
[[ DATA: 00 00 00 00 00 00 00 00 00 00 00 00 00 00 00 00 00 00 00 00 ]]
[[ DATA: 00 00 00 00 00 00 00 00 00 00 00 00 00 00 00 00 00 00 00 00 ]]
[[ DATA: 00 00 00 00 00 00 00 00 00 00 00 00 00 00 00 00 00 00 00 00 ]]
[[ DATA: 00 00 00 00 00 00 00 00 00 00 00 00 00 00 00 00 00 00 00 00 ]]
[[ DATA: 00 00 00 00 00 00 00 00 00 00 00 00 00 00 00 00 00 00 00 00 ]]
[[ DATA: 00 00 00 00 00 00 00 00 00 00 00 00 00 00 00 00 00 00 00 00 ]]
[[ DATA: 00 00 00 00 00 00 00 00 00 00 00 00 00 00 00 00 00 00 00 00 ]]
[[ DATA: 00 00 00 00 00 00 00 00 00 00 00 00 00 00 00 00 00 00 00 00 ]]
[[ DATA: 00 00 00 00 00 00 00 00 00 00 00 00 00 00 00 00 00 00 00 00 ]]
[[ DATA: 00 00 00 00 00 00 00 00 00 00 00 00 00 00 00 00 00 00 00 00 ]]
[[ DATA: 00 00 00 00 00 00 00 00 00 00 00 00 00 00 00 00 00 00 00 00 ]]
[[ DATA: 00 00 00 00 00 00 00 00 00 00 00 00 00 00 00 00 00 00 00 00 ]]
[[ DATA: 00 00 00 00 00 00 00 00 00 00 00 00 00 00 00 00 00 00 00 00 ]]
[[ DATA: 00 00 00 00 00 00 00 00 00 00 00 00 00 00 00 00 00 00 00 00 ]]
[[ DATA: 00 00 00 00 00 00 00 00 00 00 00 00 00 00 00 00 00 00 00 00 ]]
[[ DATA: 00 00 00 00 00 00 00 00 00 00 00 00 00 00 00 00 00 00 00 00 ]]
[[ DATA: 00 00 00 00 00 00 00 00 00 00 00 00 00 00 00 00 00 00 00 00 ]]
[[ DATA: 00 00 00 00 00 00 00 00 00 00 00 00 00 00 00 00 00 00 00 00 ]]
[[ DATA: 00 00 00 00 00 00 00 00 00 00 00 00 00 00 00 00 00 00 00 00 ]]
[[ DATA: 00 00 00 00 00 00 00 00 00 00 00 00 00 00 00 00 00 00 00 00 ]]
[[ DATA: 00 00 00 00 00 00 00 00 00 00 00 00 00 00 00 00 00 00 00 00 ]]
[[ DATA: 00 00 00 00 00 00 00 00 00 00 00 00 00 00 00 00 00 00 00 00 ]]
[[ DATA: 00 00 00 00 00 00 00 00 00 00 00 00 00 00 00 00 00 00 00 00 ]]
[[ DATA: 00 00 00 00 00 00 00 00 00 00 00 00 00 00 00 00 00 00 00 00 ]]
[[ DATA: 00 00 00 00 00 00 00 00 00 00 00 00 00 00 00 00 00 00 00 00 ]]
[[ DATA: 00 00 00 00 00 00 00 00 00 00 00 00 00 00 00 00 00 00 00 00 ]]
[[ DATA: 00 00 00 00 00 00 00 00 00 00 00 00 00 00 00 00 00 00 00 00 ]]
[[ DATA: 00 00 00 00 00 00 00 00 00 00 00 00 00 00 00 00 00 00 00 00 ]]
[[ DATA: 00 00 00 00 00 00 00 00 00 00 00 00 00 00 00 00 00 00 00 00 ]]
[[ DATA: 00 00 00 00 00 00 00 00 00 00 00 00 D4 D3 D2 D1 ]]

[[ DevAlert Data Ended. Checksum: 16625 ]]

[[ DevAlert Data Begins ]]
[[ DATA: D1 D2 D3 D4 F0 0F 01 00 71 83 02 00 03 00 07 00 02 00 00 00 ]]
[[ DATA: 20 00 20 00 10 00 00 00 E8 03 00 00 24 44 55 4D 4D 59 5F 53 ]]
[[ DATA: 45 53 53 49 4F 4E 5F 49 44 00 00 00 00 00 00 00 00 00 00 00 ]]
[[ DATA: 00 00 00 00 24 44 55 4D 4D 59 5F 44 45 56 49 43 45 5F 49 44 ]]
[[ DATA: 00 00 00 00 00 00 00 00 00 00 00 00 00 00 00 00 64 66 6D 5F ]]
[[ DATA: 74 72 61 63 65 2E 70 73 66 73 00 00 00 00 00 00 00 00 00 00 ]]
[[ DATA: 00 00 00 00 00 00 00 00 00 00 00 00 00 00 00 00 00 00 00 00 ]]
[[ DATA: 00 00 00 00 00 00 00 00 00 00 00 00 00 00 00 00 00 00 00 00 ]]
[[ DATA: 00 00 00 00 00 00 00 00 00 00 00 00 00 00 00 00 00 00 00 00 ]]
[[ DATA: 00 00 00 00 00 00 00 00 00 00 00 00 00 00 00 00 00 00 00 00 ]]
[[ DATA: 00 00 00 00 00 00 00 00 00 00 00 00 00 00 00 00 00 00 00 00 ]]
[[ DATA: 00 00 00 00 00 00 00 00 00 00 00 00 00 00 00 00 00 00 00 00 ]]
[[ DATA: 00 00 00 00 00 00 00 00 00 00 00 00 00 00 00 00 00 00 00 00 ]]
[[ DATA: 00 00 00 00 00 00 00 00 00 00 00 00 00 00 00 00 00 00 00 00 ]]
[[ DATA: 00 00 00 00 00 00 00 00 00 00 00 00 00 00 00 00 00 00 00 00 ]]
[[ DATA: 00 00 00 00 00 00 00 00 00 00 00 00 00 00 00 00 00 00 00 00 ]]
[[ DATA: 00 00 00 00 00 00 00 00 00 00 00 00 00 00 00 00 00 00 00 00 ]]
[[ DATA: 00 00 00 00 00 00 00 00 00 00 00 00 00 00 00 00 00 00 00 00 ]]
[[ DATA: 00 00 00 00 00 00 00 00 00 00 00 00 00 00 00 00 00 00 00 00 ]]
[[ DATA: 00 00 00 00 00 00 00 00 00 00 00 00 00 00 00 00 00 00 00 00 ]]
[[ DATA: 00 00 00 00 00 00 00 00 00 00 00 00 00 00 00 00 00 00 00 00 ]]
[[ DATA: 00 00 00 00 00 00 00 00 00 00 00 00 00 00 00 00 00 00 00 00 ]]
[[ DATA: 00 00 00 00 00 00 00 00 00 00 00 00 00 00 00 00 00 00 00 00 ]]
[[ DATA: 00 00 00 00 00 00 00 00 00 00 00 00 00 00 00 00 00 00 00 00 ]]
[[ DATA: 00 00 00 00 00 00 00 00 00 00 00 00 00 00 00 00 00 00 00 00 ]]
[[ DATA: 00 00 00 00 00 00 00 00 00 00 00 00 00 00 00 00 00 00 00 00 ]]
[[ DATA: 00 00 00 00 00 00 00 00 00 00 00 00 00 00 00 00 00 00 00 00 ]]
[[ DATA: 00 00 00 00 00 00 00 00 00 00 00 00 00 00 00 00 00 00 00 00 ]]
[[ DATA: 00 00 00 00 00 00 00 00 00 00 00 00 00 00 00 00 00 00 00 00 ]]
[[ DATA: 00 00 00 00 00 00 00 00 00 00 00 00 00 00 00 00 00 00 00 00 ]]
[[ DATA: 00 00 00 00 0C 19 00 20 00 00 00 00 00 00 00 00 00 00 00 00 ]]
[[ DATA: 00 00 00 00 41 4C 45 52 54 00 00 00 00 00 00 00 00 00 00 00 ]]
[[ DATA: 00 00 00 00 00 00 00 00 00 00 00 00 3C 19 00 20 00 00 00 00 ]]
[[ DATA: 00 00 00 00 00 00 00 00 00 00 00 00 44 46 4D 20 54 65 73 74 ]]
[[ DATA: 73 00 00 00 00 00 00 00 00 00 00 00 00 00 00 00 00 00 00 00 ]]
[[ DATA: CC 2C 00 20 00 00 00 00 00 00 00 00 00 00 00 00 00 00 00 00 ]]
[[ DATA: 54 7A 43 74 72 6C 00 00 00 00 00 00 00 00 00 00 00 00 00 00 ]]
[[ DATA: 00 00 00 00 00 00 00 00 F0 0C 00 20 FF FF FF FF 00 00 00 00 ]]
[[ DATA: 00 00 00 00 00 00 00 00 73 79 73 77 6F 72 6B 71 00 00 00 00 ]]
[[ DATA: 00 00 00 00 00 00 00 00 00 00 00 00 00 00 00 00 90 0A 00 20 ]]
[[ DATA: 0F 00 00 00 00 00 00 00 00 00 00 00 00 00 00 00 69 64 6C 65 ]]
[[ DATA: 00 00 00 00 00 00 00 00 00 00 00 00 00 00 00 00 00 00 00 00 ]]
[[ DATA: 00 00 00 00 50 0B 00 20 00 00 00 00 00 00 00 00 00 00 00 00 ]]
[[ DATA: 00 00 00 00 6D 61 69 6E 00 00 00 00 00 00 00 00 00 00 00 00 ]]
[[ DATA: 00 00 00 00 00 00 00 00 00 00 00 00 00 10 00 00 C0 05 00 00 ]]
[[ DATA: 00 00 00 00 D4 0F 00 00 01 00 00 00 00 00 00 00 D4 0F 00 00 ]]
[[ DATA: 00 00 00 00 C0 05 00 00 00 00 00 00 00 00 00 00 5C 1A 00 20 ]]
[[ DATA: 01 10 01 00 E1 12 00 00 02 00 00 00 10 30 02 00 D5 52 00 00 ]]
[[ DATA: 50 0B 00 20 00 04 00 00 00 00 00 00 30 10 03 00 0F 57 00 00 ]]
[[ DATA: 50 0B 00 20 10 30 04 00 35 72 00 00 90 0A 00 20 40 01 00 00 ]]
[[ DATA: 0F 00 00 00 37 20 05 00 DF 76 00 00 50 0B 00 20 00 00 00 00 ]]
[[ DATA: 2F 51 06 00 54 7A 00 00 F0 0C 00 20 C8 54 00 20 00 04 00 00 ]]
[[ DATA: FF FF FF FF C8 E3 00 08 10 30 07 00 3F B6 00 00 F0 0C 00 20 ]]
[[ DATA: 00 04 00 00 FF FF FF FF 5D 11 08 00 1E BF 00 00 F0 0C 00 20 ]]
[[ DATA: 30 10 09 00 3B C2 00 00 F0 0C 00 20 37 20 0A 00 4A CB 00 00 ]]
[[ DATA: F0 0C 00 20 FF FF FF FF 37 20 0B 00 D4 D3 D2 D1 ]]

[[ DevAlert Data Ended. Checksum: 48292 ]]

[[ DevAlert Data Begins ]]
[[ DATA: D1 D2 D3 D4 F0 0F 01 00 71 83 02 00 04 00 07 00 02 00 00 00 ]]
[[ DATA: 20 00 20 00 10 00 00 00 E8 03 00 00 24 44 55 4D 4D 59 5F 53 ]]
[[ DATA: 45 53 53 49 4F 4E 5F 49 44 00 00 00 00 00 00 00 00 00 00 00 ]]
[[ DATA: 00 00 00 00 24 44 55 4D 4D 59 5F 44 45 56 49 43 45 5F 49 44 ]]
[[ DATA: 00 00 00 00 00 00 00 00 00 00 00 00 00 00 00 00 64 66 6D 5F ]]
[[ DATA: 74 72 61 63 65 2E 70 73 66 73 00 00 CB D6 00 00 50 0B 00 20 ]]
[[ DATA: 00 00 00 00 2E 11 0C 00 3A D9 00 00 F0 0C 00 20 10 30 0D 00 ]]
[[ DATA: B5 15 01 00 CC 2C 00 20 00 04 00 00 00 00 00 00 5D 11 0E 00 ]]
[[ DATA: 30 18 01 00 CC 2C 00 20 30 10 0F 00 14 1B 01 00 CC 2C 00 20 ]]
[[ DATA: 2A 10 10 00 B1 7A 04 00 E8 03 00 00 37 20 11 00 42 88 04 00 ]]
[[ DATA: CC 2C 00 20 00 00 00 00 EA 20 12 00 FE 9E 04 00 50 0B 00 20 ]]
[[ DATA: 6C 02 00 00 2A 10 13 00 2C A1 04 00 FA 00 00 00 37 20 14 00 ]]
[[ DATA: F7 AA 04 00 90 0A 00 20 0F 00 00 00 30 10 15 00 2A 40 67 02 ]]
[[ DATA: CC 2C 00 20 37 20 16 00 0C 4A 67 02 CC 2C 00 20 00 00 00 00 ]]
[[ DATA: 2B 10 17 00 78 4D 67 02 00 00 00 00 EA 20 18 00 F0 57 67 02 ]]
[[ DATA: 90 0A 00 20 F4 00 00 00 2A 10 19 00 0D 5A 67 02 FA 00 00 00 ]]
[[ DATA: 37 20 1A 00 E3 63 67 02 90 0A 00 20 0F 00 00 00 30 10 1B 00 ]]
[[ DATA: F7 0A CC 04 CC 2C 00 20 37 20 1C 00 B5 14 CC 04 CC 2C 00 20 ]]
[[ DATA: 00 00 00 00 2B 10 1D 00 F5 17 CC 04 00 00 00 00 EA 20 1E 00 ]]
[[ DATA: 69 32 CC 04 F0 0C 00 20 F4 02 00 00 2A 10 1F 00 80 34 CC 04 ]]
[[ DATA: FA 00 00 00 37 20 20 00 50 3E CC 04 90 0A 00 20 0F 00 00 00 ]]
[[ DATA: 30 10 21 00 F7 D5 30 07 CC 2C 00 20 37 20 22 00 B5 DF 30 07 ]]
[[ DATA: CC 2C 00 20 00 00 00 00 2B 10 23 00 F5 E2 30 07 00 00 00 00 ]]
[[ DATA: EA 20 24 00 A9 FF 30 07 CC 2C 00 20 3C 03 00 00 2A 10 25 00 ]]
[[ DATA: C0 01 31 07 FA 00 00 00 37 20 26 00 78 0A 31 07 90 0A 00 20 ]]
[[ DATA: 0F 00 00 00 30 10 27 00 F7 4D 8E 09 50 0B 00 20 37 20 28 00 ]]
[[ DATA: B5 57 8E 09 50 0B 00 20 00 00 00 00 2B 10 29 00 F5 5A 8E 09 ]]
[[ DATA: 00 00 00 00 03 40 2A 00 77 A9 91 09 3C 19 00 20 44 46 4D 20 ]]
[[ DATA: 54 65 73 74 73 00 54 52 92 50 2B 00 A7 4F 95 09 3C 19 00 20 ]]
[[ DATA: EA 03 00 00 54 25 75 20 42 45 47 49 4E 00 44 46 92 70 2C 00 ]]
[[ DATA: E3 53 95 09 3C 19 00 20 07 00 00 00 54 31 30 30 32 20 41 52 ]]
[[ DATA: 47 53 20 6D 6F 64 65 3D 25 75 00 54 92 80 2D 00 D6 57 95 09 ]]
[[ DATA: 3C 19 00 20 1E 00 00 00 54 31 30 30 32 20 41 52 47 53 20 73 ]]
[[ DATA: 63 61 6C 61 72 3D 25 75 00 54 31 30 91 80 2E 00 CD 5B 95 09 ]]
[[ DATA: 3C 19 00 20 54 31 30 30 32 20 44 41 54 41 20 6E 61 6D 65 3D ]]
[[ DATA: 74 30 32 2D 6E 61 6D 65 00 54 31 30 91 60 2F 00 6A 5F 95 09 ]]
[[ DATA: 3C 19 00 20 54 31 30 30 32 20 44 41 54 41 20 74 61 67 3D 31 ]]
[[ DATA: 30 00 54 31 91 60 30 00 E4 62 95 09 3C 19 00 20 54 31 30 30 ]]
[[ DATA: 32 20 44 41 54 41 20 63 6F 75 6E 74 3D 32 30 00 91 70 31 00 ]]
[[ DATA: 76 66 95 09 3C 19 00 20 54 31 30 30 32 20 44 41 54 41 20 65 ]]
[[ DATA: 6E 61 62 6C 65 64 3D 31 00 54 65 73 91 B0 32 00 F9 6A 95 09 ]]
[[ DATA: 3C 19 00 20 54 31 30 30 32 20 50 41 54 48 20 70 75 62 6C 69 ]]
[[ DATA: 63 5F 61 70 69 20 2D 3E 20 69 6E 6C 69 6E 65 5F 77 72 61 70 ]]
[[ DATA: 70 65 72 00 91 B0 33 00 C6 6F 95 09 3C 19 00 20 54 31 30 30 ]]
[[ DATA: 32 20 50 41 54 48 20 69 6E 6C 69 6E 65 5F 77 72 61 70 70 65 ]]
[[ DATA: 72 20 2D 3E 20 74 72 61 70 5F 6C 65 61 66 00 54 03 30 34 00 ]]
[[ DATA: 16 B6 95 09 0C 19 00 20 41 4C 45 52 54 00 64 66 91 A0 35 00 ]]
[[ DATA: 5B BA 95 09 0C 19 00 20 54 65 73 74 20 31 30 30 32 20 61 74 ]]
[[ DATA: 20 74 65 73 74 5F 63 61 6C 6C 5F 63 68 61 69 6E 73 2E 63 3A ]]
[[ DATA: 31 30 34 00 30 10 36 00 BF B1 A2 09 CC 2C 00 20 2A 10 37 00 ]]
[[ DATA: 3E D7 A3 09 2C 01 00 00 37 20 38 00 C6 E5 A3 09 CC 2C 00 20 ]]
[[ DATA: 00 00 00 00 2B 10 39 00 22 E9 A3 09 00 00 00 00 EA 20 3A 00 ]]
[[ DATA: 64 FF A3 09 50 0B 00 20 6C 02 00 00 2A 10 3B 00 7C 01 A4 09 ]]
[[ DATA: FA 00 00 00 37 20 3C 00 4D 0B A4 09 90 0A 00 20 0F 00 00 00 ]]
[[ DATA: 30 10 3D 00 FE A0 06 0C CC 2C 00 20 37 20 3E 00 BC AA 06 0C ]]
[[ DATA: CC 2C 00 20 00 00 00 00 2B 10 3F 00 D4 D3 D2 D1 ]]

[[ DevAlert Data Ended. Checksum: 64029 ]]

[[ DevAlert Data Begins ]]
[[ DATA: D1 D2 D3 D4 F0 0F 01 00 71 83 02 00 05 00 07 00 02 00 00 00 ]]
[[ DATA: 20 00 20 00 10 00 00 00 E8 03 00 00 24 44 55 4D 4D 59 5F 53 ]]
[[ DATA: 45 53 53 49 4F 4E 5F 49 44 00 00 00 00 00 00 00 00 00 00 00 ]]
[[ DATA: 00 00 00 00 24 44 55 4D 4D 59 5F 44 45 56 49 43 45 5F 49 44 ]]
[[ DATA: 00 00 00 00 00 00 00 00 00 00 00 00 00 00 00 00 64 66 6D 5F ]]
[[ DATA: 74 72 61 63 65 2E 70 73 66 73 00 00 FC AD 06 0C 00 00 00 00 ]]
[[ DATA: EA 20 40 00 70 B8 06 0C 90 0A 00 20 F4 00 00 00 2A 10 41 00 ]]
[[ DATA: 87 BA 06 0C FA 00 00 00 37 20 42 00 3F C3 06 0C 90 0A 00 20 ]]
[[ DATA: 0F 00 00 00 30 10 43 00 07 B3 80 0C 50 0B 00 20 37 20 44 00 ]]
[[ DATA: 35 BD 80 0C 50 0B 00 20 00 00 00 00 2B 10 45 00 75 C0 80 0C ]]
[[ DATA: 00 00 00 00 92 50 46 00 FC AB 81 0C 3C 19 00 20 EC 03 00 00 ]]
[[ DATA: 54 25 75 20 42 45 47 49 4E 00 44 46 91 70 47 00 65 B0 81 0C ]]
[[ DATA: 3C 19 00 20 54 31 30 30 34 20 44 41 54 41 20 69 6E 70 75 74 ]]
[[ DATA: 3D 34 30 30 30 00 54 31 91 90 48 00 86 B4 81 0C 3C 19 00 20 ]]
[[ DATA: 54 31 30 30 34 20 44 41 54 41 20 65 78 70 65 63 74 65 64 5F ]]
[[ DATA: 72 65 74 75 72 6E 3D 34 34 30 34 00 91 B0 49 00 1D B9 81 0C ]]
[[ DATA: 3C 19 00 20 54 31 30 30 34 20 50 41 54 48 20 63 61 6C 6C 65 ]]
[[ DATA: 72 20 2D 3E 20 74 72 61 70 5F 62 65 66 6F 72 65 5F 72 65 74 ]]
[[ DATA: 75 72 6E 00 91 A0 4A 00 B7 FE 81 0C 0C 19 00 20 54 65 73 74 ]]
[[ DATA: 20 31 30 30 34 20 61 74 20 74 65 73 74 5F 63 61 6C 6C 5F 63 ]]
[[ DATA: 68 61 69 6E 73 2E 63 3A 32 30 33 00 00 00 00 00 00 00 00 00 ]]
[[ DATA: 00 00 00 00 00 00 00 00 00 00 00 00 00 00 00 00 00 00 00 00 ]]
[[ DATA: 00 00 00 00 00 00 00 00 00 00 00 00 00 00 00 00 00 00 00 00 ]]
[[ DATA: 00 00 00 00 00 00 00 00 00 00 00 00 00 00 00 00 00 00 00 00 ]]
[[ DATA: 00 00 00 00 00 00 00 00 00 00 00 00 00 00 00 00 00 00 00 00 ]]
[[ DATA: 00 00 00 00 00 00 00 00 00 00 00 00 00 00 00 00 00 00 00 00 ]]
[[ DATA: 00 00 00 00 00 00 00 00 00 00 00 00 00 00 00 00 00 00 00 00 ]]
[[ DATA: 00 00 00 00 00 00 00 00 00 00 00 00 00 00 00 00 00 00 00 00 ]]
[[ DATA: 00 00 00 00 00 00 00 00 00 00 00 00 00 00 00 00 00 00 00 00 ]]
[[ DATA: 00 00 00 00 00 00 00 00 00 00 00 00 00 00 00 00 00 00 00 00 ]]
[[ DATA: 00 00 00 00 00 00 00 00 00 00 00 00 00 00 00 00 00 00 00 00 ]]
[[ DATA: 00 00 00 00 00 00 00 00 00 00 00 00 00 00 00 00 00 00 00 00 ]]
[[ DATA: 00 00 00 00 00 00 00 00 00 00 00 00 00 00 00 00 00 00 00 00 ]]
[[ DATA: 00 00 00 00 00 00 00 00 00 00 00 00 00 00 00 00 00 00 00 00 ]]
[[ DATA: 00 00 00 00 00 00 00 00 00 00 00 00 00 00 00 00 00 00 00 00 ]]
[[ DATA: 00 00 00 00 00 00 00 00 00 00 00 00 00 00 00 00 00 00 00 00 ]]
[[ DATA: 00 00 00 00 00 00 00 00 00 00 00 00 00 00 00 00 00 00 00 00 ]]
[[ DATA: 00 00 00 00 00 00 00 00 00 00 00 00 00 00 00 00 00 00 00 00 ]]
[[ DATA: 00 00 00 00 00 00 00 00 00 00 00 00 00 00 00 00 00 00 00 00 ]]
[[ DATA: 00 00 00 00 00 00 00 00 00 00 00 00 00 00 00 00 00 00 00 00 ]]
[[ DATA: 00 00 00 00 00 00 00 00 00 00 00 00 00 00 00 00 00 00 00 00 ]]
[[ DATA: 00 00 00 00 00 00 00 00 00 00 00 00 00 00 00 00 00 00 00 00 ]]
[[ DATA: 00 00 00 00 00 00 00 00 00 00 00 00 00 00 00 00 00 00 00 00 ]]
[[ DATA: 00 00 00 00 00 00 00 00 00 00 00 00 00 00 00 00 00 00 00 00 ]]
[[ DATA: 00 00 00 00 00 00 00 00 00 00 00 00 00 00 00 00 00 00 00 00 ]]
[[ DATA: 00 00 00 00 00 00 00 00 00 00 00 00 00 00 00 00 00 00 00 00 ]]
[[ DATA: 00 00 00 00 00 00 00 00 00 00 00 00 00 00 00 00 00 00 00 00 ]]
[[ DATA: 00 00 00 00 00 00 00 00 00 00 00 00 00 00 00 00 00 00 00 00 ]]
[[ DATA: 00 00 00 00 00 00 00 00 00 00 00 00 00 00 00 00 00 00 00 00 ]]
[[ DATA: 00 00 00 00 00 00 00 00 00 00 00 00 00 00 00 00 00 00 00 00 ]]
[[ DATA: 00 00 00 00 00 00 00 00 00 00 00 00 00 00 00 00 00 00 00 00 ]]
[[ DATA: 00 00 00 00 00 00 00 00 00 00 00 00 00 00 00 00 00 00 00 00 ]]
[[ DATA: 00 00 00 00 00 00 00 00 00 00 00 00 00 00 00 00 00 00 00 00 ]]
[[ DATA: 00 00 00 00 00 00 00 00 00 00 00 00 00 00 00 00 00 00 00 00 ]]
[[ DATA: 00 00 00 00 00 00 00 00 00 00 00 00 00 00 00 00 00 00 00 00 ]]
[[ DATA: 00 00 00 00 00 00 00 00 00 00 00 00 D4 D3 D2 D1 ]]

[[ DevAlert Data Ended. Checksum: 534 ]]

[[ DevAlert Data Begins ]]
[[ DATA: D1 D2 D3 D4 F0 0F 01 00 71 83 02 00 06 00 07 00 02 00 00 00 ]]
[[ DATA: 20 00 20 00 10 00 00 00 E8 03 00 00 24 44 55 4D 4D 59 5F 53 ]]
[[ DATA: 45 53 53 49 4F 4E 5F 49 44 00 00 00 00 00 00 00 00 00 00 00 ]]
[[ DATA: 00 00 00 00 24 44 55 4D 4D 59 5F 44 45 56 49 43 45 5F 49 44 ]]
[[ DATA: 00 00 00 00 00 00 00 00 00 00 00 00 00 00 00 00 64 66 6D 5F ]]
[[ DATA: 74 72 61 63 65 2E 70 73 66 73 00 00 00 00 00 00 00 00 00 00 ]]
[[ DATA: 00 00 00 00 00 00 00 00 00 00 00 00 00 00 00 00 00 00 00 00 ]]
[[ DATA: 00 00 00 00 00 00 00 00 00 00 00 00 00 00 00 00 00 00 00 00 ]]
[[ DATA: 00 00 00 00 00 00 00 00 00 00 00 00 00 00 00 00 00 00 00 00 ]]
[[ DATA: 00 00 00 00 00 00 00 00 00 00 00 00 00 00 00 00 00 00 00 00 ]]
[[ DATA: 00 00 00 00 00 00 00 00 00 00 00 00 00 00 00 00 00 00 00 00 ]]
[[ DATA: 00 00 00 00 00 00 00 00 00 00 00 00 00 00 00 00 00 00 00 00 ]]
[[ DATA: 00 00 00 00 00 00 00 00 00 00 00 00 00 00 00 00 00 00 00 00 ]]
[[ DATA: 00 00 00 00 00 00 00 00 00 00 00 00 00 00 00 00 00 00 00 00 ]]
[[ DATA: 00 00 00 00 00 00 00 00 00 00 00 00 00 00 00 00 00 00 00 00 ]]
[[ DATA: 00 00 00 00 00 00 00 00 00 00 00 00 00 00 00 00 00 00 00 00 ]]
[[ DATA: 00 00 00 00 00 00 00 00 00 00 00 00 00 00 00 00 00 00 00 00 ]]
[[ DATA: 00 00 00 00 00 00 00 00 00 00 00 00 00 00 00 00 00 00 00 00 ]]
[[ DATA: 00 00 00 00 00 00 00 00 00 00 00 00 00 00 00 00 00 00 00 00 ]]
[[ DATA: 00 00 00 00 00 00 00 00 00 00 00 00 00 00 00 00 00 00 00 00 ]]
[[ DATA: 00 00 00 00 00 00 00 00 00 00 00 00 00 00 00 00 00 00 00 00 ]]
[[ DATA: 00 00 00 00 00 00 00 00 00 00 00 00 00 00 00 00 00 00 00 00 ]]
[[ DATA: 00 00 00 00 00 00 00 00 00 00 00 00 00 00 00 00 00 00 00 00 ]]
[[ DATA: 00 00 00 00 00 00 00 00 00 00 00 00 00 00 00 00 00 00 00 00 ]]
[[ DATA: 00 00 00 00 00 00 00 00 00 00 00 00 00 00 00 00 00 00 00 00 ]]
[[ DATA: 00 00 00 00 00 00 00 00 00 00 00 00 00 00 00 00 00 00 00 00 ]]
[[ DATA: 00 00 00 00 00 00 00 00 00 00 00 00 00 00 00 00 00 00 00 00 ]]
[[ DATA: 00 00 00 00 00 00 00 00 00 00 00 00 00 00 00 00 00 00 00 00 ]]
[[ DATA: 00 00 00 00 00 00 00 00 00 00 00 00 00 00 00 00 00 00 00 00 ]]
[[ DATA: 00 00 00 00 00 00 00 00 00 00 00 00 00 00 00 00 00 00 00 00 ]]
[[ DATA: 00 00 00 00 00 00 00 00 00 00 00 00 00 00 00 00 00 00 00 00 ]]
[[ DATA: 00 00 00 00 00 00 00 00 00 00 00 00 00 00 00 00 00 00 00 00 ]]
[[ DATA: 00 00 00 00 00 00 00 00 00 00 00 00 00 00 00 00 00 00 00 00 ]]
[[ DATA: 00 00 00 00 00 00 00 00 00 00 00 00 00 00 00 00 00 00 00 00 ]]
[[ DATA: 00 00 00 00 00 00 00 00 00 00 00 00 00 00 00 00 00 00 00 00 ]]
[[ DATA: 00 00 00 00 00 00 00 00 00 00 00 00 00 00 00 00 00 00 00 00 ]]
[[ DATA: 00 00 00 00 00 00 00 00 00 00 00 00 00 00 00 00 00 00 00 00 ]]
[[ DATA: 00 00 00 00 00 00 00 00 00 00 00 00 00 00 00 00 00 00 00 00 ]]
[[ DATA: 00 00 00 00 00 00 00 00 00 00 00 00 00 00 00 00 00 00 00 00 ]]
[[ DATA: 00 00 00 00 00 00 00 00 00 00 00 00 00 00 00 00 00 00 00 00 ]]
[[ DATA: 00 00 00 00 00 00 00 00 00 00 00 00 00 00 00 00 00 00 00 00 ]]
[[ DATA: 00 00 00 00 00 00 00 00 00 00 00 00 00 00 00 00 00 00 00 00 ]]
[[ DATA: 00 00 00 00 00 00 00 00 00 00 00 00 00 00 00 00 00 00 00 00 ]]
[[ DATA: 00 00 00 00 00 00 00 00 00 00 00 00 00 00 00 00 00 00 00 00 ]]
[[ DATA: 00 00 00 00 00 00 00 00 00 00 00 00 00 00 00 00 00 00 00 00 ]]
[[ DATA: 00 00 00 00 00 00 00 00 00 00 00 00 00 00 00 00 00 00 00 00 ]]
[[ DATA: 00 00 00 00 00 00 00 00 00 00 00 00 00 00 00 00 00 00 00 00 ]]
[[ DATA: 00 00 00 00 00 00 00 00 00 00 00 00 00 00 00 00 00 00 00 00 ]]
[[ DATA: 00 00 00 00 00 00 00 00 00 00 00 00 00 00 00 00 00 00 00 00 ]]
[[ DATA: 00 00 00 00 00 00 00 00 00 00 00 00 00 00 00 00 00 00 00 00 ]]
[[ DATA: 00 00 00 00 00 00 00 00 00 00 00 00 00 00 00 00 00 00 00 00 ]]
[[ DATA: 00 00 00 00 00 00 00 00 00 00 00 00 00 00 00 00 00 00 00 00 ]]
[[ DATA: 00 00 00 00 00 00 00 00 00 00 00 00 00 00 00 00 00 00 00 00 ]]
[[ DATA: 00 00 00 00 00 00 00 00 00 00 00 00 00 00 00 00 00 00 00 00 ]]
[[ DATA: 00 00 00 00 00 00 00 00 00 00 00 00 00 00 00 00 00 00 00 00 ]]
[[ DATA: 00 00 00 00 00 00 00 00 00 00 00 00 D4 D3 D2 D1 ]]

[[ DevAlert Data Ended. Checksum: 895 ]]

[[ DevAlert Data Begins ]]
[[ DATA: D1 D2 D3 D4 F0 0F 01 00 71 83 02 00 07 00 07 00 02 00 00 00 ]]
[[ DATA: 20 00 20 00 10 00 00 00 80 03 00 00 24 44 55 4D 4D 59 5F 53 ]]
[[ DATA: 45 53 53 49 4F 4E 5F 49 44 00 00 00 00 00 00 00 00 00 00 00 ]]
[[ DATA: 00 00 00 00 24 44 55 4D 4D 59 5F 44 45 56 49 43 45 5F 49 44 ]]
[[ DATA: 00 00 00 00 00 00 00 00 00 00 00 00 00 00 00 00 64 66 6D 5F ]]
[[ DATA: 74 72 61 63 65 2E 70 73 66 73 00 00 00 00 00 00 00 00 00 00 ]]
[[ DATA: 00 00 00 00 00 00 00 00 00 00 00 00 00 00 00 00 00 00 00 00 ]]
[[ DATA: 00 00 00 00 00 00 00 00 00 00 00 00 00 00 00 00 00 00 00 00 ]]
[[ DATA: 00 00 00 00 00 00 00 00 00 00 00 00 00 00 00 00 00 00 00 00 ]]
[[ DATA: 00 00 00 00 00 00 00 00 00 00 00 00 00 00 00 00 00 00 00 00 ]]
[[ DATA: 00 00 00 00 00 00 00 00 00 00 00 00 00 00 00 00 00 00 00 00 ]]
[[ DATA: 00 00 00 00 00 00 00 00 00 00 00 00 00 00 00 00 00 00 00 00 ]]
[[ DATA: 00 00 00 00 00 00 00 00 00 00 00 00 00 00 00 00 00 00 00 00 ]]
[[ DATA: 00 00 00 00 00 00 00 00 00 00 00 00 00 00 00 00 00 00 00 00 ]]
[[ DATA: 00 00 00 00 00 00 00 00 00 00 00 00 00 00 00 00 00 00 00 00 ]]
[[ DATA: 00 00 00 00 00 00 00 00 00 00 00 00 00 00 00 00 00 00 00 00 ]]
[[ DATA: 00 00 00 00 00 00 00 00 00 00 00 00 00 00 00 00 00 00 00 00 ]]
[[ DATA: 00 00 00 00 00 00 00 00 00 00 00 00 00 00 00 00 00 00 00 00 ]]
[[ DATA: 00 00 00 00 00 00 00 00 00 00 00 00 00 00 00 00 00 00 00 00 ]]
[[ DATA: 00 00 00 00 00 00 00 00 00 00 00 00 00 00 00 00 00 00 00 00 ]]
[[ DATA: 00 00 00 00 00 00 00 00 00 00 00 00 00 00 00 00 00 00 00 00 ]]
[[ DATA: 00 00 00 00 00 00 00 00 00 00 00 00 00 00 00 00 00 00 00 00 ]]
[[ DATA: 00 00 00 00 00 00 00 00 00 00 00 00 00 00 00 00 00 00 00 00 ]]
[[ DATA: 00 00 00 00 00 00 00 00 00 00 00 00 00 00 00 00 00 00 00 00 ]]
[[ DATA: 00 00 00 00 00 00 00 00 00 00 00 00 00 00 00 00 00 00 00 00 ]]
[[ DATA: 00 00 00 00 00 00 00 00 00 00 00 00 00 00 00 00 00 00 00 00 ]]
[[ DATA: 00 00 00 00 00 00 00 00 00 00 00 00 00 00 00 00 00 00 00 00 ]]
[[ DATA: 00 00 00 00 00 00 00 00 00 00 00 00 00 00 00 00 00 00 00 00 ]]
[[ DATA: 00 00 00 00 00 00 00 00 00 00 00 00 00 00 00 00 00 00 00 00 ]]
[[ DATA: 00 00 00 00 00 00 00 00 00 00 00 00 00 00 00 00 00 00 00 00 ]]
[[ DATA: 00 00 00 00 00 00 00 00 00 00 00 00 00 00 00 00 00 00 00 00 ]]
[[ DATA: 00 00 00 00 00 00 00 00 00 00 00 00 00 00 00 00 00 00 00 00 ]]
[[ DATA: 00 00 00 00 00 00 00 00 00 00 00 00 00 00 00 00 00 00 00 00 ]]
[[ DATA: 00 00 00 00 00 00 00 00 00 00 00 00 00 00 00 00 00 00 00 00 ]]
[[ DATA: 00 00 00 00 00 00 00 00 00 00 00 00 00 00 00 00 00 00 00 00 ]]
[[ DATA: 00 00 00 00 00 00 00 00 00 00 00 00 00 00 00 00 00 00 00 00 ]]
[[ DATA: 00 00 00 00 00 00 00 00 00 00 00 00 00 00 00 00 00 00 00 00 ]]
[[ DATA: 00 00 00 00 00 00 00 00 00 00 00 00 00 00 00 00 00 00 00 00 ]]
[[ DATA: 00 00 00 00 00 00 00 00 00 00 00 00 00 00 00 00 00 00 00 00 ]]
[[ DATA: 00 00 00 00 00 00 00 00 00 00 00 00 00 00 00 00 00 00 00 00 ]]
[[ DATA: 00 00 00 00 00 00 00 00 00 00 00 00 00 00 00 00 00 00 00 00 ]]
[[ DATA: 00 00 00 00 00 00 00 00 00 00 00 00 00 00 00 00 00 00 00 00 ]]
[[ DATA: 00 00 00 00 00 00 00 00 00 00 00 00 00 00 00 00 00 00 00 00 ]]
[[ DATA: 00 00 00 00 00 00 00 00 00 00 00 00 00 00 00 00 00 00 00 00 ]]
[[ DATA: 00 00 00 00 00 00 00 00 00 00 00 00 00 00 00 00 00 00 00 00 ]]
[[ DATA: 00 00 00 00 00 00 00 00 00 00 00 00 00 00 00 00 00 00 00 00 ]]
[[ DATA: 00 00 00 00 00 00 00 00 00 00 00 00 00 00 00 00 00 00 00 00 ]]
[[ DATA: 00 00 00 00 00 00 00 00 00 00 00 00 00 00 00 00 00 00 00 00 ]]
[[ DATA: 00 00 00 00 00 00 00 00 00 00 00 00 00 00 00 00 00 00 00 00 ]]
[[ DATA: 00 00 00 00 00 00 00 00 00 00 00 00 0A 0B 0C 0D 71 72 73 74 ]]
[[ DATA: F1 F2 F3 F4 00 00 00 00 D4 D3 D2 D1 ]]

[[ DevAlert Data Ended. Checksum: 52300 ]]
DFMT:CHECK:1004:PASS:CALLER_CONTINUED_ONCE
DFMT:RETURNED:1004:0
DFMT:BEGIN:1005:2
DFMT:REBOOT_EXPECTED:1005:startup
*** Booting Zephyr OS build v4.4.0-12302-gc0bba90c366a ***
DFMT:STARTUP_ENTER:1005:ipsr=0:control=0x2

[[ DevAlert Data Begins ]]
[[ DATA: D1 D2 D3 D4 F0 0F 01 00 12 15 00 00 01 00 01 00 01 00 00 00 ]]
[[ DATA: 20 00 20 00 68 00 00 00 0C 01 00 00 24 44 55 4D 4D 59 5F 53 ]]
[[ DATA: 45 53 53 49 4F 4E 5F 49 44 00 00 00 00 00 00 00 00 00 00 00 ]]
[[ DATA: 00 00 00 00 24 44 55 4D 4D 59 5F 44 45 56 49 43 45 5F 49 44 ]]
[[ DATA: 00 00 00 00 00 00 00 00 00 00 00 00 00 00 00 00 54 65 73 74 ]]
[[ DATA: 20 31 30 30 35 20 61 74 20 74 65 73 74 5F 63 6F 6E 74 65 78 ]]
[[ DATA: 74 73 2E 63 3A 34 38 00 00 00 00 00 00 00 00 00 00 00 00 00 ]]
[[ DATA: 00 00 00 00 00 00 00 00 00 00 00 00 00 00 00 00 00 00 00 00 ]]
[[ DATA: 00 00 00 00 00 00 00 00 00 00 00 00 00 00 00 00 00 00 00 00 ]]
[[ DATA: 00 00 00 00 00 00 00 00 00 00 00 00 00 00 00 00 00 00 00 00 ]]
[[ DATA: 50 44 66 6D F0 0F 03 48 08 04 68 00 01 00 00 00 ED 03 00 00 ]]
[[ DATA: 01 00 00 00 A5 01 00 00 07 00 00 00 30 54 00 20 02 00 00 00 ]]
[[ DATA: 28 06 00 00 04 00 00 00 30 00 00 00 00 00 00 00 00 00 00 00 ]]
[[ DATA: 00 00 00 00 00 00 00 00 00 00 00 00 00 00 00 00 00 00 00 00 ]]
[[ DATA: 00 00 00 00 42 75 69 6C 64 2D 4D 33 2D 4F 73 00 00 00 00 00 ]]
[[ DATA: 00 00 00 00 00 00 00 00 00 00 00 00 00 00 00 00 00 00 00 00 ]]
[[ DATA: 00 00 00 00 00 00 00 00 00 00 00 00 00 00 00 00 00 00 00 00 ]]
[[ DATA: 00 00 00 00 00 00 00 00 00 00 00 00 00 00 00 00 54 65 73 74 ]]
[[ DATA: 20 31 30 30 35 20 61 74 20 74 65 73 74 5F 63 6F 6E 74 65 78 ]]
[[ DATA: 74 73 2E 63 3A 34 38 00 00 00 00 00 00 00 00 00 00 00 00 00 ]]
[[ DATA: 00 00 00 00 00 00 00 00 00 00 00 00 00 00 00 00 00 00 00 00 ]]
[[ DATA: 00 00 00 00 00 00 00 00 00 00 00 00 00 00 00 00 00 00 00 00 ]]
[[ DATA: 00 00 00 00 00 00 00 00 00 00 00 00 00 00 00 00 00 00 00 00 ]]
[[ DATA: 6D 66 44 50 00 00 00 00 D4 D3 D2 D1 ]]

[[ DevAlert Data Ended. Checksum: 16528 ]]

[[ DevAlert Data Begins ]]
[[ DATA: D1 D2 D3 D4 F0 0F 01 00 18 46 01 00 01 00 01 00 01 00 00 00 ]]
[[ DATA: 20 00 20 00 10 00 00 00 24 00 00 00 24 44 55 4D 4D 59 5F 53 ]]
[[ DATA: 45 53 53 49 4F 4E 5F 49 44 00 00 00 00 00 00 00 00 00 00 00 ]]
[[ DATA: 00 00 00 00 24 44 55 4D 4D 59 5F 44 45 56 49 43 45 5F 49 44 ]]
[[ DATA: 00 00 00 00 00 00 00 00 00 00 00 00 00 00 00 00 74 72 61 70 ]]
[[ DATA: 2E 7A 70 72 00 00 00 00 00 00 00 00 50 44 61 50 F0 0F 03 10 ]]
[[ DATA: CB 01 00 00 74 72 61 70 2E 7A 70 72 00 00 00 00 00 00 00 00 ]]
[[ DATA: 50 61 44 50 00 00 00 00 D4 D3 D2 D1 ]]

[[ DevAlert Data Ended. Checksum: 43391 ]]

[[ DevAlert Data Begins ]]
[[ DATA: D1 D2 D3 D4 F0 0F 01 00 71 83 01 00 01 00 01 00 01 00 00 00 ]]
[[ DATA: 20 00 20 00 10 00 00 00 CB 01 00 00 24 44 55 4D 4D 59 5F 53 ]]
[[ DATA: 45 53 53 49 4F 4E 5F 49 44 00 00 00 00 00 00 00 00 00 00 00 ]]
[[ DATA: 00 00 00 00 24 44 55 4D 4D 59 5F 44 45 56 49 43 45 5F 49 44 ]]
[[ DATA: 00 00 00 00 00 00 00 00 00 00 00 00 00 00 00 00 74 72 61 70 ]]
[[ DATA: 2E 7A 70 72 00 00 00 00 00 00 00 00 5A 45 02 00 03 00 05 00 ]]
[[ DATA: 0D D0 00 00 41 03 00 4C 00 2B 00 00 00 72 EA 00 08 00 00 00 ]]
[[ DATA: 00 00 00 00 00 BF 21 5C 0A AF 87 00 08 EE 81 00 08 00 00 00 ]]
[[ DATA: 29 30 54 00 20 08 0E 00 20 00 00 00 00 02 00 00 00 00 00 00 ]]
[[ DATA: 00 00 00 00 00 08 00 00 00 FF FF FF FF FF FF FF FF 01 00 00 ]]
[[ DATA: 00 30 00 00 00 4D 01 00 50 0B 00 20 10 0C 00 20 CC 2C 00 20 ]]
[[ DATA: 84 38 00 20 00 00 00 00 01 00 00 FF 80 00 00 00 00 00 00 00 ]]
[[ DATA: 00 00 00 00 00 00 00 00 00 00 00 00 00 00 00 00 00 00 00 00 ]]
[[ DATA: 00 00 00 00 00 00 00 00 C8 E3 00 08 C8 54 00 20 00 00 00 00 ]]
[[ DATA: 00 04 00 00 FF FF FF FF FF FF FF FF FF FF FF FF 10 54 00 20 ]]
[[ DATA: 00 00 00 00 A8 0B 00 20 A8 0B 00 20 05 8A 00 08 00 00 00 00 ]]
[[ DATA: 00 00 00 00 00 00 00 00 00 00 00 00 6D 61 69 6E 00 00 00 00 ]]
[[ DATA: 00 00 00 00 00 00 00 00 00 00 00 00 00 00 00 00 00 00 00 00 ]]
[[ DATA: 00 00 00 00 C8 50 00 20 00 04 00 00 10 00 00 00 00 00 00 00 ]]
[[ DATA: B8 54 00 20 00 00 00 00 00 00 00 00 00 00 00 00 00 00 00 00 ]]
[[ DATA: 00 00 00 00 F5 FF FF FF 4D 01 00 30 54 00 20 C8 54 00 20 2B ]]
[[ DATA: 00 00 00 30 00 00 00 00 00 00 00 ED 03 00 00 00 00 00 00 2B ]]
[[ DATA: 1D 00 08 5D E7 8F 09 02 00 00 00 ED 03 00 00 03 00 00 00 01 ]]
[[ DATA: 00 00 00 00 00 00 00 00 00 00 00 00 FE D0 D5 DC D9 00 08 E4 ]]
[[ DATA: D9 00 08 00 00 00 00 FF 89 00 08 00 00 00 00 54 DF 00 08 54 ]]
[[ DATA: DF 00 08 4F 8A 00 08 AA AA AA AA AA AA AA AA AA AA AA AA AA ]]
[[ DATA: AA AA AA 05 8A 00 08 00 00 00 00 B8 54 00 20 05 8A 00 08 00 ]]
[[ DATA: 00 00 00 87 2B 00 08 00 00 00 00 B9 36 00 08 AA AA AA AA AA ]]
[[ DATA: AA AA AA 50 0B 00 20 00 00 00 00 D4 D3 D2 D1 ]]

[[ DevAlert Data Ended. Checksum: 14590 ]]

[[ DevAlert Data Begins ]]
[[ DATA: D1 D2 D3 D4 F0 0F 01 00 18 46 02 00 01 00 01 00 01 00 00 00 ]]
[[ DATA: 20 00 20 00 10 00 00 00 24 00 00 00 24 44 55 4D 4D 59 5F 53 ]]
[[ DATA: 45 53 53 49 4F 4E 5F 49 44 00 00 00 00 00 00 00 00 00 00 00 ]]
[[ DATA: 00 00 00 00 24 44 55 4D 4D 59 5F 44 45 56 49 43 45 5F 49 44 ]]
[[ DATA: 00 00 00 00 00 00 00 00 00 00 00 00 00 00 00 00 64 66 6D 5F ]]
[[ DATA: 74 72 61 63 65 2E 70 73 66 73 00 00 50 44 61 50 F0 0F 03 10 ]]
[[ DATA: F0 1A 00 00 64 66 6D 5F 74 72 61 63 65 2E 70 73 66 73 00 00 ]]
[[ DATA: 50 61 44 50 00 00 00 00 D4 D3 D2 D1 ]]

[[ DevAlert Data Ended. Checksum: 60928 ]]

[[ DevAlert Data Begins ]]
[[ DATA: D1 D2 D3 D4 F0 0F 01 00 71 83 02 00 01 00 07 00 01 00 00 00 ]]
[[ DATA: 20 00 20 00 10 00 00 00 E8 03 00 00 24 44 55 4D 4D 59 5F 53 ]]
[[ DATA: 45 53 53 49 4F 4E 5F 49 44 00 00 00 00 00 00 00 00 00 00 00 ]]
[[ DATA: 00 00 00 00 24 44 55 4D 4D 59 5F 44 45 56 49 43 45 5F 49 44 ]]
[[ DATA: 00 00 00 00 00 00 00 00 00 00 00 00 00 00 00 00 64 66 6D 5F ]]
[[ DATA: 74 72 61 63 65 2E 70 73 66 73 00 00 30 1A 00 20 00 00 00 00 ]]
[[ DATA: 05 06 07 08 75 76 77 78 F5 F6 F7 F8 00 46 53 50 0E 00 A9 9A ]]
[[ DATA: 00 00 00 00 01 03 00 00 00 00 00 00 00 00 03 04 5A 65 70 68 ]]
[[ DATA: 79 72 00 00 01 00 00 00 00 71 02 00 00 68 89 09 00 00 00 00 ]]
[[ DATA: E8 03 00 00 37 F2 06 00 00 00 00 00 38 00 00 00 1C 00 00 00 ]]
[[ DATA: 03 00 00 00 AC 0F 00 20 63 00 04 04 88 01 00 00 3A 01 00 00 ]]
[[ DATA: 00 00 00 40 73 79 73 63 61 6C 6C 73 00 00 00 00 00 00 00 00 ]]
[[ DATA: 00 00 00 00 00 00 00 00 00 00 00 00 00 00 00 00 00 00 00 00 ]]
[[ DATA: 00 00 00 00 00 00 00 00 00 00 00 00 00 00 00 00 00 00 00 00 ]]
[[ DATA: 00 00 00 00 00 00 00 00 00 00 00 00 00 00 00 00 00 00 00 00 ]]
[[ DATA: 00 00 00 00 00 00 00 00 00 00 00 00 00 00 00 00 00 00 00 00 ]]
[[ DATA: 00 00 00 00 00 00 00 00 00 00 00 00 00 00 00 00 00 00 00 00 ]]
[[ DATA: 00 00 00 00 00 00 00 00 00 00 00 00 00 00 00 00 00 00 00 00 ]]
[[ DATA: 00 00 00 00 00 00 00 00 00 00 00 00 00 00 00 00 00 00 00 00 ]]
[[ DATA: 00 00 00 00 00 00 00 00 00 00 00 00 00 00 00 00 00 00 00 00 ]]
[[ DATA: 00 00 00 00 00 00 00 00 00 00 00 00 00 00 00 00 00 00 00 00 ]]
[[ DATA: 00 00 00 00 00 00 00 00 00 00 00 00 00 00 00 00 00 00 00 00 ]]
[[ DATA: 00 00 00 00 00 00 00 00 00 00 00 00 00 00 00 00 00 00 00 00 ]]
[[ DATA: 00 00 00 00 00 00 00 00 00 00 00 00 00 00 00 00 00 00 00 00 ]]
[[ DATA: 00 00 00 00 00 00 00 00 00 00 00 00 00 00 00 00 00 00 00 00 ]]
[[ DATA: 00 00 00 00 00 00 00 00 00 00 00 00 00 00 00 00 00 00 00 00 ]]
[[ DATA: 00 00 00 00 00 00 00 00 00 00 00 00 00 00 00 00 00 00 00 00 ]]
[[ DATA: 00 00 00 00 00 00 00 00 00 00 00 00 00 00 00 00 00 00 00 00 ]]
[[ DATA: 00 00 00 00 00 00 00 00 00 00 00 00 00 00 00 00 00 00 00 00 ]]
[[ DATA: 00 00 00 00 00 00 00 00 00 00 00 00 00 00 00 00 00 00 00 00 ]]
[[ DATA: 00 00 00 00 00 00 00 00 00 00 00 00 00 00 00 00 00 00 00 00 ]]
[[ DATA: 00 00 00 00 00 00 00 00 00 00 00 00 00 00 00 00 00 00 00 00 ]]
[[ DATA: 00 00 00 00 00 00 00 00 00 00 00 00 00 00 00 00 00 00 00 00 ]]
[[ DATA: 00 00 00 00 00 00 00 00 00 00 00 00 00 00 00 00 00 00 00 00 ]]
[[ DATA: 00 00 00 00 00 00 00 00 00 00 00 00 00 00 00 00 00 00 00 00 ]]
[[ DATA: 00 00 00 00 00 00 00 00 00 00 00 00 00 00 00 00 00 00 00 00 ]]
[[ DATA: 00 00 00 00 00 00 00 00 00 00 00 00 00 00 00 00 00 00 00 00 ]]
[[ DATA: 00 00 00 00 00 00 00 00 00 00 00 00 00 00 00 00 00 00 00 00 ]]
[[ DATA: 00 00 00 00 00 00 00 00 00 00 00 00 00 00 00 00 00 00 00 00 ]]
[[ DATA: 00 00 00 00 00 00 00 00 00 00 00 00 00 00 00 00 00 00 00 00 ]]
[[ DATA: 00 00 00 00 00 00 00 00 00 00 00 00 00 00 00 00 00 00 00 00 ]]
[[ DATA: 00 00 00 00 00 00 00 00 00 00 00 00 00 00 00 00 00 00 00 00 ]]
[[ DATA: 00 00 00 00 00 00 00 00 00 00 00 00 00 00 00 00 00 00 00 00 ]]
[[ DATA: 00 00 00 00 00 00 00 00 00 00 00 00 00 00 00 00 00 00 00 00 ]]
[[ DATA: 00 00 00 00 00 00 00 00 00 00 00 00 00 00 00 00 00 00 00 00 ]]
[[ DATA: 00 00 00 00 00 00 00 00 00 00 00 00 00 00 00 00 00 00 00 00 ]]
[[ DATA: 00 00 00 00 00 00 00 00 00 00 00 00 00 00 00 00 00 00 00 00 ]]
[[ DATA: 00 00 00 00 00 00 00 00 00 00 00 00 00 00 00 00 00 00 00 00 ]]
[[ DATA: 00 00 00 00 00 00 00 00 00 00 00 00 00 00 00 00 00 00 00 00 ]]
[[ DATA: 00 00 00 00 00 00 00 00 00 00 00 00 00 00 00 00 00 00 00 00 ]]
[[ DATA: 00 00 00 00 00 00 00 00 00 00 00 00 00 00 00 00 00 00 00 00 ]]
[[ DATA: 00 00 00 00 00 00 00 00 00 00 00 00 00 00 00 00 00 00 00 00 ]]
[[ DATA: 00 00 00 00 00 00 00 00 00 00 00 00 00 00 00 00 00 00 00 00 ]]
[[ DATA: 00 00 00 00 00 00 00 00 00 00 00 00 00 00 00 00 00 00 00 00 ]]
[[ DATA: 00 00 00 00 00 00 00 00 00 00 00 00 00 00 00 00 00 00 00 00 ]]
[[ DATA: 00 00 00 00 00 00 00 00 00 00 00 00 D4 D3 D2 D1 ]]

[[ DevAlert Data Ended. Checksum: 13940 ]]

[[ DevAlert Data Begins ]]
[[ DATA: D1 D2 D3 D4 F0 0F 01 00 71 83 02 00 02 00 07 00 01 00 00 00 ]]
[[ DATA: 20 00 20 00 10 00 00 00 E8 03 00 00 24 44 55 4D 4D 59 5F 53 ]]
[[ DATA: 45 53 53 49 4F 4E 5F 49 44 00 00 00 00 00 00 00 00 00 00 00 ]]
[[ DATA: 00 00 00 00 24 44 55 4D 4D 59 5F 44 45 56 49 43 45 5F 49 44 ]]
[[ DATA: 00 00 00 00 00 00 00 00 00 00 00 00 00 00 00 00 64 66 6D 5F ]]
[[ DATA: 74 72 61 63 65 2E 70 73 66 73 00 00 00 00 00 00 00 00 00 00 ]]
[[ DATA: 00 00 00 00 00 00 00 00 00 00 00 00 00 00 00 00 00 00 00 00 ]]
[[ DATA: 00 00 00 00 00 00 00 00 00 00 00 00 00 00 00 00 00 00 00 00 ]]
[[ DATA: 00 00 00 00 00 00 00 00 00 00 00 00 00 00 00 00 00 00 00 00 ]]
[[ DATA: 00 00 00 00 00 00 00 00 00 00 00 00 00 00 00 00 00 00 00 00 ]]
[[ DATA: 00 00 00 00 00 00 00 00 00 00 00 00 00 00 00 00 00 00 00 00 ]]
[[ DATA: 00 00 00 00 00 00 00 00 00 00 00 00 00 00 00 00 00 00 00 00 ]]
[[ DATA: 00 00 00 00 00 00 00 00 00 00 00 00 00 00 00 00 00 00 00 00 ]]
[[ DATA: 00 00 00 00 00 00 00 00 00 00 00 00 00 00 00 00 00 00 00 00 ]]
[[ DATA: 00 00 00 00 00 00 00 00 00 00 00 00 00 00 00 00 00 00 00 00 ]]
[[ DATA: 00 00 00 00 00 00 00 00 00 00 00 00 00 00 00 00 00 00 00 00 ]]
[[ DATA: 00 00 00 00 00 00 00 00 00 00 00 00 00 00 00 00 00 00 00 00 ]]
[[ DATA: 00 00 00 00 00 00 00 00 00 00 00 00 00 00 00 00 00 00 00 00 ]]
[[ DATA: 00 00 00 00 00 00 00 00 00 00 00 00 00 00 00 00 00 00 00 00 ]]
[[ DATA: 00 00 00 00 00 00 00 00 00 00 00 00 00 00 00 00 00 00 00 00 ]]
[[ DATA: 00 00 00 00 00 00 00 00 00 00 00 00 00 00 00 00 00 00 00 00 ]]
[[ DATA: 00 00 00 00 00 00 00 00 00 00 00 00 00 00 00 00 00 00 00 00 ]]
[[ DATA: 00 00 00 00 00 00 00 00 00 00 00 00 00 00 00 00 00 00 00 00 ]]
[[ DATA: 00 00 00 00 00 00 00 00 00 00 00 00 00 00 00 00 00 00 00 00 ]]
[[ DATA: 00 00 00 00 00 00 00 00 00 00 00 00 00 00 00 00 00 00 00 00 ]]
[[ DATA: 00 00 00 00 00 00 00 00 00 00 00 00 00 00 00 00 00 00 00 00 ]]
[[ DATA: 00 00 00 00 00 00 00 00 00 00 00 00 00 00 00 00 00 00 00 00 ]]
[[ DATA: 00 00 00 00 00 00 00 00 00 00 00 00 00 00 00 00 00 00 00 00 ]]
[[ DATA: 00 00 00 00 00 00 00 00 00 00 00 00 00 00 00 00 00 00 00 00 ]]
[[ DATA: 00 00 00 00 00 00 00 00 00 00 00 00 00 00 00 00 00 00 00 00 ]]
[[ DATA: 00 00 00 00 00 00 00 00 00 00 00 00 00 00 00 00 00 00 00 00 ]]
[[ DATA: 00 00 00 00 00 00 00 00 00 00 00 00 00 00 00 00 00 00 00 00 ]]
[[ DATA: 00 00 00 00 00 00 00 00 00 00 00 00 00 00 00 00 00 00 00 00 ]]
[[ DATA: 00 00 00 00 00 00 00 00 00 00 00 00 00 00 00 00 00 00 00 00 ]]
[[ DATA: 00 00 00 00 00 00 00 00 00 00 00 00 00 00 00 00 00 00 00 00 ]]
[[ DATA: 00 00 00 00 00 00 00 00 00 00 00 00 00 00 00 00 00 00 00 00 ]]
[[ DATA: 00 00 00 00 00 00 00 00 00 00 00 00 00 00 00 00 00 00 00 00 ]]
[[ DATA: 00 00 00 00 00 00 00 00 00 00 00 00 00 00 00 00 00 00 00 00 ]]
[[ DATA: 00 00 00 00 00 00 00 00 00 00 00 00 00 00 00 00 00 00 00 00 ]]
[[ DATA: 00 00 00 00 00 00 00 00 00 00 00 00 00 00 00 00 00 00 00 00 ]]
[[ DATA: 00 00 00 00 00 00 00 00 00 00 00 00 00 00 00 00 00 00 00 00 ]]
[[ DATA: 00 00 00 00 00 00 00 00 00 00 00 00 00 00 00 00 00 00 00 00 ]]
[[ DATA: 00 00 00 00 00 00 00 00 00 00 00 00 00 00 00 00 00 00 00 00 ]]
[[ DATA: 00 00 00 00 00 00 00 00 00 00 00 00 00 00 00 00 00 00 00 00 ]]
[[ DATA: 00 00 00 00 00 00 00 00 00 00 00 00 00 00 00 00 00 00 00 00 ]]
[[ DATA: 00 00 00 00 00 00 00 00 00 00 00 00 00 00 00 00 00 00 00 00 ]]
[[ DATA: 00 00 00 00 00 00 00 00 00 00 00 00 00 00 00 00 00 00 00 00 ]]
[[ DATA: 00 00 00 00 00 00 00 00 00 00 00 00 00 00 00 00 00 00 00 00 ]]
[[ DATA: 00 00 00 00 00 00 00 00 00 00 00 00 00 00 00 00 00 00 00 00 ]]
[[ DATA: 00 00 00 00 00 00 00 00 00 00 00 00 00 00 00 00 00 00 00 00 ]]
[[ DATA: 00 00 00 00 00 00 00 00 00 00 00 00 00 00 00 00 00 00 00 00 ]]
[[ DATA: 00 00 00 00 00 00 00 00 00 00 00 00 00 00 00 00 00 00 00 00 ]]
[[ DATA: 00 00 00 00 00 00 00 00 00 00 00 00 00 00 00 00 00 00 00 00 ]]
[[ DATA: 00 00 00 00 00 00 00 00 00 00 00 00 00 00 00 00 00 00 00 00 ]]
[[ DATA: 00 00 00 00 00 00 00 00 00 00 00 00 00 00 00 00 00 00 00 00 ]]
[[ DATA: 00 00 00 00 00 00 00 00 00 00 00 00 D4 D3 D2 D1 ]]

[[ DevAlert Data Ended. Checksum: 43126 ]]

[[ DevAlert Data Begins ]]
[[ DATA: D1 D2 D3 D4 F0 0F 01 00 71 83 02 00 03 00 07 00 01 00 00 00 ]]
[[ DATA: 20 00 20 00 10 00 00 00 E8 03 00 00 24 44 55 4D 4D 59 5F 53 ]]
[[ DATA: 45 53 53 49 4F 4E 5F 49 44 00 00 00 00 00 00 00 00 00 00 00 ]]
[[ DATA: 00 00 00 00 24 44 55 4D 4D 59 5F 44 45 56 49 43 45 5F 49 44 ]]
[[ DATA: 00 00 00 00 00 00 00 00 00 00 00 00 00 00 00 00 64 66 6D 5F ]]
[[ DATA: 74 72 61 63 65 2E 70 73 66 73 00 00 00 00 00 00 00 00 00 00 ]]
[[ DATA: 00 00 00 00 00 00 00 00 00 00 00 00 00 00 00 00 00 00 00 00 ]]
[[ DATA: 00 00 00 00 00 00 00 00 00 00 00 00 00 00 00 00 00 00 00 00 ]]
[[ DATA: 00 00 00 00 00 00 00 00 00 00 00 00 00 00 00 00 00 00 00 00 ]]
[[ DATA: 00 00 00 00 00 00 00 00 00 00 00 00 00 00 00 00 00 00 00 00 ]]
[[ DATA: 00 00 00 00 00 00 00 00 00 00 00 00 00 00 00 00 00 00 00 00 ]]
[[ DATA: 00 00 00 00 00 00 00 00 00 00 00 00 00 00 00 00 00 00 00 00 ]]
[[ DATA: 00 00 00 00 00 00 00 00 00 00 00 00 00 00 00 00 00 00 00 00 ]]
[[ DATA: 00 00 00 00 00 00 00 00 00 00 00 00 00 00 00 00 00 00 00 00 ]]
[[ DATA: 00 00 00 00 00 00 00 00 00 00 00 00 00 00 00 00 00 00 00 00 ]]
[[ DATA: 00 00 00 00 00 00 00 00 00 00 00 00 00 00 00 00 00 00 00 00 ]]
[[ DATA: 00 00 00 00 00 00 00 00 00 00 00 00 00 00 00 00 00 00 00 00 ]]
[[ DATA: 00 00 00 00 00 00 00 00 00 00 00 00 00 00 00 00 00 00 00 00 ]]
[[ DATA: 00 00 00 00 00 00 00 00 00 00 00 00 00 00 00 00 00 00 00 00 ]]
[[ DATA: 00 00 00 00 00 00 00 00 00 00 00 00 00 00 00 00 00 00 00 00 ]]
[[ DATA: 00 00 00 00 00 00 00 00 00 00 00 00 00 00 00 00 00 00 00 00 ]]
[[ DATA: 00 00 00 00 00 00 00 00 00 00 00 00 00 00 00 00 00 00 00 00 ]]
[[ DATA: 00 00 00 00 00 00 00 00 00 00 00 00 00 00 00 00 00 00 00 00 ]]
[[ DATA: 00 00 00 00 00 00 00 00 00 00 00 00 00 00 00 00 00 00 00 00 ]]
[[ DATA: 00 00 00 00 00 00 00 00 00 00 00 00 00 00 00 00 00 00 00 00 ]]
[[ DATA: 00 00 00 00 00 00 00 00 00 00 00 00 00 00 00 00 00 00 00 00 ]]
[[ DATA: 00 00 00 00 00 00 00 00 00 00 00 00 00 00 00 00 00 00 00 00 ]]
[[ DATA: 00 00 00 00 00 00 00 00 00 00 00 00 00 00 00 00 00 00 00 00 ]]
[[ DATA: 00 00 00 00 00 00 00 00 00 00 00 00 00 00 00 00 00 00 00 00 ]]
[[ DATA: 00 00 00 00 00 00 00 00 00 00 00 00 00 00 00 00 00 00 00 00 ]]
[[ DATA: 00 00 00 00 00 00 00 00 00 00 00 00 00 00 00 00 00 00 00 00 ]]
[[ DATA: 00 00 00 00 00 00 00 00 00 00 00 00 00 00 00 00 00 00 00 00 ]]
[[ DATA: 00 00 00 00 00 00 00 00 00 00 00 00 3C 19 00 20 00 00 00 00 ]]
[[ DATA: 00 00 00 00 00 00 00 00 00 00 00 00 41 4C 45 52 54 00 00 00 ]]
[[ DATA: 00 00 00 00 00 00 00 00 00 00 00 00 00 00 00 00 00 00 00 00 ]]
[[ DATA: CC 2C 00 20 00 00 00 00 00 00 00 00 00 00 00 00 00 00 00 00 ]]
[[ DATA: 54 7A 43 74 72 6C 00 00 00 00 00 00 00 00 00 00 00 00 00 00 ]]
[[ DATA: 00 00 00 00 00 00 00 00 F0 0C 00 20 FF FF FF FF 00 00 00 00 ]]
[[ DATA: 00 00 00 00 00 00 00 00 73 79 73 77 6F 72 6B 71 00 00 00 00 ]]
[[ DATA: 00 00 00 00 00 00 00 00 00 00 00 00 00 00 00 00 90 0A 00 20 ]]
[[ DATA: 0F 00 00 00 00 00 00 00 00 00 00 00 00 00 00 00 69 64 6C 65 ]]
[[ DATA: 00 00 00 00 00 00 00 00 00 00 00 00 00 00 00 00 00 00 00 00 ]]
[[ DATA: 00 00 00 00 50 0B 00 20 00 00 00 00 00 00 00 00 00 00 00 00 ]]
[[ DATA: 00 00 00 00 6D 61 69 6E 00 00 00 00 00 00 00 00 00 00 00 00 ]]
[[ DATA: 00 00 00 00 00 00 00 00 00 00 00 00 00 10 00 00 30 01 00 00 ]]
[[ DATA: 00 00 00 00 D4 0F 00 00 01 00 00 00 00 00 00 00 D4 0F 00 00 ]]
[[ DATA: 00 00 00 00 30 01 00 00 00 00 00 00 00 00 00 00 5C 1A 00 20 ]]
[[ DATA: 01 10 01 00 E1 12 00 00 02 00 00 00 10 30 02 00 D5 52 00 00 ]]
[[ DATA: 50 0B 00 20 00 04 00 00 00 00 00 00 30 10 03 00 0F 57 00 00 ]]
[[ DATA: 50 0B 00 20 10 30 04 00 35 72 00 00 90 0A 00 20 40 01 00 00 ]]
[[ DATA: 0F 00 00 00 37 20 05 00 DF 76 00 00 50 0B 00 20 00 00 00 00 ]]
[[ DATA: 2F 51 06 00 54 7A 00 00 F0 0C 00 20 C8 54 00 20 00 04 00 00 ]]
[[ DATA: FF FF FF FF C8 E3 00 08 10 30 07 00 3F B6 00 00 F0 0C 00 20 ]]
[[ DATA: 00 04 00 00 FF FF FF FF 5D 11 08 00 1E BF 00 00 F0 0C 00 20 ]]
[[ DATA: 30 10 09 00 3B C2 00 00 F0 0C 00 20 37 20 0A 00 4A CB 00 00 ]]
[[ DATA: F0 0C 00 20 FF FF FF FF 37 20 0B 00 D4 D3 D2 D1 ]]

[[ DevAlert Data Ended. Checksum: 34493 ]]

[[ DevAlert Data Begins ]]
[[ DATA: D1 D2 D3 D4 F0 0F 01 00 71 83 02 00 04 00 07 00 01 00 00 00 ]]
[[ DATA: 20 00 20 00 10 00 00 00 E8 03 00 00 24 44 55 4D 4D 59 5F 53 ]]
[[ DATA: 45 53 53 49 4F 4E 5F 49 44 00 00 00 00 00 00 00 00 00 00 00 ]]
[[ DATA: 00 00 00 00 24 44 55 4D 4D 59 5F 44 45 56 49 43 45 5F 49 44 ]]
[[ DATA: 00 00 00 00 00 00 00 00 00 00 00 00 00 00 00 00 64 66 6D 5F ]]
[[ DATA: 74 72 61 63 65 2E 70 73 66 73 00 00 CB D6 00 00 50 0B 00 20 ]]
[[ DATA: 00 00 00 00 2E 11 0C 00 3A D9 00 00 F0 0C 00 20 10 30 0D 00 ]]
[[ DATA: B5 15 01 00 CC 2C 00 20 00 04 00 00 00 00 00 00 5D 11 0E 00 ]]
[[ DATA: 30 18 01 00 CC 2C 00 20 30 10 0F 00 14 1B 01 00 CC 2C 00 20 ]]
[[ DATA: 03 30 10 00 ED ED 06 00 3C 19 00 20 41 4C 45 52 54 00 64 66 ]]
[[ DATA: 91 90 11 00 37 F2 06 00 3C 19 00 20 54 65 73 74 20 31 30 30 ]]
[[ DATA: 35 20 61 74 20 74 65 73 74 5F 63 6F 6E 74 65 78 74 73 2E 63 ]]
[[ DATA: 3A 34 38 00 00 00 00 00 00 00 00 00 00 00 00 00 00 00 00 00 ]]
[[ DATA: 00 00 00 00 00 00 00 00 00 00 00 00 00 00 00 00 00 00 00 00 ]]
[[ DATA: 00 00 00 00 00 00 00 00 00 00 00 00 00 00 00 00 00 00 00 00 ]]
[[ DATA: 00 00 00 00 00 00 00 00 00 00 00 00 00 00 00 00 00 00 00 00 ]]
[[ DATA: 00 00 00 00 00 00 00 00 00 00 00 00 00 00 00 00 00 00 00 00 ]]
[[ DATA: 00 00 00 00 00 00 00 00 00 00 00 00 00 00 00 00 00 00 00 00 ]]
[[ DATA: 00 00 00 00 00 00 00 00 00 00 00 00 00 00 00 00 00 00 00 00 ]]
[[ DATA: 00 00 00 00 00 00 00 00 00 00 00 00 00 00 00 00 00 00 00 00 ]]
[[ DATA: 00 00 00 00 00 00 00 00 00 00 00 00 00 00 00 00 00 00 00 00 ]]
[[ DATA: 00 00 00 00 00 00 00 00 00 00 00 00 00 00 00 00 00 00 00 00 ]]
[[ DATA: 00 00 00 00 00 00 00 00 00 00 00 00 00 00 00 00 00 00 00 00 ]]
[[ DATA: 00 00 00 00 00 00 00 00 00 00 00 00 00 00 00 00 00 00 00 00 ]]
[[ DATA: 00 00 00 00 00 00 00 00 00 00 00 00 00 00 00 00 00 00 00 00 ]]
[[ DATA: 00 00 00 00 00 00 00 00 00 00 00 00 00 00 00 00 00 00 00 00 ]]
[[ DATA: 00 00 00 00 00 00 00 00 00 00 00 00 00 00 00 00 00 00 00 00 ]]
[[ DATA: 00 00 00 00 00 00 00 00 00 00 00 00 00 00 00 00 00 00 00 00 ]]
[[ DATA: 00 00 00 00 00 00 00 00 00 00 00 00 00 00 00 00 00 00 00 00 ]]
[[ DATA: 00 00 00 00 00 00 00 00 00 00 00 00 00 00 00 00 00 00 00 00 ]]
[[ DATA: 00 00 00 00 00 00 00 00 00 00 00 00 00 00 00 00 00 00 00 00 ]]
[[ DATA: 00 00 00 00 00 00 00 00 00 00 00 00 00 00 00 00 00 00 00 00 ]]
[[ DATA: 00 00 00 00 00 00 00 00 00 00 00 00 00 00 00 00 00 00 00 00 ]]
[[ DATA: 00 00 00 00 00 00 00 00 00 00 00 00 00 00 00 00 00 00 00 00 ]]
[[ DATA: 00 00 00 00 00 00 00 00 00 00 00 00 00 00 00 00 00 00 00 00 ]]
[[ DATA: 00 00 00 00 00 00 00 00 00 00 00 00 00 00 00 00 00 00 00 00 ]]
[[ DATA: 00 00 00 00 00 00 00 00 00 00 00 00 00 00 00 00 00 00 00 00 ]]
[[ DATA: 00 00 00 00 00 00 00 00 00 00 00 00 00 00 00 00 00 00 00 00 ]]
[[ DATA: 00 00 00 00 00 00 00 00 00 00 00 00 00 00 00 00 00 00 00 00 ]]
[[ DATA: 00 00 00 00 00 00 00 00 00 00 00 00 00 00 00 00 00 00 00 00 ]]
[[ DATA: 00 00 00 00 00 00 00 00 00 00 00 00 00 00 00 00 00 00 00 00 ]]
[[ DATA: 00 00 00 00 00 00 00 00 00 00 00 00 00 00 00 00 00 00 00 00 ]]
[[ DATA: 00 00 00 00 00 00 00 00 00 00 00 00 00 00 00 00 00 00 00 00 ]]
[[ DATA: 00 00 00 00 00 00 00 00 00 00 00 00 00 00 00 00 00 00 00 00 ]]
[[ DATA: 00 00 00 00 00 00 00 00 00 00 00 00 00 00 00 00 00 00 00 00 ]]
[[ DATA: 00 00 00 00 00 00 00 00 00 00 00 00 00 00 00 00 00 00 00 00 ]]
[[ DATA: 00 00 00 00 00 00 00 00 00 00 00 00 00 00 00 00 00 00 00 00 ]]
[[ DATA: 00 00 00 00 00 00 00 00 00 00 00 00 00 00 00 00 00 00 00 00 ]]
[[ DATA: 00 00 00 00 00 00 00 00 00 00 00 00 00 00 00 00 00 00 00 00 ]]
[[ DATA: 00 00 00 00 00 00 00 00 00 00 00 00 00 00 00 00 00 00 00 00 ]]
[[ DATA: 00 00 00 00 00 00 00 00 00 00 00 00 00 00 00 00 00 00 00 00 ]]
[[ DATA: 00 00 00 00 00 00 00 00 00 00 00 00 00 00 00 00 00 00 00 00 ]]
[[ DATA: 00 00 00 00 00 00 00 00 00 00 00 00 00 00 00 00 00 00 00 00 ]]
[[ DATA: 00 00 00 00 00 00 00 00 00 00 00 00 00 00 00 00 00 00 00 00 ]]
[[ DATA: 00 00 00 00 00 00 00 00 00 00 00 00 00 00 00 00 00 00 00 00 ]]
[[ DATA: 00 00 00 00 00 00 00 00 00 00 00 00 D4 D3 D2 D1 ]]

[[ DevAlert Data Ended. Checksum: 38940 ]]

[[ DevAlert Data Begins ]]
[[ DATA: D1 D2 D3 D4 F0 0F 01 00 71 83 02 00 05 00 07 00 01 00 00 00 ]]
[[ DATA: 20 00 20 00 10 00 00 00 E8 03 00 00 24 44 55 4D 4D 59 5F 53 ]]
[[ DATA: 45 53 53 49 4F 4E 5F 49 44 00 00 00 00 00 00 00 00 00 00 00 ]]
[[ DATA: 00 00 00 00 24 44 55 4D 4D 59 5F 44 45 56 49 43 45 5F 49 44 ]]
[[ DATA: 00 00 00 00 00 00 00 00 00 00 00 00 00 00 00 00 64 66 6D 5F ]]
[[ DATA: 74 72 61 63 65 2E 70 73 66 73 00 00 00 00 00 00 00 00 00 00 ]]
[[ DATA: 00 00 00 00 00 00 00 00 00 00 00 00 00 00 00 00 00 00 00 00 ]]
[[ DATA: 00 00 00 00 00 00 00 00 00 00 00 00 00 00 00 00 00 00 00 00 ]]
[[ DATA: 00 00 00 00 00 00 00 00 00 00 00 00 00 00 00 00 00 00 00 00 ]]
[[ DATA: 00 00 00 00 00 00 00 00 00 00 00 00 00 00 00 00 00 00 00 00 ]]
[[ DATA: 00 00 00 00 00 00 00 00 00 00 00 00 00 00 00 00 00 00 00 00 ]]
[[ DATA: 00 00 00 00 00 00 00 00 00 00 00 00 00 00 00 00 00 00 00 00 ]]
[[ DATA: 00 00 00 00 00 00 00 00 00 00 00 00 00 00 00 00 00 00 00 00 ]]
[[ DATA: 00 00 00 00 00 00 00 00 00 00 00 00 00 00 00 00 00 00 00 00 ]]
[[ DATA: 00 00 00 00 00 00 00 00 00 00 00 00 00 00 00 00 00 00 00 00 ]]
[[ DATA: 00 00 00 00 00 00 00 00 00 00 00 00 00 00 00 00 00 00 00 00 ]]
[[ DATA: 00 00 00 00 00 00 00 00 00 00 00 00 00 00 00 00 00 00 00 00 ]]
[[ DATA: 00 00 00 00 00 00 00 00 00 00 00 00 00 00 00 00 00 00 00 00 ]]
[[ DATA: 00 00 00 00 00 00 00 00 00 00 00 00 00 00 00 00 00 00 00 00 ]]
[[ DATA: 00 00 00 00 00 00 00 00 00 00 00 00 00 00 00 00 00 00 00 00 ]]
[[ DATA: 00 00 00 00 00 00 00 00 00 00 00 00 00 00 00 00 00 00 00 00 ]]
[[ DATA: 00 00 00 00 00 00 00 00 00 00 00 00 00 00 00 00 00 00 00 00 ]]
[[ DATA: 00 00 00 00 00 00 00 00 00 00 00 00 00 00 00 00 00 00 00 00 ]]
[[ DATA: 00 00 00 00 00 00 00 00 00 00 00 00 00 00 00 00 00 00 00 00 ]]
[[ DATA: 00 00 00 00 00 00 00 00 00 00 00 00 00 00 00 00 00 00 00 00 ]]
[[ DATA: 00 00 00 00 00 00 00 00 00 00 00 00 00 00 00 00 00 00 00 00 ]]
[[ DATA: 00 00 00 00 00 00 00 00 00 00 00 00 00 00 00 00 00 00 00 00 ]]
[[ DATA: 00 00 00 00 00 00 00 00 00 00 00 00 00 00 00 00 00 00 00 00 ]]
[[ DATA: 00 00 00 00 00 00 00 00 00 00 00 00 00 00 00 00 00 00 00 00 ]]
[[ DATA: 00 00 00 00 00 00 00 00 00 00 00 00 00 00 00 00 00 00 00 00 ]]
[[ DATA: 00 00 00 00 00 00 00 00 00 00 00 00 00 00 00 00 00 00 00 00 ]]
[[ DATA: 00 00 00 00 00 00 00 00 00 00 00 00 00 00 00 00 00 00 00 00 ]]
[[ DATA: 00 00 00 00 00 00 00 00 00 00 00 00 00 00 00 00 00 00 00 00 ]]
[[ DATA: 00 00 00 00 00 00 00 00 00 00 00 00 00 00 00 00 00 00 00 00 ]]
[[ DATA: 00 00 00 00 00 00 00 00 00 00 00 00 00 00 00 00 00 00 00 00 ]]
[[ DATA: 00 00 00 00 00 00 00 00 00 00 00 00 00 00 00 00 00 00 00 00 ]]
[[ DATA: 00 00 00 00 00 00 00 00 00 00 00 00 00 00 00 00 00 00 00 00 ]]
[[ DATA: 00 00 00 00 00 00 00 00 00 00 00 00 00 00 00 00 00 00 00 00 ]]
[[ DATA: 00 00 00 00 00 00 00 00 00 00 00 00 00 00 00 00 00 00 00 00 ]]
[[ DATA: 00 00 00 00 00 00 00 00 00 00 00 00 00 00 00 00 00 00 00 00 ]]
[[ DATA: 00 00 00 00 00 00 00 00 00 00 00 00 00 00 00 00 00 00 00 00 ]]
[[ DATA: 00 00 00 00 00 00 00 00 00 00 00 00 00 00 00 00 00 00 00 00 ]]
[[ DATA: 00 00 00 00 00 00 00 00 00 00 00 00 00 00 00 00 00 00 00 00 ]]
[[ DATA: 00 00 00 00 00 00 00 00 00 00 00 00 00 00 00 00 00 00 00 00 ]]
[[ DATA: 00 00 00 00 00 00 00 00 00 00 00 00 00 00 00 00 00 00 00 00 ]]
[[ DATA: 00 00 00 00 00 00 00 00 00 00 00 00 00 00 00 00 00 00 00 00 ]]
[[ DATA: 00 00 00 00 00 00 00 00 00 00 00 00 00 00 00 00 00 00 00 00 ]]
[[ DATA: 00 00 00 00 00 00 00 00 00 00 00 00 00 00 00 00 00 00 00 00 ]]
[[ DATA: 00 00 00 00 00 00 00 00 00 00 00 00 00 00 00 00 00 00 00 00 ]]
[[ DATA: 00 00 00 00 00 00 00 00 00 00 00 00 00 00 00 00 00 00 00 00 ]]
[[ DATA: 00 00 00 00 00 00 00 00 00 00 00 00 00 00 00 00 00 00 00 00 ]]
[[ DATA: 00 00 00 00 00 00 00 00 00 00 00 00 00 00 00 00 00 00 00 00 ]]
[[ DATA: 00 00 00 00 00 00 00 00 00 00 00 00 00 00 00 00 00 00 00 00 ]]
[[ DATA: 00 00 00 00 00 00 00 00 00 00 00 00 00 00 00 00 00 00 00 00 ]]
[[ DATA: 00 00 00 00 00 00 00 00 00 00 00 00 00 00 00 00 00 00 00 00 ]]
[[ DATA: 00 00 00 00 00 00 00 00 00 00 00 00 D4 D3 D2 D1 ]]

[[ DevAlert Data Ended. Checksum: 24276 ]]

[[ DevAlert Data Begins ]]
[[ DATA: D1 D2 D3 D4 F0 0F 01 00 71 83 02 00 06 00 07 00 01 00 00 00 ]]
[[ DATA: 20 00 20 00 10 00 00 00 E8 03 00 00 24 44 55 4D 4D 59 5F 53 ]]
[[ DATA: 45 53 53 49 4F 4E 5F 49 44 00 00 00 00 00 00 00 00 00 00 00 ]]
[[ DATA: 00 00 00 00 24 44 55 4D 4D 59 5F 44 45 56 49 43 45 5F 49 44 ]]
[[ DATA: 00 00 00 00 00 00 00 00 00 00 00 00 00 00 00 00 64 66 6D 5F ]]
[[ DATA: 74 72 61 63 65 2E 70 73 66 73 00 00 00 00 00 00 00 00 00 00 ]]
[[ DATA: 00 00 00 00 00 00 00 00 00 00 00 00 00 00 00 00 00 00 00 00 ]]
[[ DATA: 00 00 00 00 00 00 00 00 00 00 00 00 00 00 00 00 00 00 00 00 ]]
[[ DATA: 00 00 00 00 00 00 00 00 00 00 00 00 00 00 00 00 00 00 00 00 ]]
[[ DATA: 00 00 00 00 00 00 00 00 00 00 00 00 00 00 00 00 00 00 00 00 ]]
[[ DATA: 00 00 00 00 00 00 00 00 00 00 00 00 00 00 00 00 00 00 00 00 ]]
[[ DATA: 00 00 00 00 00 00 00 00 00 00 00 00 00 00 00 00 00 00 00 00 ]]
[[ DATA: 00 00 00 00 00 00 00 00 00 00 00 00 00 00 00 00 00 00 00 00 ]]
[[ DATA: 00 00 00 00 00 00 00 00 00 00 00 00 00 00 00 00 00 00 00 00 ]]
[[ DATA: 00 00 00 00 00 00 00 00 00 00 00 00 00 00 00 00 00 00 00 00 ]]
[[ DATA: 00 00 00 00 00 00 00 00 00 00 00 00 00 00 00 00 00 00 00 00 ]]
[[ DATA: 00 00 00 00 00 00 00 00 00 00 00 00 00 00 00 00 00 00 00 00 ]]
[[ DATA: 00 00 00 00 00 00 00 00 00 00 00 00 00 00 00 00 00 00 00 00 ]]
[[ DATA: 00 00 00 00 00 00 00 00 00 00 00 00 00 00 00 00 00 00 00 00 ]]
[[ DATA: 00 00 00 00 00 00 00 00 00 00 00 00 00 00 00 00 00 00 00 00 ]]
[[ DATA: 00 00 00 00 00 00 00 00 00 00 00 00 00 00 00 00 00 00 00 00 ]]
[[ DATA: 00 00 00 00 00 00 00 00 00 00 00 00 00 00 00 00 00 00 00 00 ]]
[[ DATA: 00 00 00 00 00 00 00 00 00 00 00 00 00 00 00 00 00 00 00 00 ]]
[[ DATA: 00 00 00 00 00 00 00 00 00 00 00 00 00 00 00 00 00 00 00 00 ]]
[[ DATA: 00 00 00 00 00 00 00 00 00 00 00 00 00 00 00 00 00 00 00 00 ]]
[[ DATA: 00 00 00 00 00 00 00 00 00 00 00 00 00 00 00 00 00 00 00 00 ]]
[[ DATA: 00 00 00 00 00 00 00 00 00 00 00 00 00 00 00 00 00 00 00 00 ]]
[[ DATA: 00 00 00 00 00 00 00 00 00 00 00 00 00 00 00 00 00 00 00 00 ]]
[[ DATA: 00 00 00 00 00 00 00 00 00 00 00 00 00 00 00 00 00 00 00 00 ]]
[[ DATA: 00 00 00 00 00 00 00 00 00 00 00 00 00 00 00 00 00 00 00 00 ]]
[[ DATA: 00 00 00 00 00 00 00 00 00 00 00 00 00 00 00 00 00 00 00 00 ]]
[[ DATA: 00 00 00 00 00 00 00 00 00 00 00 00 00 00 00 00 00 00 00 00 ]]
[[ DATA: 00 00 00 00 00 00 00 00 00 00 00 00 00 00 00 00 00 00 00 00 ]]
[[ DATA: 00 00 00 00 00 00 00 00 00 00 00 00 00 00 00 00 00 00 00 00 ]]
[[ DATA: 00 00 00 00 00 00 00 00 00 00 00 00 00 00 00 00 00 00 00 00 ]]
[[ DATA: 00 00 00 00 00 00 00 00 00 00 00 00 00 00 00 00 00 00 00 00 ]]
[[ DATA: 00 00 00 00 00 00 00 00 00 00 00 00 00 00 00 00 00 00 00 00 ]]
[[ DATA: 00 00 00 00 00 00 00 00 00 00 00 00 00 00 00 00 00 00 00 00 ]]
[[ DATA: 00 00 00 00 00 00 00 00 00 00 00 00 00 00 00 00 00 00 00 00 ]]
[[ DATA: 00 00 00 00 00 00 00 00 00 00 00 00 00 00 00 00 00 00 00 00 ]]
[[ DATA: 00 00 00 00 00 00 00 00 00 00 00 00 00 00 00 00 00 00 00 00 ]]
[[ DATA: 00 00 00 00 00 00 00 00 00 00 00 00 00 00 00 00 00 00 00 00 ]]
[[ DATA: 00 00 00 00 00 00 00 00 00 00 00 00 00 00 00 00 00 00 00 00 ]]
[[ DATA: 00 00 00 00 00 00 00 00 00 00 00 00 00 00 00 00 00 00 00 00 ]]
[[ DATA: 00 00 00 00 00 00 00 00 00 00 00 00 00 00 00 00 00 00 00 00 ]]
[[ DATA: 00 00 00 00 00 00 00 00 00 00 00 00 00 00 00 00 00 00 00 00 ]]
[[ DATA: 00 00 00 00 00 00 00 00 00 00 00 00 00 00 00 00 00 00 00 00 ]]
[[ DATA: 00 00 00 00 00 00 00 00 00 00 00 00 00 00 00 00 00 00 00 00 ]]
[[ DATA: 00 00 00 00 00 00 00 00 00 00 00 00 00 00 00 00 00 00 00 00 ]]
[[ DATA: 00 00 00 00 00 00 00 00 00 00 00 00 00 00 00 00 00 00 00 00 ]]
[[ DATA: 00 00 00 00 00 00 00 00 00 00 00 00 00 00 00 00 00 00 00 00 ]]
[[ DATA: 00 00 00 00 00 00 00 00 00 00 00 00 00 00 00 00 00 00 00 00 ]]
[[ DATA: 00 00 00 00 00 00 00 00 00 00 00 00 00 00 00 00 00 00 00 00 ]]
[[ DATA: 00 00 00 00 00 00 00 00 00 00 00 00 00 00 00 00 00 00 00 00 ]]
[[ DATA: 00 00 00 00 00 00 00 00 00 00 00 00 00 00 00 00 00 00 00 00 ]]
[[ DATA: 00 00 00 00 00 00 00 00 00 00 00 00 D4 D3 D2 D1 ]]

[[ DevAlert Data Ended. Checksum: 60408 ]]

[[ DevAlert Data Begins ]]
[[ DATA: D1 D2 D3 D4 F0 0F 01 00 71 83 02 00 07 00 07 00 01 00 00 00 ]]
[[ DATA: 20 00 20 00 10 00 00 00 80 03 00 00 24 44 55 4D 4D 59 5F 53 ]]
[[ DATA: 45 53 53 49 4F 4E 5F 49 44 00 00 00 00 00 00 00 00 00 00 00 ]]
[[ DATA: 00 00 00 00 24 44 55 4D 4D 59 5F 44 45 56 49 43 45 5F 49 44 ]]
[[ DATA: 00 00 00 00 00 00 00 00 00 00 00 00 00 00 00 00 64 66 6D 5F ]]
[[ DATA: 74 72 61 63 65 2E 70 73 66 73 00 00 00 00 00 00 00 00 00 00 ]]
[[ DATA: 00 00 00 00 00 00 00 00 00 00 00 00 00 00 00 00 00 00 00 00 ]]
[[ DATA: 00 00 00 00 00 00 00 00 00 00 00 00 00 00 00 00 00 00 00 00 ]]
[[ DATA: 00 00 00 00 00 00 00 00 00 00 00 00 00 00 00 00 00 00 00 00 ]]
[[ DATA: 00 00 00 00 00 00 00 00 00 00 00 00 00 00 00 00 00 00 00 00 ]]
[[ DATA: 00 00 00 00 00 00 00 00 00 00 00 00 00 00 00 00 00 00 00 00 ]]
[[ DATA: 00 00 00 00 00 00 00 00 00 00 00 00 00 00 00 00 00 00 00 00 ]]
[[ DATA: 00 00 00 00 00 00 00 00 00 00 00 00 00 00 00 00 00 00 00 00 ]]
[[ DATA: 00 00 00 00 00 00 00 00 00 00 00 00 00 00 00 00 00 00 00 00 ]]
[[ DATA: 00 00 00 00 00 00 00 00 00 00 00 00 00 00 00 00 00 00 00 00 ]]
[[ DATA: 00 00 00 00 00 00 00 00 00 00 00 00 00 00 00 00 00 00 00 00 ]]
[[ DATA: 00 00 00 00 00 00 00 00 00 00 00 00 00 00 00 00 00 00 00 00 ]]
[[ DATA: 00 00 00 00 00 00 00 00 00 00 00 00 00 00 00 00 00 00 00 00 ]]
[[ DATA: 00 00 00 00 00 00 00 00 00 00 00 00 00 00 00 00 00 00 00 00 ]]
[[ DATA: 00 00 00 00 00 00 00 00 00 00 00 00 00 00 00 00 00 00 00 00 ]]
[[ DATA: 00 00 00 00 00 00 00 00 00 00 00 00 00 00 00 00 00 00 00 00 ]]
[[ DATA: 00 00 00 00 00 00 00 00 00 00 00 00 00 00 00 00 00 00 00 00 ]]
[[ DATA: 00 00 00 00 00 00 00 00 00 00 00 00 00 00 00 00 00 00 00 00 ]]
[[ DATA: 00 00 00 00 00 00 00 00 00 00 00 00 00 00 00 00 00 00 00 00 ]]
[[ DATA: 00 00 00 00 00 00 00 00 00 00 00 00 00 00 00 00 00 00 00 00 ]]
[[ DATA: 00 00 00 00 00 00 00 00 00 00 00 00 00 00 00 00 00 00 00 00 ]]
[[ DATA: 00 00 00 00 00 00 00 00 00 00 00 00 00 00 00 00 00 00 00 00 ]]
[[ DATA: 00 00 00 00 00 00 00 00 00 00 00 00 00 00 00 00 00 00 00 00 ]]
[[ DATA: 00 00 00 00 00 00 00 00 00 00 00 00 00 00 00 00 00 00 00 00 ]]
[[ DATA: 00 00 00 00 00 00 00 00 00 00 00 00 00 00 00 00 00 00 00 00 ]]
[[ DATA: 00 00 00 00 00 00 00 00 00 00 00 00 00 00 00 00 00 00 00 00 ]]
[[ DATA: 00 00 00 00 00 00 00 00 00 00 00 00 00 00 00 00 00 00 00 00 ]]
[[ DATA: 00 00 00 00 00 00 00 00 00 00 00 00 00 00 00 00 00 00 00 00 ]]
[[ DATA: 00 00 00 00 00 00 00 00 00 00 00 00 00 00 00 00 00 00 00 00 ]]
[[ DATA: 00 00 00 00 00 00 00 00 00 00 00 00 00 00 00 00 00 00 00 00 ]]
[[ DATA: 00 00 00 00 00 00 00 00 00 00 00 00 00 00 00 00 00 00 00 00 ]]
[[ DATA: 00 00 00 00 00 00 00 00 00 00 00 00 00 00 00 00 00 00 00 00 ]]
[[ DATA: 00 00 00 00 00 00 00 00 00 00 00 00 00 00 00 00 00 00 00 00 ]]
[[ DATA: 00 00 00 00 00 00 00 00 00 00 00 00 00 00 00 00 00 00 00 00 ]]
[[ DATA: 00 00 00 00 00 00 00 00 00 00 00 00 00 00 00 00 00 00 00 00 ]]
[[ DATA: 00 00 00 00 00 00 00 00 00 00 00 00 00 00 00 00 00 00 00 00 ]]
[[ DATA: 00 00 00 00 00 00 00 00 00 00 00 00 00 00 00 00 00 00 00 00 ]]
[[ DATA: 00 00 00 00 00 00 00 00 00 00 00 00 00 00 00 00 00 00 00 00 ]]
[[ DATA: 00 00 00 00 00 00 00 00 00 00 00 00 00 00 00 00 00 00 00 00 ]]
[[ DATA: 00 00 00 00 00 00 00 00 00 00 00 00 00 00 00 00 00 00 00 00 ]]
[[ DATA: 00 00 00 00 00 00 00 00 00 00 00 00 00 00 00 00 00 00 00 00 ]]
[[ DATA: 00 00 00 00 00 00 00 00 00 00 00 00 00 00 00 00 00 00 00 00 ]]
[[ DATA: 00 00 00 00 00 00 00 00 00 00 00 00 00 00 00 00 00 00 00 00 ]]
[[ DATA: 00 00 00 00 00 00 00 00 00 00 00 00 00 00 00 00 00 00 00 00 ]]
[[ DATA: 00 00 00 00 00 00 00 00 00 00 00 00 0A 0B 0C 0D 71 72 73 74 ]]
[[ DATA: F1 F2 F3 F4 00 00 00 00 D4 D3 D2 D1 ]]

[[ DevAlert Data Ended. Checksum: 15419 ]]
Starting Percepio Detect test
DFMT:BOOT:m3_os:098fe75d:phase=5:index=2:reboots=1
DFMT:RETURNED:1005:startup:ipsr=0:control=0x2
DFMT:CHECK:1005:PASS:THREAD_MODE
DFMT:CHECK:1005:PASS:PSP_SELECTED
DFMT:RESUMED:1005:1006
DFMT:CHECK:HARNESS:PASS:TRACE_CHANNEL_REGISTERED
DFMT:BEGIN:1006:3

[[ DevAlert Data Begins ]]
[[ DATA: D1 D2 D3 D4 F0 0F 01 00 12 15 00 00 01 00 01 00 02 00 00 00 ]]
[[ DATA: 20 00 20 00 68 00 00 00 0C 01 00 00 24 44 55 4D 4D 59 5F 53 ]]
[[ DATA: 45 53 53 49 4F 4E 5F 49 44 00 00 00 00 00 00 00 00 00 00 00 ]]
[[ DATA: 00 00 00 00 24 44 55 4D 4D 59 5F 44 45 56 49 43 45 5F 49 44 ]]
[[ DATA: 00 00 00 00 00 00 00 00 00 00 00 00 00 00 00 00 54 65 73 74 ]]
[[ DATA: 20 31 30 30 36 41 20 61 74 20 74 65 73 74 5F 63 6F 6E 74 65 ]]
[[ DATA: 78 74 73 2E 63 3A 36 34 00 00 00 00 00 00 00 00 00 00 00 00 ]]
[[ DATA: 00 00 00 00 00 00 00 00 00 00 00 00 00 00 00 00 00 00 00 00 ]]
[[ DATA: 00 00 00 00 00 00 00 00 00 00 00 00 00 00 00 00 00 00 00 00 ]]
[[ DATA: 00 00 00 00 00 00 00 00 00 00 00 00 00 00 00 00 00 00 00 00 ]]
[[ DATA: 50 44 66 6D F0 0F 03 48 08 02 68 00 01 00 00 00 EE 03 00 00 ]]
[[ DATA: 02 00 00 00 28 06 00 00 04 00 00 00 40 00 00 00 00 00 00 00 ]]
[[ DATA: 00 00 00 00 00 00 00 00 00 00 00 00 00 00 00 00 00 00 00 00 ]]
[[ DATA: 00 00 00 00 00 00 00 00 00 00 00 00 00 00 00 00 00 00 00 00 ]]
[[ DATA: 00 00 00 00 42 75 69 6C 64 2D 4D 33 2D 4F 73 00 00 00 00 00 ]]
[[ DATA: 00 00 00 00 00 00 00 00 00 00 00 00 00 00 00 00 00 00 00 00 ]]
[[ DATA: 00 00 00 00 00 00 00 00 00 00 00 00 00 00 00 00 00 00 00 00 ]]
[[ DATA: 00 00 00 00 00 00 00 00 00 00 00 00 00 00 00 00 54 65 73 74 ]]
[[ DATA: 20 31 30 30 36 41 20 61 74 20 74 65 73 74 5F 63 6F 6E 74 65 ]]
[[ DATA: 78 74 73 2E 63 3A 36 34 00 00 00 00 00 00 00 00 00 00 00 00 ]]
[[ DATA: 00 00 00 00 00 00 00 00 00 00 00 00 00 00 00 00 00 00 00 00 ]]
[[ DATA: 00 00 00 00 00 00 00 00 00 00 00 00 00 00 00 00 00 00 00 00 ]]
[[ DATA: 00 00 00 00 00 00 00 00 00 00 00 00 00 00 00 00 00 00 00 00 ]]
[[ DATA: 6D 66 44 50 00 00 00 00 D4 D3 D2 D1 ]]

[[ DevAlert Data Ended. Checksum: 40601 ]]

[[ DevAlert Data Begins ]]
[[ DATA: D1 D2 D3 D4 F0 0F 01 00 18 46 01 00 01 00 01 00 02 00 00 00 ]]
[[ DATA: 20 00 20 00 10 00 00 00 24 00 00 00 24 44 55 4D 4D 59 5F 53 ]]
[[ DATA: 45 53 53 49 4F 4E 5F 49 44 00 00 00 00 00 00 00 00 00 00 00 ]]
[[ DATA: 00 00 00 00 24 44 55 4D 4D 59 5F 44 45 56 49 43 45 5F 49 44 ]]
[[ DATA: 00 00 00 00 00 00 00 00 00 00 00 00 00 00 00 00 64 66 6D 5F ]]
[[ DATA: 74 72 61 63 65 2E 70 73 66 73 00 00 50 44 61 50 F0 0F 03 10 ]]
[[ DATA: F0 1A 00 00 64 66 6D 5F 74 72 61 63 65 2E 70 73 66 73 00 00 ]]
[[ DATA: 50 61 44 50 00 00 00 00 D4 D3 D2 D1 ]]

[[ DevAlert Data Ended. Checksum: 20882 ]]

[[ DevAlert Data Begins ]]
[[ DATA: D1 D2 D3 D4 F0 0F 01 00 71 83 01 00 01 00 07 00 02 00 00 00 ]]
[[ DATA: 20 00 20 00 10 00 00 00 E8 03 00 00 24 44 55 4D 4D 59 5F 53 ]]
[[ DATA: 45 53 53 49 4F 4E 5F 49 44 00 00 00 00 00 00 00 00 00 00 00 ]]
[[ DATA: 00 00 00 00 24 44 55 4D 4D 59 5F 44 45 56 49 43 45 5F 49 44 ]]
[[ DATA: 00 00 00 00 00 00 00 00 00 00 00 00 00 00 00 00 64 66 6D 5F ]]
[[ DATA: 74 72 61 63 65 2E 70 73 66 73 00 00 30 1A 00 20 00 00 00 00 ]]
[[ DATA: 05 06 07 08 75 76 77 78 F5 F6 F7 F8 00 46 53 50 0E 00 A9 9A ]]
[[ DATA: 00 00 00 00 01 03 00 00 00 00 00 00 00 00 03 04 5A 65 70 68 ]]
[[ DATA: 79 72 00 00 01 00 00 00 00 71 02 00 00 68 89 09 00 00 00 00 ]]
[[ DATA: E8 03 00 00 1B 48 F3 09 00 00 00 00 38 00 00 00 1C 00 00 00 ]]
[[ DATA: 03 00 00 00 AC 0F 00 20 63 00 04 04 88 01 00 00 3A 01 00 00 ]]
[[ DATA: 00 00 00 40 73 79 73 63 61 6C 6C 73 00 00 00 00 00 00 00 00 ]]
[[ DATA: 00 00 00 00 00 00 00 00 00 00 00 00 00 00 00 00 00 00 00 00 ]]
[[ DATA: 00 00 00 00 00 00 00 00 00 00 00 00 00 00 00 00 00 00 00 00 ]]
[[ DATA: 00 00 00 00 00 00 00 00 00 00 00 00 00 00 00 00 00 00 00 00 ]]
[[ DATA: 00 00 00 00 00 00 00 00 00 00 00 00 00 00 00 00 00 00 00 00 ]]
[[ DATA: 00 00 00 00 00 00 00 00 00 00 00 00 00 00 00 00 00 00 00 00 ]]
[[ DATA: 00 00 00 00 00 00 00 00 00 00 00 00 00 00 00 00 00 00 00 00 ]]
[[ DATA: 00 00 00 00 00 00 00 00 00 00 00 00 00 00 00 00 00 00 00 00 ]]
[[ DATA: 00 00 00 00 00 00 00 00 00 00 00 00 00 00 00 00 00 00 00 00 ]]
[[ DATA: 00 00 00 00 00 00 00 00 00 00 00 00 00 00 00 00 00 00 00 00 ]]
[[ DATA: 00 00 00 00 00 00 00 00 00 00 00 00 00 00 00 00 00 00 00 00 ]]
[[ DATA: 00 00 00 00 00 00 00 00 00 00 00 00 00 00 00 00 00 00 00 00 ]]
[[ DATA: 00 00 00 00 00 00 00 00 00 00 00 00 00 00 00 00 00 00 00 00 ]]
[[ DATA: 00 00 00 00 00 00 00 00 00 00 00 00 00 00 00 00 00 00 00 00 ]]
[[ DATA: 00 00 00 00 00 00 00 00 00 00 00 00 00 00 00 00 00 00 00 00 ]]
[[ DATA: 00 00 00 00 00 00 00 00 00 00 00 00 00 00 00 00 00 00 00 00 ]]
[[ DATA: 00 00 00 00 00 00 00 00 00 00 00 00 00 00 00 00 00 00 00 00 ]]
[[ DATA: 00 00 00 00 00 00 00 00 00 00 00 00 00 00 00 00 00 00 00 00 ]]
[[ DATA: 00 00 00 00 00 00 00 00 00 00 00 00 00 00 00 00 00 00 00 00 ]]
[[ DATA: 00 00 00 00 00 00 00 00 00 00 00 00 00 00 00 00 00 00 00 00 ]]
[[ DATA: 00 00 00 00 00 00 00 00 00 00 00 00 00 00 00 00 00 00 00 00 ]]
[[ DATA: 00 00 00 00 00 00 00 00 00 00 00 00 00 00 00 00 00 00 00 00 ]]
[[ DATA: 00 00 00 00 00 00 00 00 00 00 00 00 00 00 00 00 00 00 00 00 ]]
[[ DATA: 00 00 00 00 00 00 00 00 00 00 00 00 00 00 00 00 00 00 00 00 ]]
[[ DATA: 00 00 00 00 00 00 00 00 00 00 00 00 00 00 00 00 00 00 00 00 ]]
[[ DATA: 00 00 00 00 00 00 00 00 00 00 00 00 00 00 00 00 00 00 00 00 ]]
[[ DATA: 00 00 00 00 00 00 00 00 00 00 00 00 00 00 00 00 00 00 00 00 ]]
[[ DATA: 00 00 00 00 00 00 00 00 00 00 00 00 00 00 00 00 00 00 00 00 ]]
[[ DATA: 00 00 00 00 00 00 00 00 00 00 00 00 00 00 00 00 00 00 00 00 ]]
[[ DATA: 00 00 00 00 00 00 00 00 00 00 00 00 00 00 00 00 00 00 00 00 ]]
[[ DATA: 00 00 00 00 00 00 00 00 00 00 00 00 00 00 00 00 00 00 00 00 ]]
[[ DATA: 00 00 00 00 00 00 00 00 00 00 00 00 00 00 00 00 00 00 00 00 ]]
[[ DATA: 00 00 00 00 00 00 00 00 00 00 00 00 00 00 00 00 00 00 00 00 ]]
[[ DATA: 00 00 00 00 00 00 00 00 00 00 00 00 00 00 00 00 00 00 00 00 ]]
[[ DATA: 00 00 00 00 00 00 00 00 00 00 00 00 00 00 00 00 00 00 00 00 ]]
[[ DATA: 00 00 00 00 00 00 00 00 00 00 00 00 00 00 00 00 00 00 00 00 ]]
[[ DATA: 00 00 00 00 00 00 00 00 00 00 00 00 00 00 00 00 00 00 00 00 ]]
[[ DATA: 00 00 00 00 00 00 00 00 00 00 00 00 00 00 00 00 00 00 00 00 ]]
[[ DATA: 00 00 00 00 00 00 00 00 00 00 00 00 00 00 00 00 00 00 00 00 ]]
[[ DATA: 00 00 00 00 00 00 00 00 00 00 00 00 00 00 00 00 00 00 00 00 ]]
[[ DATA: 00 00 00 00 00 00 00 00 00 00 00 00 00 00 00 00 00 00 00 00 ]]
[[ DATA: 00 00 00 00 00 00 00 00 00 00 00 00 00 00 00 00 00 00 00 00 ]]
[[ DATA: 00 00 00 00 00 00 00 00 00 00 00 00 00 00 00 00 00 00 00 00 ]]
[[ DATA: 00 00 00 00 00 00 00 00 00 00 00 00 00 00 00 00 00 00 00 00 ]]
[[ DATA: 00 00 00 00 00 00 00 00 00 00 00 00 D4 D3 D2 D1 ]]

[[ DevAlert Data Ended. Checksum: 43148 ]]

[[ DevAlert Data Begins ]]
[[ DATA: D1 D2 D3 D4 F0 0F 01 00 71 83 01 00 02 00 07 00 02 00 00 00 ]]
[[ DATA: 20 00 20 00 10 00 00 00 E8 03 00 00 24 44 55 4D 4D 59 5F 53 ]]
[[ DATA: 45 53 53 49 4F 4E 5F 49 44 00 00 00 00 00 00 00 00 00 00 00 ]]
[[ DATA: 00 00 00 00 24 44 55 4D 4D 59 5F 44 45 56 49 43 45 5F 49 44 ]]
[[ DATA: 00 00 00 00 00 00 00 00 00 00 00 00 00 00 00 00 64 66 6D 5F ]]
[[ DATA: 74 72 61 63 65 2E 70 73 66 73 00 00 00 00 00 00 00 00 00 00 ]]
[[ DATA: 00 00 00 00 00 00 00 00 00 00 00 00 00 00 00 00 00 00 00 00 ]]
[[ DATA: 00 00 00 00 00 00 00 00 00 00 00 00 00 00 00 00 00 00 00 00 ]]
[[ DATA: 00 00 00 00 00 00 00 00 00 00 00 00 00 00 00 00 00 00 00 00 ]]
[[ DATA: 00 00 00 00 00 00 00 00 00 00 00 00 00 00 00 00 00 00 00 00 ]]
[[ DATA: 00 00 00 00 00 00 00 00 00 00 00 00 00 00 00 00 00 00 00 00 ]]
[[ DATA: 00 00 00 00 00 00 00 00 00 00 00 00 00 00 00 00 00 00 00 00 ]]
[[ DATA: 00 00 00 00 00 00 00 00 00 00 00 00 00 00 00 00 00 00 00 00 ]]
[[ DATA: 00 00 00 00 00 00 00 00 00 00 00 00 00 00 00 00 00 00 00 00 ]]
[[ DATA: 00 00 00 00 00 00 00 00 00 00 00 00 00 00 00 00 00 00 00 00 ]]
[[ DATA: 00 00 00 00 00 00 00 00 00 00 00 00 00 00 00 00 00 00 00 00 ]]
[[ DATA: 00 00 00 00 00 00 00 00 00 00 00 00 00 00 00 00 00 00 00 00 ]]
[[ DATA: 00 00 00 00 00 00 00 00 00 00 00 00 00 00 00 00 00 00 00 00 ]]
[[ DATA: 00 00 00 00 00 00 00 00 00 00 00 00 00 00 00 00 00 00 00 00 ]]
[[ DATA: 00 00 00 00 00 00 00 00 00 00 00 00 00 00 00 00 00 00 00 00 ]]
[[ DATA: 00 00 00 00 00 00 00 00 00 00 00 00 00 00 00 00 00 00 00 00 ]]
[[ DATA: 00 00 00 00 00 00 00 00 00 00 00 00 00 00 00 00 00 00 00 00 ]]
[[ DATA: 00 00 00 00 00 00 00 00 00 00 00 00 00 00 00 00 00 00 00 00 ]]
[[ DATA: 00 00 00 00 00 00 00 00 00 00 00 00 00 00 00 00 00 00 00 00 ]]
[[ DATA: 00 00 00 00 00 00 00 00 00 00 00 00 00 00 00 00 00 00 00 00 ]]
[[ DATA: 00 00 00 00 00 00 00 00 00 00 00 00 00 00 00 00 00 00 00 00 ]]
[[ DATA: 00 00 00 00 00 00 00 00 00 00 00 00 00 00 00 00 00 00 00 00 ]]
[[ DATA: 00 00 00 00 00 00 00 00 00 00 00 00 00 00 00 00 00 00 00 00 ]]
[[ DATA: 00 00 00 00 00 00 00 00 00 00 00 00 00 00 00 00 00 00 00 00 ]]
[[ DATA: 00 00 00 00 00 00 00 00 00 00 00 00 00 00 00 00 00 00 00 00 ]]
[[ DATA: 00 00 00 00 00 00 00 00 00 00 00 00 00 00 00 00 00 00 00 00 ]]
[[ DATA: 00 00 00 00 00 00 00 00 00 00 00 00 00 00 00 00 00 00 00 00 ]]
[[ DATA: 00 00 00 00 00 00 00 00 00 00 00 00 00 00 00 00 00 00 00 00 ]]
[[ DATA: 00 00 00 00 00 00 00 00 00 00 00 00 00 00 00 00 00 00 00 00 ]]
[[ DATA: 00 00 00 00 00 00 00 00 00 00 00 00 00 00 00 00 00 00 00 00 ]]
[[ DATA: 00 00 00 00 00 00 00 00 00 00 00 00 00 00 00 00 00 00 00 00 ]]
[[ DATA: 00 00 00 00 00 00 00 00 00 00 00 00 00 00 00 00 00 00 00 00 ]]
[[ DATA: 00 00 00 00 00 00 00 00 00 00 00 00 00 00 00 00 00 00 00 00 ]]
[[ DATA: 00 00 00 00 00 00 00 00 00 00 00 00 00 00 00 00 00 00 00 00 ]]
[[ DATA: 00 00 00 00 00 00 00 00 00 00 00 00 00 00 00 00 00 00 00 00 ]]
[[ DATA: 00 00 00 00 00 00 00 00 00 00 00 00 00 00 00 00 00 00 00 00 ]]
[[ DATA: 00 00 00 00 00 00 00 00 00 00 00 00 00 00 00 00 00 00 00 00 ]]
[[ DATA: 00 00 00 00 00 00 00 00 00 00 00 00 00 00 00 00 00 00 00 00 ]]
[[ DATA: 00 00 00 00 00 00 00 00 00 00 00 00 00 00 00 00 00 00 00 00 ]]
[[ DATA: 00 00 00 00 00 00 00 00 00 00 00 00 00 00 00 00 00 00 00 00 ]]
[[ DATA: 00 00 00 00 00 00 00 00 00 00 00 00 00 00 00 00 00 00 00 00 ]]
[[ DATA: 00 00 00 00 00 00 00 00 00 00 00 00 00 00 00 00 00 00 00 00 ]]
[[ DATA: 00 00 00 00 00 00 00 00 00 00 00 00 00 00 00 00 00 00 00 00 ]]
[[ DATA: 00 00 00 00 00 00 00 00 00 00 00 00 00 00 00 00 00 00 00 00 ]]
[[ DATA: 00 00 00 00 00 00 00 00 00 00 00 00 00 00 00 00 00 00 00 00 ]]
[[ DATA: 00 00 00 00 00 00 00 00 00 00 00 00 00 00 00 00 00 00 00 00 ]]
[[ DATA: 00 00 00 00 00 00 00 00 00 00 00 00 00 00 00 00 00 00 00 00 ]]
[[ DATA: 00 00 00 00 00 00 00 00 00 00 00 00 00 00 00 00 00 00 00 00 ]]
[[ DATA: 00 00 00 00 00 00 00 00 00 00 00 00 00 00 00 00 00 00 00 00 ]]
[[ DATA: 00 00 00 00 00 00 00 00 00 00 00 00 00 00 00 00 00 00 00 00 ]]
[[ DATA: 00 00 00 00 00 00 00 00 00 00 00 00 D4 D3 D2 D1 ]]

[[ DevAlert Data Ended. Checksum: 10308 ]]

[[ DevAlert Data Begins ]]
[[ DATA: D1 D2 D3 D4 F0 0F 01 00 71 83 01 00 03 00 07 00 02 00 00 00 ]]
[[ DATA: 20 00 20 00 10 00 00 00 E8 03 00 00 24 44 55 4D 4D 59 5F 53 ]]
[[ DATA: 45 53 53 49 4F 4E 5F 49 44 00 00 00 00 00 00 00 00 00 00 00 ]]
[[ DATA: 00 00 00 00 24 44 55 4D 4D 59 5F 44 45 56 49 43 45 5F 49 44 ]]
[[ DATA: 00 00 00 00 00 00 00 00 00 00 00 00 00 00 00 00 64 66 6D 5F ]]
[[ DATA: 74 72 61 63 65 2E 70 73 66 73 00 00 00 00 00 00 00 00 00 00 ]]
[[ DATA: 00 00 00 00 00 00 00 00 00 00 00 00 00 00 00 00 00 00 00 00 ]]
[[ DATA: 00 00 00 00 00 00 00 00 00 00 00 00 00 00 00 00 00 00 00 00 ]]
[[ DATA: 00 00 00 00 00 00 00 00 00 00 00 00 00 00 00 00 00 00 00 00 ]]
[[ DATA: 00 00 00 00 00 00 00 00 00 00 00 00 00 00 00 00 00 00 00 00 ]]
[[ DATA: 00 00 00 00 00 00 00 00 00 00 00 00 00 00 00 00 00 00 00 00 ]]
[[ DATA: 00 00 00 00 00 00 00 00 00 00 00 00 00 00 00 00 00 00 00 00 ]]
[[ DATA: 00 00 00 00 00 00 00 00 00 00 00 00 00 00 00 00 00 00 00 00 ]]
[[ DATA: 00 00 00 00 00 00 00 00 00 00 00 00 00 00 00 00 00 00 00 00 ]]
[[ DATA: 00 00 00 00 00 00 00 00 00 00 00 00 00 00 00 00 00 00 00 00 ]]
[[ DATA: 00 00 00 00 00 00 00 00 00 00 00 00 00 00 00 00 00 00 00 00 ]]
[[ DATA: 00 00 00 00 00 00 00 00 00 00 00 00 00 00 00 00 00 00 00 00 ]]
[[ DATA: 00 00 00 00 00 00 00 00 00 00 00 00 00 00 00 00 00 00 00 00 ]]
[[ DATA: 00 00 00 00 00 00 00 00 00 00 00 00 00 00 00 00 00 00 00 00 ]]
[[ DATA: 00 00 00 00 00 00 00 00 00 00 00 00 00 00 00 00 00 00 00 00 ]]
[[ DATA: 00 00 00 00 00 00 00 00 00 00 00 00 00 00 00 00 00 00 00 00 ]]
[[ DATA: 00 00 00 00 00 00 00 00 00 00 00 00 00 00 00 00 00 00 00 00 ]]
[[ DATA: 00 00 00 00 00 00 00 00 00 00 00 00 00 00 00 00 00 00 00 00 ]]
[[ DATA: 00 00 00 00 00 00 00 00 00 00 00 00 00 00 00 00 00 00 00 00 ]]
[[ DATA: 00 00 00 00 00 00 00 00 00 00 00 00 00 00 00 00 00 00 00 00 ]]
[[ DATA: 00 00 00 00 00 00 00 00 00 00 00 00 00 00 00 00 00 00 00 00 ]]
[[ DATA: 00 00 00 00 00 00 00 00 00 00 00 00 00 00 00 00 00 00 00 00 ]]
[[ DATA: 00 00 00 00 00 00 00 00 00 00 00 00 00 00 00 00 00 00 00 00 ]]
[[ DATA: 00 00 00 00 00 00 00 00 00 00 00 00 00 00 00 00 00 00 00 00 ]]
[[ DATA: 00 00 00 00 00 00 00 00 00 00 00 00 00 00 00 00 00 00 00 00 ]]
[[ DATA: 00 00 00 00 0C 19 00 20 00 00 00 00 00 00 00 00 00 00 00 00 ]]
[[ DATA: 00 00 00 00 44 46 4D 20 54 65 73 74 73 00 00 00 00 00 00 00 ]]
[[ DATA: 00 00 00 00 00 00 00 00 00 00 00 00 3C 19 00 20 00 00 00 00 ]]
[[ DATA: 00 00 00 00 00 00 00 00 00 00 00 00 41 4C 45 52 54 00 00 00 ]]
[[ DATA: 00 00 00 00 00 00 00 00 00 00 00 00 00 00 00 00 00 00 00 00 ]]
[[ DATA: CC 2C 00 20 00 00 00 00 00 00 00 00 00 00 00 00 00 00 00 00 ]]
[[ DATA: 54 7A 43 74 72 6C 00 00 00 00 00 00 00 00 00 00 00 00 00 00 ]]
[[ DATA: 00 00 00 00 00 00 00 00 F0 0C 00 20 FF FF FF FF 00 00 00 00 ]]
[[ DATA: 00 00 00 00 00 00 00 00 73 79 73 77 6F 72 6B 71 00 00 00 00 ]]
[[ DATA: 00 00 00 00 00 00 00 00 00 00 00 00 00 00 00 00 90 0A 00 20 ]]
[[ DATA: 0F 00 00 00 00 00 00 00 00 00 00 00 00 00 00 00 69 64 6C 65 ]]
[[ DATA: 00 00 00 00 00 00 00 00 00 00 00 00 00 00 00 00 00 00 00 00 ]]
[[ DATA: 00 00 00 00 50 0B 00 20 00 00 00 00 00 00 00 00 00 00 00 00 ]]
[[ DATA: 00 00 00 00 6D 61 69 6E 00 00 00 00 00 00 00 00 00 00 00 00 ]]
[[ DATA: 00 00 00 00 00 00 00 00 00 00 00 00 00 10 00 00 4C 03 00 00 ]]
[[ DATA: 00 00 00 00 D4 0F 00 00 01 00 00 00 00 00 00 00 D4 0F 00 00 ]]
[[ DATA: 00 00 00 00 4C 03 00 00 00 00 00 00 00 00 00 00 5C 1A 00 20 ]]
[[ DATA: 01 10 01 00 E1 12 00 00 02 00 00 00 10 30 02 00 D5 52 00 00 ]]
[[ DATA: 50 0B 00 20 00 04 00 00 00 00 00 00 30 10 03 00 0F 57 00 00 ]]
[[ DATA: 50 0B 00 20 10 30 04 00 35 72 00 00 90 0A 00 20 40 01 00 00 ]]
[[ DATA: 0F 00 00 00 37 20 05 00 DF 76 00 00 50 0B 00 20 00 00 00 00 ]]
[[ DATA: 2F 51 06 00 54 7A 00 00 F0 0C 00 20 C8 54 00 20 00 04 00 00 ]]
[[ DATA: FF FF FF FF C8 E3 00 08 10 30 07 00 3F B6 00 00 F0 0C 00 20 ]]
[[ DATA: 00 04 00 00 FF FF FF FF 5D 11 08 00 1E BF 00 00 F0 0C 00 20 ]]
[[ DATA: 30 10 09 00 3B C2 00 00 F0 0C 00 20 37 20 0A 00 4A CB 00 00 ]]
[[ DATA: F0 0C 00 20 FF FF FF FF 37 20 0B 00 D4 D3 D2 D1 ]]

[[ DevAlert Data Ended. Checksum: 47336 ]]

[[ DevAlert Data Begins ]]
[[ DATA: D1 D2 D3 D4 F0 0F 01 00 71 83 01 00 04 00 07 00 02 00 00 00 ]]
[[ DATA: 20 00 20 00 10 00 00 00 E8 03 00 00 24 44 55 4D 4D 59 5F 53 ]]
[[ DATA: 45 53 53 49 4F 4E 5F 49 44 00 00 00 00 00 00 00 00 00 00 00 ]]
[[ DATA: 00 00 00 00 24 44 55 4D 4D 59 5F 44 45 56 49 43 45 5F 49 44 ]]
[[ DATA: 00 00 00 00 00 00 00 00 00 00 00 00 00 00 00 00 64 66 6D 5F ]]
[[ DATA: 74 72 61 63 65 2E 70 73 66 73 00 00 CB D6 00 00 50 0B 00 20 ]]
[[ DATA: 00 00 00 00 2E 11 0C 00 3A D9 00 00 F0 0C 00 20 10 30 0D 00 ]]
[[ DATA: B5 15 01 00 CC 2C 00 20 00 04 00 00 00 00 00 00 5D 11 0E 00 ]]
[[ DATA: 30 18 01 00 CC 2C 00 20 30 10 0F 00 14 1B 01 00 CC 2C 00 20 ]]
[[ DATA: 03 30 10 00 ED ED 06 00 3C 19 00 20 41 4C 45 52 54 00 64 66 ]]
[[ DATA: 91 90 11 00 37 F2 06 00 3C 19 00 20 54 65 73 74 20 31 30 30 ]]
[[ DATA: 35 20 61 74 20 74 65 73 74 5F 63 6F 6E 74 65 78 74 73 2E 63 ]]
[[ DATA: 3A 34 38 00 2A 10 12 00 70 23 5A 00 E8 03 00 00 37 20 13 00 ]]
[[ DATA: 1F 31 5A 00 CC 2C 00 20 00 00 00 00 EA 20 14 00 D5 47 5A 00 ]]
[[ DATA: 50 0B 00 20 6C 02 00 00 2A 10 15 00 03 4A 5A 00 FA 00 00 00 ]]
[[ DATA: 37 20 16 00 CE 53 5A 00 90 0A 00 20 0F 00 00 00 30 10 17 00 ]]
[[ DATA: 25 B3 BC 02 CC 2C 00 20 37 20 18 00 10 BD BC 02 CC 2C 00 20 ]]
[[ DATA: 00 00 00 00 2B 10 19 00 7C C0 BC 02 00 00 00 00 EA 20 1A 00 ]]
[[ DATA: F4 CA BC 02 90 0A 00 20 F4 00 00 00 2A 10 1B 00 11 CD BC 02 ]]
[[ DATA: FA 00 00 00 37 20 1C 00 E7 D6 BC 02 90 0A 00 20 0F 00 00 00 ]]
[[ DATA: 30 10 1D 00 F7 7D 21 05 CC 2C 00 20 37 20 1E 00 B5 87 21 05 ]]
[[ DATA: CC 2C 00 20 00 00 00 00 2B 10 1F 00 F5 8A 21 05 00 00 00 00 ]]
[[ DATA: EA 20 20 00 69 A5 21 05 F0 0C 00 20 F4 02 00 00 2A 10 21 00 ]]
[[ DATA: 80 A7 21 05 FA 00 00 00 37 20 22 00 50 B1 21 05 90 0A 00 20 ]]
[[ DATA: 0F 00 00 00 30 10 23 00 F7 48 86 07 CC 2C 00 20 37 20 24 00 ]]
[[ DATA: B5 52 86 07 CC 2C 00 20 00 00 00 00 2B 10 25 00 F5 55 86 07 ]]
[[ DATA: 00 00 00 00 EA 20 26 00 A9 72 86 07 CC 2C 00 20 3C 03 00 00 ]]
[[ DATA: 2A 10 27 00 C0 74 86 07 FA 00 00 00 37 20 28 00 78 7D 86 07 ]]
[[ DATA: 90 0A 00 20 0F 00 00 00 30 10 29 00 F7 C0 E3 09 50 0B 00 20 ]]
[[ DATA: 37 20 2A 00 B5 CA E3 09 50 0B 00 20 00 00 00 00 2B 10 2B 00 ]]
[[ DATA: F5 CD E3 09 00 00 00 00 30 10 2C 00 30 14 EB 09 CC 2C 00 20 ]]
[[ DATA: 03 40 2D 00 C0 87 EF 09 0C 19 00 20 44 46 4D 20 54 65 73 74 ]]
[[ DATA: 73 00 54 52 92 50 2E 00 CB 2D F3 09 0C 19 00 20 EE 03 00 00 ]]
[[ DATA: 54 25 75 20 42 45 47 49 4E 00 44 46 61 30 2F 00 F2 31 F3 09 ]]
[[ DATA: B0 00 00 20 00 00 00 00 00 00 00 00 92 90 30 00 9C 36 F3 09 ]]
[[ DATA: 0C 19 00 20 0B 00 00 00 54 31 30 30 36 41 20 43 54 58 20 48 ]]
[[ DATA: 61 6E 64 6C 65 72 20 49 50 53 52 3D 25 75 00 54 91 A0 31 00 ]]
[[ DATA: 1B 48 F3 09 3C 19 00 20 54 65 73 74 20 31 30 30 36 41 20 61 ]]
[[ DATA: 74 20 74 65 73 74 5F 63 6F 6E 74 65 78 74 73 2E 63 3A 36 34 ]]
[[ DATA: 00 00 00 00 00 00 00 00 00 00 00 00 00 00 00 00 00 00 00 00 ]]
[[ DATA: 00 00 00 00 00 00 00 00 00 00 00 00 00 00 00 00 00 00 00 00 ]]
[[ DATA: 00 00 00 00 00 00 00 00 00 00 00 00 00 00 00 00 00 00 00 00 ]]
[[ DATA: 00 00 00 00 00 00 00 00 00 00 00 00 00 00 00 00 00 00 00 00 ]]
[[ DATA: 00 00 00 00 00 00 00 00 00 00 00 00 00 00 00 00 00 00 00 00 ]]
[[ DATA: 00 00 00 00 00 00 00 00 00 00 00 00 00 00 00 00 00 00 00 00 ]]
[[ DATA: 00 00 00 00 00 00 00 00 00 00 00 00 00 00 00 00 00 00 00 00 ]]
[[ DATA: 00 00 00 00 00 00 00 00 00 00 00 00 00 00 00 00 00 00 00 00 ]]
[[ DATA: 00 00 00 00 00 00 00 00 00 00 00 00 00 00 00 00 00 00 00 00 ]]
[[ DATA: 00 00 00 00 00 00 00 00 00 00 00 00 00 00 00 00 00 00 00 00 ]]
[[ DATA: 00 00 00 00 00 00 00 00 00 00 00 00 00 00 00 00 00 00 00 00 ]]
[[ DATA: 00 00 00 00 00 00 00 00 00 00 00 00 00 00 00 00 00 00 00 00 ]]
[[ DATA: 00 00 00 00 00 00 00 00 00 00 00 00 00 00 00 00 00 00 00 00 ]]
[[ DATA: 00 00 00 00 00 00 00 00 00 00 00 00 00 00 00 00 00 00 00 00 ]]
[[ DATA: 00 00 00 00 00 00 00 00 00 00 00 00 00 00 00 00 00 00 00 00 ]]
[[ DATA: 00 00 00 00 00 00 00 00 00 00 00 00 00 00 00 00 00 00 00 00 ]]
[[ DATA: 00 00 00 00 00 00 00 00 00 00 00 00 D4 D3 D2 D1 ]]

[[ DevAlert Data Ended. Checksum: 2020 ]]

[[ DevAlert Data Begins ]]
[[ DATA: D1 D2 D3 D4 F0 0F 01 00 71 83 01 00 05 00 07 00 02 00 00 00 ]]
[[ DATA: 20 00 20 00 10 00 00 00 E8 03 00 00 24 44 55 4D 4D 59 5F 53 ]]
[[ DATA: 45 53 53 49 4F 4E 5F 49 44 00 00 00 00 00 00 00 00 00 00 00 ]]
[[ DATA: 00 00 00 00 24 44 55 4D 4D 59 5F 44 45 56 49 43 45 5F 49 44 ]]
[[ DATA: 00 00 00 00 00 00 00 00 00 00 00 00 00 00 00 00 64 66 6D 5F ]]
[[ DATA: 74 72 61 63 65 2E 70 73 66 73 00 00 00 00 00 00 00 00 00 00 ]]
[[ DATA: 00 00 00 00 00 00 00 00 00 00 00 00 00 00 00 00 00 00 00 00 ]]
[[ DATA: 00 00 00 00 00 00 00 00 00 00 00 00 00 00 00 00 00 00 00 00 ]]
[[ DATA: 00 00 00 00 00 00 00 00 00 00 00 00 00 00 00 00 00 00 00 00 ]]
[[ DATA: 00 00 00 00 00 00 00 00 00 00 00 00 00 00 00 00 00 00 00 00 ]]
[[ DATA: 00 00 00 00 00 00 00 00 00 00 00 00 00 00 00 00 00 00 00 00 ]]
[[ DATA: 00 00 00 00 00 00 00 00 00 00 00 00 00 00 00 00 00 00 00 00 ]]
[[ DATA: 00 00 00 00 00 00 00 00 00 00 00 00 00 00 00 00 00 00 00 00 ]]
[[ DATA: 00 00 00 00 00 00 00 00 00 00 00 00 00 00 00 00 00 00 00 00 ]]
[[ DATA: 00 00 00 00 00 00 00 00 00 00 00 00 00 00 00 00 00 00 00 00 ]]
[[ DATA: 00 00 00 00 00 00 00 00 00 00 00 00 00 00 00 00 00 00 00 00 ]]
[[ DATA: 00 00 00 00 00 00 00 00 00 00 00 00 00 00 00 00 00 00 00 00 ]]
[[ DATA: 00 00 00 00 00 00 00 00 00 00 00 00 00 00 00 00 00 00 00 00 ]]
[[ DATA: 00 00 00 00 00 00 00 00 00 00 00 00 00 00 00 00 00 00 00 00 ]]
[[ DATA: 00 00 00 00 00 00 00 00 00 00 00 00 00 00 00 00 00 00 00 00 ]]
[[ DATA: 00 00 00 00 00 00 00 00 00 00 00 00 00 00 00 00 00 00 00 00 ]]
[[ DATA: 00 00 00 00 00 00 00 00 00 00 00 00 00 00 00 00 00 00 00 00 ]]
[[ DATA: 00 00 00 00 00 00 00 00 00 00 00 00 00 00 00 00 00 00 00 00 ]]
[[ DATA: 00 00 00 00 00 00 00 00 00 00 00 00 00 00 00 00 00 00 00 00 ]]
[[ DATA: 00 00 00 00 00 00 00 00 00 00 00 00 00 00 00 00 00 00 00 00 ]]
[[ DATA: 00 00 00 00 00 00 00 00 00 00 00 00 00 00 00 00 00 00 00 00 ]]
[[ DATA: 00 00 00 00 00 00 00 00 00 00 00 00 00 00 00 00 00 00 00 00 ]]
[[ DATA: 00 00 00 00 00 00 00 00 00 00 00 00 00 00 00 00 00 00 00 00 ]]
[[ DATA: 00 00 00 00 00 00 00 00 00 00 00 00 00 00 00 00 00 00 00 00 ]]
[[ DATA: 00 00 00 00 00 00 00 00 00 00 00 00 00 00 00 00 00 00 00 00 ]]
[[ DATA: 00 00 00 00 00 00 00 00 00 00 00 00 00 00 00 00 00 00 00 00 ]]
[[ DATA: 00 00 00 00 00 00 00 00 00 00 00 00 00 00 00 00 00 00 00 00 ]]
[[ DATA: 00 00 00 00 00 00 00 00 00 00 00 00 00 00 00 00 00 00 00 00 ]]
[[ DATA: 00 00 00 00 00 00 00 00 00 00 00 00 00 00 00 00 00 00 00 00 ]]
[[ DATA: 00 00 00 00 00 00 00 00 00 00 00 00 00 00 00 00 00 00 00 00 ]]
[[ DATA: 00 00 00 00 00 00 00 00 00 00 00 00 00 00 00 00 00 00 00 00 ]]
[[ DATA: 00 00 00 00 00 00 00 00 00 00 00 00 00 00 00 00 00 00 00 00 ]]
[[ DATA: 00 00 00 00 00 00 00 00 00 00 00 00 00 00 00 00 00 00 00 00 ]]
[[ DATA: 00 00 00 00 00 00 00 00 00 00 00 00 00 00 00 00 00 00 00 00 ]]
[[ DATA: 00 00 00 00 00 00 00 00 00 00 00 00 00 00 00 00 00 00 00 00 ]]
[[ DATA: 00 00 00 00 00 00 00 00 00 00 00 00 00 00 00 00 00 00 00 00 ]]
[[ DATA: 00 00 00 00 00 00 00 00 00 00 00 00 00 00 00 00 00 00 00 00 ]]
[[ DATA: 00 00 00 00 00 00 00 00 00 00 00 00 00 00 00 00 00 00 00 00 ]]
[[ DATA: 00 00 00 00 00 00 00 00 00 00 00 00 00 00 00 00 00 00 00 00 ]]
[[ DATA: 00 00 00 00 00 00 00 00 00 00 00 00 00 00 00 00 00 00 00 00 ]]
[[ DATA: 00 00 00 00 00 00 00 00 00 00 00 00 00 00 00 00 00 00 00 00 ]]
[[ DATA: 00 00 00 00 00 00 00 00 00 00 00 00 00 00 00 00 00 00 00 00 ]]
[[ DATA: 00 00 00 00 00 00 00 00 00 00 00 00 00 00 00 00 00 00 00 00 ]]
[[ DATA: 00 00 00 00 00 00 00 00 00 00 00 00 00 00 00 00 00 00 00 00 ]]
[[ DATA: 00 00 00 00 00 00 00 00 00 00 00 00 00 00 00 00 00 00 00 00 ]]
[[ DATA: 00 00 00 00 00 00 00 00 00 00 00 00 00 00 00 00 00 00 00 00 ]]
[[ DATA: 00 00 00 00 00 00 00 00 00 00 00 00 00 00 00 00 00 00 00 00 ]]
[[ DATA: 00 00 00 00 00 00 00 00 00 00 00 00 00 00 00 00 00 00 00 00 ]]
[[ DATA: 00 00 00 00 00 00 00 00 00 00 00 00 00 00 00 00 00 00 00 00 ]]
[[ DATA: 00 00 00 00 00 00 00 00 00 00 00 00 00 00 00 00 00 00 00 00 ]]
[[ DATA: 00 00 00 00 00 00 00 00 00 00 00 00 D4 D3 D2 D1 ]]

[[ DevAlert Data Ended. Checksum: 57062 ]]

[[ DevAlert Data Begins ]]
[[ DATA: D1 D2 D3 D4 F0 0F 01 00 71 83 01 00 06 00 07 00 02 00 00 00 ]]
[[ DATA: 20 00 20 00 10 00 00 00 E8 03 00 00 24 44 55 4D 4D 59 5F 53 ]]
[[ DATA: 45 53 53 49 4F 4E 5F 49 44 00 00 00 00 00 00 00 00 00 00 00 ]]
[[ DATA: 00 00 00 00 24 44 55 4D 4D 59 5F 44 45 56 49 43 45 5F 49 44 ]]
[[ DATA: 00 00 00 00 00 00 00 00 00 00 00 00 00 00 00 00 64 66 6D 5F ]]
[[ DATA: 74 72 61 63 65 2E 70 73 66 73 00 00 00 00 00 00 00 00 00 00 ]]
[[ DATA: 00 00 00 00 00 00 00 00 00 00 00 00 00 00 00 00 00 00 00 00 ]]
[[ DATA: 00 00 00 00 00 00 00 00 00 00 00 00 00 00 00 00 00 00 00 00 ]]
[[ DATA: 00 00 00 00 00 00 00 00 00 00 00 00 00 00 00 00 00 00 00 00 ]]
[[ DATA: 00 00 00 00 00 00 00 00 00 00 00 00 00 00 00 00 00 00 00 00 ]]
[[ DATA: 00 00 00 00 00 00 00 00 00 00 00 00 00 00 00 00 00 00 00 00 ]]
[[ DATA: 00 00 00 00 00 00 00 00 00 00 00 00 00 00 00 00 00 00 00 00 ]]
[[ DATA: 00 00 00 00 00 00 00 00 00 00 00 00 00 00 00 00 00 00 00 00 ]]
[[ DATA: 00 00 00 00 00 00 00 00 00 00 00 00 00 00 00 00 00 00 00 00 ]]
[[ DATA: 00 00 00 00 00 00 00 00 00 00 00 00 00 00 00 00 00 00 00 00 ]]
[[ DATA: 00 00 00 00 00 00 00 00 00 00 00 00 00 00 00 00 00 00 00 00 ]]
[[ DATA: 00 00 00 00 00 00 00 00 00 00 00 00 00 00 00 00 00 00 00 00 ]]
[[ DATA: 00 00 00 00 00 00 00 00 00 00 00 00 00 00 00 00 00 00 00 00 ]]
[[ DATA: 00 00 00 00 00 00 00 00 00 00 00 00 00 00 00 00 00 00 00 00 ]]
[[ DATA: 00 00 00 00 00 00 00 00 00 00 00 00 00 00 00 00 00 00 00 00 ]]
[[ DATA: 00 00 00 00 00 00 00 00 00 00 00 00 00 00 00 00 00 00 00 00 ]]
[[ DATA: 00 00 00 00 00 00 00 00 00 00 00 00 00 00 00 00 00 00 00 00 ]]
[[ DATA: 00 00 00 00 00 00 00 00 00 00 00 00 00 00 00 00 00 00 00 00 ]]
[[ DATA: 00 00 00 00 00 00 00 00 00 00 00 00 00 00 00 00 00 00 00 00 ]]
[[ DATA: 00 00 00 00 00 00 00 00 00 00 00 00 00 00 00 00 00 00 00 00 ]]
[[ DATA: 00 00 00 00 00 00 00 00 00 00 00 00 00 00 00 00 00 00 00 00 ]]
[[ DATA: 00 00 00 00 00 00 00 00 00 00 00 00 00 00 00 00 00 00 00 00 ]]
[[ DATA: 00 00 00 00 00 00 00 00 00 00 00 00 00 00 00 00 00 00 00 00 ]]
[[ DATA: 00 00 00 00 00 00 00 00 00 00 00 00 00 00 00 00 00 00 00 00 ]]
[[ DATA: 00 00 00 00 00 00 00 00 00 00 00 00 00 00 00 00 00 00 00 00 ]]
[[ DATA: 00 00 00 00 00 00 00 00 00 00 00 00 00 00 00 00 00 00 00 00 ]]
[[ DATA: 00 00 00 00 00 00 00 00 00 00 00 00 00 00 00 00 00 00 00 00 ]]
[[ DATA: 00 00 00 00 00 00 00 00 00 00 00 00 00 00 00 00 00 00 00 00 ]]
[[ DATA: 00 00 00 00 00 00 00 00 00 00 00 00 00 00 00 00 00 00 00 00 ]]
[[ DATA: 00 00 00 00 00 00 00 00 00 00 00 00 00 00 00 00 00 00 00 00 ]]
[[ DATA: 00 00 00 00 00 00 00 00 00 00 00 00 00 00 00 00 00 00 00 00 ]]
[[ DATA: 00 00 00 00 00 00 00 00 00 00 00 00 00 00 00 00 00 00 00 00 ]]
[[ DATA: 00 00 00 00 00 00 00 00 00 00 00 00 00 00 00 00 00 00 00 00 ]]
[[ DATA: 00 00 00 00 00 00 00 00 00 00 00 00 00 00 00 00 00 00 00 00 ]]
[[ DATA: 00 00 00 00 00 00 00 00 00 00 00 00 00 00 00 00 00 00 00 00 ]]
[[ DATA: 00 00 00 00 00 00 00 00 00 00 00 00 00 00 00 00 00 00 00 00 ]]
[[ DATA: 00 00 00 00 00 00 00 00 00 00 00 00 00 00 00 00 00 00 00 00 ]]
[[ DATA: 00 00 00 00 00 00 00 00 00 00 00 00 00 00 00 00 00 00 00 00 ]]
[[ DATA: 00 00 00 00 00 00 00 00 00 00 00 00 00 00 00 00 00 00 00 00 ]]
[[ DATA: 00 00 00 00 00 00 00 00 00 00 00 00 00 00 00 00 00 00 00 00 ]]
[[ DATA: 00 00 00 00 00 00 00 00 00 00 00 00 00 00 00 00 00 00 00 00 ]]
[[ DATA: 00 00 00 00 00 00 00 00 00 00 00 00 00 00 00 00 00 00 00 00 ]]
[[ DATA: 00 00 00 00 00 00 00 00 00 00 00 00 00 00 00 00 00 00 00 00 ]]
[[ DATA: 00 00 00 00 00 00 00 00 00 00 00 00 00 00 00 00 00 00 00 00 ]]
[[ DATA: 00 00 00 00 00 00 00 00 00 00 00 00 00 00 00 00 00 00 00 00 ]]
[[ DATA: 00 00 00 00 00 00 00 00 00 00 00 00 00 00 00 00 00 00 00 00 ]]
[[ DATA: 00 00 00 00 00 00 00 00 00 00 00 00 00 00 00 00 00 00 00 00 ]]
[[ DATA: 00 00 00 00 00 00 00 00 00 00 00 00 00 00 00 00 00 00 00 00 ]]
[[ DATA: 00 00 00 00 00 00 00 00 00 00 00 00 00 00 00 00 00 00 00 00 ]]
[[ DATA: 00 00 00 00 00 00 00 00 00 00 00 00 00 00 00 00 00 00 00 00 ]]
[[ DATA: 00 00 00 00 00 00 00 00 00 00 00 00 D4 D3 D2 D1 ]]

[[ DevAlert Data Ended. Checksum: 27594 ]]

[[ DevAlert Data Begins ]]
[[ DATA: D1 D2 D3 D4 F0 0F 01 00 71 83 01 00 07 00 07 00 02 00 00 00 ]]
[[ DATA: 20 00 20 00 10 00 00 00 80 03 00 00 24 44 55 4D 4D 59 5F 53 ]]
[[ DATA: 45 53 53 49 4F 4E 5F 49 44 00 00 00 00 00 00 00 00 00 00 00 ]]
[[ DATA: 00 00 00 00 24 44 55 4D 4D 59 5F 44 45 56 49 43 45 5F 49 44 ]]
[[ DATA: 00 00 00 00 00 00 00 00 00 00 00 00 00 00 00 00 64 66 6D 5F ]]
[[ DATA: 74 72 61 63 65 2E 70 73 66 73 00 00 00 00 00 00 00 00 00 00 ]]
[[ DATA: 00 00 00 00 00 00 00 00 00 00 00 00 00 00 00 00 00 00 00 00 ]]
[[ DATA: 00 00 00 00 00 00 00 00 00 00 00 00 00 00 00 00 00 00 00 00 ]]
[[ DATA: 00 00 00 00 00 00 00 00 00 00 00 00 00 00 00 00 00 00 00 00 ]]
[[ DATA: 00 00 00 00 00 00 00 00 00 00 00 00 00 00 00 00 00 00 00 00 ]]
[[ DATA: 00 00 00 00 00 00 00 00 00 00 00 00 00 00 00 00 00 00 00 00 ]]
[[ DATA: 00 00 00 00 00 00 00 00 00 00 00 00 00 00 00 00 00 00 00 00 ]]
[[ DATA: 00 00 00 00 00 00 00 00 00 00 00 00 00 00 00 00 00 00 00 00 ]]
[[ DATA: 00 00 00 00 00 00 00 00 00 00 00 00 00 00 00 00 00 00 00 00 ]]
[[ DATA: 00 00 00 00 00 00 00 00 00 00 00 00 00 00 00 00 00 00 00 00 ]]
[[ DATA: 00 00 00 00 00 00 00 00 00 00 00 00 00 00 00 00 00 00 00 00 ]]
[[ DATA: 00 00 00 00 00 00 00 00 00 00 00 00 00 00 00 00 00 00 00 00 ]]
[[ DATA: 00 00 00 00 00 00 00 00 00 00 00 00 00 00 00 00 00 00 00 00 ]]
[[ DATA: 00 00 00 00 00 00 00 00 00 00 00 00 00 00 00 00 00 00 00 00 ]]
[[ DATA: 00 00 00 00 00 00 00 00 00 00 00 00 00 00 00 00 00 00 00 00 ]]
[[ DATA: 00 00 00 00 00 00 00 00 00 00 00 00 00 00 00 00 00 00 00 00 ]]
[[ DATA: 00 00 00 00 00 00 00 00 00 00 00 00 00 00 00 00 00 00 00 00 ]]
[[ DATA: 00 00 00 00 00 00 00 00 00 00 00 00 00 00 00 00 00 00 00 00 ]]
[[ DATA: 00 00 00 00 00 00 00 00 00 00 00 00 00 00 00 00 00 00 00 00 ]]
[[ DATA: 00 00 00 00 00 00 00 00 00 00 00 00 00 00 00 00 00 00 00 00 ]]
[[ DATA: 00 00 00 00 00 00 00 00 00 00 00 00 00 00 00 00 00 00 00 00 ]]
[[ DATA: 00 00 00 00 00 00 00 00 00 00 00 00 00 00 00 00 00 00 00 00 ]]
[[ DATA: 00 00 00 00 00 00 00 00 00 00 00 00 00 00 00 00 00 00 00 00 ]]
[[ DATA: 00 00 00 00 00 00 00 00 00 00 00 00 00 00 00 00 00 00 00 00 ]]
[[ DATA: 00 00 00 00 00 00 00 00 00 00 00 00 00 00 00 00 00 00 00 00 ]]
[[ DATA: 00 00 00 00 00 00 00 00 00 00 00 00 00 00 00 00 00 00 00 00 ]]
[[ DATA: 00 00 00 00 00 00 00 00 00 00 00 00 00 00 00 00 00 00 00 00 ]]
[[ DATA: 00 00 00 00 00 00 00 00 00 00 00 00 00 00 00 00 00 00 00 00 ]]
[[ DATA: 00 00 00 00 00 00 00 00 00 00 00 00 00 00 00 00 00 00 00 00 ]]
[[ DATA: 00 00 00 00 00 00 00 00 00 00 00 00 00 00 00 00 00 00 00 00 ]]
[[ DATA: 00 00 00 00 00 00 00 00 00 00 00 00 00 00 00 00 00 00 00 00 ]]
[[ DATA: 00 00 00 00 00 00 00 00 00 00 00 00 00 00 00 00 00 00 00 00 ]]
[[ DATA: 00 00 00 00 00 00 00 00 00 00 00 00 00 00 00 00 00 00 00 00 ]]
[[ DATA: 00 00 00 00 00 00 00 00 00 00 00 00 00 00 00 00 00 00 00 00 ]]
[[ DATA: 00 00 00 00 00 00 00 00 00 00 00 00 00 00 00 00 00 00 00 00 ]]
[[ DATA: 00 00 00 00 00 00 00 00 00 00 00 00 00 00 00 00 00 00 00 00 ]]
[[ DATA: 00 00 00 00 00 00 00 00 00 00 00 00 00 00 00 00 00 00 00 00 ]]
[[ DATA: 00 00 00 00 00 00 00 00 00 00 00 00 00 00 00 00 00 00 00 00 ]]
[[ DATA: 00 00 00 00 00 00 00 00 00 00 00 00 00 00 00 00 00 00 00 00 ]]
[[ DATA: 00 00 00 00 00 00 00 00 00 00 00 00 00 00 00 00 00 00 00 00 ]]
[[ DATA: 00 00 00 00 00 00 00 00 00 00 00 00 00 00 00 00 00 00 00 00 ]]
[[ DATA: 00 00 00 00 00 00 00 00 00 00 00 00 00 00 00 00 00 00 00 00 ]]
[[ DATA: 00 00 00 00 00 00 00 00 00 00 00 00 00 00 00 00 00 00 00 00 ]]
[[ DATA: 00 00 00 00 00 00 00 00 00 00 00 00 00 00 00 00 00 00 00 00 ]]
[[ DATA: 00 00 00 00 00 00 00 00 00 00 00 00 0A 0B 0C 0D 71 72 73 74 ]]
[[ DATA: F1 F2 F3 F4 00 00 00 00 D4 D3 D2 D1 ]]

[[ DevAlert Data Ended. Checksum: 35386 ]]
DFMT:CHECK:1006:PASS:HANDLER_MODE
DFMT:CHECK:1006:PASS:ISR_RETURNED

[[ DevAlert Data Begins ]]
[[ DATA: D1 D2 D3 D4 F0 0F 01 00 12 15 00 00 01 00 01 00 03 00 00 00 ]]
[[ DATA: 20 00 20 00 68 00 00 00 0C 01 00 00 24 44 55 4D 4D 59 5F 53 ]]
[[ DATA: 45 53 53 49 4F 4E 5F 49 44 00 00 00 00 00 00 00 00 00 00 00 ]]
[[ DATA: 00 00 00 00 24 44 55 4D 4D 59 5F 44 45 56 49 43 45 5F 49 44 ]]
[[ DATA: 00 00 00 00 00 00 00 00 00 00 00 00 00 00 00 00 54 65 73 74 ]]
[[ DATA: 20 31 30 30 36 42 20 61 74 20 74 65 73 74 5F 63 6F 6E 74 65 ]]
[[ DATA: 78 74 73 2E 63 3A 37 39 00 00 00 00 00 00 00 00 00 00 00 00 ]]
[[ DATA: 00 00 00 00 00 00 00 00 00 00 00 00 00 00 00 00 00 00 00 00 ]]
[[ DATA: 00 00 00 00 00 00 00 00 00 00 00 00 00 00 00 00 00 00 00 00 ]]
[[ DATA: 00 00 00 00 00 00 00 00 00 00 00 00 00 00 00 00 00 00 00 00 ]]
[[ DATA: 50 44 66 6D F0 0F 03 48 08 04 68 00 01 00 00 00 EE 03 00 00 ]]
[[ DATA: 01 00 00 00 A5 01 00 00 07 00 00 00 18 54 00 20 02 00 00 00 ]]
[[ DATA: 28 06 00 00 04 00 00 00 4F 00 00 00 00 00 00 00 00 00 00 00 ]]
[[ DATA: 00 00 00 00 00 00 00 00 00 00 00 00 00 00 00 00 00 00 00 00 ]]
[[ DATA: 00 00 00 00 42 75 69 6C 64 2D 4D 33 2D 4F 73 00 00 00 00 00 ]]
[[ DATA: 00 00 00 00 00 00 00 00 00 00 00 00 00 00 00 00 00 00 00 00 ]]
[[ DATA: 00 00 00 00 00 00 00 00 00 00 00 00 00 00 00 00 00 00 00 00 ]]
[[ DATA: 00 00 00 00 00 00 00 00 00 00 00 00 00 00 00 00 54 65 73 74 ]]
[[ DATA: 20 31 30 30 36 42 20 61 74 20 74 65 73 74 5F 63 6F 6E 74 65 ]]
[[ DATA: 78 74 73 2E 63 3A 37 39 00 00 00 00 00 00 00 00 00 00 00 00 ]]
[[ DATA: 00 00 00 00 00 00 00 00 00 00 00 00 00 00 00 00 00 00 00 00 ]]
[[ DATA: 00 00 00 00 00 00 00 00 00 00 00 00 00 00 00 00 00 00 00 00 ]]
[[ DATA: 00 00 00 00 00 00 00 00 00 00 00 00 00 00 00 00 00 00 00 00 ]]
[[ DATA: 6D 66 44 50 00 00 00 00 D4 D3 D2 D1 ]]

[[ DevAlert Data Ended. Checksum: 12890 ]]

[[ DevAlert Data Begins ]]
[[ DATA: D1 D2 D3 D4 F0 0F 01 00 18 46 01 00 01 00 01 00 03 00 00 00 ]]
[[ DATA: 20 00 20 00 10 00 00 00 24 00 00 00 24 44 55 4D 4D 59 5F 53 ]]
[[ DATA: 45 53 53 49 4F 4E 5F 49 44 00 00 00 00 00 00 00 00 00 00 00 ]]
[[ DATA: 00 00 00 00 24 44 55 4D 4D 59 5F 44 45 56 49 43 45 5F 49 44 ]]
[[ DATA: 00 00 00 00 00 00 00 00 00 00 00 00 00 00 00 00 74 72 61 70 ]]
[[ DATA: 2E 7A 70 72 00 2E 70 73 66 73 00 00 50 44 61 50 F0 0F 03 10 ]]
[[ DATA: E3 01 00 00 74 72 61 70 2E 7A 70 72 00 00 00 00 00 00 00 00 ]]
[[ DATA: 50 61 44 50 00 00 00 00 D4 D3 D2 D1 ]]

[[ DevAlert Data Ended. Checksum: 4414 ]]

[[ DevAlert Data Begins ]]
[[ DATA: D1 D2 D3 D4 F0 0F 01 00 71 83 01 00 01 00 01 00 03 00 00 00 ]]
[[ DATA: 20 00 20 00 10 00 00 00 E3 01 00 00 24 44 55 4D 4D 59 5F 53 ]]
[[ DATA: 45 53 53 49 4F 4E 5F 49 44 00 00 00 00 00 00 00 00 00 00 00 ]]
[[ DATA: 00 00 00 00 24 44 55 4D 4D 59 5F 44 45 56 49 43 45 5F 49 44 ]]
[[ DATA: 00 00 00 00 00 00 00 00 00 00 00 00 00 00 00 00 74 72 61 70 ]]
[[ DATA: 2E 7A 70 72 00 2E 70 73 66 73 00 00 5A 45 02 00 03 00 05 00 ]]
[[ DATA: 0D D0 00 00 41 03 00 4C 00 22 00 00 00 32 E4 00 08 00 00 00 ]]
[[ DATA: 00 00 00 00 00 19 E4 00 08 AF 87 00 08 EE 81 00 08 00 00 00 ]]
[[ DATA: 29 18 54 00 20 08 0E 00 20 00 00 00 00 C7 38 00 20 40 E0 00 ]]
[[ DATA: 08 D0 0D 00 20 EE 03 00 00 FF FF FF FF FF FF FF FF 01 00 00 ]]
[[ DATA: 00 30 00 00 00 4D 01 00 50 0B 00 20 10 0C 00 20 CC 2C 00 20 ]]
[[ DATA: 84 38 00 20 00 00 00 00 01 00 00 FF 80 00 00 00 00 00 00 00 ]]
[[ DATA: 00 00 00 00 00 00 00 00 00 00 00 00 00 00 00 00 19 A3 00 08 ]]
[[ DATA: 00 00 00 00 00 00 00 00 6C 38 00 20 0D 04 00 00 E8 03 00 00 ]]
[[ DATA: 00 00 00 00 08 00 00 00 FF FF FF FF FF FF FF FF 38 54 00 20 ]]
[[ DATA: 00 00 00 00 A8 0B 00 20 A8 0B 00 20 05 8A 00 08 00 00 00 00 ]]
[[ DATA: 00 00 00 00 00 00 00 00 00 00 00 00 6D 61 69 6E 00 00 00 00 ]]
[[ DATA: 00 00 00 00 00 00 00 00 00 00 00 00 00 00 00 00 00 00 00 00 ]]
[[ DATA: 00 00 00 00 C8 50 00 20 00 04 00 00 10 00 00 00 00 00 00 00 ]]
[[ DATA: B8 54 00 20 00 00 00 00 00 00 00 00 00 00 00 00 00 00 00 00 ]]
[[ DATA: 00 00 00 00 F5 FF FF FF 4D 01 00 18 54 00 20 C8 54 00 20 22 ]]
[[ DATA: 00 00 00 32 E4 00 08 4F 00 00 00 E4 0D 00 20 00 00 00 00 CD ]]
[[ DATA: 1D 00 08 E8 E6 00 08 70 E0 00 08 00 00 00 00 39 14 00 08 02 ]]
[[ DATA: 00 00 00 01 00 00 00 5D E7 8F 09 03 00 00 00 EE 03 00 00 02 ]]
[[ DATA: 00 00 00 01 00 00 00 00 00 00 00 00 00 00 00 00 FE D0 D5 00 ]]
[[ DATA: 00 00 00 54 DF 00 08 54 DF 00 08 54 DF 00 08 00 00 00 00 00 ]]
[[ DATA: 00 00 00 08 00 00 00 F7 8A 00 08 AA AA AA AA AA AA AA AA AA ]]
[[ DATA: AA AA AA AA AA AA AA 05 8A 00 08 00 00 00 00 B8 54 00 20 05 ]]
[[ DATA: 8A 00 08 00 00 00 00 87 2B 00 08 00 00 00 00 B9 36 00 08 AA ]]
[[ DATA: AA AA AA AA AA AA AA 50 0B 00 20 00 00 00 00 D4 D3 D2 D1 ]]

[[ DevAlert Data Ended. Checksum: 13220 ]]

[[ DevAlert Data Begins ]]
[[ DATA: D1 D2 D3 D4 F0 0F 01 00 18 46 02 00 01 00 01 00 03 00 00 00 ]]
[[ DATA: 20 00 20 00 10 00 00 00 24 00 00 00 24 44 55 4D 4D 59 5F 53 ]]
[[ DATA: 45 53 53 49 4F 4E 5F 49 44 00 00 00 00 00 00 00 00 00 00 00 ]]
[[ DATA: 00 00 00 00 24 44 55 4D 4D 59 5F 44 45 56 49 43 45 5F 49 44 ]]
[[ DATA: 00 00 00 00 00 00 00 00 00 00 00 00 00 00 00 00 64 66 6D 5F ]]
[[ DATA: 74 72 61 63 65 2E 70 73 66 73 00 00 50 44 61 50 F0 0F 03 10 ]]
[[ DATA: F0 1A 00 00 64 66 6D 5F 74 72 61 63 65 2E 70 73 66 73 00 00 ]]
[[ DATA: 50 61 44 50 00 00 00 00 D4 D3 D2 D1 ]]

[[ DevAlert Data Ended. Checksum: 64276 ]]

[[ DevAlert Data Begins ]]
[[ DATA: D1 D2 D3 D4 F0 0F 01 00 71 83 02 00 01 00 07 00 03 00 00 00 ]]
[[ DATA: 20 00 20 00 10 00 00 00 E8 03 00 00 24 44 55 4D 4D 59 5F 53 ]]
[[ DATA: 45 53 53 49 4F 4E 5F 49 44 00 00 00 00 00 00 00 00 00 00 00 ]]
[[ DATA: 00 00 00 00 24 44 55 4D 4D 59 5F 44 45 56 49 43 45 5F 49 44 ]]
[[ DATA: 00 00 00 00 00 00 00 00 00 00 00 00 00 00 00 00 64 66 6D 5F ]]
[[ DATA: 74 72 61 63 65 2E 70 73 66 73 00 00 30 1A 00 20 00 00 00 00 ]]
[[ DATA: 05 06 07 08 75 76 77 78 F5 F6 F7 F8 00 46 53 50 0E 00 A9 9A ]]
[[ DATA: 00 00 00 00 01 03 00 00 00 00 00 00 00 00 03 04 5A 65 70 68 ]]
[[ DATA: 79 72 00 00 01 00 00 00 00 71 02 00 00 68 89 09 00 00 00 00 ]]
[[ DATA: E8 03 00 00 6C 45 73 0B 00 00 00 00 38 00 00 00 1C 00 00 00 ]]
[[ DATA: 03 00 00 00 AC 0F 00 20 63 00 04 04 88 01 00 00 3A 01 00 00 ]]
[[ DATA: 00 00 00 40 73 79 73 63 61 6C 6C 73 00 00 00 00 00 00 00 00 ]]
[[ DATA: 00 00 00 00 00 00 00 00 00 00 00 00 00 00 00 00 00 00 00 00 ]]
[[ DATA: 00 00 00 00 00 00 00 00 00 00 00 00 00 00 00 00 00 00 00 00 ]]
[[ DATA: 00 00 00 00 00 00 00 00 00 00 00 00 00 00 00 00 00 00 00 00 ]]
[[ DATA: 00 00 00 00 00 00 00 00 00 00 00 00 00 00 00 00 00 00 00 00 ]]
[[ DATA: 00 00 00 00 00 00 00 00 00 00 00 00 00 00 00 00 00 00 00 00 ]]
[[ DATA: 00 00 00 00 00 00 00 00 00 00 00 00 00 00 00 00 00 00 00 00 ]]
[[ DATA: 00 00 00 00 00 00 00 00 00 00 00 00 00 00 00 00 00 00 00 00 ]]
[[ DATA: 00 00 00 00 00 00 00 00 00 00 00 00 00 00 00 00 00 00 00 00 ]]
[[ DATA: 00 00 00 00 00 00 00 00 00 00 00 00 00 00 00 00 00 00 00 00 ]]
[[ DATA: 00 00 00 00 00 00 00 00 00 00 00 00 00 00 00 00 00 00 00 00 ]]
[[ DATA: 00 00 00 00 00 00 00 00 00 00 00 00 00 00 00 00 00 00 00 00 ]]
[[ DATA: 00 00 00 00 00 00 00 00 00 00 00 00 00 00 00 00 00 00 00 00 ]]
[[ DATA: 00 00 00 00 00 00 00 00 00 00 00 00 00 00 00 00 00 00 00 00 ]]
[[ DATA: 00 00 00 00 00 00 00 00 00 00 00 00 00 00 00 00 00 00 00 00 ]]
[[ DATA: 00 00 00 00 00 00 00 00 00 00 00 00 00 00 00 00 00 00 00 00 ]]
[[ DATA: 00 00 00 00 00 00 00 00 00 00 00 00 00 00 00 00 00 00 00 00 ]]
[[ DATA: 00 00 00 00 00 00 00 00 00 00 00 00 00 00 00 00 00 00 00 00 ]]
[[ DATA: 00 00 00 00 00 00 00 00 00 00 00 00 00 00 00 00 00 00 00 00 ]]
[[ DATA: 00 00 00 00 00 00 00 00 00 00 00 00 00 00 00 00 00 00 00 00 ]]
[[ DATA: 00 00 00 00 00 00 00 00 00 00 00 00 00 00 00 00 00 00 00 00 ]]
[[ DATA: 00 00 00 00 00 00 00 00 00 00 00 00 00 00 00 00 00 00 00 00 ]]
[[ DATA: 00 00 00 00 00 00 00 00 00 00 00 00 00 00 00 00 00 00 00 00 ]]
[[ DATA: 00 00 00 00 00 00 00 00 00 00 00 00 00 00 00 00 00 00 00 00 ]]
[[ DATA: 00 00 00 00 00 00 00 00 00 00 00 00 00 00 00 00 00 00 00 00 ]]
[[ DATA: 00 00 00 00 00 00 00 00 00 00 00 00 00 00 00 00 00 00 00 00 ]]
[[ DATA: 00 00 00 00 00 00 00 00 00 00 00 00 00 00 00 00 00 00 00 00 ]]
[[ DATA: 00 00 00 00 00 00 00 00 00 00 00 00 00 00 00 00 00 00 00 00 ]]
[[ DATA: 00 00 00 00 00 00 00 00 00 00 00 00 00 00 00 00 00 00 00 00 ]]
[[ DATA: 00 00 00 00 00 00 00 00 00 00 00 00 00 00 00 00 00 00 00 00 ]]
[[ DATA: 00 00 00 00 00 00 00 00 00 00 00 00 00 00 00 00 00 00 00 00 ]]
[[ DATA: 00 00 00 00 00 00 00 00 00 00 00 00 00 00 00 00 00 00 00 00 ]]
[[ DATA: 00 00 00 00 00 00 00 00 00 00 00 00 00 00 00 00 00 00 00 00 ]]
[[ DATA: 00 00 00 00 00 00 00 00 00 00 00 00 00 00 00 00 00 00 00 00 ]]
[[ DATA: 00 00 00 00 00 00 00 00 00 00 00 00 00 00 00 00 00 00 00 00 ]]
[[ DATA: 00 00 00 00 00 00 00 00 00 00 00 00 00 00 00 00 00 00 00 00 ]]
[[ DATA: 00 00 00 00 00 00 00 00 00 00 00 00 00 00 00 00 00 00 00 00 ]]
[[ DATA: 00 00 00 00 00 00 00 00 00 00 00 00 00 00 00 00 00 00 00 00 ]]
[[ DATA: 00 00 00 00 00 00 00 00 00 00 00 00 00 00 00 00 00 00 00 00 ]]
[[ DATA: 00 00 00 00 00 00 00 00 00 00 00 00 00 00 00 00 00 00 00 00 ]]
[[ DATA: 00 00 00 00 00 00 00 00 00 00 00 00 00 00 00 00 00 00 00 00 ]]
[[ DATA: 00 00 00 00 00 00 00 00 00 00 00 00 00 00 00 00 00 00 00 00 ]]
[[ DATA: 00 00 00 00 00 00 00 00 00 00 00 00 00 00 00 00 00 00 00 00 ]]
[[ DATA: 00 00 00 00 00 00 00 00 00 00 00 00 00 00 00 00 00 00 00 00 ]]
[[ DATA: 00 00 00 00 00 00 00 00 00 00 00 00 D4 D3 D2 D1 ]]

[[ DevAlert Data Ended. Checksum: 6847 ]]

[[ DevAlert Data Begins ]]
[[ DATA: D1 D2 D3 D4 F0 0F 01 00 71 83 02 00 02 00 07 00 03 00 00 00 ]]
[[ DATA: 20 00 20 00 10 00 00 00 E8 03 00 00 24 44 55 4D 4D 59 5F 53 ]]
[[ DATA: 45 53 53 49 4F 4E 5F 49 44 00 00 00 00 00 00 00 00 00 00 00 ]]
[[ DATA: 00 00 00 00 24 44 55 4D 4D 59 5F 44 45 56 49 43 45 5F 49 44 ]]
[[ DATA: 00 00 00 00 00 00 00 00 00 00 00 00 00 00 00 00 64 66 6D 5F ]]
[[ DATA: 74 72 61 63 65 2E 70 73 66 73 00 00 00 00 00 00 00 00 00 00 ]]
[[ DATA: 00 00 00 00 00 00 00 00 00 00 00 00 00 00 00 00 00 00 00 00 ]]
[[ DATA: 00 00 00 00 00 00 00 00 00 00 00 00 00 00 00 00 00 00 00 00 ]]
[[ DATA: 00 00 00 00 00 00 00 00 00 00 00 00 00 00 00 00 00 00 00 00 ]]
[[ DATA: 00 00 00 00 00 00 00 00 00 00 00 00 00 00 00 00 00 00 00 00 ]]
[[ DATA: 00 00 00 00 00 00 00 00 00 00 00 00 00 00 00 00 00 00 00 00 ]]
[[ DATA: 00 00 00 00 00 00 00 00 00 00 00 00 00 00 00 00 00 00 00 00 ]]
[[ DATA: 00 00 00 00 00 00 00 00 00 00 00 00 00 00 00 00 00 00 00 00 ]]
[[ DATA: 00 00 00 00 00 00 00 00 00 00 00 00 00 00 00 00 00 00 00 00 ]]
[[ DATA: 00 00 00 00 00 00 00 00 00 00 00 00 00 00 00 00 00 00 00 00 ]]
[[ DATA: 00 00 00 00 00 00 00 00 00 00 00 00 00 00 00 00 00 00 00 00 ]]
[[ DATA: 00 00 00 00 00 00 00 00 00 00 00 00 00 00 00 00 00 00 00 00 ]]
[[ DATA: 00 00 00 00 00 00 00 00 00 00 00 00 00 00 00 00 00 00 00 00 ]]
[[ DATA: 00 00 00 00 00 00 00 00 00 00 00 00 00 00 00 00 00 00 00 00 ]]
[[ DATA: 00 00 00 00 00 00 00 00 00 00 00 00 00 00 00 00 00 00 00 00 ]]
[[ DATA: 00 00 00 00 00 00 00 00 00 00 00 00 00 00 00 00 00 00 00 00 ]]
[[ DATA: 00 00 00 00 00 00 00 00 00 00 00 00 00 00 00 00 00 00 00 00 ]]
[[ DATA: 00 00 00 00 00 00 00 00 00 00 00 00 00 00 00 00 00 00 00 00 ]]
[[ DATA: 00 00 00 00 00 00 00 00 00 00 00 00 00 00 00 00 00 00 00 00 ]]
[[ DATA: 00 00 00 00 00 00 00 00 00 00 00 00 00 00 00 00 00 00 00 00 ]]
[[ DATA: 00 00 00 00 00 00 00 00 00 00 00 00 00 00 00 00 00 00 00 00 ]]
[[ DATA: 00 00 00 00 00 00 00 00 00 00 00 00 00 00 00 00 00 00 00 00 ]]
[[ DATA: 00 00 00 00 00 00 00 00 00 00 00 00 00 00 00 00 00 00 00 00 ]]
[[ DATA: 00 00 00 00 00 00 00 00 00 00 00 00 00 00 00 00 00 00 00 00 ]]
[[ DATA: 00 00 00 00 00 00 00 00 00 00 00 00 00 00 00 00 00 00 00 00 ]]
[[ DATA: 00 00 00 00 00 00 00 00 00 00 00 00 00 00 00 00 00 00 00 00 ]]
[[ DATA: 00 00 00 00 00 00 00 00 00 00 00 00 00 00 00 00 00 00 00 00 ]]
[[ DATA: 00 00 00 00 00 00 00 00 00 00 00 00 00 00 00 00 00 00 00 00 ]]
[[ DATA: 00 00 00 00 00 00 00 00 00 00 00 00 00 00 00 00 00 00 00 00 ]]
[[ DATA: 00 00 00 00 00 00 00 00 00 00 00 00 00 00 00 00 00 00 00 00 ]]
[[ DATA: 00 00 00 00 00 00 00 00 00 00 00 00 00 00 00 00 00 00 00 00 ]]
[[ DATA: 00 00 00 00 00 00 00 00 00 00 00 00 00 00 00 00 00 00 00 00 ]]
[[ DATA: 00 00 00 00 00 00 00 00 00 00 00 00 00 00 00 00 00 00 00 00 ]]
[[ DATA: 00 00 00 00 00 00 00 00 00 00 00 00 00 00 00 00 00 00 00 00 ]]
[[ DATA: 00 00 00 00 00 00 00 00 00 00 00 00 00 00 00 00 00 00 00 00 ]]
[[ DATA: 00 00 00 00 00 00 00 00 00 00 00 00 00 00 00 00 00 00 00 00 ]]
[[ DATA: 00 00 00 00 00 00 00 00 00 00 00 00 00 00 00 00 00 00 00 00 ]]
[[ DATA: 00 00 00 00 00 00 00 00 00 00 00 00 00 00 00 00 00 00 00 00 ]]
[[ DATA: 00 00 00 00 00 00 00 00 00 00 00 00 00 00 00 00 00 00 00 00 ]]
[[ DATA: 00 00 00 00 00 00 00 00 00 00 00 00 00 00 00 00 00 00 00 00 ]]
[[ DATA: 00 00 00 00 00 00 00 00 00 00 00 00 00 00 00 00 00 00 00 00 ]]
[[ DATA: 00 00 00 00 00 00 00 00 00 00 00 00 00 00 00 00 00 00 00 00 ]]
[[ DATA: 00 00 00 00 00 00 00 00 00 00 00 00 00 00 00 00 00 00 00 00 ]]
[[ DATA: 00 00 00 00 00 00 00 00 00 00 00 00 00 00 00 00 00 00 00 00 ]]
[[ DATA: 00 00 00 00 00 00 00 00 00 00 00 00 00 00 00 00 00 00 00 00 ]]
[[ DATA: 00 00 00 00 00 00 00 00 00 00 00 00 00 00 00 00 00 00 00 00 ]]
[[ DATA: 00 00 00 00 00 00 00 00 00 00 00 00 00 00 00 00 00 00 00 00 ]]
[[ DATA: 00 00 00 00 00 00 00 00 00 00 00 00 00 00 00 00 00 00 00 00 ]]
[[ DATA: 00 00 00 00 00 00 00 00 00 00 00 00 00 00 00 00 00 00 00 00 ]]
[[ DATA: 00 00 00 00 00 00 00 00 00 00 00 00 00 00 00 00 00 00 00 00 ]]
[[ DATA: 00 00 00 00 00 00 00 00 00 00 00 00 D4 D3 D2 D1 ]]

[[ DevAlert Data Ended. Checksum: 6284 ]]

[[ DevAlert Data Begins ]]
[[ DATA: D1 D2 D3 D4 F0 0F 01 00 71 83 02 00 03 00 07 00 03 00 00 00 ]]
[[ DATA: 20 00 20 00 10 00 00 00 E8 03 00 00 24 44 55 4D 4D 59 5F 53 ]]
[[ DATA: 45 53 53 49 4F 4E 5F 49 44 00 00 00 00 00 00 00 00 00 00 00 ]]
[[ DATA: 00 00 00 00 24 44 55 4D 4D 59 5F 44 45 56 49 43 45 5F 49 44 ]]
[[ DATA: 00 00 00 00 00 00 00 00 00 00 00 00 00 00 00 00 64 66 6D 5F ]]
[[ DATA: 74 72 61 63 65 2E 70 73 66 73 00 00 00 00 00 00 00 00 00 00 ]]
[[ DATA: 00 00 00 00 00 00 00 00 00 00 00 00 00 00 00 00 00 00 00 00 ]]
[[ DATA: 00 00 00 00 00 00 00 00 00 00 00 00 00 00 00 00 00 00 00 00 ]]
[[ DATA: 00 00 00 00 00 00 00 00 00 00 00 00 00 00 00 00 00 00 00 00 ]]
[[ DATA: 00 00 00 00 00 00 00 00 00 00 00 00 00 00 00 00 00 00 00 00 ]]
[[ DATA: 00 00 00 00 00 00 00 00 00 00 00 00 00 00 00 00 00 00 00 00 ]]
[[ DATA: 00 00 00 00 00 00 00 00 00 00 00 00 00 00 00 00 00 00 00 00 ]]
[[ DATA: 00 00 00 00 00 00 00 00 00 00 00 00 00 00 00 00 00 00 00 00 ]]
[[ DATA: 00 00 00 00 00 00 00 00 00 00 00 00 00 00 00 00 00 00 00 00 ]]
[[ DATA: 00 00 00 00 00 00 00 00 00 00 00 00 00 00 00 00 00 00 00 00 ]]
[[ DATA: 00 00 00 00 00 00 00 00 00 00 00 00 00 00 00 00 00 00 00 00 ]]
[[ DATA: 00 00 00 00 00 00 00 00 00 00 00 00 00 00 00 00 00 00 00 00 ]]
[[ DATA: 00 00 00 00 00 00 00 00 00 00 00 00 00 00 00 00 00 00 00 00 ]]
[[ DATA: 00 00 00 00 00 00 00 00 00 00 00 00 00 00 00 00 00 00 00 00 ]]
[[ DATA: 00 00 00 00 00 00 00 00 00 00 00 00 00 00 00 00 00 00 00 00 ]]
[[ DATA: 00 00 00 00 00 00 00 00 00 00 00 00 00 00 00 00 00 00 00 00 ]]
[[ DATA: 00 00 00 00 00 00 00 00 00 00 00 00 00 00 00 00 00 00 00 00 ]]
[[ DATA: 00 00 00 00 00 00 00 00 00 00 00 00 00 00 00 00 00 00 00 00 ]]
[[ DATA: 00 00 00 00 00 00 00 00 00 00 00 00 00 00 00 00 00 00 00 00 ]]
[[ DATA: 00 00 00 00 00 00 00 00 00 00 00 00 00 00 00 00 00 00 00 00 ]]
[[ DATA: 00 00 00 00 00 00 00 00 00 00 00 00 00 00 00 00 00 00 00 00 ]]
[[ DATA: 00 00 00 00 00 00 00 00 00 00 00 00 00 00 00 00 00 00 00 00 ]]
[[ DATA: 00 00 00 00 00 00 00 00 00 00 00 00 00 00 00 00 00 00 00 00 ]]
[[ DATA: 00 00 00 00 00 00 00 00 00 00 00 00 00 00 00 00 00 00 00 00 ]]
[[ DATA: 00 00 00 00 00 00 00 00 00 00 00 00 00 00 00 00 00 00 00 00 ]]
[[ DATA: 00 00 00 00 0C 19 00 20 00 00 00 00 00 00 00 00 00 00 00 00 ]]
[[ DATA: 00 00 00 00 44 46 4D 20 54 65 73 74 73 00 00 00 00 00 00 00 ]]
[[ DATA: 00 00 00 00 00 00 00 00 00 00 00 00 3C 19 00 20 00 00 00 00 ]]
[[ DATA: 00 00 00 00 00 00 00 00 00 00 00 00 41 4C 45 52 54 00 00 00 ]]
[[ DATA: 00 00 00 00 00 00 00 00 00 00 00 00 00 00 00 00 00 00 00 00 ]]
[[ DATA: CC 2C 00 20 00 00 00 00 00 00 00 00 00 00 00 00 00 00 00 00 ]]
[[ DATA: 54 7A 43 74 72 6C 00 00 00 00 00 00 00 00 00 00 00 00 00 00 ]]
[[ DATA: 00 00 00 00 00 00 00 00 F0 0C 00 20 FF FF FF FF 00 00 00 00 ]]
[[ DATA: 00 00 00 00 00 00 00 00 73 79 73 77 6F 72 6B 71 00 00 00 00 ]]
[[ DATA: 00 00 00 00 00 00 00 00 00 00 00 00 00 00 00 00 90 0A 00 20 ]]
[[ DATA: 0F 00 00 00 00 00 00 00 00 00 00 00 00 00 00 00 69 64 6C 65 ]]
[[ DATA: 00 00 00 00 00 00 00 00 00 00 00 00 00 00 00 00 00 00 00 00 ]]
[[ DATA: 00 00 00 00 50 0B 00 20 00 00 00 00 00 00 00 00 00 00 00 00 ]]
[[ DATA: 00 00 00 00 6D 61 69 6E 00 00 00 00 00 00 00 00 00 00 00 00 ]]
[[ DATA: 00 00 00 00 00 00 00 00 00 00 00 00 00 10 00 00 C0 03 00 00 ]]
[[ DATA: 00 00 00 00 D4 0F 00 00 01 00 00 00 00 00 00 00 D4 0F 00 00 ]]
[[ DATA: 00 00 00 00 C0 03 00 00 00 00 00 00 00 00 00 00 5C 1A 00 20 ]]
[[ DATA: 01 10 01 00 E1 12 00 00 02 00 00 00 10 30 02 00 D5 52 00 00 ]]
[[ DATA: 50 0B 00 20 00 04 00 00 00 00 00 00 30 10 03 00 0F 57 00 00 ]]
[[ DATA: 50 0B 00 20 10 30 04 00 35 72 00 00 90 0A 00 20 40 01 00 00 ]]
[[ DATA: 0F 00 00 00 37 20 05 00 DF 76 00 00 50 0B 00 20 00 00 00 00 ]]
[[ DATA: 2F 51 06 00 54 7A 00 00 F0 0C 00 20 C8 54 00 20 00 04 00 00 ]]
[[ DATA: FF FF FF FF C8 E3 00 08 10 30 07 00 3F B6 00 00 F0 0C 00 20 ]]
[[ DATA: 00 04 00 00 FF FF FF FF 5D 11 08 00 1E BF 00 00 F0 0C 00 20 ]]
[[ DATA: 30 10 09 00 3B C2 00 00 F0 0C 00 20 37 20 0A 00 4A CB 00 00 ]]
[[ DATA: F0 0C 00 20 FF FF FF FF 37 20 0B 00 D4 D3 D2 D1 ]]

[[ DevAlert Data Ended. Checksum: 33368 ]]

[[ DevAlert Data Begins ]]
[[ DATA: D1 D2 D3 D4 F0 0F 01 00 71 83 02 00 04 00 07 00 03 00 00 00 ]]
[[ DATA: 20 00 20 00 10 00 00 00 E8 03 00 00 24 44 55 4D 4D 59 5F 53 ]]
[[ DATA: 45 53 53 49 4F 4E 5F 49 44 00 00 00 00 00 00 00 00 00 00 00 ]]
[[ DATA: 00 00 00 00 24 44 55 4D 4D 59 5F 44 45 56 49 43 45 5F 49 44 ]]
[[ DATA: 00 00 00 00 00 00 00 00 00 00 00 00 00 00 00 00 64 66 6D 5F ]]
[[ DATA: 74 72 61 63 65 2E 70 73 66 73 00 00 CB D6 00 00 50 0B 00 20 ]]
[[ DATA: 00 00 00 00 2E 11 0C 00 3A D9 00 00 F0 0C 00 20 10 30 0D 00 ]]
[[ DATA: B5 15 01 00 CC 2C 00 20 00 04 00 00 00 00 00 00 5D 11 0E 00 ]]
[[ DATA: 30 18 01 00 CC 2C 00 20 30 10 0F 00 14 1B 01 00 CC 2C 00 20 ]]
[[ DATA: 03 30 10 00 ED ED 06 00 3C 19 00 20 41 4C 45 52 54 00 64 66 ]]
[[ DATA: 91 90 11 00 37 F2 06 00 3C 19 00 20 54 65 73 74 20 31 30 30 ]]
[[ DATA: 35 20 61 74 20 74 65 73 74 5F 63 6F 6E 74 65 78 74 73 2E 63 ]]
[[ DATA: 3A 34 38 00 2A 10 12 00 70 23 5A 00 E8 03 00 00 37 20 13 00 ]]
[[ DATA: 1F 31 5A 00 CC 2C 00 20 00 00 00 00 EA 20 14 00 D5 47 5A 00 ]]
[[ DATA: 50 0B 00 20 6C 02 00 00 2A 10 15 00 03 4A 5A 00 FA 00 00 00 ]]
[[ DATA: 37 20 16 00 CE 53 5A 00 90 0A 00 20 0F 00 00 00 30 10 17 00 ]]
[[ DATA: 25 B3 BC 02 CC 2C 00 20 37 20 18 00 10 BD BC 02 CC 2C 00 20 ]]
[[ DATA: 00 00 00 00 2B 10 19 00 7C C0 BC 02 00 00 00 00 EA 20 1A 00 ]]
[[ DATA: F4 CA BC 02 90 0A 00 20 F4 00 00 00 2A 10 1B 00 11 CD BC 02 ]]
[[ DATA: FA 00 00 00 37 20 1C 00 E7 D6 BC 02 90 0A 00 20 0F 00 00 00 ]]
[[ DATA: 30 10 1D 00 F7 7D 21 05 CC 2C 00 20 37 20 1E 00 B5 87 21 05 ]]
[[ DATA: CC 2C 00 20 00 00 00 00 2B 10 1F 00 F5 8A 21 05 00 00 00 00 ]]
[[ DATA: EA 20 20 00 69 A5 21 05 F0 0C 00 20 F4 02 00 00 2A 10 21 00 ]]
[[ DATA: 80 A7 21 05 FA 00 00 00 37 20 22 00 50 B1 21 05 90 0A 00 20 ]]
[[ DATA: 0F 00 00 00 30 10 23 00 F7 48 86 07 CC 2C 00 20 37 20 24 00 ]]
[[ DATA: B5 52 86 07 CC 2C 00 20 00 00 00 00 2B 10 25 00 F5 55 86 07 ]]
[[ DATA: 00 00 00 00 EA 20 26 00 A9 72 86 07 CC 2C 00 20 3C 03 00 00 ]]
[[ DATA: 2A 10 27 00 C0 74 86 07 FA 00 00 00 37 20 28 00 78 7D 86 07 ]]
[[ DATA: 90 0A 00 20 0F 00 00 00 30 10 29 00 F7 C0 E3 09 50 0B 00 20 ]]
[[ DATA: 37 20 2A 00 B5 CA E3 09 50 0B 00 20 00 00 00 00 2B 10 2B 00 ]]
[[ DATA: F5 CD E3 09 00 00 00 00 30 10 2C 00 30 14 EB 09 CC 2C 00 20 ]]
[[ DATA: 03 40 2D 00 C0 87 EF 09 0C 19 00 20 44 46 4D 20 54 65 73 74 ]]
[[ DATA: 73 00 54 52 92 50 2E 00 CB 2D F3 09 0C 19 00 20 EE 03 00 00 ]]
[[ DATA: 54 25 75 20 42 45 47 49 4E 00 44 46 61 30 2F 00 F2 31 F3 09 ]]
[[ DATA: B0 00 00 20 00 00 00 00 00 00 00 00 92 90 30 00 9C 36 F3 09 ]]
[[ DATA: 0C 19 00 20 0B 00 00 00 54 31 30 30 36 41 20 43 54 58 20 48 ]]
[[ DATA: 61 6E 64 6C 65 72 20 49 50 53 52 3D 25 75 00 54 91 A0 31 00 ]]
[[ DATA: 1B 48 F3 09 3C 19 00 20 54 65 73 74 20 31 30 30 36 41 20 61 ]]
[[ DATA: 74 20 74 65 73 74 5F 63 6F 6E 74 65 78 74 73 2E 63 3A 36 34 ]]
[[ DATA: 00 00 00 00 51 20 32 00 C3 57 6F 0B B0 00 00 20 00 00 00 00 ]]
[[ DATA: 92 B0 33 00 39 5C 6F 0B 0C 19 00 20 0B 00 00 00 54 31 30 30 ]]
[[ DATA: 36 42 20 52 45 54 55 52 4E 20 66 69 72 73 74 20 74 72 61 70 ]]
[[ DATA: 3B 20 49 50 53 52 3D 25 75 00 48 41 91 A0 34 00 6C 45 73 0B ]]
[[ DATA: 3C 19 00 20 54 65 73 74 20 31 30 30 36 42 20 61 74 20 74 65 ]]
[[ DATA: 73 74 5F 63 6F 6E 74 65 78 74 73 2E 63 3A 37 39 00 00 00 00 ]]
[[ DATA: 00 00 00 00 00 00 00 00 00 00 00 00 00 00 00 00 00 00 00 00 ]]
[[ DATA: 00 00 00 00 00 00 00 00 00 00 00 00 00 00 00 00 00 00 00 00 ]]
[[ DATA: 00 00 00 00 00 00 00 00 00 00 00 00 00 00 00 00 00 00 00 00 ]]
[[ DATA: 00 00 00 00 00 00 00 00 00 00 00 00 00 00 00 00 00 00 00 00 ]]
[[ DATA: 00 00 00 00 00 00 00 00 00 00 00 00 00 00 00 00 00 00 00 00 ]]
[[ DATA: 00 00 00 00 00 00 00 00 00 00 00 00 00 00 00 00 00 00 00 00 ]]
[[ DATA: 00 00 00 00 00 00 00 00 00 00 00 00 00 00 00 00 00 00 00 00 ]]
[[ DATA: 00 00 00 00 00 00 00 00 00 00 00 00 00 00 00 00 00 00 00 00 ]]
[[ DATA: 00 00 00 00 00 00 00 00 00 00 00 00 00 00 00 00 00 00 00 00 ]]
[[ DATA: 00 00 00 00 00 00 00 00 00 00 00 00 00 00 00 00 00 00 00 00 ]]
[[ DATA: 00 00 00 00 00 00 00 00 00 00 00 00 D4 D3 D2 D1 ]]

[[ DevAlert Data Ended. Checksum: 52703 ]]

[[ DevAlert Data Begins ]]
[[ DATA: D1 D2 D3 D4 F0 0F 01 00 71 83 02 00 05 00 07 00 03 00 00 00 ]]
[[ DATA: 20 00 20 00 10 00 00 00 E8 03 00 00 24 44 55 4D 4D 59 5F 53 ]]
[[ DATA: 45 53 53 49 4F 4E 5F 49 44 00 00 00 00 00 00 00 00 00 00 00 ]]
[[ DATA: 00 00 00 00 24 44 55 4D 4D 59 5F 44 45 56 49 43 45 5F 49 44 ]]
[[ DATA: 00 00 00 00 00 00 00 00 00 00 00 00 00 00 00 00 64 66 6D 5F ]]
[[ DATA: 74 72 61 63 65 2E 70 73 66 73 00 00 00 00 00 00 00 00 00 00 ]]
[[ DATA: 00 00 00 00 00 00 00 00 00 00 00 00 00 00 00 00 00 00 00 00 ]]
[[ DATA: 00 00 00 00 00 00 00 00 00 00 00 00 00 00 00 00 00 00 00 00 ]]
[[ DATA: 00 00 00 00 00 00 00 00 00 00 00 00 00 00 00 00 00 00 00 00 ]]
[[ DATA: 00 00 00 00 00 00 00 00 00 00 00 00 00 00 00 00 00 00 00 00 ]]
[[ DATA: 00 00 00 00 00 00 00 00 00 00 00 00 00 00 00 00 00 00 00 00 ]]
[[ DATA: 00 00 00 00 00 00 00 00 00 00 00 00 00 00 00 00 00 00 00 00 ]]
[[ DATA: 00 00 00 00 00 00 00 00 00 00 00 00 00 00 00 00 00 00 00 00 ]]
[[ DATA: 00 00 00 00 00 00 00 00 00 00 00 00 00 00 00 00 00 00 00 00 ]]
[[ DATA: 00 00 00 00 00 00 00 00 00 00 00 00 00 00 00 00 00 00 00 00 ]]
[[ DATA: 00 00 00 00 00 00 00 00 00 00 00 00 00 00 00 00 00 00 00 00 ]]
[[ DATA: 00 00 00 00 00 00 00 00 00 00 00 00 00 00 00 00 00 00 00 00 ]]
[[ DATA: 00 00 00 00 00 00 00 00 00 00 00 00 00 00 00 00 00 00 00 00 ]]
[[ DATA: 00 00 00 00 00 00 00 00 00 00 00 00 00 00 00 00 00 00 00 00 ]]
[[ DATA: 00 00 00 00 00 00 00 00 00 00 00 00 00 00 00 00 00 00 00 00 ]]
[[ DATA: 00 00 00 00 00 00 00 00 00 00 00 00 00 00 00 00 00 00 00 00 ]]
[[ DATA: 00 00 00 00 00 00 00 00 00 00 00 00 00 00 00 00 00 00 00 00 ]]
[[ DATA: 00 00 00 00 00 00 00 00 00 00 00 00 00 00 00 00 00 00 00 00 ]]
[[ DATA: 00 00 00 00 00 00 00 00 00 00 00 00 00 00 00 00 00 00 00 00 ]]
[[ DATA: 00 00 00 00 00 00 00 00 00 00 00 00 00 00 00 00 00 00 00 00 ]]
[[ DATA: 00 00 00 00 00 00 00 00 00 00 00 00 00 00 00 00 00 00 00 00 ]]
[[ DATA: 00 00 00 00 00 00 00 00 00 00 00 00 00 00 00 00 00 00 00 00 ]]
[[ DATA: 00 00 00 00 00 00 00 00 00 00 00 00 00 00 00 00 00 00 00 00 ]]
[[ DATA: 00 00 00 00 00 00 00 00 00 00 00 00 00 00 00 00 00 00 00 00 ]]
[[ DATA: 00 00 00 00 00 00 00 00 00 00 00 00 00 00 00 00 00 00 00 00 ]]
[[ DATA: 00 00 00 00 00 00 00 00 00 00 00 00 00 00 00 00 00 00 00 00 ]]
[[ DATA: 00 00 00 00 00 00 00 00 00 00 00 00 00 00 00 00 00 00 00 00 ]]
[[ DATA: 00 00 00 00 00 00 00 00 00 00 00 00 00 00 00 00 00 00 00 00 ]]
[[ DATA: 00 00 00 00 00 00 00 00 00 00 00 00 00 00 00 00 00 00 00 00 ]]
[[ DATA: 00 00 00 00 00 00 00 00 00 00 00 00 00 00 00 00 00 00 00 00 ]]
[[ DATA: 00 00 00 00 00 00 00 00 00 00 00 00 00 00 00 00 00 00 00 00 ]]
[[ DATA: 00 00 00 00 00 00 00 00 00 00 00 00 00 00 00 00 00 00 00 00 ]]
[[ DATA: 00 00 00 00 00 00 00 00 00 00 00 00 00 00 00 00 00 00 00 00 ]]
[[ DATA: 00 00 00 00 00 00 00 00 00 00 00 00 00 00 00 00 00 00 00 00 ]]
[[ DATA: 00 00 00 00 00 00 00 00 00 00 00 00 00 00 00 00 00 00 00 00 ]]
[[ DATA: 00 00 00 00 00 00 00 00 00 00 00 00 00 00 00 00 00 00 00 00 ]]
[[ DATA: 00 00 00 00 00 00 00 00 00 00 00 00 00 00 00 00 00 00 00 00 ]]
[[ DATA: 00 00 00 00 00 00 00 00 00 00 00 00 00 00 00 00 00 00 00 00 ]]
[[ DATA: 00 00 00 00 00 00 00 00 00 00 00 00 00 00 00 00 00 00 00 00 ]]
[[ DATA: 00 00 00 00 00 00 00 00 00 00 00 00 00 00 00 00 00 00 00 00 ]]
[[ DATA: 00 00 00 00 00 00 00 00 00 00 00 00 00 00 00 00 00 00 00 00 ]]
[[ DATA: 00 00 00 00 00 00 00 00 00 00 00 00 00 00 00 00 00 00 00 00 ]]
[[ DATA: 00 00 00 00 00 00 00 00 00 00 00 00 00 00 00 00 00 00 00 00 ]]
[[ DATA: 00 00 00 00 00 00 00 00 00 00 00 00 00 00 00 00 00 00 00 00 ]]
[[ DATA: 00 00 00 00 00 00 00 00 00 00 00 00 00 00 00 00 00 00 00 00 ]]
[[ DATA: 00 00 00 00 00 00 00 00 00 00 00 00 00 00 00 00 00 00 00 00 ]]
[[ DATA: 00 00 00 00 00 00 00 00 00 00 00 00 00 00 00 00 00 00 00 00 ]]
[[ DATA: 00 00 00 00 00 00 00 00 00 00 00 00 00 00 00 00 00 00 00 00 ]]
[[ DATA: 00 00 00 00 00 00 00 00 00 00 00 00 00 00 00 00 00 00 00 00 ]]
[[ DATA: 00 00 00 00 00 00 00 00 00 00 00 00 00 00 00 00 00 00 00 00 ]]
[[ DATA: 00 00 00 00 00 00 00 00 00 00 00 00 D4 D3 D2 D1 ]]

[[ DevAlert Data Ended. Checksum: 60974 ]]

[[ DevAlert Data Begins ]]
[[ DATA: D1 D2 D3 D4 F0 0F 01 00 71 83 02 00 06 00 07 00 03 00 00 00 ]]
[[ DATA: 20 00 20 00 10 00 00 00 E8 03 00 00 24 44 55 4D 4D 59 5F 53 ]]
[[ DATA: 45 53 53 49 4F 4E 5F 49 44 00 00 00 00 00 00 00 00 00 00 00 ]]
[[ DATA: 00 00 00 00 24 44 55 4D 4D 59 5F 44 45 56 49 43 45 5F 49 44 ]]
[[ DATA: 00 00 00 00 00 00 00 00 00 00 00 00 00 00 00 00 64 66 6D 5F ]]
[[ DATA: 74 72 61 63 65 2E 70 73 66 73 00 00 00 00 00 00 00 00 00 00 ]]
[[ DATA: 00 00 00 00 00 00 00 00 00 00 00 00 00 00 00 00 00 00 00 00 ]]
[[ DATA: 00 00 00 00 00 00 00 00 00 00 00 00 00 00 00 00 00 00 00 00 ]]
[[ DATA: 00 00 00 00 00 00 00 00 00 00 00 00 00 00 00 00 00 00 00 00 ]]
[[ DATA: 00 00 00 00 00 00 00 00 00 00 00 00 00 00 00 00 00 00 00 00 ]]
[[ DATA: 00 00 00 00 00 00 00 00 00 00 00 00 00 00 00 00 00 00 00 00 ]]
[[ DATA: 00 00 00 00 00 00 00 00 00 00 00 00 00 00 00 00 00 00 00 00 ]]
[[ DATA: 00 00 00 00 00 00 00 00 00 00 00 00 00 00 00 00 00 00 00 00 ]]
[[ DATA: 00 00 00 00 00 00 00 00 00 00 00 00 00 00 00 00 00 00 00 00 ]]
[[ DATA: 00 00 00 00 00 00 00 00 00 00 00 00 00 00 00 00 00 00 00 00 ]]
[[ DATA: 00 00 00 00 00 00 00 00 00 00 00 00 00 00 00 00 00 00 00 00 ]]
[[ DATA: 00 00 00 00 00 00 00 00 00 00 00 00 00 00 00 00 00 00 00 00 ]]
[[ DATA: 00 00 00 00 00 00 00 00 00 00 00 00 00 00 00 00 00 00 00 00 ]]
[[ DATA: 00 00 00 00 00 00 00 00 00 00 00 00 00 00 00 00 00 00 00 00 ]]
[[ DATA: 00 00 00 00 00 00 00 00 00 00 00 00 00 00 00 00 00 00 00 00 ]]
[[ DATA: 00 00 00 00 00 00 00 00 00 00 00 00 00 00 00 00 00 00 00 00 ]]
[[ DATA: 00 00 00 00 00 00 00 00 00 00 00 00 00 00 00 00 00 00 00 00 ]]
[[ DATA: 00 00 00 00 00 00 00 00 00 00 00 00 00 00 00 00 00 00 00 00 ]]
[[ DATA: 00 00 00 00 00 00 00 00 00 00 00 00 00 00 00 00 00 00 00 00 ]]
[[ DATA: 00 00 00 00 00 00 00 00 00 00 00 00 00 00 00 00 00 00 00 00 ]]
[[ DATA: 00 00 00 00 00 00 00 00 00 00 00 00 00 00 00 00 00 00 00 00 ]]
[[ DATA: 00 00 00 00 00 00 00 00 00 00 00 00 00 00 00 00 00 00 00 00 ]]
[[ DATA: 00 00 00 00 00 00 00 00 00 00 00 00 00 00 00 00 00 00 00 00 ]]
[[ DATA: 00 00 00 00 00 00 00 00 00 00 00 00 00 00 00 00 00 00 00 00 ]]
[[ DATA: 00 00 00 00 00 00 00 00 00 00 00 00 00 00 00 00 00 00 00 00 ]]
[[ DATA: 00 00 00 00 00 00 00 00 00 00 00 00 00 00 00 00 00 00 00 00 ]]
[[ DATA: 00 00 00 00 00 00 00 00 00 00 00 00 00 00 00 00 00 00 00 00 ]]
[[ DATA: 00 00 00 00 00 00 00 00 00 00 00 00 00 00 00 00 00 00 00 00 ]]
[[ DATA: 00 00 00 00 00 00 00 00 00 00 00 00 00 00 00 00 00 00 00 00 ]]
[[ DATA: 00 00 00 00 00 00 00 00 00 00 00 00 00 00 00 00 00 00 00 00 ]]
[[ DATA: 00 00 00 00 00 00 00 00 00 00 00 00 00 00 00 00 00 00 00 00 ]]
[[ DATA: 00 00 00 00 00 00 00 00 00 00 00 00 00 00 00 00 00 00 00 00 ]]
[[ DATA: 00 00 00 00 00 00 00 00 00 00 00 00 00 00 00 00 00 00 00 00 ]]
[[ DATA: 00 00 00 00 00 00 00 00 00 00 00 00 00 00 00 00 00 00 00 00 ]]
[[ DATA: 00 00 00 00 00 00 00 00 00 00 00 00 00 00 00 00 00 00 00 00 ]]
[[ DATA: 00 00 00 00 00 00 00 00 00 00 00 00 00 00 00 00 00 00 00 00 ]]
[[ DATA: 00 00 00 00 00 00 00 00 00 00 00 00 00 00 00 00 00 00 00 00 ]]
[[ DATA: 00 00 00 00 00 00 00 00 00 00 00 00 00 00 00 00 00 00 00 00 ]]
[[ DATA: 00 00 00 00 00 00 00 00 00 00 00 00 00 00 00 00 00 00 00 00 ]]
[[ DATA: 00 00 00 00 00 00 00 00 00 00 00 00 00 00 00 00 00 00 00 00 ]]
[[ DATA: 00 00 00 00 00 00 00 00 00 00 00 00 00 00 00 00 00 00 00 00 ]]
[[ DATA: 00 00 00 00 00 00 00 00 00 00 00 00 00 00 00 00 00 00 00 00 ]]
[[ DATA: 00 00 00 00 00 00 00 00 00 00 00 00 00 00 00 00 00 00 00 00 ]]
[[ DATA: 00 00 00 00 00 00 00 00 00 00 00 00 00 00 00 00 00 00 00 00 ]]
[[ DATA: 00 00 00 00 00 00 00 00 00 00 00 00 00 00 00 00 00 00 00 00 ]]
[[ DATA: 00 00 00 00 00 00 00 00 00 00 00 00 00 00 00 00 00 00 00 00 ]]
[[ DATA: 00 00 00 00 00 00 00 00 00 00 00 00 00 00 00 00 00 00 00 00 ]]
[[ DATA: 00 00 00 00 00 00 00 00 00 00 00 00 00 00 00 00 00 00 00 00 ]]
[[ DATA: 00 00 00 00 00 00 00 00 00 00 00 00 00 00 00 00 00 00 00 00 ]]
[[ DATA: 00 00 00 00 00 00 00 00 00 00 00 00 00 00 00 00 00 00 00 00 ]]
[[ DATA: 00 00 00 00 00 00 00 00 00 00 00 00 D4 D3 D2 D1 ]]

[[ DevAlert Data Ended. Checksum: 23298 ]]

[[ DevAlert Data Begins ]]
[[ DATA: D1 D2 D3 D4 F0 0F 01 00 71 83 02 00 07 00 07 00 03 00 00 00 ]]
[[ DATA: 20 00 20 00 10 00 00 00 80 03 00 00 24 44 55 4D 4D 59 5F 53 ]]
[[ DATA: 45 53 53 49 4F 4E 5F 49 44 00 00 00 00 00 00 00 00 00 00 00 ]]
[[ DATA: 00 00 00 00 24 44 55 4D 4D 59 5F 44 45 56 49 43 45 5F 49 44 ]]
[[ DATA: 00 00 00 00 00 00 00 00 00 00 00 00 00 00 00 00 64 66 6D 5F ]]
[[ DATA: 74 72 61 63 65 2E 70 73 66 73 00 00 00 00 00 00 00 00 00 00 ]]
[[ DATA: 00 00 00 00 00 00 00 00 00 00 00 00 00 00 00 00 00 00 00 00 ]]
[[ DATA: 00 00 00 00 00 00 00 00 00 00 00 00 00 00 00 00 00 00 00 00 ]]
[[ DATA: 00 00 00 00 00 00 00 00 00 00 00 00 00 00 00 00 00 00 00 00 ]]
[[ DATA: 00 00 00 00 00 00 00 00 00 00 00 00 00 00 00 00 00 00 00 00 ]]
[[ DATA: 00 00 00 00 00 00 00 00 00 00 00 00 00 00 00 00 00 00 00 00 ]]
[[ DATA: 00 00 00 00 00 00 00 00 00 00 00 00 00 00 00 00 00 00 00 00 ]]
[[ DATA: 00 00 00 00 00 00 00 00 00 00 00 00 00 00 00 00 00 00 00 00 ]]
[[ DATA: 00 00 00 00 00 00 00 00 00 00 00 00 00 00 00 00 00 00 00 00 ]]
[[ DATA: 00 00 00 00 00 00 00 00 00 00 00 00 00 00 00 00 00 00 00 00 ]]
[[ DATA: 00 00 00 00 00 00 00 00 00 00 00 00 00 00 00 00 00 00 00 00 ]]
[[ DATA: 00 00 00 00 00 00 00 00 00 00 00 00 00 00 00 00 00 00 00 00 ]]
[[ DATA: 00 00 00 00 00 00 00 00 00 00 00 00 00 00 00 00 00 00 00 00 ]]
[[ DATA: 00 00 00 00 00 00 00 00 00 00 00 00 00 00 00 00 00 00 00 00 ]]
[[ DATA: 00 00 00 00 00 00 00 00 00 00 00 00 00 00 00 00 00 00 00 00 ]]
[[ DATA: 00 00 00 00 00 00 00 00 00 00 00 00 00 00 00 00 00 00 00 00 ]]
[[ DATA: 00 00 00 00 00 00 00 00 00 00 00 00 00 00 00 00 00 00 00 00 ]]
[[ DATA: 00 00 00 00 00 00 00 00 00 00 00 00 00 00 00 00 00 00 00 00 ]]
[[ DATA: 00 00 00 00 00 00 00 00 00 00 00 00 00 00 00 00 00 00 00 00 ]]
[[ DATA: 00 00 00 00 00 00 00 00 00 00 00 00 00 00 00 00 00 00 00 00 ]]
[[ DATA: 00 00 00 00 00 00 00 00 00 00 00 00 00 00 00 00 00 00 00 00 ]]
[[ DATA: 00 00 00 00 00 00 00 00 00 00 00 00 00 00 00 00 00 00 00 00 ]]
[[ DATA: 00 00 00 00 00 00 00 00 00 00 00 00 00 00 00 00 00 00 00 00 ]]
[[ DATA: 00 00 00 00 00 00 00 00 00 00 00 00 00 00 00 00 00 00 00 00 ]]
[[ DATA: 00 00 00 00 00 00 00 00 00 00 00 00 00 00 00 00 00 00 00 00 ]]
[[ DATA: 00 00 00 00 00 00 00 00 00 00 00 00 00 00 00 00 00 00 00 00 ]]
[[ DATA: 00 00 00 00 00 00 00 00 00 00 00 00 00 00 00 00 00 00 00 00 ]]
[[ DATA: 00 00 00 00 00 00 00 00 00 00 00 00 00 00 00 00 00 00 00 00 ]]
[[ DATA: 00 00 00 00 00 00 00 00 00 00 00 00 00 00 00 00 00 00 00 00 ]]
[[ DATA: 00 00 00 00 00 00 00 00 00 00 00 00 00 00 00 00 00 00 00 00 ]]
[[ DATA: 00 00 00 00 00 00 00 00 00 00 00 00 00 00 00 00 00 00 00 00 ]]
[[ DATA: 00 00 00 00 00 00 00 00 00 00 00 00 00 00 00 00 00 00 00 00 ]]
[[ DATA: 00 00 00 00 00 00 00 00 00 00 00 00 00 00 00 00 00 00 00 00 ]]
[[ DATA: 00 00 00 00 00 00 00 00 00 00 00 00 00 00 00 00 00 00 00 00 ]]
[[ DATA: 00 00 00 00 00 00 00 00 00 00 00 00 00 00 00 00 00 00 00 00 ]]
[[ DATA: 00 00 00 00 00 00 00 00 00 00 00 00 00 00 00 00 00 00 00 00 ]]
[[ DATA: 00 00 00 00 00 00 00 00 00 00 00 00 00 00 00 00 00 00 00 00 ]]
[[ DATA: 00 00 00 00 00 00 00 00 00 00 00 00 00 00 00 00 00 00 00 00 ]]
[[ DATA: 00 00 00 00 00 00 00 00 00 00 00 00 00 00 00 00 00 00 00 00 ]]
[[ DATA: 00 00 00 00 00 00 00 00 00 00 00 00 00 00 00 00 00 00 00 00 ]]
[[ DATA: 00 00 00 00 00 00 00 00 00 00 00 00 00 00 00 00 00 00 00 00 ]]
[[ DATA: 00 00 00 00 00 00 00 00 00 00 00 00 00 00 00 00 00 00 00 00 ]]
[[ DATA: 00 00 00 00 00 00 00 00 00 00 00 00 00 00 00 00 00 00 00 00 ]]
[[ DATA: 00 00 00 00 00 00 00 00 00 00 00 00 00 00 00 00 00 00 00 00 ]]
[[ DATA: 00 00 00 00 00 00 00 00 00 00 00 00 0A 0B 0C 0D 71 72 73 74 ]]
[[ DATA: F1 F2 F3 F4 00 00 00 00 D4 D3 D2 D1 ]]

[[ DevAlert Data Ended. Checksum: 25710 ]]
DFMT:RETURNED:1006:0
DFMT:BEGIN:1007:4

[[ DevAlert Data Begins ]]
[[ DATA: D1 D2 D3 D4 F0 0F 01 00 12 15 00 00 01 00 01 00 04 00 00 00 ]]
[[ DATA: 20 00 20 00 68 00 00 00 0C 01 00 00 24 44 55 4D 4D 59 5F 53 ]]
[[ DATA: 45 53 53 49 4F 4E 5F 49 44 00 00 00 00 00 00 00 00 00 00 00 ]]
[[ DATA: 00 00 00 00 24 44 55 4D 4D 59 5F 44 45 56 49 43 45 5F 49 44 ]]
[[ DATA: 00 00 00 00 00 00 00 00 00 00 00 00 00 00 00 00 54 65 73 74 ]]
[[ DATA: 20 31 30 30 37 41 20 61 74 20 74 65 73 74 5F 63 61 6C 6C 5F ]]
[[ DATA: 63 68 61 69 6E 73 2E 63 3A 32 34 37 00 00 00 00 00 00 00 00 ]]
[[ DATA: 00 00 00 00 00 00 00 00 00 00 00 00 00 00 00 00 00 00 00 00 ]]
[[ DATA: 00 00 00 00 00 00 00 00 00 00 00 00 00 00 00 00 00 00 00 00 ]]
[[ DATA: 00 00 00 00 00 00 00 00 00 00 00 00 00 00 00 00 00 00 00 00 ]]
[[ DATA: 50 44 66 6D F0 0F 03 48 08 04 68 00 01 00 00 00 EF 03 00 00 ]]
[[ DATA: 01 00 00 00 A5 01 00 00 07 00 00 00 08 54 00 20 02 00 00 00 ]]
[[ DATA: 21 07 00 00 04 00 00 00 F7 00 00 00 00 00 00 00 00 00 00 00 ]]
[[ DATA: 00 00 00 00 00 00 00 00 00 00 00 00 00 00 00 00 00 00 00 00 ]]
[[ DATA: 00 00 00 00 42 75 69 6C 64 2D 4D 33 2D 4F 73 00 00 00 00 00 ]]
[[ DATA: 00 00 00 00 00 00 00 00 00 00 00 00 00 00 00 00 00 00 00 00 ]]
[[ DATA: 00 00 00 00 00 00 00 00 00 00 00 00 00 00 00 00 00 00 00 00 ]]
[[ DATA: 00 00 00 00 00 00 00 00 00 00 00 00 00 00 00 00 54 65 73 74 ]]
[[ DATA: 20 31 30 30 37 41 20 61 74 20 74 65 73 74 5F 63 61 6C 6C 5F ]]
[[ DATA: 63 68 61 69 6E 73 2E 63 3A 32 34 37 00 00 00 00 00 00 00 00 ]]
[[ DATA: 00 00 00 00 00 00 00 00 00 00 00 00 00 00 00 00 00 00 00 00 ]]
[[ DATA: 00 00 00 00 00 00 00 00 00 00 00 00 00 00 00 00 00 00 00 00 ]]
[[ DATA: 00 00 00 00 00 00 00 00 00 00 00 00 00 00 00 00 00 00 00 00 ]]
[[ DATA: 6D 66 44 50 00 00 00 00 D4 D3 D2 D1 ]]

[[ DevAlert Data Ended. Checksum: 6986 ]]

[[ DevAlert Data Begins ]]
[[ DATA: D1 D2 D3 D4 F0 0F 01 00 18 46 01 00 01 00 01 00 04 00 00 00 ]]
[[ DATA: 20 00 20 00 10 00 00 00 24 00 00 00 24 44 55 4D 4D 59 5F 53 ]]
[[ DATA: 45 53 53 49 4F 4E 5F 49 44 00 00 00 00 00 00 00 00 00 00 00 ]]
[[ DATA: 00 00 00 00 24 44 55 4D 4D 59 5F 44 45 56 49 43 45 5F 49 44 ]]
[[ DATA: 00 00 00 00 00 00 00 00 00 00 00 00 00 00 00 00 74 72 61 70 ]]
[[ DATA: 2E 7A 70 72 00 2E 70 73 66 73 00 00 50 44 61 50 F0 0F 03 10 ]]
[[ DATA: F3 01 00 00 74 72 61 70 2E 7A 70 72 00 00 00 00 00 00 00 00 ]]
[[ DATA: 50 61 44 50 00 00 00 00 D4 D3 D2 D1 ]]

[[ DevAlert Data Ended. Checksum: 27359 ]]

[[ DevAlert Data Begins ]]
[[ DATA: D1 D2 D3 D4 F0 0F 01 00 71 83 01 00 01 00 01 00 04 00 00 00 ]]
[[ DATA: 20 00 20 00 10 00 00 00 F3 01 00 00 24 44 55 4D 4D 59 5F 53 ]]
[[ DATA: 45 53 53 49 4F 4E 5F 49 44 00 00 00 00 00 00 00 00 00 00 00 ]]
[[ DATA: 00 00 00 00 24 44 55 4D 4D 59 5F 44 45 56 49 43 45 5F 49 44 ]]
[[ DATA: 00 00 00 00 00 00 00 00 00 00 00 00 00 00 00 00 74 72 61 70 ]]
[[ DATA: 2E 7A 70 72 00 2E 70 73 66 73 00 00 5A 45 02 00 03 00 05 00 ]]
[[ DATA: 0D D0 00 00 41 03 00 4C 00 21 E9 00 08 46 00 00 00 00 00 00 ]]
[[ DATA: 00 00 00 00 00 BD 21 5C 0A AF 87 00 08 EE 81 00 08 00 00 00 ]]
[[ DATA: 29 08 54 00 20 08 0E 00 20 00 00 00 00 00 00 00 00 40 E0 00 ]]
[[ DATA: 08 D0 0D 00 20 EF 03 00 00 FF FF FF FF FF FF FF FF 01 00 00 ]]
[[ DATA: 00 30 00 00 00 4D 01 00 50 0B 00 20 10 0C 00 20 84 38 00 20 ]]
[[ DATA: 84 38 00 20 00 00 00 00 01 00 00 FF 80 00 00 00 00 00 00 00 ]]
[[ DATA: 00 00 00 00 00 00 00 00 00 00 00 00 00 00 00 00 19 A3 00 08 ]]
[[ DATA: 00 00 00 00 00 00 00 00 6C 38 00 20 50 06 00 00 2C 01 00 00 ]]
[[ DATA: 00 00 00 00 EE 03 00 00 FF FF FF FF FF FF FF FF F8 53 00 20 ]]
[[ DATA: 00 00 00 00 A8 0B 00 20 A8 0B 00 20 05 8A 00 08 00 00 00 00 ]]
[[ DATA: 00 00 00 00 00 00 00 00 00 00 00 00 6D 61 69 6E 00 00 00 00 ]]
[[ DATA: 00 00 00 00 00 00 00 00 00 00 00 00 00 00 00 00 00 00 00 00 ]]
[[ DATA: 00 00 00 00 C8 50 00 20 00 04 00 00 10 00 00 00 00 00 00 00 ]]
[[ DATA: B8 54 00 20 00 00 00 00 00 00 00 00 00 00 00 00 00 00 00 00 ]]
[[ DATA: 00 00 00 00 F5 FF FF FF 4D 01 00 08 54 00 20 C8 54 00 20 21 ]]
[[ DATA: E9 00 08 F7 00 00 00 00 00 00 00 21 E9 00 08 80 E0 00 08 F5 ]]
[[ DATA: 19 00 08 21 E9 00 08 46 00 00 00 F4 0E 00 20 25 1A 00 08 7D ]]
[[ DATA: 1A 00 08 85 1A 00 08 ED E6 00 08 39 14 00 08 02 00 00 00 01 ]]
[[ DATA: 00 00 00 5D E7 8F 09 04 00 00 00 EF 03 00 00 02 00 00 00 01 ]]
[[ DATA: 00 00 00 00 00 00 00 00 00 00 00 00 FE D0 D5 00 00 00 00 54 ]]
[[ DATA: DF 00 08 54 DF 00 08 54 DF 00 08 00 00 00 00 00 00 00 00 08 ]]
[[ DATA: 00 00 00 F7 8A 00 08 AA AA AA AA AA AA AA AA AA AA AA AA AA ]]
[[ DATA: AA AA AA 05 8A 00 08 00 00 00 00 B8 54 00 20 05 8A 00 08 00 ]]
[[ DATA: 00 00 00 87 2B 00 08 00 00 00 00 B9 36 00 08 AA AA AA AA AA ]]
[[ DATA: AA AA AA 50 0B 00 20 00 00 00 00 D4 D3 D2 D1 ]]

[[ DevAlert Data Ended. Checksum: 15543 ]]

[[ DevAlert Data Begins ]]
[[ DATA: D1 D2 D3 D4 F0 0F 01 00 18 46 02 00 01 00 01 00 04 00 00 00 ]]
[[ DATA: 20 00 20 00 10 00 00 00 24 00 00 00 24 44 55 4D 4D 59 5F 53 ]]
[[ DATA: 45 53 53 49 4F 4E 5F 49 44 00 00 00 00 00 00 00 00 00 00 00 ]]
[[ DATA: 00 00 00 00 24 44 55 4D 4D 59 5F 44 45 56 49 43 45 5F 49 44 ]]
[[ DATA: 00 00 00 00 00 00 00 00 00 00 00 00 00 00 00 00 64 66 6D 5F ]]
[[ DATA: 74 72 61 63 65 2E 70 73 66 73 00 00 50 44 61 50 F0 0F 03 10 ]]
[[ DATA: F0 1A 00 00 64 66 6D 5F 74 72 61 63 65 2E 70 73 66 73 00 00 ]]
[[ DATA: 50 61 44 50 00 00 00 00 D4 D3 D2 D1 ]]

[[ DevAlert Data Ended. Checksum: 52898 ]]

[[ DevAlert Data Begins ]]
[[ DATA: D1 D2 D3 D4 F0 0F 01 00 71 83 02 00 01 00 07 00 04 00 00 00 ]]
[[ DATA: 20 00 20 00 10 00 00 00 E8 03 00 00 24 44 55 4D 4D 59 5F 53 ]]
[[ DATA: 45 53 53 49 4F 4E 5F 49 44 00 00 00 00 00 00 00 00 00 00 00 ]]
[[ DATA: 00 00 00 00 24 44 55 4D 4D 59 5F 44 45 56 49 43 45 5F 49 44 ]]
[[ DATA: 00 00 00 00 00 00 00 00 00 00 00 00 00 00 00 00 64 66 6D 5F ]]
[[ DATA: 74 72 61 63 65 2E 70 73 66 73 00 00 30 1A 00 20 00 00 00 00 ]]
[[ DATA: 05 06 07 08 75 76 77 78 F5 F6 F7 F8 00 46 53 50 0E 00 A9 9A ]]
[[ DATA: 00 00 00 00 01 03 00 00 00 00 00 00 00 00 03 04 5A 65 70 68 ]]
[[ DATA: 79 72 00 00 01 00 00 00 00 71 02 00 00 68 89 09 00 00 00 00 ]]
[[ DATA: E8 03 00 00 83 98 6A 0F 00 00 00 00 38 00 00 00 1C 00 00 00 ]]
[[ DATA: 03 00 00 00 AC 0F 00 20 63 00 04 04 88 01 00 00 3A 01 00 00 ]]
[[ DATA: 00 00 00 40 73 79 73 63 61 6C 6C 73 00 00 00 00 00 00 00 00 ]]
[[ DATA: 00 00 00 00 00 00 00 00 00 00 00 00 00 00 00 00 00 00 00 00 ]]
[[ DATA: 00 00 00 00 00 00 00 00 00 00 00 00 00 00 00 00 00 00 00 00 ]]
[[ DATA: 00 00 00 00 00 00 00 00 00 00 00 00 00 00 00 00 00 00 00 00 ]]
[[ DATA: 00 00 00 00 00 00 00 00 00 00 00 00 00 00 00 00 00 00 00 00 ]]
[[ DATA: 00 00 00 00 00 00 00 00 00 00 00 00 00 00 00 00 00 00 00 00 ]]
[[ DATA: 00 00 00 00 00 00 00 00 00 00 00 00 00 00 00 00 00 00 00 00 ]]
[[ DATA: 00 00 00 00 00 00 00 00 00 00 00 00 00 00 00 00 00 00 00 00 ]]
[[ DATA: 00 00 00 00 00 00 00 00 00 00 00 00 00 00 00 00 00 00 00 00 ]]
[[ DATA: 00 00 00 00 00 00 00 00 00 00 00 00 00 00 00 00 00 00 00 00 ]]
[[ DATA: 00 00 00 00 00 00 00 00 00 00 00 00 00 00 00 00 00 00 00 00 ]]
[[ DATA: 00 00 00 00 00 00 00 00 00 00 00 00 00 00 00 00 00 00 00 00 ]]
[[ DATA: 00 00 00 00 00 00 00 00 00 00 00 00 00 00 00 00 00 00 00 00 ]]
[[ DATA: 00 00 00 00 00 00 00 00 00 00 00 00 00 00 00 00 00 00 00 00 ]]
[[ DATA: 00 00 00 00 00 00 00 00 00 00 00 00 00 00 00 00 00 00 00 00 ]]
[[ DATA: 00 00 00 00 00 00 00 00 00 00 00 00 00 00 00 00 00 00 00 00 ]]
[[ DATA: 00 00 00 00 00 00 00 00 00 00 00 00 00 00 00 00 00 00 00 00 ]]
[[ DATA: 00 00 00 00 00 00 00 00 00 00 00 00 00 00 00 00 00 00 00 00 ]]
[[ DATA: 00 00 00 00 00 00 00 00 00 00 00 00 00 00 00 00 00 00 00 00 ]]
[[ DATA: 00 00 00 00 00 00 00 00 00 00 00 00 00 00 00 00 00 00 00 00 ]]
[[ DATA: 00 00 00 00 00 00 00 00 00 00 00 00 00 00 00 00 00 00 00 00 ]]
[[ DATA: 00 00 00 00 00 00 00 00 00 00 00 00 00 00 00 00 00 00 00 00 ]]
[[ DATA: 00 00 00 00 00 00 00 00 00 00 00 00 00 00 00 00 00 00 00 00 ]]
[[ DATA: 00 00 00 00 00 00 00 00 00 00 00 00 00 00 00 00 00 00 00 00 ]]
[[ DATA: 00 00 00 00 00 00 00 00 00 00 00 00 00 00 00 00 00 00 00 00 ]]
[[ DATA: 00 00 00 00 00 00 00 00 00 00 00 00 00 00 00 00 00 00 00 00 ]]
[[ DATA: 00 00 00 00 00 00 00 00 00 00 00 00 00 00 00 00 00 00 00 00 ]]
[[ DATA: 00 00 00 00 00 00 00 00 00 00 00 00 00 00 00 00 00 00 00 00 ]]
[[ DATA: 00 00 00 00 00 00 00 00 00 00 00 00 00 00 00 00 00 00 00 00 ]]
[[ DATA: 00 00 00 00 00 00 00 00 00 00 00 00 00 00 00 00 00 00 00 00 ]]
[[ DATA: 00 00 00 00 00 00 00 00 00 00 00 00 00 00 00 00 00 00 00 00 ]]
[[ DATA: 00 00 00 00 00 00 00 00 00 00 00 00 00 00 00 00 00 00 00 00 ]]
[[ DATA: 00 00 00 00 00 00 00 00 00 00 00 00 00 00 00 00 00 00 00 00 ]]
[[ DATA: 00 00 00 00 00 00 00 00 00 00 00 00 00 00 00 00 00 00 00 00 ]]
[[ DATA: 00 00 00 00 00 00 00 00 00 00 00 00 00 00 00 00 00 00 00 00 ]]
[[ DATA: 00 00 00 00 00 00 00 00 00 00 00 00 00 00 00 00 00 00 00 00 ]]
[[ DATA: 00 00 00 00 00 00 00 00 00 00 00 00 00 00 00 00 00 00 00 00 ]]
[[ DATA: 00 00 00 00 00 00 00 00 00 00 00 00 00 00 00 00 00 00 00 00 ]]
[[ DATA: 00 00 00 00 00 00 00 00 00 00 00 00 00 00 00 00 00 00 00 00 ]]
[[ DATA: 00 00 00 00 00 00 00 00 00 00 00 00 00 00 00 00 00 00 00 00 ]]
[[ DATA: 00 00 00 00 00 00 00 00 00 00 00 00 00 00 00 00 00 00 00 00 ]]
[[ DATA: 00 00 00 00 00 00 00 00 00 00 00 00 00 00 00 00 00 00 00 00 ]]
[[ DATA: 00 00 00 00 00 00 00 00 00 00 00 00 00 00 00 00 00 00 00 00 ]]
[[ DATA: 00 00 00 00 00 00 00 00 00 00 00 00 00 00 00 00 00 00 00 00 ]]
[[ DATA: 00 00 00 00 00 00 00 00 00 00 00 00 D4 D3 D2 D1 ]]

[[ DevAlert Data Ended. Checksum: 12420 ]]

[[ DevAlert Data Begins ]]
[[ DATA: D1 D2 D3 D4 F0 0F 01 00 71 83 02 00 02 00 07 00 04 00 00 00 ]]
[[ DATA: 20 00 20 00 10 00 00 00 E8 03 00 00 24 44 55 4D 4D 59 5F 53 ]]
[[ DATA: 45 53 53 49 4F 4E 5F 49 44 00 00 00 00 00 00 00 00 00 00 00 ]]
[[ DATA: 00 00 00 00 24 44 55 4D 4D 59 5F 44 45 56 49 43 45 5F 49 44 ]]
[[ DATA: 00 00 00 00 00 00 00 00 00 00 00 00 00 00 00 00 64 66 6D 5F ]]
[[ DATA: 74 72 61 63 65 2E 70 73 66 73 00 00 00 00 00 00 00 00 00 00 ]]
[[ DATA: 00 00 00 00 00 00 00 00 00 00 00 00 00 00 00 00 00 00 00 00 ]]
[[ DATA: 00 00 00 00 00 00 00 00 00 00 00 00 00 00 00 00 00 00 00 00 ]]
[[ DATA: 00 00 00 00 00 00 00 00 00 00 00 00 00 00 00 00 00 00 00 00 ]]
[[ DATA: 00 00 00 00 00 00 00 00 00 00 00 00 00 00 00 00 00 00 00 00 ]]
[[ DATA: 00 00 00 00 00 00 00 00 00 00 00 00 00 00 00 00 00 00 00 00 ]]
[[ DATA: 00 00 00 00 00 00 00 00 00 00 00 00 00 00 00 00 00 00 00 00 ]]
[[ DATA: 00 00 00 00 00 00 00 00 00 00 00 00 00 00 00 00 00 00 00 00 ]]
[[ DATA: 00 00 00 00 00 00 00 00 00 00 00 00 00 00 00 00 00 00 00 00 ]]
[[ DATA: 00 00 00 00 00 00 00 00 00 00 00 00 00 00 00 00 00 00 00 00 ]]
[[ DATA: 00 00 00 00 00 00 00 00 00 00 00 00 00 00 00 00 00 00 00 00 ]]
[[ DATA: 00 00 00 00 00 00 00 00 00 00 00 00 00 00 00 00 00 00 00 00 ]]
[[ DATA: 00 00 00 00 00 00 00 00 00 00 00 00 00 00 00 00 00 00 00 00 ]]
[[ DATA: 00 00 00 00 00 00 00 00 00 00 00 00 00 00 00 00 00 00 00 00 ]]
[[ DATA: 00 00 00 00 00 00 00 00 00 00 00 00 00 00 00 00 00 00 00 00 ]]
[[ DATA: 00 00 00 00 00 00 00 00 00 00 00 00 00 00 00 00 00 00 00 00 ]]
[[ DATA: 00 00 00 00 00 00 00 00 00 00 00 00 00 00 00 00 00 00 00 00 ]]
[[ DATA: 00 00 00 00 00 00 00 00 00 00 00 00 00 00 00 00 00 00 00 00 ]]
[[ DATA: 00 00 00 00 00 00 00 00 00 00 00 00 00 00 00 00 00 00 00 00 ]]
[[ DATA: 00 00 00 00 00 00 00 00 00 00 00 00 00 00 00 00 00 00 00 00 ]]
[[ DATA: 00 00 00 00 00 00 00 00 00 00 00 00 00 00 00 00 00 00 00 00 ]]
[[ DATA: 00 00 00 00 00 00 00 00 00 00 00 00 00 00 00 00 00 00 00 00 ]]
[[ DATA: 00 00 00 00 00 00 00 00 00 00 00 00 00 00 00 00 00 00 00 00 ]]
[[ DATA: 00 00 00 00 00 00 00 00 00 00 00 00 00 00 00 00 00 00 00 00 ]]
[[ DATA: 00 00 00 00 00 00 00 00 00 00 00 00 00 00 00 00 00 00 00 00 ]]
[[ DATA: 00 00 00 00 00 00 00 00 00 00 00 00 00 00 00 00 00 00 00 00 ]]
[[ DATA: 00 00 00 00 00 00 00 00 00 00 00 00 00 00 00 00 00 00 00 00 ]]
[[ DATA: 00 00 00 00 00 00 00 00 00 00 00 00 00 00 00 00 00 00 00 00 ]]
[[ DATA: 00 00 00 00 00 00 00 00 00 00 00 00 00 00 00 00 00 00 00 00 ]]
[[ DATA: 00 00 00 00 00 00 00 00 00 00 00 00 00 00 00 00 00 00 00 00 ]]
[[ DATA: 00 00 00 00 00 00 00 00 00 00 00 00 00 00 00 00 00 00 00 00 ]]
[[ DATA: 00 00 00 00 00 00 00 00 00 00 00 00 00 00 00 00 00 00 00 00 ]]
[[ DATA: 00 00 00 00 00 00 00 00 00 00 00 00 00 00 00 00 00 00 00 00 ]]
[[ DATA: 00 00 00 00 00 00 00 00 00 00 00 00 00 00 00 00 00 00 00 00 ]]
[[ DATA: 00 00 00 00 00 00 00 00 00 00 00 00 00 00 00 00 00 00 00 00 ]]
[[ DATA: 00 00 00 00 00 00 00 00 00 00 00 00 00 00 00 00 00 00 00 00 ]]
[[ DATA: 00 00 00 00 00 00 00 00 00 00 00 00 00 00 00 00 00 00 00 00 ]]
[[ DATA: 00 00 00 00 00 00 00 00 00 00 00 00 00 00 00 00 00 00 00 00 ]]
[[ DATA: 00 00 00 00 00 00 00 00 00 00 00 00 00 00 00 00 00 00 00 00 ]]
[[ DATA: 00 00 00 00 00 00 00 00 00 00 00 00 00 00 00 00 00 00 00 00 ]]
[[ DATA: 00 00 00 00 00 00 00 00 00 00 00 00 00 00 00 00 00 00 00 00 ]]
[[ DATA: 00 00 00 00 00 00 00 00 00 00 00 00 00 00 00 00 00 00 00 00 ]]
[[ DATA: 00 00 00 00 00 00 00 00 00 00 00 00 00 00 00 00 00 00 00 00 ]]
[[ DATA: 00 00 00 00 00 00 00 00 00 00 00 00 00 00 00 00 00 00 00 00 ]]
[[ DATA: 00 00 00 00 00 00 00 00 00 00 00 00 00 00 00 00 00 00 00 00 ]]
[[ DATA: 00 00 00 00 00 00 00 00 00 00 00 00 00 00 00 00 00 00 00 00 ]]
[[ DATA: 00 00 00 00 00 00 00 00 00 00 00 00 00 00 00 00 00 00 00 00 ]]
[[ DATA: 00 00 00 00 00 00 00 00 00 00 00 00 00 00 00 00 00 00 00 00 ]]
[[ DATA: 00 00 00 00 00 00 00 00 00 00 00 00 00 00 00 00 00 00 00 00 ]]
[[ DATA: 00 00 00 00 00 00 00 00 00 00 00 00 00 00 00 00 00 00 00 00 ]]
[[ DATA: 00 00 00 00 00 00 00 00 00 00 00 00 D4 D3 D2 D1 ]]

[[ DevAlert Data Ended. Checksum: 39406 ]]

[[ DevAlert Data Begins ]]
[[ DATA: D1 D2 D3 D4 F0 0F 01 00 71 83 02 00 03 00 07 00 04 00 00 00 ]]
[[ DATA: 20 00 20 00 10 00 00 00 E8 03 00 00 24 44 55 4D 4D 59 5F 53 ]]
[[ DATA: 45 53 53 49 4F 4E 5F 49 44 00 00 00 00 00 00 00 00 00 00 00 ]]
[[ DATA: 00 00 00 00 24 44 55 4D 4D 59 5F 44 45 56 49 43 45 5F 49 44 ]]
[[ DATA: 00 00 00 00 00 00 00 00 00 00 00 00 00 00 00 00 64 66 6D 5F ]]
[[ DATA: 74 72 61 63 65 2E 70 73 66 73 00 00 00 00 00 00 00 00 00 00 ]]
[[ DATA: 00 00 00 00 00 00 00 00 00 00 00 00 00 00 00 00 00 00 00 00 ]]
[[ DATA: 00 00 00 00 00 00 00 00 00 00 00 00 00 00 00 00 00 00 00 00 ]]
[[ DATA: 00 00 00 00 00 00 00 00 00 00 00 00 00 00 00 00 00 00 00 00 ]]
[[ DATA: 00 00 00 00 00 00 00 00 00 00 00 00 00 00 00 00 00 00 00 00 ]]
[[ DATA: 00 00 00 00 00 00 00 00 00 00 00 00 00 00 00 00 00 00 00 00 ]]
[[ DATA: 00 00 00 00 00 00 00 00 00 00 00 00 00 00 00 00 00 00 00 00 ]]
[[ DATA: 00 00 00 00 00 00 00 00 00 00 00 00 00 00 00 00 00 00 00 00 ]]
[[ DATA: 00 00 00 00 00 00 00 00 00 00 00 00 00 00 00 00 00 00 00 00 ]]
[[ DATA: 00 00 00 00 00 00 00 00 00 00 00 00 00 00 00 00 00 00 00 00 ]]
[[ DATA: 00 00 00 00 00 00 00 00 00 00 00 00 00 00 00 00 00 00 00 00 ]]
[[ DATA: 00 00 00 00 00 00 00 00 00 00 00 00 00 00 00 00 00 00 00 00 ]]
[[ DATA: 00 00 00 00 00 00 00 00 00 00 00 00 00 00 00 00 00 00 00 00 ]]
[[ DATA: 00 00 00 00 00 00 00 00 00 00 00 00 00 00 00 00 00 00 00 00 ]]
[[ DATA: 00 00 00 00 00 00 00 00 00 00 00 00 00 00 00 00 00 00 00 00 ]]
[[ DATA: 00 00 00 00 00 00 00 00 00 00 00 00 00 00 00 00 00 00 00 00 ]]
[[ DATA: 00 00 00 00 00 00 00 00 00 00 00 00 00 00 00 00 00 00 00 00 ]]
[[ DATA: 00 00 00 00 00 00 00 00 00 00 00 00 00 00 00 00 00 00 00 00 ]]
[[ DATA: 00 00 00 00 00 00 00 00 00 00 00 00 00 00 00 00 00 00 00 00 ]]
[[ DATA: 00 00 00 00 00 00 00 00 00 00 00 00 00 00 00 00 00 00 00 00 ]]
[[ DATA: 00 00 00 00 00 00 00 00 00 00 00 00 00 00 00 00 00 00 00 00 ]]
[[ DATA: 00 00 00 00 00 00 00 00 00 00 00 00 00 00 00 00 00 00 00 00 ]]
[[ DATA: 00 00 00 00 00 00 00 00 00 00 00 00 00 00 00 00 00 00 00 00 ]]
[[ DATA: 00 00 00 00 00 00 00 00 00 00 00 00 00 00 00 00 00 00 00 00 ]]
[[ DATA: 00 00 00 00 00 00 00 00 00 00 00 00 00 00 00 00 00 00 00 00 ]]
[[ DATA: 00 00 00 00 0C 19 00 20 00 00 00 00 00 00 00 00 00 00 00 00 ]]
[[ DATA: 00 00 00 00 44 46 4D 20 54 65 73 74 73 00 00 00 00 00 00 00 ]]
[[ DATA: 00 00 00 00 00 00 00 00 00 00 00 00 3C 19 00 20 00 00 00 00 ]]
[[ DATA: 00 00 00 00 00 00 00 00 00 00 00 00 41 4C 45 52 54 00 00 00 ]]
[[ DATA: 00 00 00 00 00 00 00 00 00 00 00 00 00 00 00 00 00 00 00 00 ]]
[[ DATA: CC 2C 00 20 00 00 00 00 00 00 00 00 00 00 00 00 00 00 00 00 ]]
[[ DATA: 54 7A 43 74 72 6C 00 00 00 00 00 00 00 00 00 00 00 00 00 00 ]]
[[ DATA: 00 00 00 00 00 00 00 00 F0 0C 00 20 FF FF FF FF 00 00 00 00 ]]
[[ DATA: 00 00 00 00 00 00 00 00 73 79 73 77 6F 72 6B 71 00 00 00 00 ]]
[[ DATA: 00 00 00 00 00 00 00 00 00 00 00 00 00 00 00 00 90 0A 00 20 ]]
[[ DATA: 0F 00 00 00 00 00 00 00 00 00 00 00 00 00 00 00 69 64 6C 65 ]]
[[ DATA: 00 00 00 00 00 00 00 00 00 00 00 00 00 00 00 00 00 00 00 00 ]]
[[ DATA: 00 00 00 00 50 0B 00 20 00 00 00 00 00 00 00 00 00 00 00 00 ]]
[[ DATA: 00 00 00 00 6D 61 69 6E 00 00 00 00 00 00 00 00 00 00 00 00 ]]
[[ DATA: 00 00 00 00 00 00 00 00 00 00 00 00 00 10 00 00 1C 05 00 00 ]]
[[ DATA: 00 00 00 00 D4 0F 00 00 01 00 00 00 00 00 00 00 D4 0F 00 00 ]]
[[ DATA: 00 00 00 00 1C 05 00 00 00 00 00 00 00 00 00 00 5C 1A 00 20 ]]
[[ DATA: 01 10 01 00 E1 12 00 00 02 00 00 00 10 30 02 00 D5 52 00 00 ]]
[[ DATA: 50 0B 00 20 00 04 00 00 00 00 00 00 30 10 03 00 0F 57 00 00 ]]
[[ DATA: 50 0B 00 20 10 30 04 00 35 72 00 00 90 0A 00 20 40 01 00 00 ]]
[[ DATA: 0F 00 00 00 37 20 05 00 DF 76 00 00 50 0B 00 20 00 00 00 00 ]]
[[ DATA: 2F 51 06 00 54 7A 00 00 F0 0C 00 20 C8 54 00 20 00 04 00 00 ]]
[[ DATA: FF FF FF FF C8 E3 00 08 10 30 07 00 3F B6 00 00 F0 0C 00 20 ]]
[[ DATA: 00 04 00 00 FF FF FF FF 5D 11 08 00 1E BF 00 00 F0 0C 00 20 ]]
[[ DATA: 30 10 09 00 3B C2 00 00 F0 0C 00 20 37 20 0A 00 4A CB 00 00 ]]
[[ DATA: F0 0C 00 20 FF FF FF FF 37 20 0B 00 D4 D3 D2 D1 ]]

[[ DevAlert Data Ended. Checksum: 29538 ]]

[[ DevAlert Data Begins ]]
[[ DATA: D1 D2 D3 D4 F0 0F 01 00 71 83 02 00 04 00 07 00 04 00 00 00 ]]
[[ DATA: 20 00 20 00 10 00 00 00 E8 03 00 00 24 44 55 4D 4D 59 5F 53 ]]
[[ DATA: 45 53 53 49 4F 4E 5F 49 44 00 00 00 00 00 00 00 00 00 00 00 ]]
[[ DATA: 00 00 00 00 24 44 55 4D 4D 59 5F 44 45 56 49 43 45 5F 49 44 ]]
[[ DATA: 00 00 00 00 00 00 00 00 00 00 00 00 00 00 00 00 64 66 6D 5F ]]
[[ DATA: 74 72 61 63 65 2E 70 73 66 73 00 00 CB D6 00 00 50 0B 00 20 ]]
[[ DATA: 00 00 00 00 2E 11 0C 00 3A D9 00 00 F0 0C 00 20 10 30 0D 00 ]]
[[ DATA: B5 15 01 00 CC 2C 00 20 00 04 00 00 00 00 00 00 5D 11 0E 00 ]]
[[ DATA: 30 18 01 00 CC 2C 00 20 30 10 0F 00 14 1B 01 00 CC 2C 00 20 ]]
[[ DATA: 03 30 10 00 ED ED 06 00 3C 19 00 20 41 4C 45 52 54 00 64 66 ]]
[[ DATA: 91 90 11 00 37 F2 06 00 3C 19 00 20 54 65 73 74 20 31 30 30 ]]
[[ DATA: 35 20 61 74 20 74 65 73 74 5F 63 6F 6E 74 65 78 74 73 2E 63 ]]
[[ DATA: 3A 34 38 00 2A 10 12 00 70 23 5A 00 E8 03 00 00 37 20 13 00 ]]
[[ DATA: 1F 31 5A 00 CC 2C 00 20 00 00 00 00 EA 20 14 00 D5 47 5A 00 ]]
[[ DATA: 50 0B 00 20 6C 02 00 00 2A 10 15 00 03 4A 5A 00 FA 00 00 00 ]]
[[ DATA: 37 20 16 00 CE 53 5A 00 90 0A 00 20 0F 00 00 00 30 10 17 00 ]]
[[ DATA: 25 B3 BC 02 CC 2C 00 20 37 20 18 00 10 BD BC 02 CC 2C 00 20 ]]
[[ DATA: 00 00 00 00 2B 10 19 00 7C C0 BC 02 00 00 00 00 EA 20 1A 00 ]]
[[ DATA: F4 CA BC 02 90 0A 00 20 F4 00 00 00 2A 10 1B 00 11 CD BC 02 ]]
[[ DATA: FA 00 00 00 37 20 1C 00 E7 D6 BC 02 90 0A 00 20 0F 00 00 00 ]]
[[ DATA: 30 10 1D 00 F7 7D 21 05 CC 2C 00 20 37 20 1E 00 B5 87 21 05 ]]
[[ DATA: CC 2C 00 20 00 00 00 00 2B 10 1F 00 F5 8A 21 05 00 00 00 00 ]]
[[ DATA: EA 20 20 00 69 A5 21 05 F0 0C 00 20 F4 02 00 00 2A 10 21 00 ]]
[[ DATA: 80 A7 21 05 FA 00 00 00 37 20 22 00 50 B1 21 05 90 0A 00 20 ]]
[[ DATA: 0F 00 00 00 30 10 23 00 F7 48 86 07 CC 2C 00 20 37 20 24 00 ]]
[[ DATA: B5 52 86 07 CC 2C 00 20 00 00 00 00 2B 10 25 00 F5 55 86 07 ]]
[[ DATA: 00 00 00 00 EA 20 26 00 A9 72 86 07 CC 2C 00 20 3C 03 00 00 ]]
[[ DATA: 2A 10 27 00 C0 74 86 07 FA 00 00 00 37 20 28 00 78 7D 86 07 ]]
[[ DATA: 90 0A 00 20 0F 00 00 00 30 10 29 00 F7 C0 E3 09 50 0B 00 20 ]]
[[ DATA: 37 20 2A 00 B5 CA E3 09 50 0B 00 20 00 00 00 00 2B 10 2B 00 ]]
[[ DATA: F5 CD E3 09 00 00 00 00 30 10 2C 00 30 14 EB 09 CC 2C 00 20 ]]
[[ DATA: 03 40 2D 00 C0 87 EF 09 0C 19 00 20 44 46 4D 20 54 65 73 74 ]]
[[ DATA: 73 00 54 52 92 50 2E 00 CB 2D F3 09 0C 19 00 20 EE 03 00 00 ]]
[[ DATA: 54 25 75 20 42 45 47 49 4E 00 44 46 61 30 2F 00 F2 31 F3 09 ]]
[[ DATA: B0 00 00 20 00 00 00 00 00 00 00 00 92 90 30 00 9C 36 F3 09 ]]
[[ DATA: 0C 19 00 20 0B 00 00 00 54 31 30 30 36 41 20 43 54 58 20 48 ]]
[[ DATA: 61 6E 64 6C 65 72 20 49 50 53 52 3D 25 75 00 54 91 A0 31 00 ]]
[[ DATA: 1B 48 F3 09 3C 19 00 20 54 65 73 74 20 31 30 30 36 41 20 61 ]]
[[ DATA: 74 20 74 65 73 74 5F 63 6F 6E 74 65 78 74 73 2E 63 3A 36 34 ]]
[[ DATA: 00 00 00 00 51 20 32 00 C3 57 6F 0B B0 00 00 20 00 00 00 00 ]]
[[ DATA: 92 B0 33 00 39 5C 6F 0B 0C 19 00 20 0B 00 00 00 54 31 30 30 ]]
[[ DATA: 36 42 20 52 45 54 55 52 4E 20 66 69 72 73 74 20 74 72 61 70 ]]
[[ DATA: 3B 20 49 50 53 52 3D 25 75 00 48 41 91 A0 34 00 6C 45 73 0B ]]
[[ DATA: 3C 19 00 20 54 65 73 74 20 31 30 30 36 42 20 61 74 20 74 65 ]]
[[ DATA: 73 74 5F 63 6F 6E 74 65 78 74 73 2E 63 3A 37 39 00 00 00 00 ]]
[[ DATA: 2A 10 35 00 33 60 8C 0C 2C 01 00 00 37 20 36 00 E5 6E 8C 0C ]]
[[ DATA: CC 2C 00 20 00 00 00 00 2B 10 37 00 3F 72 8C 0C 00 00 00 00 ]]
[[ DATA: EA 20 38 00 84 88 8C 0C 50 0B 00 20 6C 02 00 00 2A 10 39 00 ]]
[[ DATA: 9C 8A 8C 0C FA 00 00 00 37 20 3A 00 6D 94 8C 0C 90 0A 00 20 ]]
[[ DATA: 0F 00 00 00 30 10 3B 00 2B 42 EF 0E CC 2C 00 20 37 20 3C 00 ]]
[[ DATA: 18 4C EF 0E CC 2C 00 20 00 00 00 00 2B 10 3D 00 58 4F EF 0E ]]
[[ DATA: 00 00 00 00 EA 20 3E 00 CC 59 EF 0E 90 0A 00 20 F4 00 00 00 ]]
[[ DATA: 2A 10 3F 00 E3 5B EF 0E FA 00 00 00 37 20 40 00 9B 64 EF 0E ]]
[[ DATA: 90 0A 00 20 0F 00 00 00 30 10 41 00 07 54 69 0F 50 0B 00 20 ]]
[[ DATA: 37 20 42 00 35 5E 69 0F 50 0B 00 20 00 00 00 00 2B 10 43 00 ]]
[[ DATA: 75 61 69 0F 00 00 00 00 92 50 44 00 D4 D3 D2 D1 ]]

[[ DevAlert Data Ended. Checksum: 2012 ]]

[[ DevAlert Data Begins ]]
[[ DATA: D1 D2 D3 D4 F0 0F 01 00 71 83 02 00 05 00 07 00 04 00 00 00 ]]
[[ DATA: 20 00 20 00 10 00 00 00 E8 03 00 00 24 44 55 4D 4D 59 5F 53 ]]
[[ DATA: 45 53 53 49 4F 4E 5F 49 44 00 00 00 00 00 00 00 00 00 00 00 ]]
[[ DATA: 00 00 00 00 24 44 55 4D 4D 59 5F 44 45 56 49 43 45 5F 49 44 ]]
[[ DATA: 00 00 00 00 00 00 00 00 00 00 00 00 00 00 00 00 64 66 6D 5F ]]
[[ DATA: 74 72 61 63 65 2E 70 73 66 73 00 00 EB 4C 6A 0F 0C 19 00 20 ]]
[[ DATA: EF 03 00 00 54 25 75 20 42 45 47 49 4E 00 44 46 91 D0 45 00 ]]
[[ DATA: C9 52 6A 0F 0C 19 00 20 54 31 30 30 37 41 20 50 41 54 48 20 ]]
[[ DATA: 6C 65 66 74 5F 70 61 74 68 20 2D 3E 20 73 68 61 72 65 64 5F ]]
[[ DATA: 65 72 72 6F 72 5F 68 61 6E 64 6C 65 72 00 54 65 91 B0 46 00 ]]
[[ DATA: 83 98 6A 0F 3C 19 00 20 54 65 73 74 20 31 30 30 37 41 20 61 ]]
[[ DATA: 74 20 74 65 73 74 5F 63 61 6C 6C 5F 63 68 61 69 6E 73 2E 63 ]]
[[ DATA: 3A 32 34 37 00 00 00 00 00 00 00 00 00 00 00 00 00 00 00 00 ]]
[[ DATA: 00 00 00 00 00 00 00 00 00 00 00 00 00 00 00 00 00 00 00 00 ]]
[[ DATA: 00 00 00 00 00 00 00 00 00 00 00 00 00 00 00 00 00 00 00 00 ]]
[[ DATA: 00 00 00 00 00 00 00 00 00 00 00 00 00 00 00 00 00 00 00 00 ]]
[[ DATA: 00 00 00 00 00 00 00 00 00 00 00 00 00 00 00 00 00 00 00 00 ]]
[[ DATA: 00 00 00 00 00 00 00 00 00 00 00 00 00 00 00 00 00 00 00 00 ]]
[[ DATA: 00 00 00 00 00 00 00 00 00 00 00 00 00 00 00 00 00 00 00 00 ]]
[[ DATA: 00 00 00 00 00 00 00 00 00 00 00 00 00 00 00 00 00 00 00 00 ]]
[[ DATA: 00 00 00 00 00 00 00 00 00 00 00 00 00 00 00 00 00 00 00 00 ]]
[[ DATA: 00 00 00 00 00 00 00 00 00 00 00 00 00 00 00 00 00 00 00 00 ]]
[[ DATA: 00 00 00 00 00 00 00 00 00 00 00 00 00 00 00 00 00 00 00 00 ]]
[[ DATA: 00 00 00 00 00 00 00 00 00 00 00 00 00 00 00 00 00 00 00 00 ]]
[[ DATA: 00 00 00 00 00 00 00 00 00 00 00 00 00 00 00 00 00 00 00 00 ]]
[[ DATA: 00 00 00 00 00 00 00 00 00 00 00 00 00 00 00 00 00 00 00 00 ]]
[[ DATA: 00 00 00 00 00 00 00 00 00 00 00 00 00 00 00 00 00 00 00 00 ]]
[[ DATA: 00 00 00 00 00 00 00 00 00 00 00 00 00 00 00 00 00 00 00 00 ]]
[[ DATA: 00 00 00 00 00 00 00 00 00 00 00 00 00 00 00 00 00 00 00 00 ]]
[[ DATA: 00 00 00 00 00 00 00 00 00 00 00 00 00 00 00 00 00 00 00 00 ]]
[[ DATA: 00 00 00 00 00 00 00 00 00 00 00 00 00 00 00 00 00 00 00 00 ]]
[[ DATA: 00 00 00 00 00 00 00 00 00 00 00 00 00 00 00 00 00 00 00 00 ]]
[[ DATA: 00 00 00 00 00 00 00 00 00 00 00 00 00 00 00 00 00 00 00 00 ]]
[[ DATA: 00 00 00 00 00 00 00 00 00 00 00 00 00 00 00 00 00 00 00 00 ]]
[[ DATA: 00 00 00 00 00 00 00 00 00 00 00 00 00 00 00 00 00 00 00 00 ]]
[[ DATA: 00 00 00 00 00 00 00 00 00 00 00 00 00 00 00 00 00 00 00 00 ]]
[[ DATA: 00 00 00 00 00 00 00 00 00 00 00 00 00 00 00 00 00 00 00 00 ]]
[[ DATA: 00 00 00 00 00 00 00 00 00 00 00 00 00 00 00 00 00 00 00 00 ]]
[[ DATA: 00 00 00 00 00 00 00 00 00 00 00 00 00 00 00 00 00 00 00 00 ]]
[[ DATA: 00 00 00 00 00 00 00 00 00 00 00 00 00 00 00 00 00 00 00 00 ]]
[[ DATA: 00 00 00 00 00 00 00 00 00 00 00 00 00 00 00 00 00 00 00 00 ]]
[[ DATA: 00 00 00 00 00 00 00 00 00 00 00 00 00 00 00 00 00 00 00 00 ]]
[[ DATA: 00 00 00 00 00 00 00 00 00 00 00 00 00 00 00 00 00 00 00 00 ]]
[[ DATA: 00 00 00 00 00 00 00 00 00 00 00 00 00 00 00 00 00 00 00 00 ]]
[[ DATA: 00 00 00 00 00 00 00 00 00 00 00 00 00 00 00 00 00 00 00 00 ]]
[[ DATA: 00 00 00 00 00 00 00 00 00 00 00 00 00 00 00 00 00 00 00 00 ]]
[[ DATA: 00 00 00 00 00 00 00 00 00 00 00 00 00 00 00 00 00 00 00 00 ]]
[[ DATA: 00 00 00 00 00 00 00 00 00 00 00 00 00 00 00 00 00 00 00 00 ]]
[[ DATA: 00 00 00 00 00 00 00 00 00 00 00 00 00 00 00 00 00 00 00 00 ]]
[[ DATA: 00 00 00 00 00 00 00 00 00 00 00 00 00 00 00 00 00 00 00 00 ]]
[[ DATA: 00 00 00 00 00 00 00 00 00 00 00 00 00 00 00 00 00 00 00 00 ]]
[[ DATA: 00 00 00 00 00 00 00 00 00 00 00 00 00 00 00 00 00 00 00 00 ]]
[[ DATA: 00 00 00 00 00 00 00 00 00 00 00 00 00 00 00 00 00 00 00 00 ]]
[[ DATA: 00 00 00 00 00 00 00 00 00 00 00 00 00 00 00 00 00 00 00 00 ]]
[[ DATA: 00 00 00 00 00 00 00 00 00 00 00 00 00 00 00 00 00 00 00 00 ]]
[[ DATA: 00 00 00 00 00 00 00 00 00 00 00 00 D4 D3 D2 D1 ]]

[[ DevAlert Data Ended. Checksum: 16514 ]]

[[ DevAlert Data Begins ]]
[[ DATA: D1 D2 D3 D4 F0 0F 01 00 71 83 02 00 06 00 07 00 04 00 00 00 ]]
[[ DATA: 20 00 20 00 10 00 00 00 E8 03 00 00 24 44 55 4D 4D 59 5F 53 ]]
[[ DATA: 45 53 53 49 4F 4E 5F 49 44 00 00 00 00 00 00 00 00 00 00 00 ]]
[[ DATA: 00 00 00 00 24 44 55 4D 4D 59 5F 44 45 56 49 43 45 5F 49 44 ]]
[[ DATA: 00 00 00 00 00 00 00 00 00 00 00 00 00 00 00 00 64 66 6D 5F ]]
[[ DATA: 74 72 61 63 65 2E 70 73 66 73 00 00 00 00 00 00 00 00 00 00 ]]
[[ DATA: 00 00 00 00 00 00 00 00 00 00 00 00 00 00 00 00 00 00 00 00 ]]
[[ DATA: 00 00 00 00 00 00 00 00 00 00 00 00 00 00 00 00 00 00 00 00 ]]
[[ DATA: 00 00 00 00 00 00 00 00 00 00 00 00 00 00 00 00 00 00 00 00 ]]
[[ DATA: 00 00 00 00 00 00 00 00 00 00 00 00 00 00 00 00 00 00 00 00 ]]
[[ DATA: 00 00 00 00 00 00 00 00 00 00 00 00 00 00 00 00 00 00 00 00 ]]
[[ DATA: 00 00 00 00 00 00 00 00 00 00 00 00 00 00 00 00 00 00 00 00 ]]
[[ DATA: 00 00 00 00 00 00 00 00 00 00 00 00 00 00 00 00 00 00 00 00 ]]
[[ DATA: 00 00 00 00 00 00 00 00 00 00 00 00 00 00 00 00 00 00 00 00 ]]
[[ DATA: 00 00 00 00 00 00 00 00 00 00 00 00 00 00 00 00 00 00 00 00 ]]
[[ DATA: 00 00 00 00 00 00 00 00 00 00 00 00 00 00 00 00 00 00 00 00 ]]
[[ DATA: 00 00 00 00 00 00 00 00 00 00 00 00 00 00 00 00 00 00 00 00 ]]
[[ DATA: 00 00 00 00 00 00 00 00 00 00 00 00 00 00 00 00 00 00 00 00 ]]
[[ DATA: 00 00 00 00 00 00 00 00 00 00 00 00 00 00 00 00 00 00 00 00 ]]
[[ DATA: 00 00 00 00 00 00 00 00 00 00 00 00 00 00 00 00 00 00 00 00 ]]
[[ DATA: 00 00 00 00 00 00 00 00 00 00 00 00 00 00 00 00 00 00 00 00 ]]
[[ DATA: 00 00 00 00 00 00 00 00 00 00 00 00 00 00 00 00 00 00 00 00 ]]
[[ DATA: 00 00 00 00 00 00 00 00 00 00 00 00 00 00 00 00 00 00 00 00 ]]
[[ DATA: 00 00 00 00 00 00 00 00 00 00 00 00 00 00 00 00 00 00 00 00 ]]
[[ DATA: 00 00 00 00 00 00 00 00 00 00 00 00 00 00 00 00 00 00 00 00 ]]
[[ DATA: 00 00 00 00 00 00 00 00 00 00 00 00 00 00 00 00 00 00 00 00 ]]
[[ DATA: 00 00 00 00 00 00 00 00 00 00 00 00 00 00 00 00 00 00 00 00 ]]
[[ DATA: 00 00 00 00 00 00 00 00 00 00 00 00 00 00 00 00 00 00 00 00 ]]
[[ DATA: 00 00 00 00 00 00 00 00 00 00 00 00 00 00 00 00 00 00 00 00 ]]
[[ DATA: 00 00 00 00 00 00 00 00 00 00 00 00 00 00 00 00 00 00 00 00 ]]
[[ DATA: 00 00 00 00 00 00 00 00 00 00 00 00 00 00 00 00 00 00 00 00 ]]
[[ DATA: 00 00 00 00 00 00 00 00 00 00 00 00 00 00 00 00 00 00 00 00 ]]
[[ DATA: 00 00 00 00 00 00 00 00 00 00 00 00 00 00 00 00 00 00 00 00 ]]
[[ DATA: 00 00 00 00 00 00 00 00 00 00 00 00 00 00 00 00 00 00 00 00 ]]
[[ DATA: 00 00 00 00 00 00 00 00 00 00 00 00 00 00 00 00 00 00 00 00 ]]
[[ DATA: 00 00 00 00 00 00 00 00 00 00 00 00 00 00 00 00 00 00 00 00 ]]
[[ DATA: 00 00 00 00 00 00 00 00 00 00 00 00 00 00 00 00 00 00 00 00 ]]
[[ DATA: 00 00 00 00 00 00 00 00 00 00 00 00 00 00 00 00 00 00 00 00 ]]
[[ DATA: 00 00 00 00 00 00 00 00 00 00 00 00 00 00 00 00 00 00 00 00 ]]
[[ DATA: 00 00 00 00 00 00 00 00 00 00 00 00 00 00 00 00 00 00 00 00 ]]
[[ DATA: 00 00 00 00 00 00 00 00 00 00 00 00 00 00 00 00 00 00 00 00 ]]
[[ DATA: 00 00 00 00 00 00 00 00 00 00 00 00 00 00 00 00 00 00 00 00 ]]
[[ DATA: 00 00 00 00 00 00 00 00 00 00 00 00 00 00 00 00 00 00 00 00 ]]
[[ DATA: 00 00 00 00 00 00 00 00 00 00 00 00 00 00 00 00 00 00 00 00 ]]
[[ DATA: 00 00 00 00 00 00 00 00 00 00 00 00 00 00 00 00 00 00 00 00 ]]
[[ DATA: 00 00 00 00 00 00 00 00 00 00 00 00 00 00 00 00 00 00 00 00 ]]
[[ DATA: 00 00 00 00 00 00 00 00 00 00 00 00 00 00 00 00 00 00 00 00 ]]
[[ DATA: 00 00 00 00 00 00 00 00 00 00 00 00 00 00 00 00 00 00 00 00 ]]
[[ DATA: 00 00 00 00 00 00 00 00 00 00 00 00 00 00 00 00 00 00 00 00 ]]
[[ DATA: 00 00 00 00 00 00 00 00 00 00 00 00 00 00 00 00 00 00 00 00 ]]
[[ DATA: 00 00 00 00 00 00 00 00 00 00 00 00 00 00 00 00 00 00 00 00 ]]
[[ DATA: 00 00 00 00 00 00 00 00 00 00 00 00 00 00 00 00 00 00 00 00 ]]
[[ DATA: 00 00 00 00 00 00 00 00 00 00 00 00 00 00 00 00 00 00 00 00 ]]
[[ DATA: 00 00 00 00 00 00 00 00 00 00 00 00 00 00 00 00 00 00 00 00 ]]
[[ DATA: 00 00 00 00 00 00 00 00 00 00 00 00 00 00 00 00 00 00 00 00 ]]
[[ DATA: 00 00 00 00 00 00 00 00 00 00 00 00 D4 D3 D2 D1 ]]

[[ DevAlert Data Ended. Checksum: 55904 ]]

[[ DevAlert Data Begins ]]
[[ DATA: D1 D2 D3 D4 F0 0F 01 00 71 83 02 00 07 00 07 00 04 00 00 00 ]]
[[ DATA: 20 00 20 00 10 00 00 00 80 03 00 00 24 44 55 4D 4D 59 5F 53 ]]
[[ DATA: 45 53 53 49 4F 4E 5F 49 44 00 00 00 00 00 00 00 00 00 00 00 ]]
[[ DATA: 00 00 00 00 24 44 55 4D 4D 59 5F 44 45 56 49 43 45 5F 49 44 ]]
[[ DATA: 00 00 00 00 00 00 00 00 00 00 00 00 00 00 00 00 64 66 6D 5F ]]
[[ DATA: 74 72 61 63 65 2E 70 73 66 73 00 00 00 00 00 00 00 00 00 00 ]]
[[ DATA: 00 00 00 00 00 00 00 00 00 00 00 00 00 00 00 00 00 00 00 00 ]]
[[ DATA: 00 00 00 00 00 00 00 00 00 00 00 00 00 00 00 00 00 00 00 00 ]]
[[ DATA: 00 00 00 00 00 00 00 00 00 00 00 00 00 00 00 00 00 00 00 00 ]]
[[ DATA: 00 00 00 00 00 00 00 00 00 00 00 00 00 00 00 00 00 00 00 00 ]]
[[ DATA: 00 00 00 00 00 00 00 00 00 00 00 00 00 00 00 00 00 00 00 00 ]]
[[ DATA: 00 00 00 00 00 00 00 00 00 00 00 00 00 00 00 00 00 00 00 00 ]]
[[ DATA: 00 00 00 00 00 00 00 00 00 00 00 00 00 00 00 00 00 00 00 00 ]]
[[ DATA: 00 00 00 00 00 00 00 00 00 00 00 00 00 00 00 00 00 00 00 00 ]]
[[ DATA: 00 00 00 00 00 00 00 00 00 00 00 00 00 00 00 00 00 00 00 00 ]]
[[ DATA: 00 00 00 00 00 00 00 00 00 00 00 00 00 00 00 00 00 00 00 00 ]]
[[ DATA: 00 00 00 00 00 00 00 00 00 00 00 00 00 00 00 00 00 00 00 00 ]]
[[ DATA: 00 00 00 00 00 00 00 00 00 00 00 00 00 00 00 00 00 00 00 00 ]]
[[ DATA: 00 00 00 00 00 00 00 00 00 00 00 00 00 00 00 00 00 00 00 00 ]]
[[ DATA: 00 00 00 00 00 00 00 00 00 00 00 00 00 00 00 00 00 00 00 00 ]]
[[ DATA: 00 00 00 00 00 00 00 00 00 00 00 00 00 00 00 00 00 00 00 00 ]]
[[ DATA: 00 00 00 00 00 00 00 00 00 00 00 00 00 00 00 00 00 00 00 00 ]]
[[ DATA: 00 00 00 00 00 00 00 00 00 00 00 00 00 00 00 00 00 00 00 00 ]]
[[ DATA: 00 00 00 00 00 00 00 00 00 00 00 00 00 00 00 00 00 00 00 00 ]]
[[ DATA: 00 00 00 00 00 00 00 00 00 00 00 00 00 00 00 00 00 00 00 00 ]]
[[ DATA: 00 00 00 00 00 00 00 00 00 00 00 00 00 00 00 00 00 00 00 00 ]]
[[ DATA: 00 00 00 00 00 00 00 00 00 00 00 00 00 00 00 00 00 00 00 00 ]]
[[ DATA: 00 00 00 00 00 00 00 00 00 00 00 00 00 00 00 00 00 00 00 00 ]]
[[ DATA: 00 00 00 00 00 00 00 00 00 00 00 00 00 00 00 00 00 00 00 00 ]]
[[ DATA: 00 00 00 00 00 00 00 00 00 00 00 00 00 00 00 00 00 00 00 00 ]]
[[ DATA: 00 00 00 00 00 00 00 00 00 00 00 00 00 00 00 00 00 00 00 00 ]]
[[ DATA: 00 00 00 00 00 00 00 00 00 00 00 00 00 00 00 00 00 00 00 00 ]]
[[ DATA: 00 00 00 00 00 00 00 00 00 00 00 00 00 00 00 00 00 00 00 00 ]]
[[ DATA: 00 00 00 00 00 00 00 00 00 00 00 00 00 00 00 00 00 00 00 00 ]]
[[ DATA: 00 00 00 00 00 00 00 00 00 00 00 00 00 00 00 00 00 00 00 00 ]]
[[ DATA: 00 00 00 00 00 00 00 00 00 00 00 00 00 00 00 00 00 00 00 00 ]]
[[ DATA: 00 00 00 00 00 00 00 00 00 00 00 00 00 00 00 00 00 00 00 00 ]]
[[ DATA: 00 00 00 00 00 00 00 00 00 00 00 00 00 00 00 00 00 00 00 00 ]]
[[ DATA: 00 00 00 00 00 00 00 00 00 00 00 00 00 00 00 00 00 00 00 00 ]]
[[ DATA: 00 00 00 00 00 00 00 00 00 00 00 00 00 00 00 00 00 00 00 00 ]]
[[ DATA: 00 00 00 00 00 00 00 00 00 00 00 00 00 00 00 00 00 00 00 00 ]]
[[ DATA: 00 00 00 00 00 00 00 00 00 00 00 00 00 00 00 00 00 00 00 00 ]]
[[ DATA: 00 00 00 00 00 00 00 00 00 00 00 00 00 00 00 00 00 00 00 00 ]]
[[ DATA: 00 00 00 00 00 00 00 00 00 00 00 00 00 00 00 00 00 00 00 00 ]]
[[ DATA: 00 00 00 00 00 00 00 00 00 00 00 00 00 00 00 00 00 00 00 00 ]]
[[ DATA: 00 00 00 00 00 00 00 00 00 00 00 00 00 00 00 00 00 00 00 00 ]]
[[ DATA: 00 00 00 00 00 00 00 00 00 00 00 00 00 00 00 00 00 00 00 00 ]]
[[ DATA: 00 00 00 00 00 00 00 00 00 00 00 00 00 00 00 00 00 00 00 00 ]]
[[ DATA: 00 00 00 00 00 00 00 00 00 00 00 00 00 00 00 00 00 00 00 00 ]]
[[ DATA: 00 00 00 00 00 00 00 00 00 00 00 00 0A 0B 0C 0D 71 72 73 74 ]]
[[ DATA: F1 F2 F3 F4 00 00 00 00 D4 D3 D2 D1 ]]

[[ DevAlert Data Ended. Checksum: 9395 ]]
DFMT:CHECK:1007A:PASS:TRACE_RESUMED

[[ DevAlert Data Begins ]]
[[ DATA: D1 D2 D3 D4 F0 0F 01 00 12 15 00 00 01 00 01 00 05 00 00 00 ]]
[[ DATA: 20 00 20 00 68 00 00 00 0C 01 00 00 24 44 55 4D 4D 59 5F 53 ]]
[[ DATA: 45 53 53 49 4F 4E 5F 49 44 00 00 00 00 00 00 00 00 00 00 00 ]]
[[ DATA: 00 00 00 00 24 44 55 4D 4D 59 5F 44 45 56 49 43 45 5F 49 44 ]]
[[ DATA: 00 00 00 00 00 00 00 00 00 00 00 00 00 00 00 00 54 65 73 74 ]]
[[ DATA: 20 31 30 30 37 42 20 61 74 20 74 65 73 74 5F 63 61 6C 6C 5F ]]
[[ DATA: 63 68 61 69 6E 73 2E 63 3A 32 34 37 00 00 00 00 00 00 00 00 ]]
[[ DATA: 00 00 00 00 00 00 00 00 00 00 00 00 00 00 00 00 00 00 00 00 ]]
[[ DATA: 00 00 00 00 00 00 00 00 00 00 00 00 00 00 00 00 00 00 00 00 ]]
[[ DATA: 00 00 00 00 00 00 00 00 00 00 00 00 00 00 00 00 00 00 00 00 ]]
[[ DATA: 50 44 66 6D F0 0F 03 48 08 04 68 00 01 00 00 00 EF 03 00 00 ]]
[[ DATA: 01 00 00 00 A5 01 00 00 07 00 00 00 00 54 00 20 02 00 00 00 ]]
[[ DATA: 21 07 00 00 04 00 00 00 F7 00 00 00 00 00 00 00 00 00 00 00 ]]
[[ DATA: 00 00 00 00 00 00 00 00 00 00 00 00 00 00 00 00 00 00 00 00 ]]
[[ DATA: 00 00 00 00 42 75 69 6C 64 2D 4D 33 2D 4F 73 00 00 00 00 00 ]]
[[ DATA: 00 00 00 00 00 00 00 00 00 00 00 00 00 00 00 00 00 00 00 00 ]]
[[ DATA: 00 00 00 00 00 00 00 00 00 00 00 00 00 00 00 00 00 00 00 00 ]]
[[ DATA: 00 00 00 00 00 00 00 00 00 00 00 00 00 00 00 00 54 65 73 74 ]]
[[ DATA: 20 31 30 30 37 42 20 61 74 20 74 65 73 74 5F 63 61 6C 6C 5F ]]
[[ DATA: 63 68 61 69 6E 73 2E 63 3A 32 34 37 00 00 00 00 00 00 00 00 ]]
[[ DATA: 00 00 00 00 00 00 00 00 00 00 00 00 00 00 00 00 00 00 00 00 ]]
[[ DATA: 00 00 00 00 00 00 00 00 00 00 00 00 00 00 00 00 00 00 00 00 ]]
[[ DATA: 00 00 00 00 00 00 00 00 00 00 00 00 00 00 00 00 00 00 00 00 ]]
[[ DATA: 6D 66 44 50 00 00 00 00 D4 D3 D2 D1 ]]

[[ DevAlert Data Ended. Checksum: 62919 ]]

[[ DevAlert Data Begins ]]
[[ DATA: D1 D2 D3 D4 F0 0F 01 00 18 46 01 00 01 00 01 00 05 00 00 00 ]]
[[ DATA: 20 00 20 00 10 00 00 00 24 00 00 00 24 44 55 4D 4D 59 5F 53 ]]
[[ DATA: 45 53 53 49 4F 4E 5F 49 44 00 00 00 00 00 00 00 00 00 00 00 ]]
[[ DATA: 00 00 00 00 24 44 55 4D 4D 59 5F 44 45 56 49 43 45 5F 49 44 ]]
[[ DATA: 00 00 00 00 00 00 00 00 00 00 00 00 00 00 00 00 74 72 61 70 ]]
[[ DATA: 2E 7A 70 72 00 2E 70 73 66 73 00 00 50 44 61 50 F0 0F 03 10 ]]
[[ DATA: FB 01 00 00 74 72 61 70 2E 7A 70 72 00 00 00 00 00 00 00 00 ]]
[[ DATA: 50 61 44 50 00 00 00 00 D4 D3 D2 D1 ]]

[[ DevAlert Data Ended. Checksum: 50038 ]]

[[ DevAlert Data Begins ]]
[[ DATA: D1 D2 D3 D4 F0 0F 01 00 71 83 01 00 01 00 01 00 05 00 00 00 ]]
[[ DATA: 20 00 20 00 10 00 00 00 FB 01 00 00 24 44 55 4D 4D 59 5F 53 ]]
[[ DATA: 45 53 53 49 4F 4E 5F 49 44 00 00 00 00 00 00 00 00 00 00 00 ]]
[[ DATA: 00 00 00 00 24 44 55 4D 4D 59 5F 44 45 56 49 43 45 5F 49 44 ]]
[[ DATA: 00 00 00 00 00 00 00 00 00 00 00 00 00 00 00 00 74 72 61 70 ]]
[[ DATA: 2E 7A 70 72 00 2E 70 73 66 73 00 00 5A 45 02 00 03 00 05 00 ]]
[[ DATA: 0D D0 00 00 41 03 00 4C 00 5C E9 00 08 47 00 00 00 00 00 00 ]]
[[ DATA: 00 00 00 00 00 BD 21 5C 0A AF 87 00 08 EE 81 00 08 00 00 00 ]]
[[ DATA: 29 00 54 00 20 08 0E 00 20 00 00 00 00 00 00 00 00 40 E0 00 ]]
[[ DATA: 08 D0 0D 00 20 EF 03 00 00 FF FF FF FF FF FF FF FF 01 00 00 ]]
[[ DATA: 00 30 00 00 00 4D 01 00 50 0B 00 20 10 0C 00 20 84 38 00 20 ]]
[[ DATA: 84 38 00 20 00 00 00 00 01 00 00 FF 80 00 00 00 00 00 00 00 ]]
[[ DATA: 00 00 00 00 00 00 00 00 00 00 00 00 00 00 00 00 19 A3 00 08 ]]
[[ DATA: 00 00 00 00 00 00 00 00 6C 38 00 20 50 06 00 00 2C 01 00 00 ]]
[[ DATA: 00 00 00 00 EE 03 00 00 FF FF FF FF FF FF FF FF F8 53 00 20 ]]
[[ DATA: 00 00 00 00 A8 0B 00 20 A8 0B 00 20 05 8A 00 08 00 00 00 00 ]]
[[ DATA: 00 00 00 00 00 00 00 00 00 00 00 00 6D 61 69 6E 00 00 00 00 ]]
[[ DATA: 00 00 00 00 00 00 00 00 00 00 00 00 00 00 00 00 00 00 00 00 ]]
[[ DATA: 00 00 00 00 C8 50 00 20 00 04 00 00 10 00 00 00 00 00 00 00 ]]
[[ DATA: B8 54 00 20 00 00 00 00 00 00 00 00 00 00 00 00 00 00 00 00 ]]
[[ DATA: 00 00 00 00 F5 FF FF FF 4D 01 00 00 54 00 20 C8 54 00 20 5C ]]
[[ DATA: E9 00 08 F7 00 00 00 00 00 00 00 5C E9 00 08 80 E0 00 08 F5 ]]
[[ DATA: 19 00 08 5C E9 00 08 47 00 00 00 F4 0E 00 20 51 1A 00 08 00 ]]
[[ DATA: 00 00 00 6F 1A 00 08 00 00 00 00 C7 1A 00 08 ED E6 00 08 39 ]]
[[ DATA: 14 00 08 02 00 00 00 01 00 00 00 5D E7 8F 09 04 00 00 00 EF ]]
[[ DATA: 03 00 00 02 00 00 00 01 00 00 00 00 00 00 00 00 00 00 00 00 ]]
[[ DATA: FE D0 D5 00 00 00 00 54 DF 00 08 54 DF 00 08 54 DF 00 08 00 ]]
[[ DATA: 00 00 00 00 00 00 00 08 00 00 00 F7 8A 00 08 AA AA AA AA AA ]]
[[ DATA: AA AA AA AA AA AA AA AA AA AA AA 05 8A 00 08 00 00 00 00 B8 ]]
[[ DATA: 54 00 20 05 8A 00 08 00 00 00 00 87 2B 00 08 00 00 00 00 B9 ]]
[[ DATA: 36 00 08 AA AA AA AA AA AA AA AA 50 0B 00 20 00 00 00 00 D4 ]]
[[ DATA: D3 D2 D1 ]]

[[ DevAlert Data Ended. Checksum: 16208 ]]

[[ DevAlert Data Begins ]]
[[ DATA: D1 D2 D3 D4 F0 0F 01 00 18 46 02 00 01 00 01 00 05 00 00 00 ]]
[[ DATA: 20 00 20 00 10 00 00 00 24 00 00 00 24 44 55 4D 4D 59 5F 53 ]]
[[ DATA: 45 53 53 49 4F 4E 5F 49 44 00 00 00 00 00 00 00 00 00 00 00 ]]
[[ DATA: 00 00 00 00 24 44 55 4D 4D 59 5F 44 45 56 49 43 45 5F 49 44 ]]
[[ DATA: 00 00 00 00 00 00 00 00 00 00 00 00 00 00 00 00 64 66 6D 5F ]]
[[ DATA: 74 72 61 63 65 2E 70 73 66 73 00 00 50 44 61 50 F0 0F 03 10 ]]
[[ DATA: F0 1A 00 00 64 66 6D 5F 74 72 61 63 65 2E 70 73 66 73 00 00 ]]
[[ DATA: 50 61 44 50 00 00 00 00 D4 D3 D2 D1 ]]

[[ DevAlert Data Ended. Checksum: 50216 ]]

[[ DevAlert Data Begins ]]
[[ DATA: D1 D2 D3 D4 F0 0F 01 00 71 83 02 00 01 00 07 00 05 00 00 00 ]]
[[ DATA: 20 00 20 00 10 00 00 00 E8 03 00 00 24 44 55 4D 4D 59 5F 53 ]]
[[ DATA: 45 53 53 49 4F 4E 5F 49 44 00 00 00 00 00 00 00 00 00 00 00 ]]
[[ DATA: 00 00 00 00 24 44 55 4D 4D 59 5F 44 45 56 49 43 45 5F 49 44 ]]
[[ DATA: 00 00 00 00 00 00 00 00 00 00 00 00 00 00 00 00 64 66 6D 5F ]]
[[ DATA: 74 72 61 63 65 2E 70 73 66 73 00 00 30 1A 00 20 00 00 00 00 ]]
[[ DATA: 05 06 07 08 75 76 77 78 F5 F6 F7 F8 00 46 53 50 0E 00 A9 9A ]]
[[ DATA: 00 00 00 00 01 03 00 00 00 00 00 00 00 00 03 04 5A 65 70 68 ]]
[[ DATA: 79 72 00 00 01 00 00 00 00 71 02 00 00 68 89 09 00 00 00 00 ]]
[[ DATA: E8 03 00 00 8B BE 87 10 00 00 00 00 38 00 00 00 1C 00 00 00 ]]
[[ DATA: 03 00 00 00 AC 0F 00 20 63 00 04 04 88 01 00 00 3A 01 00 00 ]]
[[ DATA: 00 00 00 40 73 79 73 63 61 6C 6C 73 00 00 00 00 00 00 00 00 ]]
[[ DATA: 00 00 00 00 00 00 00 00 00 00 00 00 00 00 00 00 00 00 00 00 ]]
[[ DATA: 00 00 00 00 00 00 00 00 00 00 00 00 00 00 00 00 00 00 00 00 ]]
[[ DATA: 00 00 00 00 00 00 00 00 00 00 00 00 00 00 00 00 00 00 00 00 ]]
[[ DATA: 00 00 00 00 00 00 00 00 00 00 00 00 00 00 00 00 00 00 00 00 ]]
[[ DATA: 00 00 00 00 00 00 00 00 00 00 00 00 00 00 00 00 00 00 00 00 ]]
[[ DATA: 00 00 00 00 00 00 00 00 00 00 00 00 00 00 00 00 00 00 00 00 ]]
[[ DATA: 00 00 00 00 00 00 00 00 00 00 00 00 00 00 00 00 00 00 00 00 ]]
[[ DATA: 00 00 00 00 00 00 00 00 00 00 00 00 00 00 00 00 00 00 00 00 ]]
[[ DATA: 00 00 00 00 00 00 00 00 00 00 00 00 00 00 00 00 00 00 00 00 ]]
[[ DATA: 00 00 00 00 00 00 00 00 00 00 00 00 00 00 00 00 00 00 00 00 ]]
[[ DATA: 00 00 00 00 00 00 00 00 00 00 00 00 00 00 00 00 00 00 00 00 ]]
[[ DATA: 00 00 00 00 00 00 00 00 00 00 00 00 00 00 00 00 00 00 00 00 ]]
[[ DATA: 00 00 00 00 00 00 00 00 00 00 00 00 00 00 00 00 00 00 00 00 ]]
[[ DATA: 00 00 00 00 00 00 00 00 00 00 00 00 00 00 00 00 00 00 00 00 ]]
[[ DATA: 00 00 00 00 00 00 00 00 00 00 00 00 00 00 00 00 00 00 00 00 ]]
[[ DATA: 00 00 00 00 00 00 00 00 00 00 00 00 00 00 00 00 00 00 00 00 ]]
[[ DATA: 00 00 00 00 00 00 00 00 00 00 00 00 00 00 00 00 00 00 00 00 ]]
[[ DATA: 00 00 00 00 00 00 00 00 00 00 00 00 00 00 00 00 00 00 00 00 ]]
[[ DATA: 00 00 00 00 00 00 00 00 00 00 00 00 00 00 00 00 00 00 00 00 ]]
[[ DATA: 00 00 00 00 00 00 00 00 00 00 00 00 00 00 00 00 00 00 00 00 ]]
[[ DATA: 00 00 00 00 00 00 00 00 00 00 00 00 00 00 00 00 00 00 00 00 ]]
[[ DATA: 00 00 00 00 00 00 00 00 00 00 00 00 00 00 00 00 00 00 00 00 ]]
[[ DATA: 00 00 00 00 00 00 00 00 00 00 00 00 00 00 00 00 00 00 00 00 ]]
[[ DATA: 00 00 00 00 00 00 00 00 00 00 00 00 00 00 00 00 00 00 00 00 ]]
[[ DATA: 00 00 00 00 00 00 00 00 00 00 00 00 00 00 00 00 00 00 00 00 ]]
[[ DATA: 00 00 00 00 00 00 00 00 00 00 00 00 00 00 00 00 00 00 00 00 ]]
[[ DATA: 00 00 00 00 00 00 00 00 00 00 00 00 00 00 00 00 00 00 00 00 ]]
[[ DATA: 00 00 00 00 00 00 00 00 00 00 00 00 00 00 00 00 00 00 00 00 ]]
[[ DATA: 00 00 00 00 00 00 00 00 00 00 00 00 00 00 00 00 00 00 00 00 ]]
[[ DATA: 00 00 00 00 00 00 00 00 00 00 00 00 00 00 00 00 00 00 00 00 ]]
[[ DATA: 00 00 00 00 00 00 00 00 00 00 00 00 00 00 00 00 00 00 00 00 ]]
[[ DATA: 00 00 00 00 00 00 00 00 00 00 00 00 00 00 00 00 00 00 00 00 ]]
[[ DATA: 00 00 00 00 00 00 00 00 00 00 00 00 00 00 00 00 00 00 00 00 ]]
[[ DATA: 00 00 00 00 00 00 00 00 00 00 00 00 00 00 00 00 00 00 00 00 ]]
[[ DATA: 00 00 00 00 00 00 00 00 00 00 00 00 00 00 00 00 00 00 00 00 ]]
[[ DATA: 00 00 00 00 00 00 00 00 00 00 00 00 00 00 00 00 00 00 00 00 ]]
[[ DATA: 00 00 00 00 00 00 00 00 00 00 00 00 00 00 00 00 00 00 00 00 ]]
[[ DATA: 00 00 00 00 00 00 00 00 00 00 00 00 00 00 00 00 00 00 00 00 ]]
[[ DATA: 00 00 00 00 00 00 00 00 00 00 00 00 00 00 00 00 00 00 00 00 ]]
[[ DATA: 00 00 00 00 00 00 00 00 00 00 00 00 00 00 00 00 00 00 00 00 ]]
[[ DATA: 00 00 00 00 00 00 00 00 00 00 00 00 00 00 00 00 00 00 00 00 ]]
[[ DATA: 00 00 00 00 00 00 00 00 00 00 00 00 00 00 00 00 00 00 00 00 ]]
[[ DATA: 00 00 00 00 00 00 00 00 00 00 00 00 00 00 00 00 00 00 00 00 ]]
[[ DATA: 00 00 00 00 00 00 00 00 00 00 00 00 D4 D3 D2 D1 ]]

[[ DevAlert Data Ended. Checksum: 28996 ]]

[[ DevAlert Data Begins ]]
[[ DATA: D1 D2 D3 D4 F0 0F 01 00 71 83 02 00 02 00 07 00 05 00 00 00 ]]
[[ DATA: 20 00 20 00 10 00 00 00 E8 03 00 00 24 44 55 4D 4D 59 5F 53 ]]
[[ DATA: 45 53 53 49 4F 4E 5F 49 44 00 00 00 00 00 00 00 00 00 00 00 ]]
[[ DATA: 00 00 00 00 24 44 55 4D 4D 59 5F 44 45 56 49 43 45 5F 49 44 ]]
[[ DATA: 00 00 00 00 00 00 00 00 00 00 00 00 00 00 00 00 64 66 6D 5F ]]
[[ DATA: 74 72 61 63 65 2E 70 73 66 73 00 00 00 00 00 00 00 00 00 00 ]]
[[ DATA: 00 00 00 00 00 00 00 00 00 00 00 00 00 00 00 00 00 00 00 00 ]]
[[ DATA: 00 00 00 00 00 00 00 00 00 00 00 00 00 00 00 00 00 00 00 00 ]]
[[ DATA: 00 00 00 00 00 00 00 00 00 00 00 00 00 00 00 00 00 00 00 00 ]]
[[ DATA: 00 00 00 00 00 00 00 00 00 00 00 00 00 00 00 00 00 00 00 00 ]]
[[ DATA: 00 00 00 00 00 00 00 00 00 00 00 00 00 00 00 00 00 00 00 00 ]]
[[ DATA: 00 00 00 00 00 00 00 00 00 00 00 00 00 00 00 00 00 00 00 00 ]]
[[ DATA: 00 00 00 00 00 00 00 00 00 00 00 00 00 00 00 00 00 00 00 00 ]]
[[ DATA: 00 00 00 00 00 00 00 00 00 00 00 00 00 00 00 00 00 00 00 00 ]]
[[ DATA: 00 00 00 00 00 00 00 00 00 00 00 00 00 00 00 00 00 00 00 00 ]]
[[ DATA: 00 00 00 00 00 00 00 00 00 00 00 00 00 00 00 00 00 00 00 00 ]]
[[ DATA: 00 00 00 00 00 00 00 00 00 00 00 00 00 00 00 00 00 00 00 00 ]]
[[ DATA: 00 00 00 00 00 00 00 00 00 00 00 00 00 00 00 00 00 00 00 00 ]]
[[ DATA: 00 00 00 00 00 00 00 00 00 00 00 00 00 00 00 00 00 00 00 00 ]]
[[ DATA: 00 00 00 00 00 00 00 00 00 00 00 00 00 00 00 00 00 00 00 00 ]]
[[ DATA: 00 00 00 00 00 00 00 00 00 00 00 00 00 00 00 00 00 00 00 00 ]]
[[ DATA: 00 00 00 00 00 00 00 00 00 00 00 00 00 00 00 00 00 00 00 00 ]]
[[ DATA: 00 00 00 00 00 00 00 00 00 00 00 00 00 00 00 00 00 00 00 00 ]]
[[ DATA: 00 00 00 00 00 00 00 00 00 00 00 00 00 00 00 00 00 00 00 00 ]]
[[ DATA: 00 00 00 00 00 00 00 00 00 00 00 00 00 00 00 00 00 00 00 00 ]]
[[ DATA: 00 00 00 00 00 00 00 00 00 00 00 00 00 00 00 00 00 00 00 00 ]]
[[ DATA: 00 00 00 00 00 00 00 00 00 00 00 00 00 00 00 00 00 00 00 00 ]]
[[ DATA: 00 00 00 00 00 00 00 00 00 00 00 00 00 00 00 00 00 00 00 00 ]]
[[ DATA: 00 00 00 00 00 00 00 00 00 00 00 00 00 00 00 00 00 00 00 00 ]]
[[ DATA: 00 00 00 00 00 00 00 00 00 00 00 00 00 00 00 00 00 00 00 00 ]]
[[ DATA: 00 00 00 00 00 00 00 00 00 00 00 00 00 00 00 00 00 00 00 00 ]]
[[ DATA: 00 00 00 00 00 00 00 00 00 00 00 00 00 00 00 00 00 00 00 00 ]]
[[ DATA: 00 00 00 00 00 00 00 00 00 00 00 00 00 00 00 00 00 00 00 00 ]]
[[ DATA: 00 00 00 00 00 00 00 00 00 00 00 00 00 00 00 00 00 00 00 00 ]]
[[ DATA: 00 00 00 00 00 00 00 00 00 00 00 00 00 00 00 00 00 00 00 00 ]]
[[ DATA: 00 00 00 00 00 00 00 00 00 00 00 00 00 00 00 00 00 00 00 00 ]]
[[ DATA: 00 00 00 00 00 00 00 00 00 00 00 00 00 00 00 00 00 00 00 00 ]]
[[ DATA: 00 00 00 00 00 00 00 00 00 00 00 00 00 00 00 00 00 00 00 00 ]]
[[ DATA: 00 00 00 00 00 00 00 00 00 00 00 00 00 00 00 00 00 00 00 00 ]]
[[ DATA: 00 00 00 00 00 00 00 00 00 00 00 00 00 00 00 00 00 00 00 00 ]]
[[ DATA: 00 00 00 00 00 00 00 00 00 00 00 00 00 00 00 00 00 00 00 00 ]]
[[ DATA: 00 00 00 00 00 00 00 00 00 00 00 00 00 00 00 00 00 00 00 00 ]]
[[ DATA: 00 00 00 00 00 00 00 00 00 00 00 00 00 00 00 00 00 00 00 00 ]]
[[ DATA: 00 00 00 00 00 00 00 00 00 00 00 00 00 00 00 00 00 00 00 00 ]]
[[ DATA: 00 00 00 00 00 00 00 00 00 00 00 00 00 00 00 00 00 00 00 00 ]]
[[ DATA: 00 00 00 00 00 00 00 00 00 00 00 00 00 00 00 00 00 00 00 00 ]]
[[ DATA: 00 00 00 00 00 00 00 00 00 00 00 00 00 00 00 00 00 00 00 00 ]]
[[ DATA: 00 00 00 00 00 00 00 00 00 00 00 00 00 00 00 00 00 00 00 00 ]]
[[ DATA: 00 00 00 00 00 00 00 00 00 00 00 00 00 00 00 00 00 00 00 00 ]]
[[ DATA: 00 00 00 00 00 00 00 00 00 00 00 00 00 00 00 00 00 00 00 00 ]]
[[ DATA: 00 00 00 00 00 00 00 00 00 00 00 00 00 00 00 00 00 00 00 00 ]]
[[ DATA: 00 00 00 00 00 00 00 00 00 00 00 00 00 00 00 00 00 00 00 00 ]]
[[ DATA: 00 00 00 00 00 00 00 00 00 00 00 00 00 00 00 00 00 00 00 00 ]]
[[ DATA: 00 00 00 00 00 00 00 00 00 00 00 00 00 00 00 00 00 00 00 00 ]]
[[ DATA: 00 00 00 00 00 00 00 00 00 00 00 00 00 00 00 00 00 00 00 00 ]]
[[ DATA: 00 00 00 00 00 00 00 00 00 00 00 00 D4 D3 D2 D1 ]]

[[ DevAlert Data Ended. Checksum: 49555 ]]

[[ DevAlert Data Begins ]]
[[ DATA: D1 D2 D3 D4 F0 0F 01 00 71 83 02 00 03 00 07 00 05 00 00 00 ]]
[[ DATA: 20 00 20 00 10 00 00 00 E8 03 00 00 24 44 55 4D 4D 59 5F 53 ]]
[[ DATA: 45 53 53 49 4F 4E 5F 49 44 00 00 00 00 00 00 00 00 00 00 00 ]]
[[ DATA: 00 00 00 00 24 44 55 4D 4D 59 5F 44 45 56 49 43 45 5F 49 44 ]]
[[ DATA: 00 00 00 00 00 00 00 00 00 00 00 00 00 00 00 00 64 66 6D 5F ]]
[[ DATA: 74 72 61 63 65 2E 70 73 66 73 00 00 00 00 00 00 00 00 00 00 ]]
[[ DATA: 00 00 00 00 00 00 00 00 00 00 00 00 00 00 00 00 00 00 00 00 ]]
[[ DATA: 00 00 00 00 00 00 00 00 00 00 00 00 00 00 00 00 00 00 00 00 ]]
[[ DATA: 00 00 00 00 00 00 00 00 00 00 00 00 00 00 00 00 00 00 00 00 ]]
[[ DATA: 00 00 00 00 00 00 00 00 00 00 00 00 00 00 00 00 00 00 00 00 ]]
[[ DATA: 00 00 00 00 00 00 00 00 00 00 00 00 00 00 00 00 00 00 00 00 ]]
[[ DATA: 00 00 00 00 00 00 00 00 00 00 00 00 00 00 00 00 00 00 00 00 ]]
[[ DATA: 00 00 00 00 00 00 00 00 00 00 00 00 00 00 00 00 00 00 00 00 ]]
[[ DATA: 00 00 00 00 00 00 00 00 00 00 00 00 00 00 00 00 00 00 00 00 ]]
[[ DATA: 00 00 00 00 00 00 00 00 00 00 00 00 00 00 00 00 00 00 00 00 ]]
[[ DATA: 00 00 00 00 00 00 00 00 00 00 00 00 00 00 00 00 00 00 00 00 ]]
[[ DATA: 00 00 00 00 00 00 00 00 00 00 00 00 00 00 00 00 00 00 00 00 ]]
[[ DATA: 00 00 00 00 00 00 00 00 00 00 00 00 00 00 00 00 00 00 00 00 ]]
[[ DATA: 00 00 00 00 00 00 00 00 00 00 00 00 00 00 00 00 00 00 00 00 ]]
[[ DATA: 00 00 00 00 00 00 00 00 00 00 00 00 00 00 00 00 00 00 00 00 ]]
[[ DATA: 00 00 00 00 00 00 00 00 00 00 00 00 00 00 00 00 00 00 00 00 ]]
[[ DATA: 00 00 00 00 00 00 00 00 00 00 00 00 00 00 00 00 00 00 00 00 ]]
[[ DATA: 00 00 00 00 00 00 00 00 00 00 00 00 00 00 00 00 00 00 00 00 ]]
[[ DATA: 00 00 00 00 00 00 00 00 00 00 00 00 00 00 00 00 00 00 00 00 ]]
[[ DATA: 00 00 00 00 00 00 00 00 00 00 00 00 00 00 00 00 00 00 00 00 ]]
[[ DATA: 00 00 00 00 00 00 00 00 00 00 00 00 00 00 00 00 00 00 00 00 ]]
[[ DATA: 00 00 00 00 00 00 00 00 00 00 00 00 00 00 00 00 00 00 00 00 ]]
[[ DATA: 00 00 00 00 00 00 00 00 00 00 00 00 00 00 00 00 00 00 00 00 ]]
[[ DATA: 00 00 00 00 00 00 00 00 00 00 00 00 00 00 00 00 00 00 00 00 ]]
[[ DATA: 00 00 00 00 00 00 00 00 00 00 00 00 00 00 00 00 00 00 00 00 ]]
[[ DATA: 00 00 00 00 0C 19 00 20 00 00 00 00 00 00 00 00 00 00 00 00 ]]
[[ DATA: 00 00 00 00 44 46 4D 20 54 65 73 74 73 00 00 00 00 00 00 00 ]]
[[ DATA: 00 00 00 00 00 00 00 00 00 00 00 00 3C 19 00 20 00 00 00 00 ]]
[[ DATA: 00 00 00 00 00 00 00 00 00 00 00 00 41 4C 45 52 54 00 00 00 ]]
[[ DATA: 00 00 00 00 00 00 00 00 00 00 00 00 00 00 00 00 00 00 00 00 ]]
[[ DATA: CC 2C 00 20 00 00 00 00 00 00 00 00 00 00 00 00 00 00 00 00 ]]
[[ DATA: 54 7A 43 74 72 6C 00 00 00 00 00 00 00 00 00 00 00 00 00 00 ]]
[[ DATA: 00 00 00 00 00 00 00 00 F0 0C 00 20 FF FF FF FF 00 00 00 00 ]]
[[ DATA: 00 00 00 00 00 00 00 00 73 79 73 77 6F 72 6B 71 00 00 00 00 ]]
[[ DATA: 00 00 00 00 00 00 00 00 00 00 00 00 00 00 00 00 90 0A 00 20 ]]
[[ DATA: 0F 00 00 00 00 00 00 00 00 00 00 00 00 00 00 00 69 64 6C 65 ]]
[[ DATA: 00 00 00 00 00 00 00 00 00 00 00 00 00 00 00 00 00 00 00 00 ]]
[[ DATA: 00 00 00 00 50 0B 00 20 00 00 00 00 00 00 00 00 00 00 00 00 ]]
[[ DATA: 00 00 00 00 6D 61 69 6E 00 00 00 00 00 00 00 00 00 00 00 00 ]]
[[ DATA: 00 00 00 00 00 00 00 00 00 00 00 00 00 10 00 00 C0 05 00 00 ]]
[[ DATA: 00 00 00 00 D4 0F 00 00 01 00 00 00 00 00 00 00 D4 0F 00 00 ]]
[[ DATA: 00 00 00 00 C0 05 00 00 00 00 00 00 00 00 00 00 5C 1A 00 20 ]]
[[ DATA: 01 10 01 00 E1 12 00 00 02 00 00 00 10 30 02 00 D5 52 00 00 ]]
[[ DATA: 50 0B 00 20 00 04 00 00 00 00 00 00 30 10 03 00 0F 57 00 00 ]]
[[ DATA: 50 0B 00 20 10 30 04 00 35 72 00 00 90 0A 00 20 40 01 00 00 ]]
[[ DATA: 0F 00 00 00 37 20 05 00 DF 76 00 00 50 0B 00 20 00 00 00 00 ]]
[[ DATA: 2F 51 06 00 54 7A 00 00 F0 0C 00 20 C8 54 00 20 00 04 00 00 ]]
[[ DATA: FF FF FF FF C8 E3 00 08 10 30 07 00 3F B6 00 00 F0 0C 00 20 ]]
[[ DATA: 00 04 00 00 FF FF FF FF 5D 11 08 00 1E BF 00 00 F0 0C 00 20 ]]
[[ DATA: 30 10 09 00 3B C2 00 00 F0 0C 00 20 37 20 0A 00 4A CB 00 00 ]]
[[ DATA: F0 0C 00 20 FF FF FF FF 37 20 0B 00 D4 D3 D2 D1 ]]

[[ DevAlert Data Ended. Checksum: 44471 ]]

[[ DevAlert Data Begins ]]
[[ DATA: D1 D2 D3 D4 F0 0F 01 00 71 83 02 00 04 00 07 00 05 00 00 00 ]]
[[ DATA: 20 00 20 00 10 00 00 00 E8 03 00 00 24 44 55 4D 4D 59 5F 53 ]]
[[ DATA: 45 53 53 49 4F 4E 5F 49 44 00 00 00 00 00 00 00 00 00 00 00 ]]
[[ DATA: 00 00 00 00 24 44 55 4D 4D 59 5F 44 45 56 49 43 45 5F 49 44 ]]
[[ DATA: 00 00 00 00 00 00 00 00 00 00 00 00 00 00 00 00 64 66 6D 5F ]]
[[ DATA: 74 72 61 63 65 2E 70 73 66 73 00 00 CB D6 00 00 50 0B 00 20 ]]
[[ DATA: 00 00 00 00 2E 11 0C 00 3A D9 00 00 F0 0C 00 20 10 30 0D 00 ]]
[[ DATA: B5 15 01 00 CC 2C 00 20 00 04 00 00 00 00 00 00 5D 11 0E 00 ]]
[[ DATA: 30 18 01 00 CC 2C 00 20 30 10 0F 00 14 1B 01 00 CC 2C 00 20 ]]
[[ DATA: 03 30 10 00 ED ED 06 00 3C 19 00 20 41 4C 45 52 54 00 64 66 ]]
[[ DATA: 91 90 11 00 37 F2 06 00 3C 19 00 20 54 65 73 74 20 31 30 30 ]]
[[ DATA: 35 20 61 74 20 74 65 73 74 5F 63 6F 6E 74 65 78 74 73 2E 63 ]]
[[ DATA: 3A 34 38 00 2A 10 12 00 70 23 5A 00 E8 03 00 00 37 20 13 00 ]]
[[ DATA: 1F 31 5A 00 CC 2C 00 20 00 00 00 00 EA 20 14 00 D5 47 5A 00 ]]
[[ DATA: 50 0B 00 20 6C 02 00 00 2A 10 15 00 03 4A 5A 00 FA 00 00 00 ]]
[[ DATA: 37 20 16 00 CE 53 5A 00 90 0A 00 20 0F 00 00 00 30 10 17 00 ]]
[[ DATA: 25 B3 BC 02 CC 2C 00 20 37 20 18 00 10 BD BC 02 CC 2C 00 20 ]]
[[ DATA: 00 00 00 00 2B 10 19 00 7C C0 BC 02 00 00 00 00 EA 20 1A 00 ]]
[[ DATA: F4 CA BC 02 90 0A 00 20 F4 00 00 00 2A 10 1B 00 11 CD BC 02 ]]
[[ DATA: FA 00 00 00 37 20 1C 00 E7 D6 BC 02 90 0A 00 20 0F 00 00 00 ]]
[[ DATA: 30 10 1D 00 F7 7D 21 05 CC 2C 00 20 37 20 1E 00 B5 87 21 05 ]]
[[ DATA: CC 2C 00 20 00 00 00 00 2B 10 1F 00 F5 8A 21 05 00 00 00 00 ]]
[[ DATA: EA 20 20 00 69 A5 21 05 F0 0C 00 20 F4 02 00 00 2A 10 21 00 ]]
[[ DATA: 80 A7 21 05 FA 00 00 00 37 20 22 00 50 B1 21 05 90 0A 00 20 ]]
[[ DATA: 0F 00 00 00 30 10 23 00 F7 48 86 07 CC 2C 00 20 37 20 24 00 ]]
[[ DATA: B5 52 86 07 CC 2C 00 20 00 00 00 00 2B 10 25 00 F5 55 86 07 ]]
[[ DATA: 00 00 00 00 EA 20 26 00 A9 72 86 07 CC 2C 00 20 3C 03 00 00 ]]
[[ DATA: 2A 10 27 00 C0 74 86 07 FA 00 00 00 37 20 28 00 78 7D 86 07 ]]
[[ DATA: 90 0A 00 20 0F 00 00 00 30 10 29 00 F7 C0 E3 09 50 0B 00 20 ]]
[[ DATA: 37 20 2A 00 B5 CA E3 09 50 0B 00 20 00 00 00 00 2B 10 2B 00 ]]
[[ DATA: F5 CD E3 09 00 00 00 00 30 10 2C 00 30 14 EB 09 CC 2C 00 20 ]]
[[ DATA: 03 40 2D 00 C0 87 EF 09 0C 19 00 20 44 46 4D 20 54 65 73 74 ]]
[[ DATA: 73 00 54 52 92 50 2E 00 CB 2D F3 09 0C 19 00 20 EE 03 00 00 ]]
[[ DATA: 54 25 75 20 42 45 47 49 4E 00 44 46 61 30 2F 00 F2 31 F3 09 ]]
[[ DATA: B0 00 00 20 00 00 00 00 00 00 00 00 92 90 30 00 9C 36 F3 09 ]]
[[ DATA: 0C 19 00 20 0B 00 00 00 54 31 30 30 36 41 20 43 54 58 20 48 ]]
[[ DATA: 61 6E 64 6C 65 72 20 49 50 53 52 3D 25 75 00 54 91 A0 31 00 ]]
[[ DATA: 1B 48 F3 09 3C 19 00 20 54 65 73 74 20 31 30 30 36 41 20 61 ]]
[[ DATA: 74 20 74 65 73 74 5F 63 6F 6E 74 65 78 74 73 2E 63 3A 36 34 ]]
[[ DATA: 00 00 00 00 51 20 32 00 C3 57 6F 0B B0 00 00 20 00 00 00 00 ]]
[[ DATA: 92 B0 33 00 39 5C 6F 0B 0C 19 00 20 0B 00 00 00 54 31 30 30 ]]
[[ DATA: 36 42 20 52 45 54 55 52 4E 20 66 69 72 73 74 20 74 72 61 70 ]]
[[ DATA: 3B 20 49 50 53 52 3D 25 75 00 48 41 91 A0 34 00 6C 45 73 0B ]]
[[ DATA: 3C 19 00 20 54 65 73 74 20 31 30 30 36 42 20 61 74 20 74 65 ]]
[[ DATA: 73 74 5F 63 6F 6E 74 65 78 74 73 2E 63 3A 37 39 00 00 00 00 ]]
[[ DATA: 2A 10 35 00 33 60 8C 0C 2C 01 00 00 37 20 36 00 E5 6E 8C 0C ]]
[[ DATA: CC 2C 00 20 00 00 00 00 2B 10 37 00 3F 72 8C 0C 00 00 00 00 ]]
[[ DATA: EA 20 38 00 84 88 8C 0C 50 0B 00 20 6C 02 00 00 2A 10 39 00 ]]
[[ DATA: 9C 8A 8C 0C FA 00 00 00 37 20 3A 00 6D 94 8C 0C 90 0A 00 20 ]]
[[ DATA: 0F 00 00 00 30 10 3B 00 2B 42 EF 0E CC 2C 00 20 37 20 3C 00 ]]
[[ DATA: 18 4C EF 0E CC 2C 00 20 00 00 00 00 2B 10 3D 00 58 4F EF 0E ]]
[[ DATA: 00 00 00 00 EA 20 3E 00 CC 59 EF 0E 90 0A 00 20 F4 00 00 00 ]]
[[ DATA: 2A 10 3F 00 E3 5B EF 0E FA 00 00 00 37 20 40 00 9B 64 EF 0E ]]
[[ DATA: 90 0A 00 20 0F 00 00 00 30 10 41 00 07 54 69 0F 50 0B 00 20 ]]
[[ DATA: 37 20 42 00 35 5E 69 0F 50 0B 00 20 00 00 00 00 2B 10 43 00 ]]
[[ DATA: 75 61 69 0F 00 00 00 00 92 50 44 00 D4 D3 D2 D1 ]]

[[ DevAlert Data Ended. Checksum: 24481 ]]

[[ DevAlert Data Begins ]]
[[ DATA: D1 D2 D3 D4 F0 0F 01 00 71 83 02 00 05 00 07 00 05 00 00 00 ]]
[[ DATA: 20 00 20 00 10 00 00 00 E8 03 00 00 24 44 55 4D 4D 59 5F 53 ]]
[[ DATA: 45 53 53 49 4F 4E 5F 49 44 00 00 00 00 00 00 00 00 00 00 00 ]]
[[ DATA: 00 00 00 00 24 44 55 4D 4D 59 5F 44 45 56 49 43 45 5F 49 44 ]]
[[ DATA: 00 00 00 00 00 00 00 00 00 00 00 00 00 00 00 00 64 66 6D 5F ]]
[[ DATA: 74 72 61 63 65 2E 70 73 66 73 00 00 EB 4C 6A 0F 0C 19 00 20 ]]
[[ DATA: EF 03 00 00 54 25 75 20 42 45 47 49 4E 00 44 46 91 D0 45 00 ]]
[[ DATA: C9 52 6A 0F 0C 19 00 20 54 31 30 30 37 41 20 50 41 54 48 20 ]]
[[ DATA: 6C 65 66 74 5F 70 61 74 68 20 2D 3E 20 73 68 61 72 65 64 5F ]]
[[ DATA: 65 72 72 6F 72 5F 68 61 6E 64 6C 65 72 00 54 65 91 B0 46 00 ]]
[[ DATA: 83 98 6A 0F 3C 19 00 20 54 65 73 74 20 31 30 30 37 41 20 61 ]]
[[ DATA: 74 20 74 65 73 74 5F 63 61 6C 6C 5F 63 68 61 69 6E 73 2E 63 ]]
[[ DATA: 3A 32 34 37 00 00 00 00 92 B0 47 00 6B 73 87 10 0C 19 00 20 ]]
[[ DATA: 01 00 00 00 54 31 30 30 37 41 20 72 65 74 75 72 6E 65 64 20 ]]
[[ DATA: 74 72 61 63 65 5F 65 6E 61 62 6C 65 64 3D 25 75 00 54 65 73 ]]
[[ DATA: 91 D0 48 00 FA 78 87 10 0C 19 00 20 54 31 30 30 37 42 20 50 ]]
[[ DATA: 41 54 48 20 72 69 67 68 74 5F 69 6E 6E 65 72 20 2D 3E 20 73 ]]
[[ DATA: 68 61 72 65 64 5F 65 72 72 6F 72 5F 68 61 6E 64 6C 65 72 00 ]]
[[ DATA: 91 B0 49 00 8B BE 87 10 3C 19 00 20 54 65 73 74 20 31 30 30 ]]
[[ DATA: 37 42 20 61 74 20 74 65 73 74 5F 63 61 6C 6C 5F 63 68 61 69 ]]
[[ DATA: 6E 73 2E 63 3A 32 34 37 00 00 00 00 00 00 00 00 00 00 00 00 ]]
[[ DATA: 00 00 00 00 00 00 00 00 00 00 00 00 00 00 00 00 00 00 00 00 ]]
[[ DATA: 00 00 00 00 00 00 00 00 00 00 00 00 00 00 00 00 00 00 00 00 ]]
[[ DATA: 00 00 00 00 00 00 00 00 00 00 00 00 00 00 00 00 00 00 00 00 ]]
[[ DATA: 00 00 00 00 00 00 00 00 00 00 00 00 00 00 00 00 00 00 00 00 ]]
[[ DATA: 00 00 00 00 00 00 00 00 00 00 00 00 00 00 00 00 00 00 00 00 ]]
[[ DATA: 00 00 00 00 00 00 00 00 00 00 00 00 00 00 00 00 00 00 00 00 ]]
[[ DATA: 00 00 00 00 00 00 00 00 00 00 00 00 00 00 00 00 00 00 00 00 ]]
[[ DATA: 00 00 00 00 00 00 00 00 00 00 00 00 00 00 00 00 00 00 00 00 ]]
[[ DATA: 00 00 00 00 00 00 00 00 00 00 00 00 00 00 00 00 00 00 00 00 ]]
[[ DATA: 00 00 00 00 00 00 00 00 00 00 00 00 00 00 00 00 00 00 00 00 ]]
[[ DATA: 00 00 00 00 00 00 00 00 00 00 00 00 00 00 00 00 00 00 00 00 ]]
[[ DATA: 00 00 00 00 00 00 00 00 00 00 00 00 00 00 00 00 00 00 00 00 ]]
[[ DATA: 00 00 00 00 00 00 00 00 00 00 00 00 00 00 00 00 00 00 00 00 ]]
[[ DATA: 00 00 00 00 00 00 00 00 00 00 00 00 00 00 00 00 00 00 00 00 ]]
[[ DATA: 00 00 00 00 00 00 00 00 00 00 00 00 00 00 00 00 00 00 00 00 ]]
[[ DATA: 00 00 00 00 00 00 00 00 00 00 00 00 00 00 00 00 00 00 00 00 ]]
[[ DATA: 00 00 00 00 00 00 00 00 00 00 00 00 00 00 00 00 00 00 00 00 ]]
[[ DATA: 00 00 00 00 00 00 00 00 00 00 00 00 00 00 00 00 00 00 00 00 ]]
[[ DATA: 00 00 00 00 00 00 00 00 00 00 00 00 00 00 00 00 00 00 00 00 ]]
[[ DATA: 00 00 00 00 00 00 00 00 00 00 00 00 00 00 00 00 00 00 00 00 ]]
[[ DATA: 00 00 00 00 00 00 00 00 00 00 00 00 00 00 00 00 00 00 00 00 ]]
[[ DATA: 00 00 00 00 00 00 00 00 00 00 00 00 00 00 00 00 00 00 00 00 ]]
[[ DATA: 00 00 00 00 00 00 00 00 00 00 00 00 00 00 00 00 00 00 00 00 ]]
[[ DATA: 00 00 00 00 00 00 00 00 00 00 00 00 00 00 00 00 00 00 00 00 ]]
[[ DATA: 00 00 00 00 00 00 00 00 00 00 00 00 00 00 00 00 00 00 00 00 ]]
[[ DATA: 00 00 00 00 00 00 00 00 00 00 00 00 00 00 00 00 00 00 00 00 ]]
[[ DATA: 00 00 00 00 00 00 00 00 00 00 00 00 00 00 00 00 00 00 00 00 ]]
[[ DATA: 00 00 00 00 00 00 00 00 00 00 00 00 00 00 00 00 00 00 00 00 ]]
[[ DATA: 00 00 00 00 00 00 00 00 00 00 00 00 00 00 00 00 00 00 00 00 ]]
[[ DATA: 00 00 00 00 00 00 00 00 00 00 00 00 00 00 00 00 00 00 00 00 ]]
[[ DATA: 00 00 00 00 00 00 00 00 00 00 00 00 00 00 00 00 00 00 00 00 ]]
[[ DATA: 00 00 00 00 00 00 00 00 00 00 00 00 00 00 00 00 00 00 00 00 ]]
[[ DATA: 00 00 00 00 00 00 00 00 00 00 00 00 00 00 00 00 00 00 00 00 ]]
[[ DATA: 00 00 00 00 00 00 00 00 00 00 00 00 00 00 00 00 00 00 00 00 ]]
[[ DATA: 00 00 00 00 00 00 00 00 00 00 00 00 D4 D3 D2 D1 ]]

[[ DevAlert Data Ended. Checksum: 43445 ]]

[[ DevAlert Data Begins ]]
[[ DATA: D1 D2 D3 D4 F0 0F 01 00 71 83 02 00 06 00 07 00 05 00 00 00 ]]
[[ DATA: 20 00 20 00 10 00 00 00 E8 03 00 00 24 44 55 4D 4D 59 5F 53 ]]
[[ DATA: 45 53 53 49 4F 4E 5F 49 44 00 00 00 00 00 00 00 00 00 00 00 ]]
[[ DATA: 00 00 00 00 24 44 55 4D 4D 59 5F 44 45 56 49 43 45 5F 49 44 ]]
[[ DATA: 00 00 00 00 00 00 00 00 00 00 00 00 00 00 00 00 64 66 6D 5F ]]
[[ DATA: 74 72 61 63 65 2E 70 73 66 73 00 00 00 00 00 00 00 00 00 00 ]]
[[ DATA: 00 00 00 00 00 00 00 00 00 00 00 00 00 00 00 00 00 00 00 00 ]]
[[ DATA: 00 00 00 00 00 00 00 00 00 00 00 00 00 00 00 00 00 00 00 00 ]]
[[ DATA: 00 00 00 00 00 00 00 00 00 00 00 00 00 00 00 00 00 00 00 00 ]]
[[ DATA: 00 00 00 00 00 00 00 00 00 00 00 00 00 00 00 00 00 00 00 00 ]]
[[ DATA: 00 00 00 00 00 00 00 00 00 00 00 00 00 00 00 00 00 00 00 00 ]]
[[ DATA: 00 00 00 00 00 00 00 00 00 00 00 00 00 00 00 00 00 00 00 00 ]]
[[ DATA: 00 00 00 00 00 00 00 00 00 00 00 00 00 00 00 00 00 00 00 00 ]]
[[ DATA: 00 00 00 00 00 00 00 00 00 00 00 00 00 00 00 00 00 00 00 00 ]]
[[ DATA: 00 00 00 00 00 00 00 00 00 00 00 00 00 00 00 00 00 00 00 00 ]]
[[ DATA: 00 00 00 00 00 00 00 00 00 00 00 00 00 00 00 00 00 00 00 00 ]]
[[ DATA: 00 00 00 00 00 00 00 00 00 00 00 00 00 00 00 00 00 00 00 00 ]]
[[ DATA: 00 00 00 00 00 00 00 00 00 00 00 00 00 00 00 00 00 00 00 00 ]]
[[ DATA: 00 00 00 00 00 00 00 00 00 00 00 00 00 00 00 00 00 00 00 00 ]]
[[ DATA: 00 00 00 00 00 00 00 00 00 00 00 00 00 00 00 00 00 00 00 00 ]]
[[ DATA: 00 00 00 00 00 00 00 00 00 00 00 00 00 00 00 00 00 00 00 00 ]]
[[ DATA: 00 00 00 00 00 00 00 00 00 00 00 00 00 00 00 00 00 00 00 00 ]]
[[ DATA: 00 00 00 00 00 00 00 00 00 00 00 00 00 00 00 00 00 00 00 00 ]]
[[ DATA: 00 00 00 00 00 00 00 00 00 00 00 00 00 00 00 00 00 00 00 00 ]]
[[ DATA: 00 00 00 00 00 00 00 00 00 00 00 00 00 00 00 00 00 00 00 00 ]]
[[ DATA: 00 00 00 00 00 00 00 00 00 00 00 00 00 00 00 00 00 00 00 00 ]]
[[ DATA: 00 00 00 00 00 00 00 00 00 00 00 00 00 00 00 00 00 00 00 00 ]]
[[ DATA: 00 00 00 00 00 00 00 00 00 00 00 00 00 00 00 00 00 00 00 00 ]]
[[ DATA: 00 00 00 00 00 00 00 00 00 00 00 00 00 00 00 00 00 00 00 00 ]]
[[ DATA: 00 00 00 00 00 00 00 00 00 00 00 00 00 00 00 00 00 00 00 00 ]]
[[ DATA: 00 00 00 00 00 00 00 00 00 00 00 00 00 00 00 00 00 00 00 00 ]]
[[ DATA: 00 00 00 00 00 00 00 00 00 00 00 00 00 00 00 00 00 00 00 00 ]]
[[ DATA: 00 00 00 00 00 00 00 00 00 00 00 00 00 00 00 00 00 00 00 00 ]]
[[ DATA: 00 00 00 00 00 00 00 00 00 00 00 00 00 00 00 00 00 00 00 00 ]]
[[ DATA: 00 00 00 00 00 00 00 00 00 00 00 00 00 00 00 00 00 00 00 00 ]]
[[ DATA: 00 00 00 00 00 00 00 00 00 00 00 00 00 00 00 00 00 00 00 00 ]]
[[ DATA: 00 00 00 00 00 00 00 00 00 00 00 00 00 00 00 00 00 00 00 00 ]]
[[ DATA: 00 00 00 00 00 00 00 00 00 00 00 00 00 00 00 00 00 00 00 00 ]]
[[ DATA: 00 00 00 00 00 00 00 00 00 00 00 00 00 00 00 00 00 00 00 00 ]]
[[ DATA: 00 00 00 00 00 00 00 00 00 00 00 00 00 00 00 00 00 00 00 00 ]]
[[ DATA: 00 00 00 00 00 00 00 00 00 00 00 00 00 00 00 00 00 00 00 00 ]]
[[ DATA: 00 00 00 00 00 00 00 00 00 00 00 00 00 00 00 00 00 00 00 00 ]]
[[ DATA: 00 00 00 00 00 00 00 00 00 00 00 00 00 00 00 00 00 00 00 00 ]]
[[ DATA: 00 00 00 00 00 00 00 00 00 00 00 00 00 00 00 00 00 00 00 00 ]]
[[ DATA: 00 00 00 00 00 00 00 00 00 00 00 00 00 00 00 00 00 00 00 00 ]]
[[ DATA: 00 00 00 00 00 00 00 00 00 00 00 00 00 00 00 00 00 00 00 00 ]]
[[ DATA: 00 00 00 00 00 00 00 00 00 00 00 00 00 00 00 00 00 00 00 00 ]]
[[ DATA: 00 00 00 00 00 00 00 00 00 00 00 00 00 00 00 00 00 00 00 00 ]]
[[ DATA: 00 00 00 00 00 00 00 00 00 00 00 00 00 00 00 00 00 00 00 00 ]]
[[ DATA: 00 00 00 00 00 00 00 00 00 00 00 00 00 00 00 00 00 00 00 00 ]]
[[ DATA: 00 00 00 00 00 00 00 00 00 00 00 00 00 00 00 00 00 00 00 00 ]]
[[ DATA: 00 00 00 00 00 00 00 00 00 00 00 00 00 00 00 00 00 00 00 00 ]]
[[ DATA: 00 00 00 00 00 00 00 00 00 00 00 00 00 00 00 00 00 00 00 00 ]]
[[ DATA: 00 00 00 00 00 00 00 00 00 00 00 00 00 00 00 00 00 00 00 00 ]]
[[ DATA: 00 00 00 00 00 00 00 00 00 00 00 00 00 00 00 00 00 00 00 00 ]]
[[ DATA: 00 00 00 00 00 00 00 00 00 00 00 00 D4 D3 D2 D1 ]]

[[ DevAlert Data Ended. Checksum: 33309 ]]

[[ DevAlert Data Begins ]]
[[ DATA: D1 D2 D3 D4 F0 0F 01 00 71 83 02 00 07 00 07 00 05 00 00 00 ]]
[[ DATA: 20 00 20 00 10 00 00 00 80 03 00 00 24 44 55 4D 4D 59 5F 53 ]]
[[ DATA: 45 53 53 49 4F 4E 5F 49 44 00 00 00 00 00 00 00 00 00 00 00 ]]
[[ DATA: 00 00 00 00 24 44 55 4D 4D 59 5F 44 45 56 49 43 45 5F 49 44 ]]
[[ DATA: 00 00 00 00 00 00 00 00 00 00 00 00 00 00 00 00 64 66 6D 5F ]]
[[ DATA: 74 72 61 63 65 2E 70 73 66 73 00 00 00 00 00 00 00 00 00 00 ]]
[[ DATA: 00 00 00 00 00 00 00 00 00 00 00 00 00 00 00 00 00 00 00 00 ]]
[[ DATA: 00 00 00 00 00 00 00 00 00 00 00 00 00 00 00 00 00 00 00 00 ]]
[[ DATA: 00 00 00 00 00 00 00 00 00 00 00 00 00 00 00 00 00 00 00 00 ]]
[[ DATA: 00 00 00 00 00 00 00 00 00 00 00 00 00 00 00 00 00 00 00 00 ]]
[[ DATA: 00 00 00 00 00 00 00 00 00 00 00 00 00 00 00 00 00 00 00 00 ]]
[[ DATA: 00 00 00 00 00 00 00 00 00 00 00 00 00 00 00 00 00 00 00 00 ]]
[[ DATA: 00 00 00 00 00 00 00 00 00 00 00 00 00 00 00 00 00 00 00 00 ]]
[[ DATA: 00 00 00 00 00 00 00 00 00 00 00 00 00 00 00 00 00 00 00 00 ]]
[[ DATA: 00 00 00 00 00 00 00 00 00 00 00 00 00 00 00 00 00 00 00 00 ]]
[[ DATA: 00 00 00 00 00 00 00 00 00 00 00 00 00 00 00 00 00 00 00 00 ]]
[[ DATA: 00 00 00 00 00 00 00 00 00 00 00 00 00 00 00 00 00 00 00 00 ]]
[[ DATA: 00 00 00 00 00 00 00 00 00 00 00 00 00 00 00 00 00 00 00 00 ]]
[[ DATA: 00 00 00 00 00 00 00 00 00 00 00 00 00 00 00 00 00 00 00 00 ]]
[[ DATA: 00 00 00 00 00 00 00 00 00 00 00 00 00 00 00 00 00 00 00 00 ]]
[[ DATA: 00 00 00 00 00 00 00 00 00 00 00 00 00 00 00 00 00 00 00 00 ]]
[[ DATA: 00 00 00 00 00 00 00 00 00 00 00 00 00 00 00 00 00 00 00 00 ]]
[[ DATA: 00 00 00 00 00 00 00 00 00 00 00 00 00 00 00 00 00 00 00 00 ]]
[[ DATA: 00 00 00 00 00 00 00 00 00 00 00 00 00 00 00 00 00 00 00 00 ]]
[[ DATA: 00 00 00 00 00 00 00 00 00 00 00 00 00 00 00 00 00 00 00 00 ]]
[[ DATA: 00 00 00 00 00 00 00 00 00 00 00 00 00 00 00 00 00 00 00 00 ]]
[[ DATA: 00 00 00 00 00 00 00 00 00 00 00 00 00 00 00 00 00 00 00 00 ]]
[[ DATA: 00 00 00 00 00 00 00 00 00 00 00 00 00 00 00 00 00 00 00 00 ]]
[[ DATA: 00 00 00 00 00 00 00 00 00 00 00 00 00 00 00 00 00 00 00 00 ]]
[[ DATA: 00 00 00 00 00 00 00 00 00 00 00 00 00 00 00 00 00 00 00 00 ]]
[[ DATA: 00 00 00 00 00 00 00 00 00 00 00 00 00 00 00 00 00 00 00 00 ]]
[[ DATA: 00 00 00 00 00 00 00 00 00 00 00 00 00 00 00 00 00 00 00 00 ]]
[[ DATA: 00 00 00 00 00 00 00 00 00 00 00 00 00 00 00 00 00 00 00 00 ]]
[[ DATA: 00 00 00 00 00 00 00 00 00 00 00 00 00 00 00 00 00 00 00 00 ]]
[[ DATA: 00 00 00 00 00 00 00 00 00 00 00 00 00 00 00 00 00 00 00 00 ]]
[[ DATA: 00 00 00 00 00 00 00 00 00 00 00 00 00 00 00 00 00 00 00 00 ]]
[[ DATA: 00 00 00 00 00 00 00 00 00 00 00 00 00 00 00 00 00 00 00 00 ]]
[[ DATA: 00 00 00 00 00 00 00 00 00 00 00 00 00 00 00 00 00 00 00 00 ]]
[[ DATA: 00 00 00 00 00 00 00 00 00 00 00 00 00 00 00 00 00 00 00 00 ]]
[[ DATA: 00 00 00 00 00 00 00 00 00 00 00 00 00 00 00 00 00 00 00 00 ]]
[[ DATA: 00 00 00 00 00 00 00 00 00 00 00 00 00 00 00 00 00 00 00 00 ]]
[[ DATA: 00 00 00 00 00 00 00 00 00 00 00 00 00 00 00 00 00 00 00 00 ]]
[[ DATA: 00 00 00 00 00 00 00 00 00 00 00 00 00 00 00 00 00 00 00 00 ]]
[[ DATA: 00 00 00 00 00 00 00 00 00 00 00 00 00 00 00 00 00 00 00 00 ]]
[[ DATA: 00 00 00 00 00 00 00 00 00 00 00 00 00 00 00 00 00 00 00 00 ]]
[[ DATA: 00 00 00 00 00 00 00 00 00 00 00 00 00 00 00 00 00 00 00 00 ]]
[[ DATA: 00 00 00 00 00 00 00 00 00 00 00 00 00 00 00 00 00 00 00 00 ]]
[[ DATA: 00 00 00 00 00 00 00 00 00 00 00 00 00 00 00 00 00 00 00 00 ]]
[[ DATA: 00 00 00 00 00 00 00 00 00 00 00 00 00 00 00 00 00 00 00 00 ]]
[[ DATA: 00 00 00 00 00 00 00 00 00 00 00 00 0A 0B 0C 0D 71 72 73 74 ]]
[[ DATA: F1 F2 F3 F4 00 00 00 00 D4 D3 D2 D1 ]]

[[ DevAlert Data Ended. Checksum: 35985 ]]
DFMT:CHECK:1007B:PASS:TRACE_RESUMED
DFMT:RETURNED:1007:0
DFMT:BEGIN:1008:5
DFMT:REBOOT_EXPECTED:1008:dfm

[[ DevAlert Data Begins ]]
[[ DATA: D1 D2 D3 D4 F0 0F 01 00 12 15 00 00 01 00 01 00 06 00 00 00 ]]
[[ DATA: 20 00 20 00 68 00 00 00 0C 01 00 00 24 44 55 4D 4D 59 5F 53 ]]
[[ DATA: 45 53 53 49 4F 4E 5F 49 44 00 00 00 00 00 00 00 00 00 00 00 ]]
[[ DATA: 00 00 00 00 24 44 55 4D 4D 59 5F 44 45 56 49 43 45 5F 49 44 ]]
[[ DATA: 00 00 00 00 00 00 00 00 00 00 00 00 00 00 00 00 54 65 73 74 ]]
[[ DATA: 20 31 30 30 38 20 61 74 20 74 65 73 74 5F 63 6F 6E 74 65 78 ]]
[[ DATA: 74 73 2E 63 3A 38 36 00 3A 32 34 37 00 00 00 00 00 00 00 00 ]]
[[ DATA: 00 00 00 00 00 00 00 00 00 00 00 00 00 00 00 00 00 00 00 00 ]]
[[ DATA: 00 00 00 00 00 00 00 00 00 00 00 00 00 00 00 00 00 00 00 00 ]]
[[ DATA: 00 00 00 00 00 00 00 00 00 00 00 00 00 00 00 00 00 00 00 00 ]]
[[ DATA: 50 44 66 6D F0 0F 03 48 08 04 68 00 01 00 00 00 F0 03 00 00 ]]
[[ DATA: 01 00 00 00 A5 01 00 00 07 00 00 00 20 54 00 20 02 00 00 00 ]]
[[ DATA: 28 06 00 00 04 00 00 00 56 00 00 00 00 00 00 00 00 00 00 00 ]]
[[ DATA: 00 00 00 00 00 00 00 00 00 00 00 00 00 00 00 00 00 00 00 00 ]]
[[ DATA: 00 00 00 00 42 75 69 6C 64 2D 4D 33 2D 4F 73 00 00 00 00 00 ]]
[[ DATA: 00 00 00 00 00 00 00 00 00 00 00 00 00 00 00 00 00 00 00 00 ]]
[[ DATA: 00 00 00 00 00 00 00 00 00 00 00 00 00 00 00 00 00 00 00 00 ]]
[[ DATA: 00 00 00 00 00 00 00 00 00 00 00 00 00 00 00 00 54 65 73 74 ]]
[[ DATA: 20 31 30 30 38 20 61 74 20 74 65 73 74 5F 63 6F 6E 74 65 78 ]]
[[ DATA: 74 73 2E 63 3A 38 36 00 3A 32 34 37 00 00 00 00 00 00 00 00 ]]
[[ DATA: 00 00 00 00 00 00 00 00 00 00 00 00 00 00 00 00 00 00 00 00 ]]
[[ DATA: 00 00 00 00 00 00 00 00 00 00 00 00 00 00 00 00 00 00 00 00 ]]
[[ DATA: 00 00 00 00 00 00 00 00 00 00 00 00 00 00 00 00 00 00 00 00 ]]
[[ DATA: 6D 66 44 50 00 00 00 00 D4 D3 D2 D1 ]]

[[ DevAlert Data Ended. Checksum: 63259 ]]

[[ DevAlert Data Begins ]]
[[ DATA: D1 D2 D3 D4 F0 0F 01 00 18 46 01 00 01 00 01 00 06 00 00 00 ]]
[[ DATA: 20 00 20 00 10 00 00 00 24 00 00 00 24 44 55 4D 4D 59 5F 53 ]]
[[ DATA: 45 53 53 49 4F 4E 5F 49 44 00 00 00 00 00 00 00 00 00 00 00 ]]
[[ DATA: 00 00 00 00 24 44 55 4D 4D 59 5F 44 45 56 49 43 45 5F 49 44 ]]
[[ DATA: 00 00 00 00 00 00 00 00 00 00 00 00 00 00 00 00 74 72 61 70 ]]
[[ DATA: 2E 7A 70 72 00 2E 70 73 66 73 00 00 50 44 61 50 F0 0F 03 10 ]]
[[ DATA: DB 01 00 00 74 72 61 70 2E 7A 70 72 00 00 00 00 00 00 00 00 ]]
[[ DATA: 50 61 44 50 00 00 00 00 D4 D3 D2 D1 ]]

[[ DevAlert Data Ended. Checksum: 16454 ]]

[[ DevAlert Data Begins ]]
[[ DATA: D1 D2 D3 D4 F0 0F 01 00 71 83 01 00 01 00 01 00 06 00 00 00 ]]
[[ DATA: 20 00 20 00 10 00 00 00 DB 01 00 00 24 44 55 4D 4D 59 5F 53 ]]
[[ DATA: 45 53 53 49 4F 4E 5F 49 44 00 00 00 00 00 00 00 00 00 00 00 ]]
[[ DATA: 00 00 00 00 24 44 55 4D 4D 59 5F 44 45 56 49 43 45 5F 49 44 ]]
[[ DATA: 00 00 00 00 00 00 00 00 00 00 00 00 00 00 00 00 74 72 61 70 ]]
[[ DATA: 2E 7A 70 72 00 2E 70 73 66 73 00 00 5A 45 02 00 03 00 05 00 ]]
[[ DATA: 0D D0 00 00 41 03 00 4C 00 C9 EA 00 08 5D E6 00 08 00 00 00 ]]
[[ DATA: 00 05 1E 00 08 A7 21 5C 0A AF 87 00 08 EE 81 00 08 00 00 00 ]]
[[ DATA: 29 20 54 00 20 08 0E 00 20 00 00 00 00 02 00 00 00 40 E0 00 ]]
[[ DATA: 08 D0 0D 00 20 F0 03 00 00 FF FF FF FF FF FF FF FF 01 00 00 ]]
[[ DATA: 00 30 00 00 00 4D 01 00 50 0B 00 20 10 0C 00 20 84 38 00 20 ]]
[[ DATA: 84 38 00 20 00 00 00 00 01 00 00 FF 80 00 00 00 00 00 00 00 ]]
[[ DATA: 00 00 00 00 00 00 00 00 00 00 00 00 00 00 00 00 19 A3 00 08 ]]
[[ DATA: 00 00 00 00 00 00 00 00 6C 38 00 20 88 08 00 00 2C 01 00 00 ]]
[[ DATA: 00 00 00 00 EF 03 00 00 FF FF FF FF FF FF FF FF F8 53 00 20 ]]
[[ DATA: 00 00 00 00 A8 0B 00 20 A8 0B 00 20 05 8A 00 08 00 00 00 00 ]]
[[ DATA: 00 00 00 00 00 00 00 00 00 00 00 00 6D 61 69 6E 00 00 00 00 ]]
[[ DATA: 00 00 00 00 00 00 00 00 00 00 00 00 00 00 00 00 00 00 00 00 ]]
[[ DATA: 00 00 00 00 C8 50 00 20 00 04 00 00 10 00 00 00 00 00 00 00 ]]
[[ DATA: B8 54 00 20 00 00 00 00 00 00 00 00 00 00 00 00 00 00 00 00 ]]
[[ DATA: 00 00 00 00 F5 FF FF FF 4D 01 00 20 54 00 20 C8 54 00 20 C9 ]]
[[ DATA: EA 00 08 56 00 00 00 01 00 00 00 C9 EA 00 08 90 E0 00 08 27 ]]
[[ DATA: 1E 00 08 05 1E 00 08 5B 13 00 08 02 00 00 00 01 00 00 00 5D ]]
[[ DATA: E7 8F 09 06 00 00 00 F0 03 00 00 06 00 00 00 02 00 00 00 00 ]]
[[ DATA: 00 00 00 00 00 00 00 00 FE D0 D5 00 00 00 00 54 DF 00 08 54 ]]
[[ DATA: DF 00 08 54 DF 00 08 00 00 00 00 00 00 00 00 08 00 00 00 F7 ]]
[[ DATA: 8A 00 08 AA AA AA AA AA AA AA AA AA AA AA AA AA AA AA AA 05 ]]
[[ DATA: 8A 00 08 00 00 00 00 B8 54 00 20 05 8A 00 08 00 00 00 00 87 ]]
[[ DATA: 2B 00 08 00 00 00 00 B9 36 00 08 AA AA AA AA AA AA AA AA 50 ]]
[[ DATA: 0B 00 20 00 00 00 00 D4 D3 D2 D1 ]]

[[ DevAlert Data Ended. Checksum: 6268 ]]

[[ DevAlert Data Begins ]]
[[ DATA: D1 D2 D3 D4 F0 0F 01 00 18 46 02 00 01 00 01 00 06 00 00 00 ]]
[[ DATA: 20 00 20 00 10 00 00 00 24 00 00 00 24 44 55 4D 4D 59 5F 53 ]]
[[ DATA: 45 53 53 49 4F 4E 5F 49 44 00 00 00 00 00 00 00 00 00 00 00 ]]
[[ DATA: 00 00 00 00 24 44 55 4D 4D 59 5F 44 45 56 49 43 45 5F 49 44 ]]
[[ DATA: 00 00 00 00 00 00 00 00 00 00 00 00 00 00 00 00 64 66 6D 5F ]]
[[ DATA: 74 72 61 63 65 2E 70 73 66 73 00 00 50 44 61 50 F0 0F 03 10 ]]
[[ DATA: F0 1A 00 00 64 66 6D 5F 74 72 61 63 65 2E 70 73 66 73 00 00 ]]
[[ DATA: 50 61 44 50 00 00 00 00 D4 D3 D2 D1 ]]

[[ DevAlert Data Ended. Checksum: 56246 ]]

[[ DevAlert Data Begins ]]
[[ DATA: D1 D2 D3 D4 F0 0F 01 00 71 83 02 00 01 00 07 00 06 00 00 00 ]]
[[ DATA: 20 00 20 00 10 00 00 00 E8 03 00 00 24 44 55 4D 4D 59 5F 53 ]]
[[ DATA: 45 53 53 49 4F 4E 5F 49 44 00 00 00 00 00 00 00 00 00 00 00 ]]
[[ DATA: 00 00 00 00 24 44 55 4D 4D 59 5F 44 45 56 49 43 45 5F 49 44 ]]
[[ DATA: 00 00 00 00 00 00 00 00 00 00 00 00 00 00 00 00 64 66 6D 5F ]]
[[ DATA: 74 72 61 63 65 2E 70 73 66 73 00 00 30 1A 00 20 00 00 00 00 ]]
[[ DATA: 05 06 07 08 75 76 77 78 F5 F6 F7 F8 00 46 53 50 0E 00 A9 9A ]]
[[ DATA: 00 00 00 00 01 03 00 00 00 00 00 00 00 00 03 04 5A 65 70 68 ]]
[[ DATA: 79 72 00 00 01 00 00 00 00 71 02 00 00 68 89 09 00 00 00 00 ]]
[[ DATA: E8 03 00 00 B1 E7 D6 14 00 00 00 00 38 00 00 00 1C 00 00 00 ]]
[[ DATA: 03 00 00 00 AC 0F 00 20 63 00 04 04 88 01 00 00 3A 01 00 00 ]]
[[ DATA: 00 00 00 40 73 79 73 63 61 6C 6C 73 00 00 00 00 00 00 00 00 ]]
[[ DATA: 00 00 00 00 00 00 00 00 00 00 00 00 00 00 00 00 00 00 00 00 ]]
[[ DATA: 00 00 00 00 00 00 00 00 00 00 00 00 00 00 00 00 00 00 00 00 ]]
[[ DATA: 00 00 00 00 00 00 00 00 00 00 00 00 00 00 00 00 00 00 00 00 ]]
[[ DATA: 00 00 00 00 00 00 00 00 00 00 00 00 00 00 00 00 00 00 00 00 ]]
[[ DATA: 00 00 00 00 00 00 00 00 00 00 00 00 00 00 00 00 00 00 00 00 ]]
[[ DATA: 00 00 00 00 00 00 00 00 00 00 00 00 00 00 00 00 00 00 00 00 ]]
[[ DATA: 00 00 00 00 00 00 00 00 00 00 00 00 00 00 00 00 00 00 00 00 ]]
[[ DATA: 00 00 00 00 00 00 00 00 00 00 00 00 00 00 00 00 00 00 00 00 ]]
[[ DATA: 00 00 00 00 00 00 00 00 00 00 00 00 00 00 00 00 00 00 00 00 ]]
[[ DATA: 00 00 00 00 00 00 00 00 00 00 00 00 00 00 00 00 00 00 00 00 ]]
[[ DATA: 00 00 00 00 00 00 00 00 00 00 00 00 00 00 00 00 00 00 00 00 ]]
[[ DATA: 00 00 00 00 00 00 00 00 00 00 00 00 00 00 00 00 00 00 00 00 ]]
[[ DATA: 00 00 00 00 00 00 00 00 00 00 00 00 00 00 00 00 00 00 00 00 ]]
[[ DATA: 00 00 00 00 00 00 00 00 00 00 00 00 00 00 00 00 00 00 00 00 ]]
[[ DATA: 00 00 00 00 00 00 00 00 00 00 00 00 00 00 00 00 00 00 00 00 ]]
[[ DATA: 00 00 00 00 00 00 00 00 00 00 00 00 00 00 00 00 00 00 00 00 ]]
[[ DATA: 00 00 00 00 00 00 00 00 00 00 00 00 00 00 00 00 00 00 00 00 ]]
[[ DATA: 00 00 00 00 00 00 00 00 00 00 00 00 00 00 00 00 00 00 00 00 ]]
[[ DATA: 00 00 00 00 00 00 00 00 00 00 00 00 00 00 00 00 00 00 00 00 ]]
[[ DATA: 00 00 00 00 00 00 00 00 00 00 00 00 00 00 00 00 00 00 00 00 ]]
[[ DATA: 00 00 00 00 00 00 00 00 00 00 00 00 00 00 00 00 00 00 00 00 ]]
[[ DATA: 00 00 00 00 00 00 00 00 00 00 00 00 00 00 00 00 00 00 00 00 ]]
[[ DATA: 00 00 00 00 00 00 00 00 00 00 00 00 00 00 00 00 00 00 00 00 ]]
[[ DATA: 00 00 00 00 00 00 00 00 00 00 00 00 00 00 00 00 00 00 00 00 ]]
[[ DATA: 00 00 00 00 00 00 00 00 00 00 00 00 00 00 00 00 00 00 00 00 ]]
[[ DATA: 00 00 00 00 00 00 00 00 00 00 00 00 00 00 00 00 00 00 00 00 ]]
[[ DATA: 00 00 00 00 00 00 00 00 00 00 00 00 00 00 00 00 00 00 00 00 ]]
[[ DATA: 00 00 00 00 00 00 00 00 00 00 00 00 00 00 00 00 00 00 00 00 ]]
[[ DATA: 00 00 00 00 00 00 00 00 00 00 00 00 00 00 00 00 00 00 00 00 ]]
[[ DATA: 00 00 00 00 00 00 00 00 00 00 00 00 00 00 00 00 00 00 00 00 ]]
[[ DATA: 00 00 00 00 00 00 00 00 00 00 00 00 00 00 00 00 00 00 00 00 ]]
[[ DATA: 00 00 00 00 00 00 00 00 00 00 00 00 00 00 00 00 00 00 00 00 ]]
[[ DATA: 00 00 00 00 00 00 00 00 00 00 00 00 00 00 00 00 00 00 00 00 ]]
[[ DATA: 00 00 00 00 00 00 00 00 00 00 00 00 00 00 00 00 00 00 00 00 ]]
[[ DATA: 00 00 00 00 00 00 00 00 00 00 00 00 00 00 00 00 00 00 00 00 ]]
[[ DATA: 00 00 00 00 00 00 00 00 00 00 00 00 00 00 00 00 00 00 00 00 ]]
[[ DATA: 00 00 00 00 00 00 00 00 00 00 00 00 00 00 00 00 00 00 00 00 ]]
[[ DATA: 00 00 00 00 00 00 00 00 00 00 00 00 00 00 00 00 00 00 00 00 ]]
[[ DATA: 00 00 00 00 00 00 00 00 00 00 00 00 00 00 00 00 00 00 00 00 ]]
[[ DATA: 00 00 00 00 00 00 00 00 00 00 00 00 00 00 00 00 00 00 00 00 ]]
[[ DATA: 00 00 00 00 00 00 00 00 00 00 00 00 00 00 00 00 00 00 00 00 ]]
[[ DATA: 00 00 00 00 00 00 00 00 00 00 00 00 00 00 00 00 00 00 00 00 ]]
[[ DATA: 00 00 00 00 00 00 00 00 00 00 00 00 00 00 00 00 00 00 00 00 ]]
[[ DATA: 00 00 00 00 00 00 00 00 00 00 00 00 D4 D3 D2 D1 ]]

[[ DevAlert Data Ended. Checksum: 20495 ]]

[[ DevAlert Data Begins ]]
[[ DATA: D1 D2 D3 D4 F0 0F 01 00 71 83 02 00 02 00 07 00 06 00 00 00 ]]
[[ DATA: 20 00 20 00 10 00 00 00 E8 03 00 00 24 44 55 4D 4D 59 5F 53 ]]
[[ DATA: 45 53 53 49 4F 4E 5F 49 44 00 00 00 00 00 00 00 00 00 00 00 ]]
[[ DATA: 00 00 00 00 24 44 55 4D 4D 59 5F 44 45 56 49 43 45 5F 49 44 ]]
[[ DATA: 00 00 00 00 00 00 00 00 00 00 00 00 00 00 00 00 64 66 6D 5F ]]
[[ DATA: 74 72 61 63 65 2E 70 73 66 73 00 00 00 00 00 00 00 00 00 00 ]]
[[ DATA: 00 00 00 00 00 00 00 00 00 00 00 00 00 00 00 00 00 00 00 00 ]]
[[ DATA: 00 00 00 00 00 00 00 00 00 00 00 00 00 00 00 00 00 00 00 00 ]]
[[ DATA: 00 00 00 00 00 00 00 00 00 00 00 00 00 00 00 00 00 00 00 00 ]]
[[ DATA: 00 00 00 00 00 00 00 00 00 00 00 00 00 00 00 00 00 00 00 00 ]]
[[ DATA: 00 00 00 00 00 00 00 00 00 00 00 00 00 00 00 00 00 00 00 00 ]]
[[ DATA: 00 00 00 00 00 00 00 00 00 00 00 00 00 00 00 00 00 00 00 00 ]]
[[ DATA: 00 00 00 00 00 00 00 00 00 00 00 00 00 00 00 00 00 00 00 00 ]]
[[ DATA: 00 00 00 00 00 00 00 00 00 00 00 00 00 00 00 00 00 00 00 00 ]]
[[ DATA: 00 00 00 00 00 00 00 00 00 00 00 00 00 00 00 00 00 00 00 00 ]]
[[ DATA: 00 00 00 00 00 00 00 00 00 00 00 00 00 00 00 00 00 00 00 00 ]]
[[ DATA: 00 00 00 00 00 00 00 00 00 00 00 00 00 00 00 00 00 00 00 00 ]]
[[ DATA: 00 00 00 00 00 00 00 00 00 00 00 00 00 00 00 00 00 00 00 00 ]]
[[ DATA: 00 00 00 00 00 00 00 00 00 00 00 00 00 00 00 00 00 00 00 00 ]]
[[ DATA: 00 00 00 00 00 00 00 00 00 00 00 00 00 00 00 00 00 00 00 00 ]]
[[ DATA: 00 00 00 00 00 00 00 00 00 00 00 00 00 00 00 00 00 00 00 00 ]]
[[ DATA: 00 00 00 00 00 00 00 00 00 00 00 00 00 00 00 00 00 00 00 00 ]]
[[ DATA: 00 00 00 00 00 00 00 00 00 00 00 00 00 00 00 00 00 00 00 00 ]]
[[ DATA: 00 00 00 00 00 00 00 00 00 00 00 00 00 00 00 00 00 00 00 00 ]]
[[ DATA: 00 00 00 00 00 00 00 00 00 00 00 00 00 00 00 00 00 00 00 00 ]]
[[ DATA: 00 00 00 00 00 00 00 00 00 00 00 00 00 00 00 00 00 00 00 00 ]]
[[ DATA: 00 00 00 00 00 00 00 00 00 00 00 00 00 00 00 00 00 00 00 00 ]]
[[ DATA: 00 00 00 00 00 00 00 00 00 00 00 00 00 00 00 00 00 00 00 00 ]]
[[ DATA: 00 00 00 00 00 00 00 00 00 00 00 00 00 00 00 00 00 00 00 00 ]]
[[ DATA: 00 00 00 00 00 00 00 00 00 00 00 00 00 00 00 00 00 00 00 00 ]]
[[ DATA: 00 00 00 00 00 00 00 00 00 00 00 00 00 00 00 00 00 00 00 00 ]]
[[ DATA: 00 00 00 00 00 00 00 00 00 00 00 00 00 00 00 00 00 00 00 00 ]]
[[ DATA: 00 00 00 00 00 00 00 00 00 00 00 00 00 00 00 00 00 00 00 00 ]]
[[ DATA: 00 00 00 00 00 00 00 00 00 00 00 00 00 00 00 00 00 00 00 00 ]]
[[ DATA: 00 00 00 00 00 00 00 00 00 00 00 00 00 00 00 00 00 00 00 00 ]]
[[ DATA: 00 00 00 00 00 00 00 00 00 00 00 00 00 00 00 00 00 00 00 00 ]]
[[ DATA: 00 00 00 00 00 00 00 00 00 00 00 00 00 00 00 00 00 00 00 00 ]]
[[ DATA: 00 00 00 00 00 00 00 00 00 00 00 00 00 00 00 00 00 00 00 00 ]]
[[ DATA: 00 00 00 00 00 00 00 00 00 00 00 00 00 00 00 00 00 00 00 00 ]]
[[ DATA: 00 00 00 00 00 00 00 00 00 00 00 00 00 00 00 00 00 00 00 00 ]]
[[ DATA: 00 00 00 00 00 00 00 00 00 00 00 00 00 00 00 00 00 00 00 00 ]]
[[ DATA: 00 00 00 00 00 00 00 00 00 00 00 00 00 00 00 00 00 00 00 00 ]]
[[ DATA: 00 00 00 00 00 00 00 00 00 00 00 00 00 00 00 00 00 00 00 00 ]]
[[ DATA: 00 00 00 00 00 00 00 00 00 00 00 00 00 00 00 00 00 00 00 00 ]]
[[ DATA: 00 00 00 00 00 00 00 00 00 00 00 00 00 00 00 00 00 00 00 00 ]]
[[ DATA: 00 00 00 00 00 00 00 00 00 00 00 00 00 00 00 00 00 00 00 00 ]]
[[ DATA: 00 00 00 00 00 00 00 00 00 00 00 00 00 00 00 00 00 00 00 00 ]]
[[ DATA: 00 00 00 00 00 00 00 00 00 00 00 00 00 00 00 00 00 00 00 00 ]]
[[ DATA: 00 00 00 00 00 00 00 00 00 00 00 00 00 00 00 00 00 00 00 00 ]]
[[ DATA: 00 00 00 00 00 00 00 00 00 00 00 00 00 00 00 00 00 00 00 00 ]]
[[ DATA: 00 00 00 00 00 00 00 00 00 00 00 00 00 00 00 00 00 00 00 00 ]]
[[ DATA: 00 00 00 00 00 00 00 00 00 00 00 00 00 00 00 00 00 00 00 00 ]]
[[ DATA: 00 00 00 00 00 00 00 00 00 00 00 00 00 00 00 00 00 00 00 00 ]]
[[ DATA: 00 00 00 00 00 00 00 00 00 00 00 00 00 00 00 00 00 00 00 00 ]]
[[ DATA: 00 00 00 00 00 00 00 00 00 00 00 00 00 00 00 00 00 00 00 00 ]]
[[ DATA: 00 00 00 00 00 00 00 00 00 00 00 00 D4 D3 D2 D1 ]]

[[ DevAlert Data Ended. Checksum: 10516 ]]

[[ DevAlert Data Begins ]]
[[ DATA: D1 D2 D3 D4 F0 0F 01 00 71 83 02 00 03 00 07 00 06 00 00 00 ]]
[[ DATA: 20 00 20 00 10 00 00 00 E8 03 00 00 24 44 55 4D 4D 59 5F 53 ]]
[[ DATA: 45 53 53 49 4F 4E 5F 49 44 00 00 00 00 00 00 00 00 00 00 00 ]]
[[ DATA: 00 00 00 00 24 44 55 4D 4D 59 5F 44 45 56 49 43 45 5F 49 44 ]]
[[ DATA: 00 00 00 00 00 00 00 00 00 00 00 00 00 00 00 00 64 66 6D 5F ]]
[[ DATA: 74 72 61 63 65 2E 70 73 66 73 00 00 00 00 00 00 00 00 00 00 ]]
[[ DATA: 00 00 00 00 00 00 00 00 00 00 00 00 00 00 00 00 00 00 00 00 ]]
[[ DATA: 00 00 00 00 00 00 00 00 00 00 00 00 00 00 00 00 00 00 00 00 ]]
[[ DATA: 00 00 00 00 00 00 00 00 00 00 00 00 00 00 00 00 00 00 00 00 ]]
[[ DATA: 00 00 00 00 00 00 00 00 00 00 00 00 00 00 00 00 00 00 00 00 ]]
[[ DATA: 00 00 00 00 00 00 00 00 00 00 00 00 00 00 00 00 00 00 00 00 ]]
[[ DATA: 00 00 00 00 00 00 00 00 00 00 00 00 00 00 00 00 00 00 00 00 ]]
[[ DATA: 00 00 00 00 00 00 00 00 00 00 00 00 00 00 00 00 00 00 00 00 ]]
[[ DATA: 00 00 00 00 00 00 00 00 00 00 00 00 00 00 00 00 00 00 00 00 ]]
[[ DATA: 00 00 00 00 00 00 00 00 00 00 00 00 00 00 00 00 00 00 00 00 ]]
[[ DATA: 00 00 00 00 00 00 00 00 00 00 00 00 00 00 00 00 00 00 00 00 ]]
[[ DATA: 00 00 00 00 00 00 00 00 00 00 00 00 00 00 00 00 00 00 00 00 ]]
[[ DATA: 00 00 00 00 00 00 00 00 00 00 00 00 00 00 00 00 00 00 00 00 ]]
[[ DATA: 00 00 00 00 00 00 00 00 00 00 00 00 00 00 00 00 00 00 00 00 ]]
[[ DATA: 00 00 00 00 00 00 00 00 00 00 00 00 00 00 00 00 00 00 00 00 ]]
[[ DATA: 00 00 00 00 00 00 00 00 00 00 00 00 00 00 00 00 00 00 00 00 ]]
[[ DATA: 00 00 00 00 00 00 00 00 00 00 00 00 00 00 00 00 00 00 00 00 ]]
[[ DATA: 00 00 00 00 00 00 00 00 00 00 00 00 00 00 00 00 00 00 00 00 ]]
[[ DATA: 00 00 00 00 00 00 00 00 00 00 00 00 00 00 00 00 00 00 00 00 ]]
[[ DATA: 00 00 00 00 00 00 00 00 00 00 00 00 00 00 00 00 00 00 00 00 ]]
[[ DATA: 00 00 00 00 00 00 00 00 00 00 00 00 00 00 00 00 00 00 00 00 ]]
[[ DATA: 00 00 00 00 00 00 00 00 00 00 00 00 00 00 00 00 00 00 00 00 ]]
[[ DATA: 00 00 00 00 00 00 00 00 00 00 00 00 00 00 00 00 00 00 00 00 ]]
[[ DATA: 00 00 00 00 00 00 00 00 00 00 00 00 00 00 00 00 00 00 00 00 ]]
[[ DATA: 00 00 00 00 00 00 00 00 00 00 00 00 00 00 00 00 00 00 00 00 ]]
[[ DATA: 00 00 00 00 0C 19 00 20 00 00 00 00 00 00 00 00 00 00 00 00 ]]
[[ DATA: 00 00 00 00 44 46 4D 20 54 65 73 74 73 00 00 00 00 00 00 00 ]]
[[ DATA: 00 00 00 00 00 00 00 00 00 00 00 00 3C 19 00 20 00 00 00 00 ]]
[[ DATA: 00 00 00 00 00 00 00 00 00 00 00 00 41 4C 45 52 54 00 00 00 ]]
[[ DATA: 00 00 00 00 00 00 00 00 00 00 00 00 00 00 00 00 00 00 00 00 ]]
[[ DATA: CC 2C 00 20 00 00 00 00 00 00 00 00 00 00 00 00 00 00 00 00 ]]
[[ DATA: 54 7A 43 74 72 6C 00 00 00 00 00 00 00 00 00 00 00 00 00 00 ]]
[[ DATA: 00 00 00 00 00 00 00 00 F0 0C 00 20 FF FF FF FF 00 00 00 00 ]]
[[ DATA: 00 00 00 00 00 00 00 00 73 79 73 77 6F 72 6B 71 00 00 00 00 ]]
[[ DATA: 00 00 00 00 00 00 00 00 00 00 00 00 00 00 00 00 90 0A 00 20 ]]
[[ DATA: 0F 00 00 00 00 00 00 00 00 00 00 00 00 00 00 00 69 64 6C 65 ]]
[[ DATA: 00 00 00 00 00 00 00 00 00 00 00 00 00 00 00 00 00 00 00 00 ]]
[[ DATA: 00 00 00 00 50 0B 00 20 00 00 00 00 00 00 00 00 00 00 00 00 ]]
[[ DATA: 00 00 00 00 6D 61 69 6E 00 00 00 00 00 00 00 00 00 00 00 00 ]]
[[ DATA: 00 00 00 00 00 00 00 00 00 00 00 00 00 10 00 00 E4 06 00 00 ]]
[[ DATA: 00 00 00 00 D4 0F 00 00 01 00 00 00 00 00 00 00 D4 0F 00 00 ]]
[[ DATA: 00 00 00 00 E4 06 00 00 00 00 00 00 00 00 00 00 5C 1A 00 20 ]]
[[ DATA: 01 10 01 00 E1 12 00 00 02 00 00 00 10 30 02 00 D5 52 00 00 ]]
[[ DATA: 50 0B 00 20 00 04 00 00 00 00 00 00 30 10 03 00 0F 57 00 00 ]]
[[ DATA: 50 0B 00 20 10 30 04 00 35 72 00 00 90 0A 00 20 40 01 00 00 ]]
[[ DATA: 0F 00 00 00 37 20 05 00 DF 76 00 00 50 0B 00 20 00 00 00 00 ]]
[[ DATA: 2F 51 06 00 54 7A 00 00 F0 0C 00 20 C8 54 00 20 00 04 00 00 ]]
[[ DATA: FF FF FF FF C8 E3 00 08 10 30 07 00 3F B6 00 00 F0 0C 00 20 ]]
[[ DATA: 00 04 00 00 FF FF FF FF 5D 11 08 00 1E BF 00 00 F0 0C 00 20 ]]
[[ DATA: 30 10 09 00 3B C2 00 00 F0 0C 00 20 37 20 0A 00 4A CB 00 00 ]]
[[ DATA: F0 0C 00 20 FF FF FF FF 37 20 0B 00 D4 D3 D2 D1 ]]

[[ DevAlert Data Ended. Checksum: 40643 ]]

[[ DevAlert Data Begins ]]
[[ DATA: D1 D2 D3 D4 F0 0F 01 00 71 83 02 00 04 00 07 00 06 00 00 00 ]]
[[ DATA: 20 00 20 00 10 00 00 00 E8 03 00 00 24 44 55 4D 4D 59 5F 53 ]]
[[ DATA: 45 53 53 49 4F 4E 5F 49 44 00 00 00 00 00 00 00 00 00 00 00 ]]
[[ DATA: 00 00 00 00 24 44 55 4D 4D 59 5F 44 45 56 49 43 45 5F 49 44 ]]
[[ DATA: 00 00 00 00 00 00 00 00 00 00 00 00 00 00 00 00 64 66 6D 5F ]]
[[ DATA: 74 72 61 63 65 2E 70 73 66 73 00 00 CB D6 00 00 50 0B 00 20 ]]
[[ DATA: 00 00 00 00 2E 11 0C 00 3A D9 00 00 F0 0C 00 20 10 30 0D 00 ]]
[[ DATA: B5 15 01 00 CC 2C 00 20 00 04 00 00 00 00 00 00 5D 11 0E 00 ]]
[[ DATA: 30 18 01 00 CC 2C 00 20 30 10 0F 00 14 1B 01 00 CC 2C 00 20 ]]
[[ DATA: 03 30 10 00 ED ED 06 00 3C 19 00 20 41 4C 45 52 54 00 64 66 ]]
[[ DATA: 91 90 11 00 37 F2 06 00 3C 19 00 20 54 65 73 74 20 31 30 30 ]]
[[ DATA: 35 20 61 74 20 74 65 73 74 5F 63 6F 6E 74 65 78 74 73 2E 63 ]]
[[ DATA: 3A 34 38 00 2A 10 12 00 70 23 5A 00 E8 03 00 00 37 20 13 00 ]]
[[ DATA: 1F 31 5A 00 CC 2C 00 20 00 00 00 00 EA 20 14 00 D5 47 5A 00 ]]
[[ DATA: 50 0B 00 20 6C 02 00 00 2A 10 15 00 03 4A 5A 00 FA 00 00 00 ]]
[[ DATA: 37 20 16 00 CE 53 5A 00 90 0A 00 20 0F 00 00 00 30 10 17 00 ]]
[[ DATA: 25 B3 BC 02 CC 2C 00 20 37 20 18 00 10 BD BC 02 CC 2C 00 20 ]]
[[ DATA: 00 00 00 00 2B 10 19 00 7C C0 BC 02 00 00 00 00 EA 20 1A 00 ]]
[[ DATA: F4 CA BC 02 90 0A 00 20 F4 00 00 00 2A 10 1B 00 11 CD BC 02 ]]
[[ DATA: FA 00 00 00 37 20 1C 00 E7 D6 BC 02 90 0A 00 20 0F 00 00 00 ]]
[[ DATA: 30 10 1D 00 F7 7D 21 05 CC 2C 00 20 37 20 1E 00 B5 87 21 05 ]]
[[ DATA: CC 2C 00 20 00 00 00 00 2B 10 1F 00 F5 8A 21 05 00 00 00 00 ]]
[[ DATA: EA 20 20 00 69 A5 21 05 F0 0C 00 20 F4 02 00 00 2A 10 21 00 ]]
[[ DATA: 80 A7 21 05 FA 00 00 00 37 20 22 00 50 B1 21 05 90 0A 00 20 ]]
[[ DATA: 0F 00 00 00 30 10 23 00 F7 48 86 07 CC 2C 00 20 37 20 24 00 ]]
[[ DATA: B5 52 86 07 CC 2C 00 20 00 00 00 00 2B 10 25 00 F5 55 86 07 ]]
[[ DATA: 00 00 00 00 EA 20 26 00 A9 72 86 07 CC 2C 00 20 3C 03 00 00 ]]
[[ DATA: 2A 10 27 00 C0 74 86 07 FA 00 00 00 37 20 28 00 78 7D 86 07 ]]
[[ DATA: 90 0A 00 20 0F 00 00 00 30 10 29 00 F7 C0 E3 09 50 0B 00 20 ]]
[[ DATA: 37 20 2A 00 B5 CA E3 09 50 0B 00 20 00 00 00 00 2B 10 2B 00 ]]
[[ DATA: F5 CD E3 09 00 00 00 00 30 10 2C 00 30 14 EB 09 CC 2C 00 20 ]]
[[ DATA: 03 40 2D 00 C0 87 EF 09 0C 19 00 20 44 46 4D 20 54 65 73 74 ]]
[[ DATA: 73 00 54 52 92 50 2E 00 CB 2D F3 09 0C 19 00 20 EE 03 00 00 ]]
[[ DATA: 54 25 75 20 42 45 47 49 4E 00 44 46 61 30 2F 00 F2 31 F3 09 ]]
[[ DATA: B0 00 00 20 00 00 00 00 00 00 00 00 92 90 30 00 9C 36 F3 09 ]]
[[ DATA: 0C 19 00 20 0B 00 00 00 54 31 30 30 36 41 20 43 54 58 20 48 ]]
[[ DATA: 61 6E 64 6C 65 72 20 49 50 53 52 3D 25 75 00 54 91 A0 31 00 ]]
[[ DATA: 1B 48 F3 09 3C 19 00 20 54 65 73 74 20 31 30 30 36 41 20 61 ]]
[[ DATA: 74 20 74 65 73 74 5F 63 6F 6E 74 65 78 74 73 2E 63 3A 36 34 ]]
[[ DATA: 00 00 00 00 51 20 32 00 C3 57 6F 0B B0 00 00 20 00 00 00 00 ]]
[[ DATA: 92 B0 33 00 39 5C 6F 0B 0C 19 00 20 0B 00 00 00 54 31 30 30 ]]
[[ DATA: 36 42 20 52 45 54 55 52 4E 20 66 69 72 73 74 20 74 72 61 70 ]]
[[ DATA: 3B 20 49 50 53 52 3D 25 75 00 48 41 91 A0 34 00 6C 45 73 0B ]]
[[ DATA: 3C 19 00 20 54 65 73 74 20 31 30 30 36 42 20 61 74 20 74 65 ]]
[[ DATA: 73 74 5F 63 6F 6E 74 65 78 74 73 2E 63 3A 37 39 00 00 00 00 ]]
[[ DATA: 2A 10 35 00 33 60 8C 0C 2C 01 00 00 37 20 36 00 E5 6E 8C 0C ]]
[[ DATA: CC 2C 00 20 00 00 00 00 2B 10 37 00 3F 72 8C 0C 00 00 00 00 ]]
[[ DATA: EA 20 38 00 84 88 8C 0C 50 0B 00 20 6C 02 00 00 2A 10 39 00 ]]
[[ DATA: 9C 8A 8C 0C FA 00 00 00 37 20 3A 00 6D 94 8C 0C 90 0A 00 20 ]]
[[ DATA: 0F 00 00 00 30 10 3B 00 2B 42 EF 0E CC 2C 00 20 37 20 3C 00 ]]
[[ DATA: 18 4C EF 0E CC 2C 00 20 00 00 00 00 2B 10 3D 00 58 4F EF 0E ]]
[[ DATA: 00 00 00 00 EA 20 3E 00 CC 59 EF 0E 90 0A 00 20 F4 00 00 00 ]]
[[ DATA: 2A 10 3F 00 E3 5B EF 0E FA 00 00 00 37 20 40 00 9B 64 EF 0E ]]
[[ DATA: 90 0A 00 20 0F 00 00 00 30 10 41 00 07 54 69 0F 50 0B 00 20 ]]
[[ DATA: 37 20 42 00 35 5E 69 0F 50 0B 00 20 00 00 00 00 2B 10 43 00 ]]
[[ DATA: 75 61 69 0F 00 00 00 00 92 50 44 00 D4 D3 D2 D1 ]]

[[ DevAlert Data Ended. Checksum: 46886 ]]

[[ DevAlert Data Begins ]]
[[ DATA: D1 D2 D3 D4 F0 0F 01 00 71 83 02 00 05 00 07 00 06 00 00 00 ]]
[[ DATA: 20 00 20 00 10 00 00 00 E8 03 00 00 24 44 55 4D 4D 59 5F 53 ]]
[[ DATA: 45 53 53 49 4F 4E 5F 49 44 00 00 00 00 00 00 00 00 00 00 00 ]]
[[ DATA: 00 00 00 00 24 44 55 4D 4D 59 5F 44 45 56 49 43 45 5F 49 44 ]]
[[ DATA: 00 00 00 00 00 00 00 00 00 00 00 00 00 00 00 00 64 66 6D 5F ]]
[[ DATA: 74 72 61 63 65 2E 70 73 66 73 00 00 EB 4C 6A 0F 0C 19 00 20 ]]
[[ DATA: EF 03 00 00 54 25 75 20 42 45 47 49 4E 00 44 46 91 D0 45 00 ]]
[[ DATA: C9 52 6A 0F 0C 19 00 20 54 31 30 30 37 41 20 50 41 54 48 20 ]]
[[ DATA: 6C 65 66 74 5F 70 61 74 68 20 2D 3E 20 73 68 61 72 65 64 5F ]]
[[ DATA: 65 72 72 6F 72 5F 68 61 6E 64 6C 65 72 00 54 65 91 B0 46 00 ]]
[[ DATA: 83 98 6A 0F 3C 19 00 20 54 65 73 74 20 31 30 30 37 41 20 61 ]]
[[ DATA: 74 20 74 65 73 74 5F 63 61 6C 6C 5F 63 68 61 69 6E 73 2E 63 ]]
[[ DATA: 3A 32 34 37 00 00 00 00 92 B0 47 00 6B 73 87 10 0C 19 00 20 ]]
[[ DATA: 01 00 00 00 54 31 30 30 37 41 20 72 65 74 75 72 6E 65 64 20 ]]
[[ DATA: 74 72 61 63 65 5F 65 6E 61 62 6C 65 64 3D 25 75 00 54 65 73 ]]
[[ DATA: 91 D0 48 00 FA 78 87 10 0C 19 00 20 54 31 30 30 37 42 20 50 ]]
[[ DATA: 41 54 48 20 72 69 67 68 74 5F 69 6E 6E 65 72 20 2D 3E 20 73 ]]
[[ DATA: 68 61 72 65 64 5F 65 72 72 6F 72 5F 68 61 6E 64 6C 65 72 00 ]]
[[ DATA: 91 B0 49 00 8B BE 87 10 3C 19 00 20 54 65 73 74 20 31 30 30 ]]
[[ DATA: 37 42 20 61 74 20 74 65 73 74 5F 63 61 6C 6C 5F 63 68 61 69 ]]
[[ DATA: 6E 73 2E 63 3A 32 34 37 00 00 00 00 30 10 4A 00 E2 39 F2 11 ]]
[[ DATA: CC 2C 00 20 2A 10 4B 00 24 55 F5 11 2C 01 00 00 37 20 4C 00 ]]
[[ DATA: 5B 63 F5 11 CC 2C 00 20 00 00 00 00 2B 10 4D 00 A5 66 F5 11 ]]
[[ DATA: 00 00 00 00 EA 20 4E 00 27 81 F5 11 F0 0C 00 20 F4 02 00 00 ]]
[[ DATA: 2A 10 4F 00 3F 83 F5 11 FA 00 00 00 37 20 50 00 10 8D F5 11 ]]
[[ DATA: 90 0A 00 20 0F 00 00 00 30 10 51 00 FE F9 59 14 CC 2C 00 20 ]]
[[ DATA: 37 20 52 00 BC 03 5A 14 CC 2C 00 20 00 00 00 00 2B 10 53 00 ]]
[[ DATA: FC 06 5A 14 00 00 00 00 EA 20 54 00 B0 23 5A 14 CC 2C 00 20 ]]
[[ DATA: 3C 03 00 00 2A 10 55 00 C7 25 5A 14 FA 00 00 00 37 20 56 00 ]]
[[ DATA: 7F 2E 5A 14 90 0A 00 20 0F 00 00 00 30 10 57 00 07 0C D4 14 ]]
[[ DATA: 50 0B 00 20 37 20 58 00 35 16 D4 14 50 0B 00 20 00 00 00 00 ]]
[[ DATA: 2B 10 59 00 75 19 D4 14 00 00 00 00 92 50 5A 00 F6 04 D5 14 ]]
[[ DATA: 0C 19 00 20 F0 03 00 00 54 25 75 20 42 45 47 49 4E 00 44 46 ]]
[[ DATA: 91 90 5B 00 B1 E7 D6 14 3C 19 00 20 54 65 73 74 20 31 30 30 ]]
[[ DATA: 38 20 61 74 20 74 65 73 74 5F 63 6F 6E 74 65 78 74 73 2E 63 ]]
[[ DATA: 3A 38 36 00 00 00 00 00 00 00 00 00 00 00 00 00 00 00 00 00 ]]
[[ DATA: 00 00 00 00 00 00 00 00 00 00 00 00 00 00 00 00 00 00 00 00 ]]
[[ DATA: 00 00 00 00 00 00 00 00 00 00 00 00 00 00 00 00 00 00 00 00 ]]
[[ DATA: 00 00 00 00 00 00 00 00 00 00 00 00 00 00 00 00 00 00 00 00 ]]
[[ DATA: 00 00 00 00 00 00 00 00 00 00 00 00 00 00 00 00 00 00 00 00 ]]
[[ DATA: 00 00 00 00 00 00 00 00 00 00 00 00 00 00 00 00 00 00 00 00 ]]
[[ DATA: 00 00 00 00 00 00 00 00 00 00 00 00 00 00 00 00 00 00 00 00 ]]
[[ DATA: 00 00 00 00 00 00 00 00 00 00 00 00 00 00 00 00 00 00 00 00 ]]
[[ DATA: 00 00 00 00 00 00 00 00 00 00 00 00 00 00 00 00 00 00 00 00 ]]
[[ DATA: 00 00 00 00 00 00 00 00 00 00 00 00 00 00 00 00 00 00 00 00 ]]
[[ DATA: 00 00 00 00 00 00 00 00 00 00 00 00 00 00 00 00 00 00 00 00 ]]
[[ DATA: 00 00 00 00 00 00 00 00 00 00 00 00 00 00 00 00 00 00 00 00 ]]
[[ DATA: 00 00 00 00 00 00 00 00 00 00 00 00 00 00 00 00 00 00 00 00 ]]
[[ DATA: 00 00 00 00 00 00 00 00 00 00 00 00 00 00 00 00 00 00 00 00 ]]
[[ DATA: 00 00 00 00 00 00 00 00 00 00 00 00 00 00 00 00 00 00 00 00 ]]
[[ DATA: 00 00 00 00 00 00 00 00 00 00 00 00 00 00 00 00 00 00 00 00 ]]
[[ DATA: 00 00 00 00 00 00 00 00 00 00 00 00 00 00 00 00 00 00 00 00 ]]
[[ DATA: 00 00 00 00 00 00 00 00 00 00 00 00 00 00 00 00 00 00 00 00 ]]
[[ DATA: 00 00 00 00 00 00 00 00 00 00 00 00 00 00 00 00 00 00 00 00 ]]
[[ DATA: 00 00 00 00 00 00 00 00 00 00 00 00 00 00 00 00 00 00 00 00 ]]
[[ DATA: 00 00 00 00 00 00 00 00 00 00 00 00 D4 D3 D2 D1 ]]

[[ DevAlert Data Ended. Checksum: 7054 ]]

[[ DevAlert Data Begins ]]
[[ DATA: D1 D2 D3 D4 F0 0F 01 00 71 83 02 00 06 00 07 00 06 00 00 00 ]]
[[ DATA: 20 00 20 00 10 00 00 00 E8 03 00 00 24 44 55 4D 4D 59 5F 53 ]]
[[ DATA: 45 53 53 49 4F 4E 5F 49 44 00 00 00 00 00 00 00 00 00 00 00 ]]
[[ DATA: 00 00 00 00 24 44 55 4D 4D 59 5F 44 45 56 49 43 45 5F 49 44 ]]
[[ DATA: 00 00 00 00 00 00 00 00 00 00 00 00 00 00 00 00 64 66 6D 5F ]]
[[ DATA: 74 72 61 63 65 2E 70 73 66 73 00 00 00 00 00 00 00 00 00 00 ]]
[[ DATA: 00 00 00 00 00 00 00 00 00 00 00 00 00 00 00 00 00 00 00 00 ]]
[[ DATA: 00 00 00 00 00 00 00 00 00 00 00 00 00 00 00 00 00 00 00 00 ]]
[[ DATA: 00 00 00 00 00 00 00 00 00 00 00 00 00 00 00 00 00 00 00 00 ]]
[[ DATA: 00 00 00 00 00 00 00 00 00 00 00 00 00 00 00 00 00 00 00 00 ]]
[[ DATA: 00 00 00 00 00 00 00 00 00 00 00 00 00 00 00 00 00 00 00 00 ]]
[[ DATA: 00 00 00 00 00 00 00 00 00 00 00 00 00 00 00 00 00 00 00 00 ]]
[[ DATA: 00 00 00 00 00 00 00 00 00 00 00 00 00 00 00 00 00 00 00 00 ]]
[[ DATA: 00 00 00 00 00 00 00 00 00 00 00 00 00 00 00 00 00 00 00 00 ]]
[[ DATA: 00 00 00 00 00 00 00 00 00 00 00 00 00 00 00 00 00 00 00 00 ]]
[[ DATA: 00 00 00 00 00 00 00 00 00 00 00 00 00 00 00 00 00 00 00 00 ]]
[[ DATA: 00 00 00 00 00 00 00 00 00 00 00 00 00 00 00 00 00 00 00 00 ]]
[[ DATA: 00 00 00 00 00 00 00 00 00 00 00 00 00 00 00 00 00 00 00 00 ]]
[[ DATA: 00 00 00 00 00 00 00 00 00 00 00 00 00 00 00 00 00 00 00 00 ]]
[[ DATA: 00 00 00 00 00 00 00 00 00 00 00 00 00 00 00 00 00 00 00 00 ]]
[[ DATA: 00 00 00 00 00 00 00 00 00 00 00 00 00 00 00 00 00 00 00 00 ]]
[[ DATA: 00 00 00 00 00 00 00 00 00 00 00 00 00 00 00 00 00 00 00 00 ]]
[[ DATA: 00 00 00 00 00 00 00 00 00 00 00 00 00 00 00 00 00 00 00 00 ]]
[[ DATA: 00 00 00 00 00 00 00 00 00 00 00 00 00 00 00 00 00 00 00 00 ]]
[[ DATA: 00 00 00 00 00 00 00 00 00 00 00 00 00 00 00 00 00 00 00 00 ]]
[[ DATA: 00 00 00 00 00 00 00 00 00 00 00 00 00 00 00 00 00 00 00 00 ]]
[[ DATA: 00 00 00 00 00 00 00 00 00 00 00 00 00 00 00 00 00 00 00 00 ]]
[[ DATA: 00 00 00 00 00 00 00 00 00 00 00 00 00 00 00 00 00 00 00 00 ]]
[[ DATA: 00 00 00 00 00 00 00 00 00 00 00 00 00 00 00 00 00 00 00 00 ]]
[[ DATA: 00 00 00 00 00 00 00 00 00 00 00 00 00 00 00 00 00 00 00 00 ]]
[[ DATA: 00 00 00 00 00 00 00 00 00 00 00 00 00 00 00 00 00 00 00 00 ]]
[[ DATA: 00 00 00 00 00 00 00 00 00 00 00 00 00 00 00 00 00 00 00 00 ]]
[[ DATA: 00 00 00 00 00 00 00 00 00 00 00 00 00 00 00 00 00 00 00 00 ]]
[[ DATA: 00 00 00 00 00 00 00 00 00 00 00 00 00 00 00 00 00 00 00 00 ]]
[[ DATA: 00 00 00 00 00 00 00 00 00 00 00 00 00 00 00 00 00 00 00 00 ]]
[[ DATA: 00 00 00 00 00 00 00 00 00 00 00 00 00 00 00 00 00 00 00 00 ]]
[[ DATA: 00 00 00 00 00 00 00 00 00 00 00 00 00 00 00 00 00 00 00 00 ]]
[[ DATA: 00 00 00 00 00 00 00 00 00 00 00 00 00 00 00 00 00 00 00 00 ]]
[[ DATA: 00 00 00 00 00 00 00 00 00 00 00 00 00 00 00 00 00 00 00 00 ]]
[[ DATA: 00 00 00 00 00 00 00 00 00 00 00 00 00 00 00 00 00 00 00 00 ]]
[[ DATA: 00 00 00 00 00 00 00 00 00 00 00 00 00 00 00 00 00 00 00 00 ]]
[[ DATA: 00 00 00 00 00 00 00 00 00 00 00 00 00 00 00 00 00 00 00 00 ]]
[[ DATA: 00 00 00 00 00 00 00 00 00 00 00 00 00 00 00 00 00 00 00 00 ]]
[[ DATA: 00 00 00 00 00 00 00 00 00 00 00 00 00 00 00 00 00 00 00 00 ]]
[[ DATA: 00 00 00 00 00 00 00 00 00 00 00 00 00 00 00 00 00 00 00 00 ]]
[[ DATA: 00 00 00 00 00 00 00 00 00 00 00 00 00 00 00 00 00 00 00 00 ]]
[[ DATA: 00 00 00 00 00 00 00 00 00 00 00 00 00 00 00 00 00 00 00 00 ]]
[[ DATA: 00 00 00 00 00 00 00 00 00 00 00 00 00 00 00 00 00 00 00 00 ]]
[[ DATA: 00 00 00 00 00 00 00 00 00 00 00 00 00 00 00 00 00 00 00 00 ]]
[[ DATA: 00 00 00 00 00 00 00 00 00 00 00 00 00 00 00 00 00 00 00 00 ]]
[[ DATA: 00 00 00 00 00 00 00 00 00 00 00 00 00 00 00 00 00 00 00 00 ]]
[[ DATA: 00 00 00 00 00 00 00 00 00 00 00 00 00 00 00 00 00 00 00 00 ]]
[[ DATA: 00 00 00 00 00 00 00 00 00 00 00 00 00 00 00 00 00 00 00 00 ]]
[[ DATA: 00 00 00 00 00 00 00 00 00 00 00 00 00 00 00 00 00 00 00 00 ]]
[[ DATA: 00 00 00 00 00 00 00 00 00 00 00 00 00 00 00 00 00 00 00 00 ]]
[[ DATA: 00 00 00 00 00 00 00 00 00 00 00 00 D4 D3 D2 D1 ]]

[[ DevAlert Data Ended. Checksum: 27290 ]]

[[ DevAlert Data Begins ]]
[[ DATA: D1 D2 D3 D4 F0 0F 01 00 71 83 02 00 07 00 07 00 06 00 00 00 ]]
[[ DATA: 20 00 20 00 10 00 00 00 80 03 00 00 24 44 55 4D 4D 59 5F 53 ]]
[[ DATA: 45 53 53 49 4F 4E 5F 49 44 00 00 00 00 00 00 00 00 00 00 00 ]]
[[ DATA: 00 00 00 00 24 44 55 4D 4D 59 5F 44 45 56 49 43 45 5F 49 44 ]]
[[ DATA: 00 00 00 00 00 00 00 00 00 00 00 00 00 00 00 00 64 66 6D 5F ]]
[[ DATA: 74 72 61 63 65 2E 70 73 66 73 00 00 00 00 00 00 00 00 00 00 ]]
[[ DATA: 00 00 00 00 00 00 00 00 00 00 00 00 00 00 00 00 00 00 00 00 ]]
[[ DATA: 00 00 00 00 00 00 00 00 00 00 00 00 00 00 00 00 00 00 00 00 ]]
[[ DATA: 00 00 00 00 00 00 00 00 00 00 00 00 00 00 00 00 00 00 00 00 ]]
[[ DATA: 00 00 00 00 00 00 00 00 00 00 00 00 00 00 00 00 00 00 00 00 ]]
[[ DATA: 00 00 00 00 00 00 00 00 00 00 00 00 00 00 00 00 00 00 00 00 ]]
[[ DATA: 00 00 00 00 00 00 00 00 00 00 00 00 00 00 00 00 00 00 00 00 ]]
[[ DATA: 00 00 00 00 00 00 00 00 00 00 00 00 00 00 00 00 00 00 00 00 ]]
[[ DATA: 00 00 00 00 00 00 00 00 00 00 00 00 00 00 00 00 00 00 00 00 ]]
[[ DATA: 00 00 00 00 00 00 00 00 00 00 00 00 00 00 00 00 00 00 00 00 ]]
[[ DATA: 00 00 00 00 00 00 00 00 00 00 00 00 00 00 00 00 00 00 00 00 ]]
[[ DATA: 00 00 00 00 00 00 00 00 00 00 00 00 00 00 00 00 00 00 00 00 ]]
[[ DATA: 00 00 00 00 00 00 00 00 00 00 00 00 00 00 00 00 00 00 00 00 ]]
[[ DATA: 00 00 00 00 00 00 00 00 00 00 00 00 00 00 00 00 00 00 00 00 ]]
[[ DATA: 00 00 00 00 00 00 00 00 00 00 00 00 00 00 00 00 00 00 00 00 ]]
[[ DATA: 00 00 00 00 00 00 00 00 00 00 00 00 00 00 00 00 00 00 00 00 ]]
[[ DATA: 00 00 00 00 00 00 00 00 00 00 00 00 00 00 00 00 00 00 00 00 ]]
[[ DATA: 00 00 00 00 00 00 00 00 00 00 00 00 00 00 00 00 00 00 00 00 ]]
[[ DATA: 00 00 00 00 00 00 00 00 00 00 00 00 00 00 00 00 00 00 00 00 ]]
[[ DATA: 00 00 00 00 00 00 00 00 00 00 00 00 00 00 00 00 00 00 00 00 ]]
[[ DATA: 00 00 00 00 00 00 00 00 00 00 00 00 00 00 00 00 00 00 00 00 ]]
[[ DATA: 00 00 00 00 00 00 00 00 00 00 00 00 00 00 00 00 00 00 00 00 ]]
[[ DATA: 00 00 00 00 00 00 00 00 00 00 00 00 00 00 00 00 00 00 00 00 ]]
[[ DATA: 00 00 00 00 00 00 00 00 00 00 00 00 00 00 00 00 00 00 00 00 ]]
[[ DATA: 00 00 00 00 00 00 00 00 00 00 00 00 00 00 00 00 00 00 00 00 ]]
[[ DATA: 00 00 00 00 00 00 00 00 00 00 00 00 00 00 00 00 00 00 00 00 ]]
[[ DATA: 00 00 00 00 00 00 00 00 00 00 00 00 00 00 00 00 00 00 00 00 ]]
[[ DATA: 00 00 00 00 00 00 00 00 00 00 00 00 00 00 00 00 00 00 00 00 ]]
[[ DATA: 00 00 00 00 00 00 00 00 00 00 00 00 00 00 00 00 00 00 00 00 ]]
[[ DATA: 00 00 00 00 00 00 00 00 00 00 00 00 00 00 00 00 00 00 00 00 ]]
[[ DATA: 00 00 00 00 00 00 00 00 00 00 00 00 00 00 00 00 00 00 00 00 ]]
[[ DATA: 00 00 00 00 00 00 00 00 00 00 00 00 00 00 00 00 00 00 00 00 ]]
[[ DATA: 00 00 00 00 00 00 00 00 00 00 00 00 00 00 00 00 00 00 00 00 ]]
[[ DATA: 00 00 00 00 00 00 00 00 00 00 00 00 00 00 00 00 00 00 00 00 ]]
[[ DATA: 00 00 00 00 00 00 00 00 00 00 00 00 00 00 00 00 00 00 00 00 ]]
[[ DATA: 00 00 00 00 00 00 00 00 00 00 00 00 00 00 00 00 00 00 00 00 ]]
[[ DATA: 00 00 00 00 00 00 00 00 00 00 00 00 00 00 00 00 00 00 00 00 ]]
[[ DATA: 00 00 00 00 00 00 00 00 00 00 00 00 00 00 00 00 00 00 00 00 ]]
[[ DATA: 00 00 00 00 00 00 00 00 00 00 00 00 00 00 00 00 00 00 00 00 ]]
[[ DATA: 00 00 00 00 00 00 00 00 00 00 00 00 00 00 00 00 00 00 00 00 ]]
[[ DATA: 00 00 00 00 00 00 00 00 00 00 00 00 00 00 00 00 00 00 00 00 ]]
[[ DATA: 00 00 00 00 00 00 00 00 00 00 00 00 00 00 00 00 00 00 00 00 ]]
[[ DATA: 00 00 00 00 00 00 00 00 00 00 00 00 00 00 00 00 00 00 00 00 ]]
[[ DATA: 00 00 00 00 00 00 00 00 00 00 00 00 00 00 00 00 00 00 00 00 ]]
[[ DATA: 00 00 00 00 00 00 00 00 00 00 00 00 0A 0B 0C 0D 71 72 73 74 ]]
[[ DATA: F1 F2 F3 F4 00 00 00 00 D4 D3 D2 D1 ]]

[[ DevAlert Data Ended. Checksum: 31974 ]]
DFM: Restart requested by DFM_TRAP.
*** Booting Zephyr OS build v4.4.0-12302-gc0bba90c366a ***
Starting Percepio Detect test
DFMT:BOOT:m3_os:098fe75d:phase=6:index=6:reboots=2
DFMT:RESUMED:1008:1009
DFMT:CHECK:HARNESS:PASS:TRACE_CHANNEL_REGISTERED
DFMT:BEGIN:1009:6

[[ DevAlert Data Begins ]]
[[ DATA: D1 D2 D3 D4 F0 0F 01 00 12 15 00 00 01 00 01 00 01 00 00 00 ]]
[[ DATA: 20 00 20 00 68 00 00 00 0C 01 00 00 24 44 55 4D 4D 59 5F 53 ]]
[[ DATA: 45 53 53 49 4F 4E 5F 49 44 00 00 00 00 00 00 00 00 00 00 00 ]]
[[ DATA: 00 00 00 00 24 44 55 4D 4D 59 5F 44 45 56 49 43 45 5F 49 44 ]]
[[ DATA: 00 00 00 00 00 00 00 00 00 00 00 00 00 00 00 00 54 65 73 74 ]]
[[ DATA: 20 31 30 30 39 20 61 74 20 74 65 73 74 5F 63 6F 6E 74 65 78 ]]
[[ DATA: 74 73 2E 63 3A 31 30 38 00 00 00 00 00 00 00 00 00 00 00 00 ]]
[[ DATA: 00 00 00 00 00 00 00 00 00 00 00 00 00 00 00 00 00 00 00 00 ]]
[[ DATA: 00 00 00 00 00 00 00 00 00 00 00 00 00 00 00 00 00 00 00 00 ]]
[[ DATA: 00 00 00 00 00 00 00 00 00 00 00 00 00 00 00 00 00 00 00 00 ]]
[[ DATA: 50 44 66 6D F0 0F 03 48 08 04 68 00 01 00 00 00 F1 03 00 00 ]]
[[ DATA: 01 00 00 00 93 03 00 00 07 00 00 00 48 58 00 20 02 00 00 00 ]]
[[ DATA: 28 06 00 00 04 00 00 00 6C 00 00 00 00 00 00 00 00 00 00 00 ]]
[[ DATA: 00 00 00 00 00 00 00 00 00 00 00 00 00 00 00 00 00 00 00 00 ]]
[[ DATA: 00 00 00 00 42 75 69 6C 64 2D 4D 33 2D 4F 73 00 00 00 00 00 ]]
[[ DATA: 00 00 00 00 00 00 00 00 00 00 00 00 00 00 00 00 00 00 00 00 ]]
[[ DATA: 00 00 00 00 00 00 00 00 00 00 00 00 00 00 00 00 00 00 00 00 ]]
[[ DATA: 00 00 00 00 00 00 00 00 00 00 00 00 00 00 00 00 54 65 73 74 ]]
[[ DATA: 20 31 30 30 39 20 61 74 20 74 65 73 74 5F 63 6F 6E 74 65 78 ]]
[[ DATA: 74 73 2E 63 3A 31 30 38 00 00 00 00 00 00 00 00 00 00 00 00 ]]
[[ DATA: 00 00 00 00 00 00 00 00 00 00 00 00 00 00 00 00 00 00 00 00 ]]
[[ DATA: 00 00 00 00 00 00 00 00 00 00 00 00 00 00 00 00 00 00 00 00 ]]
[[ DATA: 00 00 00 00 00 00 00 00 00 00 00 00 00 00 00 00 00 00 00 00 ]]
[[ DATA: 6D 66 44 50 00 00 00 00 D4 D3 D2 D1 ]]

[[ DevAlert Data Ended. Checksum: 51146 ]]

[[ DevAlert Data Begins ]]
[[ DATA: D1 D2 D3 D4 F0 0F 01 00 18 46 01 00 01 00 01 00 01 00 00 00 ]]
[[ DATA: 20 00 20 00 10 00 00 00 24 00 00 00 24 44 55 4D 4D 59 5F 53 ]]
[[ DATA: 45 53 53 49 4F 4E 5F 49 44 00 00 00 00 00 00 00 00 00 00 00 ]]
[[ DATA: 00 00 00 00 24 44 55 4D 4D 59 5F 44 45 56 49 43 45 5F 49 44 ]]
[[ DATA: 00 00 00 00 00 00 00 00 00 00 00 00 00 00 00 00 74 72 61 70 ]]
[[ DATA: 2E 7A 70 72 00 00 00 00 00 00 00 00 50 44 61 50 F0 0F 03 10 ]]
[[ DATA: B3 01 00 00 74 72 61 70 2E 7A 70 72 00 00 00 00 00 00 00 00 ]]
[[ DATA: 50 61 44 50 00 00 00 00 D4 D3 D2 D1 ]]

[[ DevAlert Data Ended. Checksum: 59880 ]]

[[ DevAlert Data Begins ]]
[[ DATA: D1 D2 D3 D4 F0 0F 01 00 71 83 01 00 01 00 01 00 01 00 00 00 ]]
[[ DATA: 20 00 20 00 10 00 00 00 B3 01 00 00 24 44 55 4D 4D 59 5F 53 ]]
[[ DATA: 45 53 53 49 4F 4E 5F 49 44 00 00 00 00 00 00 00 00 00 00 00 ]]
[[ DATA: 00 00 00 00 24 44 55 4D 4D 59 5F 44 45 56 49 43 45 5F 49 44 ]]
[[ DATA: 00 00 00 00 00 00 00 00 00 00 00 00 00 00 00 00 74 72 61 70 ]]
[[ DATA: 2E 7A 70 72 00 00 00 00 00 00 00 00 5A 45 02 00 03 00 05 00 ]]
[[ DATA: 0D D0 00 00 41 03 00 4C 00 09 00 00 00 60 1D 00 20 00 00 00 ]]
[[ DATA: 00 00 00 00 00 AA AA AA AA AF 87 00 08 EE 81 00 08 00 00 00 ]]
[[ DATA: 21 48 58 00 20 08 0E 00 20 00 00 00 00 FF FF FF FF FF FF FF ]]
[[ DATA: FF 10 00 00 00 00 00 00 00 A9 1E 00 08 00 00 00 00 01 00 00 ]]
[[ DATA: 00 30 00 00 00 4D 01 00 F0 0C 00 20 B0 0D 00 20 50 0B 00 20 ]]
[[ DATA: 84 38 00 20 00 00 00 00 01 00 FF FF 80 00 00 00 00 00 00 00 ]]
[[ DATA: 00 00 00 00 00 00 00 00 00 00 00 00 00 00 00 00 00 00 00 00 ]]
[[ DATA: 00 00 00 00 00 00 00 00 00 00 00 08 FF FF FF FF FF FF FF FF ]]
[[ DATA: 10 00 00 00 00 00 00 00 00 00 00 00 00 00 00 00 40 58 00 20 ]]
[[ DATA: 00 00 00 00 48 0D 00 20 48 0D 00 20 ED 90 00 08 F0 0C 00 20 ]]
[[ DATA: 00 00 00 00 00 00 00 00 90 0A 00 20 73 79 73 77 6F 72 6B 71 ]]
[[ DATA: 00 00 00 00 00 00 00 00 00 00 00 00 00 00 00 00 00 00 00 00 ]]
[[ DATA: 00 00 00 00 C8 54 00 20 00 04 00 00 10 00 00 00 00 00 00 00 ]]
[[ DATA: B8 58 00 20 00 00 00 00 00 00 00 00 00 00 00 00 FF 00 00 00 ]]
[[ DATA: 00 00 00 00 00 00 00 00 4D 01 00 48 58 00 20 C8 58 00 20 09 ]]
[[ DATA: 00 00 00 6C 00 00 00 00 00 00 00 09 00 00 00 10 00 00 20 5D ]]
[[ DATA: 1E 00 08 09 00 00 00 09 00 00 00 00 00 00 00 97 1E 00 08 F0 ]]
[[ DATA: 0C 00 20 BB 1E 00 08 00 00 00 00 2D 92 00 08 FF FF FF FF FF ]]
[[ DATA: FF FF FF 00 00 00 00 F0 0C 00 20 B8 58 00 20 ED 90 00 08 F0 ]]
[[ DATA: 0C 00 20 00 00 00 00 00 00 00 00 08 00 00 00 00 00 00 00 87 ]]
[[ DATA: 2B 00 08 00 00 00 00 AA AA AA AA AA AA AA AA AA AA AA AA F0 ]]
[[ DATA: 0C 00 20 00 00 00 00 D4 D3 D2 D1 ]]

[[ DevAlert Data Ended. Checksum: 29828 ]]

[[ DevAlert Data Begins ]]
[[ DATA: D1 D2 D3 D4 F0 0F 01 00 18 46 02 00 01 00 01 00 01 00 00 00 ]]
[[ DATA: 20 00 20 00 10 00 00 00 24 00 00 00 24 44 55 4D 4D 59 5F 53 ]]
[[ DATA: 45 53 53 49 4F 4E 5F 49 44 00 00 00 00 00 00 00 00 00 00 00 ]]
[[ DATA: 00 00 00 00 24 44 55 4D 4D 59 5F 44 45 56 49 43 45 5F 49 44 ]]
[[ DATA: 00 00 00 00 00 00 00 00 00 00 00 00 00 00 00 00 64 66 6D 5F ]]
[[ DATA: 74 72 61 63 65 2E 70 73 66 73 00 00 50 44 61 50 F0 0F 03 10 ]]
[[ DATA: F0 1A 00 00 64 66 6D 5F 74 72 61 63 65 2E 70 73 66 73 00 00 ]]
[[ DATA: 50 61 44 50 00 00 00 00 D4 D3 D2 D1 ]]

[[ DevAlert Data Ended. Checksum: 60928 ]]

[[ DevAlert Data Begins ]]
[[ DATA: D1 D2 D3 D4 F0 0F 01 00 71 83 02 00 01 00 07 00 01 00 00 00 ]]
[[ DATA: 20 00 20 00 10 00 00 00 E8 03 00 00 24 44 55 4D 4D 59 5F 53 ]]
[[ DATA: 45 53 53 49 4F 4E 5F 49 44 00 00 00 00 00 00 00 00 00 00 00 ]]
[[ DATA: 00 00 00 00 24 44 55 4D 4D 59 5F 44 45 56 49 43 45 5F 49 44 ]]
[[ DATA: 00 00 00 00 00 00 00 00 00 00 00 00 00 00 00 00 64 66 6D 5F ]]
[[ DATA: 74 72 61 63 65 2E 70 73 66 73 00 00 30 1A 00 20 00 00 00 00 ]]
[[ DATA: 05 06 07 08 75 76 77 78 F5 F6 F7 F8 00 46 53 50 0E 00 A9 9A ]]
[[ DATA: 00 00 00 00 01 03 00 00 00 00 00 00 00 00 03 04 5A 65 70 68 ]]
[[ DATA: 79 72 00 00 01 00 00 00 00 71 02 00 00 68 89 09 00 00 00 00 ]]
[[ DATA: E8 03 00 00 42 FA 97 09 00 00 00 00 38 00 00 00 1C 00 00 00 ]]
[[ DATA: 03 00 00 00 AC 0F 00 20 63 00 04 04 88 01 00 00 3A 01 00 00 ]]
[[ DATA: 00 00 00 40 73 79 73 63 61 6C 6C 73 00 00 00 00 00 00 00 00 ]]
[[ DATA: 00 00 00 00 00 00 00 00 00 00 00 00 00 00 00 00 00 00 00 00 ]]
[[ DATA: 00 00 00 00 00 00 00 00 00 00 00 00 00 00 00 00 00 00 00 00 ]]
[[ DATA: 00 00 00 00 00 00 00 00 00 00 00 00 00 00 00 00 00 00 00 00 ]]
[[ DATA: 00 00 00 00 00 00 00 00 00 00 00 00 00 00 00 00 00 00 00 00 ]]
[[ DATA: 00 00 00 00 00 00 00 00 00 00 00 00 00 00 00 00 00 00 00 00 ]]
[[ DATA: 00 00 00 00 00 00 00 00 00 00 00 00 00 00 00 00 00 00 00 00 ]]
[[ DATA: 00 00 00 00 00 00 00 00 00 00 00 00 00 00 00 00 00 00 00 00 ]]
[[ DATA: 00 00 00 00 00 00 00 00 00 00 00 00 00 00 00 00 00 00 00 00 ]]
[[ DATA: 00 00 00 00 00 00 00 00 00 00 00 00 00 00 00 00 00 00 00 00 ]]
[[ DATA: 00 00 00 00 00 00 00 00 00 00 00 00 00 00 00 00 00 00 00 00 ]]
[[ DATA: 00 00 00 00 00 00 00 00 00 00 00 00 00 00 00 00 00 00 00 00 ]]
[[ DATA: 00 00 00 00 00 00 00 00 00 00 00 00 00 00 00 00 00 00 00 00 ]]
[[ DATA: 00 00 00 00 00 00 00 00 00 00 00 00 00 00 00 00 00 00 00 00 ]]
[[ DATA: 00 00 00 00 00 00 00 00 00 00 00 00 00 00 00 00 00 00 00 00 ]]
[[ DATA: 00 00 00 00 00 00 00 00 00 00 00 00 00 00 00 00 00 00 00 00 ]]
[[ DATA: 00 00 00 00 00 00 00 00 00 00 00 00 00 00 00 00 00 00 00 00 ]]
[[ DATA: 00 00 00 00 00 00 00 00 00 00 00 00 00 00 00 00 00 00 00 00 ]]
[[ DATA: 00 00 00 00 00 00 00 00 00 00 00 00 00 00 00 00 00 00 00 00 ]]
[[ DATA: 00 00 00 00 00 00 00 00 00 00 00 00 00 00 00 00 00 00 00 00 ]]
[[ DATA: 00 00 00 00 00 00 00 00 00 00 00 00 00 00 00 00 00 00 00 00 ]]
[[ DATA: 00 00 00 00 00 00 00 00 00 00 00 00 00 00 00 00 00 00 00 00 ]]
[[ DATA: 00 00 00 00 00 00 00 00 00 00 00 00 00 00 00 00 00 00 00 00 ]]
[[ DATA: 00 00 00 00 00 00 00 00 00 00 00 00 00 00 00 00 00 00 00 00 ]]
[[ DATA: 00 00 00 00 00 00 00 00 00 00 00 00 00 00 00 00 00 00 00 00 ]]
[[ DATA: 00 00 00 00 00 00 00 00 00 00 00 00 00 00 00 00 00 00 00 00 ]]
[[ DATA: 00 00 00 00 00 00 00 00 00 00 00 00 00 00 00 00 00 00 00 00 ]]
[[ DATA: 00 00 00 00 00 00 00 00 00 00 00 00 00 00 00 00 00 00 00 00 ]]
[[ DATA: 00 00 00 00 00 00 00 00 00 00 00 00 00 00 00 00 00 00 00 00 ]]
[[ DATA: 00 00 00 00 00 00 00 00 00 00 00 00 00 00 00 00 00 00 00 00 ]]
[[ DATA: 00 00 00 00 00 00 00 00 00 00 00 00 00 00 00 00 00 00 00 00 ]]
[[ DATA: 00 00 00 00 00 00 00 00 00 00 00 00 00 00 00 00 00 00 00 00 ]]
[[ DATA: 00 00 00 00 00 00 00 00 00 00 00 00 00 00 00 00 00 00 00 00 ]]
[[ DATA: 00 00 00 00 00 00 00 00 00 00 00 00 00 00 00 00 00 00 00 00 ]]
[[ DATA: 00 00 00 00 00 00 00 00 00 00 00 00 00 00 00 00 00 00 00 00 ]]
[[ DATA: 00 00 00 00 00 00 00 00 00 00 00 00 00 00 00 00 00 00 00 00 ]]
[[ DATA: 00 00 00 00 00 00 00 00 00 00 00 00 00 00 00 00 00 00 00 00 ]]
[[ DATA: 00 00 00 00 00 00 00 00 00 00 00 00 00 00 00 00 00 00 00 00 ]]
[[ DATA: 00 00 00 00 00 00 00 00 00 00 00 00 00 00 00 00 00 00 00 00 ]]
[[ DATA: 00 00 00 00 00 00 00 00 00 00 00 00 00 00 00 00 00 00 00 00 ]]
[[ DATA: 00 00 00 00 00 00 00 00 00 00 00 00 00 00 00 00 00 00 00 00 ]]
[[ DATA: 00 00 00 00 00 00 00 00 00 00 00 00 00 00 00 00 00 00 00 00 ]]
[[ DATA: 00 00 00 00 00 00 00 00 00 00 00 00 00 00 00 00 00 00 00 00 ]]
[[ DATA: 00 00 00 00 00 00 00 00 00 00 00 00 00 00 00 00 00 00 00 00 ]]
[[ DATA: 00 00 00 00 00 00 00 00 00 00 00 00 D4 D3 D2 D1 ]]

[[ DevAlert Data Ended. Checksum: 60446 ]]

[[ DevAlert Data Begins ]]
[[ DATA: D1 D2 D3 D4 F0 0F 01 00 71 83 02 00 02 00 07 00 01 00 00 00 ]]
[[ DATA: 20 00 20 00 10 00 00 00 E8 03 00 00 24 44 55 4D 4D 59 5F 53 ]]
[[ DATA: 45 53 53 49 4F 4E 5F 49 44 00 00 00 00 00 00 00 00 00 00 00 ]]
[[ DATA: 00 00 00 00 24 44 55 4D 4D 59 5F 44 45 56 49 43 45 5F 49 44 ]]
[[ DATA: 00 00 00 00 00 00 00 00 00 00 00 00 00 00 00 00 64 66 6D 5F ]]
[[ DATA: 74 72 61 63 65 2E 70 73 66 73 00 00 00 00 00 00 00 00 00 00 ]]
[[ DATA: 00 00 00 00 00 00 00 00 00 00 00 00 00 00 00 00 00 00 00 00 ]]
[[ DATA: 00 00 00 00 00 00 00 00 00 00 00 00 00 00 00 00 00 00 00 00 ]]
[[ DATA: 00 00 00 00 00 00 00 00 00 00 00 00 00 00 00 00 00 00 00 00 ]]
[[ DATA: 00 00 00 00 00 00 00 00 00 00 00 00 00 00 00 00 00 00 00 00 ]]
[[ DATA: 00 00 00 00 00 00 00 00 00 00 00 00 00 00 00 00 00 00 00 00 ]]
[[ DATA: 00 00 00 00 00 00 00 00 00 00 00 00 00 00 00 00 00 00 00 00 ]]
[[ DATA: 00 00 00 00 00 00 00 00 00 00 00 00 00 00 00 00 00 00 00 00 ]]
[[ DATA: 00 00 00 00 00 00 00 00 00 00 00 00 00 00 00 00 00 00 00 00 ]]
[[ DATA: 00 00 00 00 00 00 00 00 00 00 00 00 00 00 00 00 00 00 00 00 ]]
[[ DATA: 00 00 00 00 00 00 00 00 00 00 00 00 00 00 00 00 00 00 00 00 ]]
[[ DATA: 00 00 00 00 00 00 00 00 00 00 00 00 00 00 00 00 00 00 00 00 ]]
[[ DATA: 00 00 00 00 00 00 00 00 00 00 00 00 00 00 00 00 00 00 00 00 ]]
[[ DATA: 00 00 00 00 00 00 00 00 00 00 00 00 00 00 00 00 00 00 00 00 ]]
[[ DATA: 00 00 00 00 00 00 00 00 00 00 00 00 00 00 00 00 00 00 00 00 ]]
[[ DATA: 00 00 00 00 00 00 00 00 00 00 00 00 00 00 00 00 00 00 00 00 ]]
[[ DATA: 00 00 00 00 00 00 00 00 00 00 00 00 00 00 00 00 00 00 00 00 ]]
[[ DATA: 00 00 00 00 00 00 00 00 00 00 00 00 00 00 00 00 00 00 00 00 ]]
[[ DATA: 00 00 00 00 00 00 00 00 00 00 00 00 00 00 00 00 00 00 00 00 ]]
[[ DATA: 00 00 00 00 00 00 00 00 00 00 00 00 00 00 00 00 00 00 00 00 ]]
[[ DATA: 00 00 00 00 00 00 00 00 00 00 00 00 00 00 00 00 00 00 00 00 ]]
[[ DATA: 00 00 00 00 00 00 00 00 00 00 00 00 00 00 00 00 00 00 00 00 ]]
[[ DATA: 00 00 00 00 00 00 00 00 00 00 00 00 00 00 00 00 00 00 00 00 ]]
[[ DATA: 00 00 00 00 00 00 00 00 00 00 00 00 00 00 00 00 00 00 00 00 ]]
[[ DATA: 00 00 00 00 00 00 00 00 00 00 00 00 00 00 00 00 00 00 00 00 ]]
[[ DATA: 00 00 00 00 00 00 00 00 00 00 00 00 00 00 00 00 00 00 00 00 ]]
[[ DATA: 00 00 00 00 00 00 00 00 00 00 00 00 00 00 00 00 00 00 00 00 ]]
[[ DATA: 00 00 00 00 00 00 00 00 00 00 00 00 00 00 00 00 00 00 00 00 ]]
[[ DATA: 00 00 00 00 00 00 00 00 00 00 00 00 00 00 00 00 00 00 00 00 ]]
[[ DATA: 00 00 00 00 00 00 00 00 00 00 00 00 00 00 00 00 00 00 00 00 ]]
[[ DATA: 00 00 00 00 00 00 00 00 00 00 00 00 00 00 00 00 00 00 00 00 ]]
[[ DATA: 00 00 00 00 00 00 00 00 00 00 00 00 00 00 00 00 00 00 00 00 ]]
[[ DATA: 00 00 00 00 00 00 00 00 00 00 00 00 00 00 00 00 00 00 00 00 ]]
[[ DATA: 00 00 00 00 00 00 00 00 00 00 00 00 00 00 00 00 00 00 00 00 ]]
[[ DATA: 00 00 00 00 00 00 00 00 00 00 00 00 00 00 00 00 00 00 00 00 ]]
[[ DATA: 00 00 00 00 00 00 00 00 00 00 00 00 00 00 00 00 00 00 00 00 ]]
[[ DATA: 00 00 00 00 00 00 00 00 00 00 00 00 00 00 00 00 00 00 00 00 ]]
[[ DATA: 00 00 00 00 00 00 00 00 00 00 00 00 00 00 00 00 00 00 00 00 ]]
[[ DATA: 00 00 00 00 00 00 00 00 00 00 00 00 00 00 00 00 00 00 00 00 ]]
[[ DATA: 00 00 00 00 00 00 00 00 00 00 00 00 00 00 00 00 00 00 00 00 ]]
[[ DATA: 00 00 00 00 00 00 00 00 00 00 00 00 00 00 00 00 00 00 00 00 ]]
[[ DATA: 00 00 00 00 00 00 00 00 00 00 00 00 00 00 00 00 00 00 00 00 ]]
[[ DATA: 00 00 00 00 00 00 00 00 00 00 00 00 00 00 00 00 00 00 00 00 ]]
[[ DATA: 00 00 00 00 00 00 00 00 00 00 00 00 00 00 00 00 00 00 00 00 ]]
[[ DATA: 00 00 00 00 00 00 00 00 00 00 00 00 00 00 00 00 00 00 00 00 ]]
[[ DATA: 00 00 00 00 00 00 00 00 00 00 00 00 00 00 00 00 00 00 00 00 ]]
[[ DATA: 00 00 00 00 00 00 00 00 00 00 00 00 00 00 00 00 00 00 00 00 ]]
[[ DATA: 00 00 00 00 00 00 00 00 00 00 00 00 00 00 00 00 00 00 00 00 ]]
[[ DATA: 00 00 00 00 00 00 00 00 00 00 00 00 00 00 00 00 00 00 00 00 ]]
[[ DATA: 00 00 00 00 00 00 00 00 00 00 00 00 00 00 00 00 00 00 00 00 ]]
[[ DATA: 00 00 00 00 00 00 00 00 00 00 00 00 D4 D3 D2 D1 ]]

[[ DevAlert Data Ended. Checksum: 43126 ]]

[[ DevAlert Data Begins ]]
[[ DATA: D1 D2 D3 D4 F0 0F 01 00 71 83 02 00 03 00 07 00 01 00 00 00 ]]
[[ DATA: 20 00 20 00 10 00 00 00 E8 03 00 00 24 44 55 4D 4D 59 5F 53 ]]
[[ DATA: 45 53 53 49 4F 4E 5F 49 44 00 00 00 00 00 00 00 00 00 00 00 ]]
[[ DATA: 00 00 00 00 24 44 55 4D 4D 59 5F 44 45 56 49 43 45 5F 49 44 ]]
[[ DATA: 00 00 00 00 00 00 00 00 00 00 00 00 00 00 00 00 64 66 6D 5F ]]
[[ DATA: 74 72 61 63 65 2E 70 73 66 73 00 00 00 00 00 00 00 00 00 00 ]]
[[ DATA: 00 00 00 00 00 00 00 00 00 00 00 00 00 00 00 00 00 00 00 00 ]]
[[ DATA: 00 00 00 00 00 00 00 00 00 00 00 00 00 00 00 00 00 00 00 00 ]]
[[ DATA: 00 00 00 00 00 00 00 00 00 00 00 00 00 00 00 00 00 00 00 00 ]]
[[ DATA: 00 00 00 00 00 00 00 00 00 00 00 00 00 00 00 00 00 00 00 00 ]]
[[ DATA: 00 00 00 00 00 00 00 00 00 00 00 00 00 00 00 00 00 00 00 00 ]]
[[ DATA: 00 00 00 00 00 00 00 00 00 00 00 00 00 00 00 00 00 00 00 00 ]]
[[ DATA: 00 00 00 00 00 00 00 00 00 00 00 00 00 00 00 00 00 00 00 00 ]]
[[ DATA: 00 00 00 00 00 00 00 00 00 00 00 00 00 00 00 00 00 00 00 00 ]]
[[ DATA: 00 00 00 00 00 00 00 00 00 00 00 00 00 00 00 00 00 00 00 00 ]]
[[ DATA: 00 00 00 00 00 00 00 00 00 00 00 00 00 00 00 00 00 00 00 00 ]]
[[ DATA: 00 00 00 00 00 00 00 00 00 00 00 00 00 00 00 00 00 00 00 00 ]]
[[ DATA: 00 00 00 00 00 00 00 00 00 00 00 00 00 00 00 00 00 00 00 00 ]]
[[ DATA: 00 00 00 00 00 00 00 00 00 00 00 00 00 00 00 00 00 00 00 00 ]]
[[ DATA: 00 00 00 00 00 00 00 00 00 00 00 00 00 00 00 00 00 00 00 00 ]]
[[ DATA: 00 00 00 00 00 00 00 00 00 00 00 00 00 00 00 00 00 00 00 00 ]]
[[ DATA: 00 00 00 00 00 00 00 00 00 00 00 00 00 00 00 00 00 00 00 00 ]]
[[ DATA: 00 00 00 00 00 00 00 00 00 00 00 00 00 00 00 00 00 00 00 00 ]]
[[ DATA: 00 00 00 00 00 00 00 00 00 00 00 00 00 00 00 00 00 00 00 00 ]]
[[ DATA: 00 00 00 00 00 00 00 00 00 00 00 00 00 00 00 00 00 00 00 00 ]]
[[ DATA: 00 00 00 00 00 00 00 00 00 00 00 00 00 00 00 00 00 00 00 00 ]]
[[ DATA: 00 00 00 00 00 00 00 00 00 00 00 00 00 00 00 00 00 00 00 00 ]]
[[ DATA: 00 00 00 00 00 00 00 00 00 00 00 00 00 00 00 00 00 00 00 00 ]]
[[ DATA: 00 00 00 00 00 00 00 00 00 00 00 00 00 00 00 00 00 00 00 00 ]]
[[ DATA: 00 00 00 00 00 00 00 00 00 00 00 00 00 00 00 00 00 00 00 00 ]]
[[ DATA: 00 00 00 00 0C 19 00 20 00 00 00 00 00 00 00 00 00 00 00 00 ]]
[[ DATA: 00 00 00 00 41 4C 45 52 54 00 00 00 00 00 00 00 00 00 00 00 ]]
[[ DATA: 00 00 00 00 00 00 00 00 00 00 00 00 3C 19 00 20 00 00 00 00 ]]
[[ DATA: 00 00 00 00 00 00 00 00 00 00 00 00 44 46 4D 20 54 65 73 74 ]]
[[ DATA: 73 00 00 00 00 00 00 00 00 00 00 00 00 00 00 00 00 00 00 00 ]]
[[ DATA: CC 2C 00 20 00 00 00 00 00 00 00 00 00 00 00 00 00 00 00 00 ]]
[[ DATA: 54 7A 43 74 72 6C 00 00 00 00 00 00 00 00 00 00 00 00 00 00 ]]
[[ DATA: 00 00 00 00 00 00 00 00 F0 0C 00 20 FF FF FF FF 00 00 00 00 ]]
[[ DATA: 00 00 00 00 00 00 00 00 73 79 73 77 6F 72 6B 71 00 00 00 00 ]]
[[ DATA: 00 00 00 00 00 00 00 00 00 00 00 00 00 00 00 00 90 0A 00 20 ]]
[[ DATA: 0F 00 00 00 00 00 00 00 00 00 00 00 00 00 00 00 69 64 6C 65 ]]
[[ DATA: 00 00 00 00 00 00 00 00 00 00 00 00 00 00 00 00 00 00 00 00 ]]
[[ DATA: 00 00 00 00 50 0B 00 20 00 00 00 00 00 00 00 00 00 00 00 00 ]]
[[ DATA: 00 00 00 00 6D 61 69 6E 00 00 00 00 00 00 00 00 00 00 00 00 ]]
[[ DATA: 00 00 00 00 00 00 00 00 00 00 00 00 00 10 00 00 6C 03 00 00 ]]
[[ DATA: 00 00 00 00 D4 0F 00 00 01 00 00 00 00 00 00 00 D4 0F 00 00 ]]
[[ DATA: 00 00 00 00 6C 03 00 00 00 00 00 00 00 00 00 00 5C 1A 00 20 ]]
[[ DATA: 01 10 01 00 E1 12 00 00 02 00 00 00 10 30 02 00 D5 52 00 00 ]]
[[ DATA: 50 0B 00 20 00 04 00 00 00 00 00 00 30 10 03 00 0F 57 00 00 ]]
[[ DATA: 50 0B 00 20 10 30 04 00 35 72 00 00 90 0A 00 20 40 01 00 00 ]]
[[ DATA: 0F 00 00 00 37 20 05 00 DF 76 00 00 50 0B 00 20 00 00 00 00 ]]
[[ DATA: 2F 51 06 00 54 7A 00 00 F0 0C 00 20 C8 54 00 20 00 04 00 00 ]]
[[ DATA: FF FF FF FF C8 E3 00 08 10 30 07 00 3F B6 00 00 F0 0C 00 20 ]]
[[ DATA: 00 04 00 00 FF FF FF FF 5D 11 08 00 1E BF 00 00 F0 0C 00 20 ]]
[[ DATA: 30 10 09 00 3B C2 00 00 F0 0C 00 20 37 20 0A 00 4A CB 00 00 ]]
[[ DATA: F0 0C 00 20 FF FF FF FF 37 20 0B 00 D4 D3 D2 D1 ]]

[[ DevAlert Data Ended. Checksum: 21889 ]]

[[ DevAlert Data Begins ]]
[[ DATA: D1 D2 D3 D4 F0 0F 01 00 71 83 02 00 04 00 07 00 01 00 00 00 ]]
[[ DATA: 20 00 20 00 10 00 00 00 E8 03 00 00 24 44 55 4D 4D 59 5F 53 ]]
[[ DATA: 45 53 53 49 4F 4E 5F 49 44 00 00 00 00 00 00 00 00 00 00 00 ]]
[[ DATA: 00 00 00 00 24 44 55 4D 4D 59 5F 44 45 56 49 43 45 5F 49 44 ]]
[[ DATA: 00 00 00 00 00 00 00 00 00 00 00 00 00 00 00 00 64 66 6D 5F ]]
[[ DATA: 74 72 61 63 65 2E 70 73 66 73 00 00 CB D6 00 00 50 0B 00 20 ]]
[[ DATA: 00 00 00 00 2E 11 0C 00 3A D9 00 00 F0 0C 00 20 10 30 0D 00 ]]
[[ DATA: B5 15 01 00 CC 2C 00 20 00 04 00 00 00 00 00 00 5D 11 0E 00 ]]
[[ DATA: 30 18 01 00 CC 2C 00 20 30 10 0F 00 14 1B 01 00 CC 2C 00 20 ]]
[[ DATA: 2A 10 10 00 D9 7A 04 00 E8 03 00 00 37 20 11 00 6A 88 04 00 ]]
[[ DATA: CC 2C 00 20 00 00 00 00 EA 20 12 00 26 9F 04 00 50 0B 00 20 ]]
[[ DATA: 6C 02 00 00 2A 10 13 00 54 A1 04 00 FA 00 00 00 37 20 14 00 ]]
[[ DATA: 1F AB 04 00 90 0A 00 20 0F 00 00 00 30 10 15 00 2A 40 67 02 ]]
[[ DATA: CC 2C 00 20 37 20 16 00 0C 4A 67 02 CC 2C 00 20 00 00 00 00 ]]
[[ DATA: 2B 10 17 00 78 4D 67 02 00 00 00 00 EA 20 18 00 F0 57 67 02 ]]
[[ DATA: 90 0A 00 20 F4 00 00 00 2A 10 19 00 0D 5A 67 02 FA 00 00 00 ]]
[[ DATA: 37 20 1A 00 E3 63 67 02 90 0A 00 20 0F 00 00 00 30 10 1B 00 ]]
[[ DATA: F7 0A CC 04 CC 2C 00 20 37 20 1C 00 B5 14 CC 04 CC 2C 00 20 ]]
[[ DATA: 00 00 00 00 2B 10 1D 00 F5 17 CC 04 00 00 00 00 EA 20 1E 00 ]]
[[ DATA: 69 32 CC 04 F0 0C 00 20 F4 02 00 00 2A 10 1F 00 80 34 CC 04 ]]
[[ DATA: FA 00 00 00 37 20 20 00 50 3E CC 04 90 0A 00 20 0F 00 00 00 ]]
[[ DATA: 30 10 21 00 F7 D5 30 07 CC 2C 00 20 37 20 22 00 B5 DF 30 07 ]]
[[ DATA: CC 2C 00 20 00 00 00 00 2B 10 23 00 F5 E2 30 07 00 00 00 00 ]]
[[ DATA: EA 20 24 00 A9 FF 30 07 CC 2C 00 20 3C 03 00 00 2A 10 25 00 ]]
[[ DATA: C0 01 31 07 FA 00 00 00 37 20 26 00 78 0A 31 07 90 0A 00 20 ]]
[[ DATA: 0F 00 00 00 30 10 27 00 F7 4D 8E 09 50 0B 00 20 37 20 28 00 ]]
[[ DATA: B5 57 8E 09 50 0B 00 20 00 00 00 00 2B 10 29 00 F5 5A 8E 09 ]]
[[ DATA: 00 00 00 00 03 40 2A 00 9B F0 93 09 3C 19 00 20 44 46 4D 20 ]]
[[ DATA: 54 65 73 74 73 00 54 52 30 10 2B 00 56 A1 95 09 CC 2C 00 20 ]]
[[ DATA: 92 50 2C 00 6C 96 97 09 3C 19 00 20 F1 03 00 00 54 25 75 20 ]]
[[ DATA: 42 45 47 49 4E 00 44 46 6A 10 2D 00 19 9A 97 09 C4 00 00 20 ]]
[[ DATA: 23 11 2E 00 60 9C 97 09 10 00 00 20 30 10 2F 00 53 A0 97 09 ]]
[[ DATA: F0 0C 00 20 37 20 30 00 76 A9 97 09 F0 0C 00 20 FF FF FF FF ]]
[[ DATA: 91 B0 31 00 98 AE 97 09 3C 19 00 20 54 31 30 30 39 20 50 41 ]]
[[ DATA: 54 48 20 61 70 70 5F 77 6F 72 6B 5F 68 61 6E 64 6C 65 72 20 ]]
[[ DATA: 2D 3E 20 73 65 72 76 69 63 65 00 57 92 70 32 00 2C B3 97 09 ]]
[[ DATA: 3C 19 00 20 09 00 00 00 54 31 30 30 39 20 44 41 54 41 20 76 ]]
[[ DATA: 61 6C 75 65 3D 25 75 00 03 30 33 00 1F F6 97 09 0C 19 00 20 ]]
[[ DATA: 41 4C 45 52 54 00 64 66 91 A0 34 00 42 FA 97 09 0C 19 00 20 ]]
[[ DATA: 54 65 73 74 20 31 30 30 39 20 61 74 20 74 65 73 74 5F 63 6F ]]
[[ DATA: 6E 74 65 78 74 73 2E 63 3A 31 30 38 00 00 00 00 00 00 00 00 ]]
[[ DATA: 00 00 00 00 00 00 00 00 00 00 00 00 00 00 00 00 00 00 00 00 ]]
[[ DATA: 00 00 00 00 00 00 00 00 00 00 00 00 00 00 00 00 00 00 00 00 ]]
[[ DATA: 00 00 00 00 00 00 00 00 00 00 00 00 00 00 00 00 00 00 00 00 ]]
[[ DATA: 00 00 00 00 00 00 00 00 00 00 00 00 00 00 00 00 00 00 00 00 ]]
[[ DATA: 00 00 00 00 00 00 00 00 00 00 00 00 00 00 00 00 00 00 00 00 ]]
[[ DATA: 00 00 00 00 00 00 00 00 00 00 00 00 00 00 00 00 00 00 00 00 ]]
[[ DATA: 00 00 00 00 00 00 00 00 00 00 00 00 00 00 00 00 00 00 00 00 ]]
[[ DATA: 00 00 00 00 00 00 00 00 00 00 00 00 00 00 00 00 00 00 00 00 ]]
[[ DATA: 00 00 00 00 00 00 00 00 00 00 00 00 00 00 00 00 00 00 00 00 ]]
[[ DATA: 00 00 00 00 00 00 00 00 00 00 00 00 00 00 00 00 00 00 00 00 ]]
[[ DATA: 00 00 00 00 00 00 00 00 00 00 00 00 00 00 00 00 00 00 00 00 ]]
[[ DATA: 00 00 00 00 00 00 00 00 00 00 00 00 00 00 00 00 00 00 00 00 ]]
[[ DATA: 00 00 00 00 00 00 00 00 00 00 00 00 00 00 00 00 00 00 00 00 ]]
[[ DATA: 00 00 00 00 00 00 00 00 00 00 00 00 00 00 00 00 00 00 00 00 ]]
[[ DATA: 00 00 00 00 00 00 00 00 00 00 00 00 D4 D3 D2 D1 ]]

[[ DevAlert Data Ended. Checksum: 21620 ]]

[[ DevAlert Data Begins ]]
[[ DATA: D1 D2 D3 D4 F0 0F 01 00 71 83 02 00 05 00 07 00 01 00 00 00 ]]
[[ DATA: 20 00 20 00 10 00 00 00 E8 03 00 00 24 44 55 4D 4D 59 5F 53 ]]
[[ DATA: 45 53 53 49 4F 4E 5F 49 44 00 00 00 00 00 00 00 00 00 00 00 ]]
[[ DATA: 00 00 00 00 24 44 55 4D 4D 59 5F 44 45 56 49 43 45 5F 49 44 ]]
[[ DATA: 00 00 00 00 00 00 00 00 00 00 00 00 00 00 00 00 64 66 6D 5F ]]
[[ DATA: 74 72 61 63 65 2E 70 73 66 73 00 00 00 00 00 00 00 00 00 00 ]]
[[ DATA: 00 00 00 00 00 00 00 00 00 00 00 00 00 00 00 00 00 00 00 00 ]]
[[ DATA: 00 00 00 00 00 00 00 00 00 00 00 00 00 00 00 00 00 00 00 00 ]]
[[ DATA: 00 00 00 00 00 00 00 00 00 00 00 00 00 00 00 00 00 00 00 00 ]]
[[ DATA: 00 00 00 00 00 00 00 00 00 00 00 00 00 00 00 00 00 00 00 00 ]]
[[ DATA: 00 00 00 00 00 00 00 00 00 00 00 00 00 00 00 00 00 00 00 00 ]]
[[ DATA: 00 00 00 00 00 00 00 00 00 00 00 00 00 00 00 00 00 00 00 00 ]]
[[ DATA: 00 00 00 00 00 00 00 00 00 00 00 00 00 00 00 00 00 00 00 00 ]]
[[ DATA: 00 00 00 00 00 00 00 00 00 00 00 00 00 00 00 00 00 00 00 00 ]]
[[ DATA: 00 00 00 00 00 00 00 00 00 00 00 00 00 00 00 00 00 00 00 00 ]]
[[ DATA: 00 00 00 00 00 00 00 00 00 00 00 00 00 00 00 00 00 00 00 00 ]]
[[ DATA: 00 00 00 00 00 00 00 00 00 00 00 00 00 00 00 00 00 00 00 00 ]]
[[ DATA: 00 00 00 00 00 00 00 00 00 00 00 00 00 00 00 00 00 00 00 00 ]]
[[ DATA: 00 00 00 00 00 00 00 00 00 00 00 00 00 00 00 00 00 00 00 00 ]]
[[ DATA: 00 00 00 00 00 00 00 00 00 00 00 00 00 00 00 00 00 00 00 00 ]]
[[ DATA: 00 00 00 00 00 00 00 00 00 00 00 00 00 00 00 00 00 00 00 00 ]]
[[ DATA: 00 00 00 00 00 00 00 00 00 00 00 00 00 00 00 00 00 00 00 00 ]]
[[ DATA: 00 00 00 00 00 00 00 00 00 00 00 00 00 00 00 00 00 00 00 00 ]]
[[ DATA: 00 00 00 00 00 00 00 00 00 00 00 00 00 00 00 00 00 00 00 00 ]]
[[ DATA: 00 00 00 00 00 00 00 00 00 00 00 00 00 00 00 00 00 00 00 00 ]]
[[ DATA: 00 00 00 00 00 00 00 00 00 00 00 00 00 00 00 00 00 00 00 00 ]]
[[ DATA: 00 00 00 00 00 00 00 00 00 00 00 00 00 00 00 00 00 00 00 00 ]]
[[ DATA: 00 00 00 00 00 00 00 00 00 00 00 00 00 00 00 00 00 00 00 00 ]]
[[ DATA: 00 00 00 00 00 00 00 00 00 00 00 00 00 00 00 00 00 00 00 00 ]]
[[ DATA: 00 00 00 00 00 00 00 00 00 00 00 00 00 00 00 00 00 00 00 00 ]]
[[ DATA: 00 00 00 00 00 00 00 00 00 00 00 00 00 00 00 00 00 00 00 00 ]]
[[ DATA: 00 00 00 00 00 00 00 00 00 00 00 00 00 00 00 00 00 00 00 00 ]]
[[ DATA: 00 00 00 00 00 00 00 00 00 00 00 00 00 00 00 00 00 00 00 00 ]]
[[ DATA: 00 00 00 00 00 00 00 00 00 00 00 00 00 00 00 00 00 00 00 00 ]]
[[ DATA: 00 00 00 00 00 00 00 00 00 00 00 00 00 00 00 00 00 00 00 00 ]]
[[ DATA: 00 00 00 00 00 00 00 00 00 00 00 00 00 00 00 00 00 00 00 00 ]]
[[ DATA: 00 00 00 00 00 00 00 00 00 00 00 00 00 00 00 00 00 00 00 00 ]]
[[ DATA: 00 00 00 00 00 00 00 00 00 00 00 00 00 00 00 00 00 00 00 00 ]]
[[ DATA: 00 00 00 00 00 00 00 00 00 00 00 00 00 00 00 00 00 00 00 00 ]]
[[ DATA: 00 00 00 00 00 00 00 00 00 00 00 00 00 00 00 00 00 00 00 00 ]]
[[ DATA: 00 00 00 00 00 00 00 00 00 00 00 00 00 00 00 00 00 00 00 00 ]]
[[ DATA: 00 00 00 00 00 00 00 00 00 00 00 00 00 00 00 00 00 00 00 00 ]]
[[ DATA: 00 00 00 00 00 00 00 00 00 00 00 00 00 00 00 00 00 00 00 00 ]]
[[ DATA: 00 00 00 00 00 00 00 00 00 00 00 00 00 00 00 00 00 00 00 00 ]]
[[ DATA: 00 00 00 00 00 00 00 00 00 00 00 00 00 00 00 00 00 00 00 00 ]]
[[ DATA: 00 00 00 00 00 00 00 00 00 00 00 00 00 00 00 00 00 00 00 00 ]]
[[ DATA: 00 00 00 00 00 00 00 00 00 00 00 00 00 00 00 00 00 00 00 00 ]]
[[ DATA: 00 00 00 00 00 00 00 00 00 00 00 00 00 00 00 00 00 00 00 00 ]]
[[ DATA: 00 00 00 00 00 00 00 00 00 00 00 00 00 00 00 00 00 00 00 00 ]]
[[ DATA: 00 00 00 00 00 00 00 00 00 00 00 00 00 00 00 00 00 00 00 00 ]]
[[ DATA: 00 00 00 00 00 00 00 00 00 00 00 00 00 00 00 00 00 00 00 00 ]]
[[ DATA: 00 00 00 00 00 00 00 00 00 00 00 00 00 00 00 00 00 00 00 00 ]]
[[ DATA: 00 00 00 00 00 00 00 00 00 00 00 00 00 00 00 00 00 00 00 00 ]]
[[ DATA: 00 00 00 00 00 00 00 00 00 00 00 00 00 00 00 00 00 00 00 00 ]]
[[ DATA: 00 00 00 00 00 00 00 00 00 00 00 00 00 00 00 00 00 00 00 00 ]]
[[ DATA: 00 00 00 00 00 00 00 00 00 00 00 00 D4 D3 D2 D1 ]]

[[ DevAlert Data Ended. Checksum: 24276 ]]

[[ DevAlert Data Begins ]]
[[ DATA: D1 D2 D3 D4 F0 0F 01 00 71 83 02 00 06 00 07 00 01 00 00 00 ]]
[[ DATA: 20 00 20 00 10 00 00 00 E8 03 00 00 24 44 55 4D 4D 59 5F 53 ]]
[[ DATA: 45 53 53 49 4F 4E 5F 49 44 00 00 00 00 00 00 00 00 00 00 00 ]]
[[ DATA: 00 00 00 00 24 44 55 4D 4D 59 5F 44 45 56 49 43 45 5F 49 44 ]]
[[ DATA: 00 00 00 00 00 00 00 00 00 00 00 00 00 00 00 00 64 66 6D 5F ]]
[[ DATA: 74 72 61 63 65 2E 70 73 66 73 00 00 00 00 00 00 00 00 00 00 ]]
[[ DATA: 00 00 00 00 00 00 00 00 00 00 00 00 00 00 00 00 00 00 00 00 ]]
[[ DATA: 00 00 00 00 00 00 00 00 00 00 00 00 00 00 00 00 00 00 00 00 ]]
[[ DATA: 00 00 00 00 00 00 00 00 00 00 00 00 00 00 00 00 00 00 00 00 ]]
[[ DATA: 00 00 00 00 00 00 00 00 00 00 00 00 00 00 00 00 00 00 00 00 ]]
[[ DATA: 00 00 00 00 00 00 00 00 00 00 00 00 00 00 00 00 00 00 00 00 ]]
[[ DATA: 00 00 00 00 00 00 00 00 00 00 00 00 00 00 00 00 00 00 00 00 ]]
[[ DATA: 00 00 00 00 00 00 00 00 00 00 00 00 00 00 00 00 00 00 00 00 ]]
[[ DATA: 00 00 00 00 00 00 00 00 00 00 00 00 00 00 00 00 00 00 00 00 ]]
[[ DATA: 00 00 00 00 00 00 00 00 00 00 00 00 00 00 00 00 00 00 00 00 ]]
[[ DATA: 00 00 00 00 00 00 00 00 00 00 00 00 00 00 00 00 00 00 00 00 ]]
[[ DATA: 00 00 00 00 00 00 00 00 00 00 00 00 00 00 00 00 00 00 00 00 ]]
[[ DATA: 00 00 00 00 00 00 00 00 00 00 00 00 00 00 00 00 00 00 00 00 ]]
[[ DATA: 00 00 00 00 00 00 00 00 00 00 00 00 00 00 00 00 00 00 00 00 ]]
[[ DATA: 00 00 00 00 00 00 00 00 00 00 00 00 00 00 00 00 00 00 00 00 ]]
[[ DATA: 00 00 00 00 00 00 00 00 00 00 00 00 00 00 00 00 00 00 00 00 ]]
[[ DATA: 00 00 00 00 00 00 00 00 00 00 00 00 00 00 00 00 00 00 00 00 ]]
[[ DATA: 00 00 00 00 00 00 00 00 00 00 00 00 00 00 00 00 00 00 00 00 ]]
[[ DATA: 00 00 00 00 00 00 00 00 00 00 00 00 00 00 00 00 00 00 00 00 ]]
[[ DATA: 00 00 00 00 00 00 00 00 00 00 00 00 00 00 00 00 00 00 00 00 ]]
[[ DATA: 00 00 00 00 00 00 00 00 00 00 00 00 00 00 00 00 00 00 00 00 ]]
[[ DATA: 00 00 00 00 00 00 00 00 00 00 00 00 00 00 00 00 00 00 00 00 ]]
[[ DATA: 00 00 00 00 00 00 00 00 00 00 00 00 00 00 00 00 00 00 00 00 ]]
[[ DATA: 00 00 00 00 00 00 00 00 00 00 00 00 00 00 00 00 00 00 00 00 ]]
[[ DATA: 00 00 00 00 00 00 00 00 00 00 00 00 00 00 00 00 00 00 00 00 ]]
[[ DATA: 00 00 00 00 00 00 00 00 00 00 00 00 00 00 00 00 00 00 00 00 ]]
[[ DATA: 00 00 00 00 00 00 00 00 00 00 00 00 00 00 00 00 00 00 00 00 ]]
[[ DATA: 00 00 00 00 00 00 00 00 00 00 00 00 00 00 00 00 00 00 00 00 ]]
[[ DATA: 00 00 00 00 00 00 00 00 00 00 00 00 00 00 00 00 00 00 00 00 ]]
[[ DATA: 00 00 00 00 00 00 00 00 00 00 00 00 00 00 00 00 00 00 00 00 ]]
[[ DATA: 00 00 00 00 00 00 00 00 00 00 00 00 00 00 00 00 00 00 00 00 ]]
[[ DATA: 00 00 00 00 00 00 00 00 00 00 00 00 00 00 00 00 00 00 00 00 ]]
[[ DATA: 00 00 00 00 00 00 00 00 00 00 00 00 00 00 00 00 00 00 00 00 ]]
[[ DATA: 00 00 00 00 00 00 00 00 00 00 00 00 00 00 00 00 00 00 00 00 ]]
[[ DATA: 00 00 00 00 00 00 00 00 00 00 00 00 00 00 00 00 00 00 00 00 ]]
[[ DATA: 00 00 00 00 00 00 00 00 00 00 00 00 00 00 00 00 00 00 00 00 ]]
[[ DATA: 00 00 00 00 00 00 00 00 00 00 00 00 00 00 00 00 00 00 00 00 ]]
[[ DATA: 00 00 00 00 00 00 00 00 00 00 00 00 00 00 00 00 00 00 00 00 ]]
[[ DATA: 00 00 00 00 00 00 00 00 00 00 00 00 00 00 00 00 00 00 00 00 ]]
[[ DATA: 00 00 00 00 00 00 00 00 00 00 00 00 00 00 00 00 00 00 00 00 ]]
[[ DATA: 00 00 00 00 00 00 00 00 00 00 00 00 00 00 00 00 00 00 00 00 ]]
[[ DATA: 00 00 00 00 00 00 00 00 00 00 00 00 00 00 00 00 00 00 00 00 ]]
[[ DATA: 00 00 00 00 00 00 00 00 00 00 00 00 00 00 00 00 00 00 00 00 ]]
[[ DATA: 00 00 00 00 00 00 00 00 00 00 00 00 00 00 00 00 00 00 00 00 ]]
[[ DATA: 00 00 00 00 00 00 00 00 00 00 00 00 00 00 00 00 00 00 00 00 ]]
[[ DATA: 00 00 00 00 00 00 00 00 00 00 00 00 00 00 00 00 00 00 00 00 ]]
[[ DATA: 00 00 00 00 00 00 00 00 00 00 00 00 00 00 00 00 00 00 00 00 ]]
[[ DATA: 00 00 00 00 00 00 00 00 00 00 00 00 00 00 00 00 00 00 00 00 ]]
[[ DATA: 00 00 00 00 00 00 00 00 00 00 00 00 00 00 00 00 00 00 00 00 ]]
[[ DATA: 00 00 00 00 00 00 00 00 00 00 00 00 00 00 00 00 00 00 00 00 ]]
[[ DATA: 00 00 00 00 00 00 00 00 00 00 00 00 D4 D3 D2 D1 ]]

[[ DevAlert Data Ended. Checksum: 60408 ]]

[[ DevAlert Data Begins ]]
[[ DATA: D1 D2 D3 D4 F0 0F 01 00 71 83 02 00 07 00 07 00 01 00 00 00 ]]
[[ DATA: 20 00 20 00 10 00 00 00 80 03 00 00 24 44 55 4D 4D 59 5F 53 ]]
[[ DATA: 45 53 53 49 4F 4E 5F 49 44 00 00 00 00 00 00 00 00 00 00 00 ]]
[[ DATA: 00 00 00 00 24 44 55 4D 4D 59 5F 44 45 56 49 43 45 5F 49 44 ]]
[[ DATA: 00 00 00 00 00 00 00 00 00 00 00 00 00 00 00 00 64 66 6D 5F ]]
[[ DATA: 74 72 61 63 65 2E 70 73 66 73 00 00 00 00 00 00 00 00 00 00 ]]
[[ DATA: 00 00 00 00 00 00 00 00 00 00 00 00 00 00 00 00 00 00 00 00 ]]
[[ DATA: 00 00 00 00 00 00 00 00 00 00 00 00 00 00 00 00 00 00 00 00 ]]
[[ DATA: 00 00 00 00 00 00 00 00 00 00 00 00 00 00 00 00 00 00 00 00 ]]
[[ DATA: 00 00 00 00 00 00 00 00 00 00 00 00 00 00 00 00 00 00 00 00 ]]
[[ DATA: 00 00 00 00 00 00 00 00 00 00 00 00 00 00 00 00 00 00 00 00 ]]
[[ DATA: 00 00 00 00 00 00 00 00 00 00 00 00 00 00 00 00 00 00 00 00 ]]
[[ DATA: 00 00 00 00 00 00 00 00 00 00 00 00 00 00 00 00 00 00 00 00 ]]
[[ DATA: 00 00 00 00 00 00 00 00 00 00 00 00 00 00 00 00 00 00 00 00 ]]
[[ DATA: 00 00 00 00 00 00 00 00 00 00 00 00 00 00 00 00 00 00 00 00 ]]
[[ DATA: 00 00 00 00 00 00 00 00 00 00 00 00 00 00 00 00 00 00 00 00 ]]
[[ DATA: 00 00 00 00 00 00 00 00 00 00 00 00 00 00 00 00 00 00 00 00 ]]
[[ DATA: 00 00 00 00 00 00 00 00 00 00 00 00 00 00 00 00 00 00 00 00 ]]
[[ DATA: 00 00 00 00 00 00 00 00 00 00 00 00 00 00 00 00 00 00 00 00 ]]
[[ DATA: 00 00 00 00 00 00 00 00 00 00 00 00 00 00 00 00 00 00 00 00 ]]
[[ DATA: 00 00 00 00 00 00 00 00 00 00 00 00 00 00 00 00 00 00 00 00 ]]
[[ DATA: 00 00 00 00 00 00 00 00 00 00 00 00 00 00 00 00 00 00 00 00 ]]
[[ DATA: 00 00 00 00 00 00 00 00 00 00 00 00 00 00 00 00 00 00 00 00 ]]
[[ DATA: 00 00 00 00 00 00 00 00 00 00 00 00 00 00 00 00 00 00 00 00 ]]
[[ DATA: 00 00 00 00 00 00 00 00 00 00 00 00 00 00 00 00 00 00 00 00 ]]
[[ DATA: 00 00 00 00 00 00 00 00 00 00 00 00 00 00 00 00 00 00 00 00 ]]
[[ DATA: 00 00 00 00 00 00 00 00 00 00 00 00 00 00 00 00 00 00 00 00 ]]
[[ DATA: 00 00 00 00 00 00 00 00 00 00 00 00 00 00 00 00 00 00 00 00 ]]
[[ DATA: 00 00 00 00 00 00 00 00 00 00 00 00 00 00 00 00 00 00 00 00 ]]
[[ DATA: 00 00 00 00 00 00 00 00 00 00 00 00 00 00 00 00 00 00 00 00 ]]
[[ DATA: 00 00 00 00 00 00 00 00 00 00 00 00 00 00 00 00 00 00 00 00 ]]
[[ DATA: 00 00 00 00 00 00 00 00 00 00 00 00 00 00 00 00 00 00 00 00 ]]
[[ DATA: 00 00 00 00 00 00 00 00 00 00 00 00 00 00 00 00 00 00 00 00 ]]
[[ DATA: 00 00 00 00 00 00 00 00 00 00 00 00 00 00 00 00 00 00 00 00 ]]
[[ DATA: 00 00 00 00 00 00 00 00 00 00 00 00 00 00 00 00 00 00 00 00 ]]
[[ DATA: 00 00 00 00 00 00 00 00 00 00 00 00 00 00 00 00 00 00 00 00 ]]
[[ DATA: 00 00 00 00 00 00 00 00 00 00 00 00 00 00 00 00 00 00 00 00 ]]
[[ DATA: 00 00 00 00 00 00 00 00 00 00 00 00 00 00 00 00 00 00 00 00 ]]
[[ DATA: 00 00 00 00 00 00 00 00 00 00 00 00 00 00 00 00 00 00 00 00 ]]
[[ DATA: 00 00 00 00 00 00 00 00 00 00 00 00 00 00 00 00 00 00 00 00 ]]
[[ DATA: 00 00 00 00 00 00 00 00 00 00 00 00 00 00 00 00 00 00 00 00 ]]
[[ DATA: 00 00 00 00 00 00 00 00 00 00 00 00 00 00 00 00 00 00 00 00 ]]
[[ DATA: 00 00 00 00 00 00 00 00 00 00 00 00 00 00 00 00 00 00 00 00 ]]
[[ DATA: 00 00 00 00 00 00 00 00 00 00 00 00 00 00 00 00 00 00 00 00 ]]
[[ DATA: 00 00 00 00 00 00 00 00 00 00 00 00 00 00 00 00 00 00 00 00 ]]
[[ DATA: 00 00 00 00 00 00 00 00 00 00 00 00 00 00 00 00 00 00 00 00 ]]
[[ DATA: 00 00 00 00 00 00 00 00 00 00 00 00 00 00 00 00 00 00 00 00 ]]
[[ DATA: 00 00 00 00 00 00 00 00 00 00 00 00 00 00 00 00 00 00 00 00 ]]
[[ DATA: 00 00 00 00 00 00 00 00 00 00 00 00 00 00 00 00 00 00 00 00 ]]
[[ DATA: 00 00 00 00 00 00 00 00 00 00 00 00 0A 0B 0C 0D 71 72 73 74 ]]
[[ DATA: F1 F2 F3 F4 00 00 00 00 D4 D3 D2 D1 ]]

[[ DevAlert Data Ended. Checksum: 15419 ]]
DFMT:CHECK:1009:PASS:WORK_SUBMITTED
DFMT:CHECK:1009:PASS:WORK_COMPLETED
DFMT:CHECK:1009:PASS:TRAP_RETURNED
DFMT:RETURNED:1009:0
DFMT:BEGIN:1011:7

[[ DevAlert Data Begins ]]
[[ DATA: D1 D2 D3 D4 F0 0F 01 00 12 15 00 00 01 00 01 00 02 00 00 00 ]]
[[ DATA: 20 00 20 00 68 00 00 00 0C 01 00 00 24 44 55 4D 4D 59 5F 53 ]]
[[ DATA: 45 53 53 49 4F 4E 5F 49 44 00 00 00 00 00 00 00 00 00 00 00 ]]
[[ DATA: 00 00 00 00 24 44 55 4D 4D 59 5F 44 45 56 49 43 45 5F 49 44 ]]
[[ DATA: 00 00 00 00 00 00 00 00 00 00 00 00 00 00 00 00 54 65 73 74 ]]
[[ DATA: 20 31 30 31 31 20 61 74 20 74 65 73 74 5F 63 61 6C 6C 5F 63 ]]
[[ DATA: 68 61 69 6E 73 2E 63 3A 32 39 39 00 00 00 00 00 00 00 00 00 ]]
[[ DATA: 00 00 00 00 00 00 00 00 00 00 00 00 00 00 00 00 00 00 00 00 ]]
[[ DATA: 00 00 00 00 00 00 00 00 00 00 00 00 00 00 00 00 00 00 00 00 ]]
[[ DATA: 00 00 00 00 00 00 00 00 00 00 00 00 00 00 00 00 00 00 00 00 ]]
[[ DATA: 50 44 66 6D F0 0F 03 48 08 04 68 00 01 00 00 00 F3 03 00 00 ]]
[[ DATA: 01 00 00 00 A5 01 00 00 07 00 00 00 F8 53 00 20 02 00 00 00 ]]
[[ DATA: 21 07 00 00 04 00 00 00 2B 01 00 00 00 00 00 00 00 00 00 00 ]]
[[ DATA: 00 00 00 00 00 00 00 00 00 00 00 00 00 00 00 00 00 00 00 00 ]]
[[ DATA: 00 00 00 00 42 75 69 6C 64 2D 4D 33 2D 4F 73 00 00 00 00 00 ]]
[[ DATA: 00 00 00 00 00 00 00 00 00 00 00 00 00 00 00 00 00 00 00 00 ]]
[[ DATA: 00 00 00 00 00 00 00 00 00 00 00 00 00 00 00 00 00 00 00 00 ]]
[[ DATA: 00 00 00 00 00 00 00 00 00 00 00 00 00 00 00 00 54 65 73 74 ]]
[[ DATA: 20 31 30 31 31 20 61 74 20 74 65 73 74 5F 63 61 6C 6C 5F 63 ]]
[[ DATA: 68 61 69 6E 73 2E 63 3A 32 39 39 00 00 00 00 00 00 00 00 00 ]]
[[ DATA: 00 00 00 00 00 00 00 00 00 00 00 00 00 00 00 00 00 00 00 00 ]]
[[ DATA: 00 00 00 00 00 00 00 00 00 00 00 00 00 00 00 00 00 00 00 00 ]]
[[ DATA: 00 00 00 00 00 00 00 00 00 00 00 00 00 00 00 00 00 00 00 00 ]]
[[ DATA: 6D 66 44 50 00 00 00 00 D4 D3 D2 D1 ]]

[[ DevAlert Data Ended. Checksum: 17364 ]]

[[ DevAlert Data Begins ]]
[[ DATA: D1 D2 D3 D4 F0 0F 01 00 18 46 01 00 01 00 01 00 02 00 00 00 ]]
[[ DATA: 20 00 20 00 10 00 00 00 24 00 00 00 24 44 55 4D 4D 59 5F 53 ]]
[[ DATA: 45 53 53 49 4F 4E 5F 49 44 00 00 00 00 00 00 00 00 00 00 00 ]]
[[ DATA: 00 00 00 00 24 44 55 4D 4D 59 5F 44 45 56 49 43 45 5F 49 44 ]]
[[ DATA: 00 00 00 00 00 00 00 00 00 00 00 00 00 00 00 00 74 72 61 70 ]]
[[ DATA: 2E 7A 70 72 00 00 00 00 00 00 00 00 50 44 61 50 F0 0F 03 10 ]]
[[ DATA: 03 02 00 00 74 72 61 70 2E 7A 70 72 00 00 00 00 00 00 00 00 ]]
[[ DATA: 50 61 44 50 00 00 00 00 D4 D3 D2 D1 ]]

[[ DevAlert Data Ended. Checksum: 344 ]]

[[ DevAlert Data Begins ]]
[[ DATA: D1 D2 D3 D4 F0 0F 01 00 71 83 01 00 01 00 01 00 02 00 00 00 ]]
[[ DATA: 20 00 20 00 10 00 00 00 03 02 00 00 24 44 55 4D 4D 59 5F 53 ]]
[[ DATA: 45 53 53 49 4F 4E 5F 49 44 00 00 00 00 00 00 00 00 00 00 00 ]]
[[ DATA: 00 00 00 00 24 44 55 4D 4D 59 5F 44 45 56 49 43 45 5F 49 44 ]]
[[ DATA: 00 00 00 00 00 00 00 00 00 00 00 00 00 00 00 00 74 72 61 70 ]]
[[ DATA: 2E 7A 70 72 00 00 00 00 00 00 00 00 5A 45 02 00 03 00 05 00 ]]
[[ DATA: 0D D0 00 00 41 03 00 4C 00 0B 00 00 00 28 1F 00 20 00 00 00 ]]
[[ DATA: 00 00 00 00 00 A1 21 5C 0A AF 87 00 08 EE 81 00 08 00 00 00 ]]
[[ DATA: 29 F8 53 00 20 08 0E 00 20 00 00 00 00 00 00 00 00 40 E0 00 ]]
[[ DATA: 08 D0 0D 00 20 F3 03 00 00 FF FF FF FF FF FF FF FF 01 00 00 ]]
[[ DATA: 00 30 00 00 00 4D 01 00 50 0B 00 20 10 0C 00 20 84 38 00 20 ]]
[[ DATA: 84 38 00 20 00 00 00 00 01 00 00 FF 80 00 00 00 00 00 00 00 ]]
[[ DATA: 00 00 00 00 00 00 00 00 00 00 00 00 00 00 00 00 19 A3 00 08 ]]
[[ DATA: 00 00 00 00 00 00 00 00 6C 38 00 20 91 05 00 00 2C 01 00 00 ]]
[[ DATA: 00 00 00 00 F1 03 00 00 FF FF FF FF FF FF FF FF F8 53 00 20 ]]
[[ DATA: 00 00 00 00 A8 0B 00 20 A8 0B 00 20 05 8A 00 08 00 00 00 00 ]]
[[ DATA: 00 00 00 00 00 00 00 00 00 00 00 00 6D 61 69 6E 00 00 00 00 ]]
[[ DATA: 00 00 00 00 00 00 00 00 00 00 00 00 00 00 00 00 00 00 00 00 ]]
[[ DATA: 00 00 00 00 C8 50 00 20 00 04 00 00 10 00 00 00 00 00 00 00 ]]
[[ DATA: B8 54 00 20 00 00 00 00 00 00 00 00 00 00 00 00 00 00 00 00 ]]
[[ DATA: 00 00 00 00 F5 FF FF FF 4D 01 00 F8 53 00 20 C8 54 00 20 0B ]]
[[ DATA: 00 00 00 2B 01 00 00 00 00 00 00 0B 00 00 00 55 1B 00 08 3F ]]
[[ DATA: 1B 00 08 0B 00 00 00 69 1B 00 08 0B 00 00 00 95 1B 00 08 D4 ]]
[[ DATA: 0D 00 20 9B E9 00 08 B0 E0 00 08 BB 1B 00 08 A7 BA 00 08 AD ]]
[[ DATA: BA 00 08 A7 BA 00 08 39 14 00 08 06 00 00 00 02 00 00 00 5D ]]
[[ DATA: E7 8F 09 07 00 00 00 F3 03 00 00 02 00 00 00 02 00 00 00 00 ]]
[[ DATA: 00 00 00 00 00 00 00 00 FE D0 D5 00 00 00 00 54 DF 00 08 54 ]]
[[ DATA: DF 00 08 54 DF 00 08 00 00 00 00 00 00 00 00 08 00 00 00 F7 ]]
[[ DATA: 8A 00 08 AA AA AA AA AA AA AA AA AA AA AA AA AA AA AA AA 05 ]]
[[ DATA: 8A 00 08 00 00 00 00 B8 54 00 20 05 8A 00 08 00 00 00 00 87 ]]
[[ DATA: 2B 00 08 00 00 00 00 B9 36 00 08 AA AA AA AA AA AA AA AA 50 ]]
[[ DATA: 0B 00 20 00 00 00 00 D4 D3 D2 D1 ]]

[[ DevAlert Data Ended. Checksum: 57716 ]]

[[ DevAlert Data Begins ]]
[[ DATA: D1 D2 D3 D4 F0 0F 01 00 18 46 02 00 01 00 01 00 02 00 00 00 ]]
[[ DATA: 20 00 20 00 10 00 00 00 24 00 00 00 24 44 55 4D 4D 59 5F 53 ]]
[[ DATA: 45 53 53 49 4F 4E 5F 49 44 00 00 00 00 00 00 00 00 00 00 00 ]]
[[ DATA: 00 00 00 00 24 44 55 4D 4D 59 5F 44 45 56 49 43 45 5F 49 44 ]]
[[ DATA: 00 00 00 00 00 00 00 00 00 00 00 00 00 00 00 00 64 66 6D 5F ]]
[[ DATA: 74 72 61 63 65 2E 70 73 66 73 00 00 50 44 61 50 F0 0F 03 10 ]]
[[ DATA: F0 1A 00 00 64 66 6D 5F 74 72 61 63 65 2E 70 73 66 73 00 00 ]]
[[ DATA: 50 61 44 50 00 00 00 00 D4 D3 D2 D1 ]]

[[ DevAlert Data Ended. Checksum: 61854 ]]

[[ DevAlert Data Begins ]]
[[ DATA: D1 D2 D3 D4 F0 0F 01 00 71 83 02 00 01 00 07 00 02 00 00 00 ]]
[[ DATA: 20 00 20 00 10 00 00 00 E8 03 00 00 24 44 55 4D 4D 59 5F 53 ]]
[[ DATA: 45 53 53 49 4F 4E 5F 49 44 00 00 00 00 00 00 00 00 00 00 00 ]]
[[ DATA: 00 00 00 00 24 44 55 4D 4D 59 5F 44 45 56 49 43 45 5F 49 44 ]]
[[ DATA: 00 00 00 00 00 00 00 00 00 00 00 00 00 00 00 00 64 66 6D 5F ]]
[[ DATA: 74 72 61 63 65 2E 70 73 66 73 00 00 30 1A 00 20 00 00 00 00 ]]
[[ DATA: 05 06 07 08 75 76 77 78 F5 F6 F7 F8 00 46 53 50 0E 00 A9 9A ]]
[[ DATA: 00 00 00 00 01 03 00 00 00 00 00 00 00 00 03 04 5A 65 70 68 ]]
[[ DATA: 79 72 00 00 01 00 00 00 00 71 02 00 00 68 89 09 00 00 00 00 ]]
[[ DATA: E8 03 00 00 9C 4D 98 0D 00 00 00 00 38 00 00 00 1C 00 00 00 ]]
[[ DATA: 03 00 00 00 AC 0F 00 20 63 00 04 04 88 01 00 00 3A 01 00 00 ]]
[[ DATA: 00 00 00 40 73 79 73 63 61 6C 6C 73 00 00 00 00 00 00 00 00 ]]
[[ DATA: 00 00 00 00 00 00 00 00 00 00 00 00 00 00 00 00 00 00 00 00 ]]
[[ DATA: 00 00 00 00 00 00 00 00 00 00 00 00 00 00 00 00 00 00 00 00 ]]
[[ DATA: 00 00 00 00 00 00 00 00 00 00 00 00 00 00 00 00 00 00 00 00 ]]
[[ DATA: 00 00 00 00 00 00 00 00 00 00 00 00 00 00 00 00 00 00 00 00 ]]
[[ DATA: 00 00 00 00 00 00 00 00 00 00 00 00 00 00 00 00 00 00 00 00 ]]
[[ DATA: 00 00 00 00 00 00 00 00 00 00 00 00 00 00 00 00 00 00 00 00 ]]
[[ DATA: 00 00 00 00 00 00 00 00 00 00 00 00 00 00 00 00 00 00 00 00 ]]
[[ DATA: 00 00 00 00 00 00 00 00 00 00 00 00 00 00 00 00 00 00 00 00 ]]
[[ DATA: 00 00 00 00 00 00 00 00 00 00 00 00 00 00 00 00 00 00 00 00 ]]
[[ DATA: 00 00 00 00 00 00 00 00 00 00 00 00 00 00 00 00 00 00 00 00 ]]
[[ DATA: 00 00 00 00 00 00 00 00 00 00 00 00 00 00 00 00 00 00 00 00 ]]
[[ DATA: 00 00 00 00 00 00 00 00 00 00 00 00 00 00 00 00 00 00 00 00 ]]
[[ DATA: 00 00 00 00 00 00 00 00 00 00 00 00 00 00 00 00 00 00 00 00 ]]
[[ DATA: 00 00 00 00 00 00 00 00 00 00 00 00 00 00 00 00 00 00 00 00 ]]
[[ DATA: 00 00 00 00 00 00 00 00 00 00 00 00 00 00 00 00 00 00 00 00 ]]
[[ DATA: 00 00 00 00 00 00 00 00 00 00 00 00 00 00 00 00 00 00 00 00 ]]
[[ DATA: 00 00 00 00 00 00 00 00 00 00 00 00 00 00 00 00 00 00 00 00 ]]
[[ DATA: 00 00 00 00 00 00 00 00 00 00 00 00 00 00 00 00 00 00 00 00 ]]
[[ DATA: 00 00 00 00 00 00 00 00 00 00 00 00 00 00 00 00 00 00 00 00 ]]
[[ DATA: 00 00 00 00 00 00 00 00 00 00 00 00 00 00 00 00 00 00 00 00 ]]
[[ DATA: 00 00 00 00 00 00 00 00 00 00 00 00 00 00 00 00 00 00 00 00 ]]
[[ DATA: 00 00 00 00 00 00 00 00 00 00 00 00 00 00 00 00 00 00 00 00 ]]
[[ DATA: 00 00 00 00 00 00 00 00 00 00 00 00 00 00 00 00 00 00 00 00 ]]
[[ DATA: 00 00 00 00 00 00 00 00 00 00 00 00 00 00 00 00 00 00 00 00 ]]
[[ DATA: 00 00 00 00 00 00 00 00 00 00 00 00 00 00 00 00 00 00 00 00 ]]
[[ DATA: 00 00 00 00 00 00 00 00 00 00 00 00 00 00 00 00 00 00 00 00 ]]
[[ DATA: 00 00 00 00 00 00 00 00 00 00 00 00 00 00 00 00 00 00 00 00 ]]
[[ DATA: 00 00 00 00 00 00 00 00 00 00 00 00 00 00 00 00 00 00 00 00 ]]
[[ DATA: 00 00 00 00 00 00 00 00 00 00 00 00 00 00 00 00 00 00 00 00 ]]
[[ DATA: 00 00 00 00 00 00 00 00 00 00 00 00 00 00 00 00 00 00 00 00 ]]
[[ DATA: 00 00 00 00 00 00 00 00 00 00 00 00 00 00 00 00 00 00 00 00 ]]
[[ DATA: 00 00 00 00 00 00 00 00 00 00 00 00 00 00 00 00 00 00 00 00 ]]
[[ DATA: 00 00 00 00 00 00 00 00 00 00 00 00 00 00 00 00 00 00 00 00 ]]
[[ DATA: 00 00 00 00 00 00 00 00 00 00 00 00 00 00 00 00 00 00 00 00 ]]
[[ DATA: 00 00 00 00 00 00 00 00 00 00 00 00 00 00 00 00 00 00 00 00 ]]
[[ DATA: 00 00 00 00 00 00 00 00 00 00 00 00 00 00 00 00 00 00 00 00 ]]
[[ DATA: 00 00 00 00 00 00 00 00 00 00 00 00 00 00 00 00 00 00 00 00 ]]
[[ DATA: 00 00 00 00 00 00 00 00 00 00 00 00 00 00 00 00 00 00 00 00 ]]
[[ DATA: 00 00 00 00 00 00 00 00 00 00 00 00 00 00 00 00 00 00 00 00 ]]
[[ DATA: 00 00 00 00 00 00 00 00 00 00 00 00 00 00 00 00 00 00 00 00 ]]
[[ DATA: 00 00 00 00 00 00 00 00 00 00 00 00 00 00 00 00 00 00 00 00 ]]
[[ DATA: 00 00 00 00 00 00 00 00 00 00 00 00 00 00 00 00 00 00 00 00 ]]
[[ DATA: 00 00 00 00 00 00 00 00 00 00 00 00 00 00 00 00 00 00 00 00 ]]
[[ DATA: 00 00 00 00 00 00 00 00 00 00 00 00 D4 D3 D2 D1 ]]

[[ DevAlert Data Ended. Checksum: 30969 ]]

[[ DevAlert Data Begins ]]
[[ DATA: D1 D2 D3 D4 F0 0F 01 00 71 83 02 00 02 00 07 00 02 00 00 00 ]]
[[ DATA: 20 00 20 00 10 00 00 00 E8 03 00 00 24 44 55 4D 4D 59 5F 53 ]]
[[ DATA: 45 53 53 49 4F 4E 5F 49 44 00 00 00 00 00 00 00 00 00 00 00 ]]
[[ DATA: 00 00 00 00 24 44 55 4D 4D 59 5F 44 45 56 49 43 45 5F 49 44 ]]
[[ DATA: 00 00 00 00 00 00 00 00 00 00 00 00 00 00 00 00 64 66 6D 5F ]]
[[ DATA: 74 72 61 63 65 2E 70 73 66 73 00 00 00 00 00 00 00 00 00 00 ]]
[[ DATA: 00 00 00 00 00 00 00 00 00 00 00 00 00 00 00 00 00 00 00 00 ]]
[[ DATA: 00 00 00 00 00 00 00 00 00 00 00 00 00 00 00 00 00 00 00 00 ]]
[[ DATA: 00 00 00 00 00 00 00 00 00 00 00 00 00 00 00 00 00 00 00 00 ]]
[[ DATA: 00 00 00 00 00 00 00 00 00 00 00 00 00 00 00 00 00 00 00 00 ]]
[[ DATA: 00 00 00 00 00 00 00 00 00 00 00 00 00 00 00 00 00 00 00 00 ]]
[[ DATA: 00 00 00 00 00 00 00 00 00 00 00 00 00 00 00 00 00 00 00 00 ]]
[[ DATA: 00 00 00 00 00 00 00 00 00 00 00 00 00 00 00 00 00 00 00 00 ]]
[[ DATA: 00 00 00 00 00 00 00 00 00 00 00 00 00 00 00 00 00 00 00 00 ]]
[[ DATA: 00 00 00 00 00 00 00 00 00 00 00 00 00 00 00 00 00 00 00 00 ]]
[[ DATA: 00 00 00 00 00 00 00 00 00 00 00 00 00 00 00 00 00 00 00 00 ]]
[[ DATA: 00 00 00 00 00 00 00 00 00 00 00 00 00 00 00 00 00 00 00 00 ]]
[[ DATA: 00 00 00 00 00 00 00 00 00 00 00 00 00 00 00 00 00 00 00 00 ]]
[[ DATA: 00 00 00 00 00 00 00 00 00 00 00 00 00 00 00 00 00 00 00 00 ]]
[[ DATA: 00 00 00 00 00 00 00 00 00 00 00 00 00 00 00 00 00 00 00 00 ]]
[[ DATA: 00 00 00 00 00 00 00 00 00 00 00 00 00 00 00 00 00 00 00 00 ]]
[[ DATA: 00 00 00 00 00 00 00 00 00 00 00 00 00 00 00 00 00 00 00 00 ]]
[[ DATA: 00 00 00 00 00 00 00 00 00 00 00 00 00 00 00 00 00 00 00 00 ]]
[[ DATA: 00 00 00 00 00 00 00 00 00 00 00 00 00 00 00 00 00 00 00 00 ]]
[[ DATA: 00 00 00 00 00 00 00 00 00 00 00 00 00 00 00 00 00 00 00 00 ]]
[[ DATA: 00 00 00 00 00 00 00 00 00 00 00 00 00 00 00 00 00 00 00 00 ]]
[[ DATA: 00 00 00 00 00 00 00 00 00 00 00 00 00 00 00 00 00 00 00 00 ]]
[[ DATA: 00 00 00 00 00 00 00 00 00 00 00 00 00 00 00 00 00 00 00 00 ]]
[[ DATA: 00 00 00 00 00 00 00 00 00 00 00 00 00 00 00 00 00 00 00 00 ]]
[[ DATA: 00 00 00 00 00 00 00 00 00 00 00 00 00 00 00 00 00 00 00 00 ]]
[[ DATA: 00 00 00 00 00 00 00 00 00 00 00 00 00 00 00 00 00 00 00 00 ]]
[[ DATA: 00 00 00 00 00 00 00 00 00 00 00 00 00 00 00 00 00 00 00 00 ]]
[[ DATA: 00 00 00 00 00 00 00 00 00 00 00 00 00 00 00 00 00 00 00 00 ]]
[[ DATA: 00 00 00 00 00 00 00 00 00 00 00 00 00 00 00 00 00 00 00 00 ]]
[[ DATA: 00 00 00 00 00 00 00 00 00 00 00 00 00 00 00 00 00 00 00 00 ]]
[[ DATA: 00 00 00 00 00 00 00 00 00 00 00 00 00 00 00 00 00 00 00 00 ]]
[[ DATA: 00 00 00 00 00 00 00 00 00 00 00 00 00 00 00 00 00 00 00 00 ]]
[[ DATA: 00 00 00 00 00 00 00 00 00 00 00 00 00 00 00 00 00 00 00 00 ]]
[[ DATA: 00 00 00 00 00 00 00 00 00 00 00 00 00 00 00 00 00 00 00 00 ]]
[[ DATA: 00 00 00 00 00 00 00 00 00 00 00 00 00 00 00 00 00 00 00 00 ]]
[[ DATA: 00 00 00 00 00 00 00 00 00 00 00 00 00 00 00 00 00 00 00 00 ]]
[[ DATA: 00 00 00 00 00 00 00 00 00 00 00 00 00 00 00 00 00 00 00 00 ]]
[[ DATA: 00 00 00 00 00 00 00 00 00 00 00 00 00 00 00 00 00 00 00 00 ]]
[[ DATA: 00 00 00 00 00 00 00 00 00 00 00 00 00 00 00 00 00 00 00 00 ]]
[[ DATA: 00 00 00 00 00 00 00 00 00 00 00 00 00 00 00 00 00 00 00 00 ]]
[[ DATA: 00 00 00 00 00 00 00 00 00 00 00 00 00 00 00 00 00 00 00 00 ]]
[[ DATA: 00 00 00 00 00 00 00 00 00 00 00 00 00 00 00 00 00 00 00 00 ]]
[[ DATA: 00 00 00 00 00 00 00 00 00 00 00 00 00 00 00 00 00 00 00 00 ]]
[[ DATA: 00 00 00 00 00 00 00 00 00 00 00 00 00 00 00 00 00 00 00 00 ]]
[[ DATA: 00 00 00 00 00 00 00 00 00 00 00 00 00 00 00 00 00 00 00 00 ]]
[[ DATA: 00 00 00 00 00 00 00 00 00 00 00 00 00 00 00 00 00 00 00 00 ]]
[[ DATA: 00 00 00 00 00 00 00 00 00 00 00 00 00 00 00 00 00 00 00 00 ]]
[[ DATA: 00 00 00 00 00 00 00 00 00 00 00 00 00 00 00 00 00 00 00 00 ]]
[[ DATA: 00 00 00 00 00 00 00 00 00 00 00 00 00 00 00 00 00 00 00 00 ]]
[[ DATA: 00 00 00 00 00 00 00 00 00 00 00 00 00 00 00 00 00 00 00 00 ]]
[[ DATA: 00 00 00 00 00 00 00 00 00 00 00 00 D4 D3 D2 D1 ]]

[[ DevAlert Data Ended. Checksum: 16625 ]]

[[ DevAlert Data Begins ]]
[[ DATA: D1 D2 D3 D4 F0 0F 01 00 71 83 02 00 03 00 07 00 02 00 00 00 ]]
[[ DATA: 20 00 20 00 10 00 00 00 E8 03 00 00 24 44 55 4D 4D 59 5F 53 ]]
[[ DATA: 45 53 53 49 4F 4E 5F 49 44 00 00 00 00 00 00 00 00 00 00 00 ]]
[[ DATA: 00 00 00 00 24 44 55 4D 4D 59 5F 44 45 56 49 43 45 5F 49 44 ]]
[[ DATA: 00 00 00 00 00 00 00 00 00 00 00 00 00 00 00 00 64 66 6D 5F ]]
[[ DATA: 74 72 61 63 65 2E 70 73 66 73 00 00 00 00 00 00 00 00 00 00 ]]
[[ DATA: 00 00 00 00 00 00 00 00 00 00 00 00 00 00 00 00 00 00 00 00 ]]
[[ DATA: 00 00 00 00 00 00 00 00 00 00 00 00 00 00 00 00 00 00 00 00 ]]
[[ DATA: 00 00 00 00 00 00 00 00 00 00 00 00 00 00 00 00 00 00 00 00 ]]
[[ DATA: 00 00 00 00 00 00 00 00 00 00 00 00 00 00 00 00 00 00 00 00 ]]
[[ DATA: 00 00 00 00 00 00 00 00 00 00 00 00 00 00 00 00 00 00 00 00 ]]
[[ DATA: 00 00 00 00 00 00 00 00 00 00 00 00 00 00 00 00 00 00 00 00 ]]
[[ DATA: 00 00 00 00 00 00 00 00 00 00 00 00 00 00 00 00 00 00 00 00 ]]
[[ DATA: 00 00 00 00 00 00 00 00 00 00 00 00 00 00 00 00 00 00 00 00 ]]
[[ DATA: 00 00 00 00 00 00 00 00 00 00 00 00 00 00 00 00 00 00 00 00 ]]
[[ DATA: 00 00 00 00 00 00 00 00 00 00 00 00 00 00 00 00 00 00 00 00 ]]
[[ DATA: 00 00 00 00 00 00 00 00 00 00 00 00 00 00 00 00 00 00 00 00 ]]
[[ DATA: 00 00 00 00 00 00 00 00 00 00 00 00 00 00 00 00 00 00 00 00 ]]
[[ DATA: 00 00 00 00 00 00 00 00 00 00 00 00 00 00 00 00 00 00 00 00 ]]
[[ DATA: 00 00 00 00 00 00 00 00 00 00 00 00 00 00 00 00 00 00 00 00 ]]
[[ DATA: 00 00 00 00 00 00 00 00 00 00 00 00 00 00 00 00 00 00 00 00 ]]
[[ DATA: 00 00 00 00 00 00 00 00 00 00 00 00 00 00 00 00 00 00 00 00 ]]
[[ DATA: 00 00 00 00 00 00 00 00 00 00 00 00 00 00 00 00 00 00 00 00 ]]
[[ DATA: 00 00 00 00 00 00 00 00 00 00 00 00 00 00 00 00 00 00 00 00 ]]
[[ DATA: 00 00 00 00 00 00 00 00 00 00 00 00 00 00 00 00 00 00 00 00 ]]
[[ DATA: 00 00 00 00 00 00 00 00 00 00 00 00 00 00 00 00 00 00 00 00 ]]
[[ DATA: 00 00 00 00 00 00 00 00 00 00 00 00 00 00 00 00 00 00 00 00 ]]
[[ DATA: 00 00 00 00 00 00 00 00 00 00 00 00 00 00 00 00 00 00 00 00 ]]
[[ DATA: 00 00 00 00 00 00 00 00 00 00 00 00 00 00 00 00 00 00 00 00 ]]
[[ DATA: 00 00 00 00 00 00 00 00 00 00 00 00 00 00 00 00 00 00 00 00 ]]
[[ DATA: 00 00 00 00 0C 19 00 20 00 00 00 00 00 00 00 00 00 00 00 00 ]]
[[ DATA: 00 00 00 00 41 4C 45 52 54 00 00 00 00 00 00 00 00 00 00 00 ]]
[[ DATA: 00 00 00 00 00 00 00 00 00 00 00 00 3C 19 00 20 00 00 00 00 ]]
[[ DATA: 00 00 00 00 00 00 00 00 00 00 00 00 44 46 4D 20 54 65 73 74 ]]
[[ DATA: 73 00 00 00 00 00 00 00 00 00 00 00 00 00 00 00 00 00 00 00 ]]
[[ DATA: CC 2C 00 20 00 00 00 00 00 00 00 00 00 00 00 00 00 00 00 00 ]]
[[ DATA: 54 7A 43 74 72 6C 00 00 00 00 00 00 00 00 00 00 00 00 00 00 ]]
[[ DATA: 00 00 00 00 00 00 00 00 F0 0C 00 20 FF FF FF FF 00 00 00 00 ]]
[[ DATA: 00 00 00 00 00 00 00 00 73 79 73 77 6F 72 6B 71 00 00 00 00 ]]
[[ DATA: 00 00 00 00 00 00 00 00 00 00 00 00 00 00 00 00 90 0A 00 20 ]]
[[ DATA: 0F 00 00 00 00 00 00 00 00 00 00 00 00 00 00 00 69 64 6C 65 ]]
[[ DATA: 00 00 00 00 00 00 00 00 00 00 00 00 00 00 00 00 00 00 00 00 ]]
[[ DATA: 00 00 00 00 50 0B 00 20 00 00 00 00 00 00 00 00 00 00 00 00 ]]
[[ DATA: 00 00 00 00 6D 61 69 6E 00 00 00 00 00 00 00 00 00 00 00 00 ]]
[[ DATA: 00 00 00 00 00 00 00 00 00 00 00 00 00 10 00 00 34 05 00 00 ]]
[[ DATA: 00 00 00 00 D4 0F 00 00 01 00 00 00 00 00 00 00 D4 0F 00 00 ]]
[[ DATA: 00 00 00 00 34 05 00 00 00 00 00 00 00 00 00 00 5C 1A 00 20 ]]
[[ DATA: 01 10 01 00 E1 12 00 00 02 00 00 00 10 30 02 00 D5 52 00 00 ]]
[[ DATA: 50 0B 00 20 00 04 00 00 00 00 00 00 30 10 03 00 0F 57 00 00 ]]
[[ DATA: 50 0B 00 20 10 30 04 00 35 72 00 00 90 0A 00 20 40 01 00 00 ]]
[[ DATA: 0F 00 00 00 37 20 05 00 DF 76 00 00 50 0B 00 20 00 00 00 00 ]]
[[ DATA: 2F 51 06 00 54 7A 00 00 F0 0C 00 20 C8 54 00 20 00 04 00 00 ]]
[[ DATA: FF FF FF FF C8 E3 00 08 10 30 07 00 3F B6 00 00 F0 0C 00 20 ]]
[[ DATA: 00 04 00 00 FF FF FF FF 5D 11 08 00 1E BF 00 00 F0 0C 00 20 ]]
[[ DATA: 30 10 09 00 3B C2 00 00 F0 0C 00 20 37 20 0A 00 4A CB 00 00 ]]
[[ DATA: F0 0C 00 20 FF FF FF FF 37 20 0B 00 D4 D3 D2 D1 ]]

[[ DevAlert Data Ended. Checksum: 31844 ]]

[[ DevAlert Data Begins ]]
[[ DATA: D1 D2 D3 D4 F0 0F 01 00 71 83 02 00 04 00 07 00 02 00 00 00 ]]
[[ DATA: 20 00 20 00 10 00 00 00 E8 03 00 00 24 44 55 4D 4D 59 5F 53 ]]
[[ DATA: 45 53 53 49 4F 4E 5F 49 44 00 00 00 00 00 00 00 00 00 00 00 ]]
[[ DATA: 00 00 00 00 24 44 55 4D 4D 59 5F 44 45 56 49 43 45 5F 49 44 ]]
[[ DATA: 00 00 00 00 00 00 00 00 00 00 00 00 00 00 00 00 64 66 6D 5F ]]
[[ DATA: 74 72 61 63 65 2E 70 73 66 73 00 00 CB D6 00 00 50 0B 00 20 ]]
[[ DATA: 00 00 00 00 2E 11 0C 00 3A D9 00 00 F0 0C 00 20 10 30 0D 00 ]]
[[ DATA: B5 15 01 00 CC 2C 00 20 00 04 00 00 00 00 00 00 5D 11 0E 00 ]]
[[ DATA: 30 18 01 00 CC 2C 00 20 30 10 0F 00 14 1B 01 00 CC 2C 00 20 ]]
[[ DATA: 2A 10 10 00 D9 7A 04 00 E8 03 00 00 37 20 11 00 6A 88 04 00 ]]
[[ DATA: CC 2C 00 20 00 00 00 00 EA 20 12 00 26 9F 04 00 50 0B 00 20 ]]
[[ DATA: 6C 02 00 00 2A 10 13 00 54 A1 04 00 FA 00 00 00 37 20 14 00 ]]
[[ DATA: 1F AB 04 00 90 0A 00 20 0F 00 00 00 30 10 15 00 2A 40 67 02 ]]
[[ DATA: CC 2C 00 20 37 20 16 00 0C 4A 67 02 CC 2C 00 20 00 00 00 00 ]]
[[ DATA: 2B 10 17 00 78 4D 67 02 00 00 00 00 EA 20 18 00 F0 57 67 02 ]]
[[ DATA: 90 0A 00 20 F4 00 00 00 2A 10 19 00 0D 5A 67 02 FA 00 00 00 ]]
[[ DATA: 37 20 1A 00 E3 63 67 02 90 0A 00 20 0F 00 00 00 30 10 1B 00 ]]
[[ DATA: F7 0A CC 04 CC 2C 00 20 37 20 1C 00 B5 14 CC 04 CC 2C 00 20 ]]
[[ DATA: 00 00 00 00 2B 10 1D 00 F5 17 CC 04 00 00 00 00 EA 20 1E 00 ]]
[[ DATA: 69 32 CC 04 F0 0C 00 20 F4 02 00 00 2A 10 1F 00 80 34 CC 04 ]]
[[ DATA: FA 00 00 00 37 20 20 00 50 3E CC 04 90 0A 00 20 0F 00 00 00 ]]
[[ DATA: 30 10 21 00 F7 D5 30 07 CC 2C 00 20 37 20 22 00 B5 DF 30 07 ]]
[[ DATA: CC 2C 00 20 00 00 00 00 2B 10 23 00 F5 E2 30 07 00 00 00 00 ]]
[[ DATA: EA 20 24 00 A9 FF 30 07 CC 2C 00 20 3C 03 00 00 2A 10 25 00 ]]
[[ DATA: C0 01 31 07 FA 00 00 00 37 20 26 00 78 0A 31 07 90 0A 00 20 ]]
[[ DATA: 0F 00 00 00 30 10 27 00 F7 4D 8E 09 50 0B 00 20 37 20 28 00 ]]
[[ DATA: B5 57 8E 09 50 0B 00 20 00 00 00 00 2B 10 29 00 F5 5A 8E 09 ]]
[[ DATA: 00 00 00 00 03 40 2A 00 9B F0 93 09 3C 19 00 20 44 46 4D 20 ]]
[[ DATA: 54 65 73 74 73 00 54 52 30 10 2B 00 56 A1 95 09 CC 2C 00 20 ]]
[[ DATA: 92 50 2C 00 6C 96 97 09 3C 19 00 20 F1 03 00 00 54 25 75 20 ]]
[[ DATA: 42 45 47 49 4E 00 44 46 6A 10 2D 00 19 9A 97 09 C4 00 00 20 ]]
[[ DATA: 23 11 2E 00 60 9C 97 09 10 00 00 20 30 10 2F 00 53 A0 97 09 ]]
[[ DATA: F0 0C 00 20 37 20 30 00 76 A9 97 09 F0 0C 00 20 FF FF FF FF ]]
[[ DATA: 91 B0 31 00 98 AE 97 09 3C 19 00 20 54 31 30 30 39 20 50 41 ]]
[[ DATA: 54 48 20 61 70 70 5F 77 6F 72 6B 5F 68 61 6E 64 6C 65 72 20 ]]
[[ DATA: 2D 3E 20 73 65 72 76 69 63 65 00 57 92 70 32 00 2C B3 97 09 ]]
[[ DATA: 3C 19 00 20 09 00 00 00 54 31 30 30 39 20 44 41 54 41 20 76 ]]
[[ DATA: 61 6C 75 65 3D 25 75 00 03 30 33 00 1F F6 97 09 0C 19 00 20 ]]
[[ DATA: 41 4C 45 52 54 00 64 66 91 A0 34 00 42 FA 97 09 0C 19 00 20 ]]
[[ DATA: 54 65 73 74 20 31 30 30 39 20 61 74 20 74 65 73 74 5F 63 6F ]]
[[ DATA: 6E 74 65 78 74 73 2E 63 3A 31 30 38 00 00 00 00 51 20 35 00 ]]
[[ DATA: 21 C8 B2 0A C4 00 00 20 00 00 00 00 37 20 36 00 07 D5 B2 0A ]]
[[ DATA: 50 0B 00 20 00 00 00 00 22 21 37 00 78 D7 B2 0A 10 00 00 20 ]]
[[ DATA: 01 00 00 00 61 30 38 00 73 DA B2 0A C4 00 00 20 00 00 00 00 ]]
[[ DATA: 00 00 00 00 2A 10 39 00 4C C1 B9 0A 2C 01 00 00 37 20 3A 00 ]]
[[ DATA: F5 CE B9 0A CC 2C 00 20 00 00 00 00 2B 10 3B 00 51 D2 B9 0A ]]
[[ DATA: 00 00 00 00 EA 20 3C 00 9C E8 B9 0A 50 0B 00 20 6C 02 00 00 ]]
[[ DATA: 2A 10 3D 00 B4 EA B9 0A FA 00 00 00 37 20 3E 00 85 F4 B9 0A ]]
[[ DATA: 90 0A 00 20 0F 00 00 00 30 10 3F 00 2C F3 1C 0D CC 2C 00 20 ]]
[[ DATA: 37 20 40 00 1F FD 1C 0D CC 2C 00 20 00 00 00 00 2B 10 41 00 ]]
[[ DATA: 5F 00 1D 0D 00 00 00 00 EA 20 42 00 D3 0A 1D 0D 90 0A 00 20 ]]
[[ DATA: F4 00 00 00 2A 10 43 00 EA 0C 1D 0D FA 00 00 00 37 20 44 00 ]]
[[ DATA: A2 15 1D 0D 90 0A 00 20 0F 00 00 00 30 10 45 00 07 05 97 0D ]]
[[ DATA: 50 0B 00 20 37 20 46 00 35 0F 97 0D 50 0B 00 20 00 00 00 00 ]]
[[ DATA: 2B 10 47 00 75 12 97 0D 00 00 00 00 92 50 48 00 EE FD 97 0D ]]
[[ DATA: 3C 19 00 20 F3 03 00 00 54 25 75 20 D4 D3 D2 D1 ]]

[[ DevAlert Data Ended. Checksum: 52896 ]]

[[ DevAlert Data Begins ]]
[[ DATA: D1 D2 D3 D4 F0 0F 01 00 71 83 02 00 05 00 07 00 02 00 00 00 ]]
[[ DATA: 20 00 20 00 10 00 00 00 E8 03 00 00 24 44 55 4D 4D 59 5F 53 ]]
[[ DATA: 45 53 53 49 4F 4E 5F 49 44 00 00 00 00 00 00 00 00 00 00 00 ]]
[[ DATA: 00 00 00 00 24 44 55 4D 4D 59 5F 44 45 56 49 43 45 5F 49 44 ]]
[[ DATA: 00 00 00 00 00 00 00 00 00 00 00 00 00 00 00 00 64 66 6D 5F ]]
[[ DATA: 74 72 61 63 65 2E 70 73 66 73 00 00 42 45 47 49 4E 00 44 46 ]]
[[ DATA: 92 A0 49 00 AB 02 98 0D 3C 19 00 20 0B 00 00 00 54 31 30 31 ]]
[[ DATA: 31 20 44 41 54 41 20 63 61 6C 6C 62 61 63 6B 20 76 61 6C 75 ]]
[[ DATA: 65 3D 25 75 00 54 31 30 91 C0 4A 00 AC 07 98 0D 3C 19 00 20 ]]
[[ DATA: 54 31 30 31 31 20 50 41 54 48 20 63 61 6C 6C 62 61 63 6B 5F ]]
[[ DATA: 68 61 6E 64 6C 65 72 20 2D 3E 20 74 72 61 70 5F 73 69 74 65 ]]
[[ DATA: 00 54 31 30 91 A0 4B 00 9C 4D 98 0D 0C 19 00 20 54 65 73 74 ]]
[[ DATA: 20 31 30 31 31 20 61 74 20 74 65 73 74 5F 63 61 6C 6C 5F 63 ]]
[[ DATA: 68 61 69 6E 73 2E 63 3A 32 39 39 00 00 00 00 00 00 00 00 00 ]]
[[ DATA: 00 00 00 00 00 00 00 00 00 00 00 00 00 00 00 00 00 00 00 00 ]]
[[ DATA: 00 00 00 00 00 00 00 00 00 00 00 00 00 00 00 00 00 00 00 00 ]]
[[ DATA: 00 00 00 00 00 00 00 00 00 00 00 00 00 00 00 00 00 00 00 00 ]]
[[ DATA: 00 00 00 00 00 00 00 00 00 00 00 00 00 00 00 00 00 00 00 00 ]]
[[ DATA: 00 00 00 00 00 00 00 00 00 00 00 00 00 00 00 00 00 00 00 00 ]]
[[ DATA: 00 00 00 00 00 00 00 00 00 00 00 00 00 00 00 00 00 00 00 00 ]]
[[ DATA: 00 00 00 00 00 00 00 00 00 00 00 00 00 00 00 00 00 00 00 00 ]]
[[ DATA: 00 00 00 00 00 00 00 00 00 00 00 00 00 00 00 00 00 00 00 00 ]]
[[ DATA: 00 00 00 00 00 00 00 00 00 00 00 00 00 00 00 00 00 00 00 00 ]]
[[ DATA: 00 00 00 00 00 00 00 00 00 00 00 00 00 00 00 00 00 00 00 00 ]]
[[ DATA: 00 00 00 00 00 00 00 00 00 00 00 00 00 00 00 00 00 00 00 00 ]]
[[ DATA: 00 00 00 00 00 00 00 00 00 00 00 00 00 00 00 00 00 00 00 00 ]]
[[ DATA: 00 00 00 00 00 00 00 00 00 00 00 00 00 00 00 00 00 00 00 00 ]]
[[ DATA: 00 00 00 00 00 00 00 00 00 00 00 00 00 00 00 00 00 00 00 00 ]]
[[ DATA: 00 00 00 00 00 00 00 00 00 00 00 00 00 00 00 00 00 00 00 00 ]]
[[ DATA: 00 00 00 00 00 00 00 00 00 00 00 00 00 00 00 00 00 00 00 00 ]]
[[ DATA: 00 00 00 00 00 00 00 00 00 00 00 00 00 00 00 00 00 00 00 00 ]]
[[ DATA: 00 00 00 00 00 00 00 00 00 00 00 00 00 00 00 00 00 00 00 00 ]]
[[ DATA: 00 00 00 00 00 00 00 00 00 00 00 00 00 00 00 00 00 00 00 00 ]]
[[ DATA: 00 00 00 00 00 00 00 00 00 00 00 00 00 00 00 00 00 00 00 00 ]]
[[ DATA: 00 00 00 00 00 00 00 00 00 00 00 00 00 00 00 00 00 00 00 00 ]]
[[ DATA: 00 00 00 00 00 00 00 00 00 00 00 00 00 00 00 00 00 00 00 00 ]]
[[ DATA: 00 00 00 00 00 00 00 00 00 00 00 00 00 00 00 00 00 00 00 00 ]]
[[ DATA: 00 00 00 00 00 00 00 00 00 00 00 00 00 00 00 00 00 00 00 00 ]]
[[ DATA: 00 00 00 00 00 00 00 00 00 00 00 00 00 00 00 00 00 00 00 00 ]]
[[ DATA: 00 00 00 00 00 00 00 00 00 00 00 00 00 00 00 00 00 00 00 00 ]]
[[ DATA: 00 00 00 00 00 00 00 00 00 00 00 00 00 00 00 00 00 00 00 00 ]]
[[ DATA: 00 00 00 00 00 00 00 00 00 00 00 00 00 00 00 00 00 00 00 00 ]]
[[ DATA: 00 00 00 00 00 00 00 00 00 00 00 00 00 00 00 00 00 00 00 00 ]]
[[ DATA: 00 00 00 00 00 00 00 00 00 00 00 00 00 00 00 00 00 00 00 00 ]]
[[ DATA: 00 00 00 00 00 00 00 00 00 00 00 00 00 00 00 00 00 00 00 00 ]]
[[ DATA: 00 00 00 00 00 00 00 00 00 00 00 00 00 00 00 00 00 00 00 00 ]]
[[ DATA: 00 00 00 00 00 00 00 00 00 00 00 00 00 00 00 00 00 00 00 00 ]]
[[ DATA: 00 00 00 00 00 00 00 00 00 00 00 00 00 00 00 00 00 00 00 00 ]]
[[ DATA: 00 00 00 00 00 00 00 00 00 00 00 00 00 00 00 00 00 00 00 00 ]]
[[ DATA: 00 00 00 00 00 00 00 00 00 00 00 00 00 00 00 00 00 00 00 00 ]]
[[ DATA: 00 00 00 00 00 00 00 00 00 00 00 00 00 00 00 00 00 00 00 00 ]]
[[ DATA: 00 00 00 00 00 00 00 00 00 00 00 00 00 00 00 00 00 00 00 00 ]]
[[ DATA: 00 00 00 00 00 00 00 00 00 00 00 00 00 00 00 00 00 00 00 00 ]]
[[ DATA: 00 00 00 00 00 00 00 00 00 00 00 00 00 00 00 00 00 00 00 00 ]]
[[ DATA: 00 00 00 00 00 00 00 00 00 00 00 00 00 00 00 00 00 00 00 00 ]]
[[ DATA: 00 00 00 00 00 00 00 00 00 00 00 00 D4 D3 D2 D1 ]]

[[ DevAlert Data Ended. Checksum: 34342 ]]

[[ DevAlert Data Begins ]]
[[ DATA: D1 D2 D3 D4 F0 0F 01 00 71 83 02 00 06 00 07 00 02 00 00 00 ]]
[[ DATA: 20 00 20 00 10 00 00 00 E8 03 00 00 24 44 55 4D 4D 59 5F 53 ]]
[[ DATA: 45 53 53 49 4F 4E 5F 49 44 00 00 00 00 00 00 00 00 00 00 00 ]]
[[ DATA: 00 00 00 00 24 44 55 4D 4D 59 5F 44 45 56 49 43 45 5F 49 44 ]]
[[ DATA: 00 00 00 00 00 00 00 00 00 00 00 00 00 00 00 00 64 66 6D 5F ]]
[[ DATA: 74 72 61 63 65 2E 70 73 66 73 00 00 00 00 00 00 00 00 00 00 ]]
[[ DATA: 00 00 00 00 00 00 00 00 00 00 00 00 00 00 00 00 00 00 00 00 ]]
[[ DATA: 00 00 00 00 00 00 00 00 00 00 00 00 00 00 00 00 00 00 00 00 ]]
[[ DATA: 00 00 00 00 00 00 00 00 00 00 00 00 00 00 00 00 00 00 00 00 ]]
[[ DATA: 00 00 00 00 00 00 00 00 00 00 00 00 00 00 00 00 00 00 00 00 ]]
[[ DATA: 00 00 00 00 00 00 00 00 00 00 00 00 00 00 00 00 00 00 00 00 ]]
[[ DATA: 00 00 00 00 00 00 00 00 00 00 00 00 00 00 00 00 00 00 00 00 ]]
[[ DATA: 00 00 00 00 00 00 00 00 00 00 00 00 00 00 00 00 00 00 00 00 ]]
[[ DATA: 00 00 00 00 00 00 00 00 00 00 00 00 00 00 00 00 00 00 00 00 ]]
[[ DATA: 00 00 00 00 00 00 00 00 00 00 00 00 00 00 00 00 00 00 00 00 ]]
[[ DATA: 00 00 00 00 00 00 00 00 00 00 00 00 00 00 00 00 00 00 00 00 ]]
[[ DATA: 00 00 00 00 00 00 00 00 00 00 00 00 00 00 00 00 00 00 00 00 ]]
[[ DATA: 00 00 00 00 00 00 00 00 00 00 00 00 00 00 00 00 00 00 00 00 ]]
[[ DATA: 00 00 00 00 00 00 00 00 00 00 00 00 00 00 00 00 00 00 00 00 ]]
[[ DATA: 00 00 00 00 00 00 00 00 00 00 00 00 00 00 00 00 00 00 00 00 ]]
[[ DATA: 00 00 00 00 00 00 00 00 00 00 00 00 00 00 00 00 00 00 00 00 ]]
[[ DATA: 00 00 00 00 00 00 00 00 00 00 00 00 00 00 00 00 00 00 00 00 ]]
[[ DATA: 00 00 00 00 00 00 00 00 00 00 00 00 00 00 00 00 00 00 00 00 ]]
[[ DATA: 00 00 00 00 00 00 00 00 00 00 00 00 00 00 00 00 00 00 00 00 ]]
[[ DATA: 00 00 00 00 00 00 00 00 00 00 00 00 00 00 00 00 00 00 00 00 ]]
[[ DATA: 00 00 00 00 00 00 00 00 00 00 00 00 00 00 00 00 00 00 00 00 ]]
[[ DATA: 00 00 00 00 00 00 00 00 00 00 00 00 00 00 00 00 00 00 00 00 ]]
[[ DATA: 00 00 00 00 00 00 00 00 00 00 00 00 00 00 00 00 00 00 00 00 ]]
[[ DATA: 00 00 00 00 00 00 00 00 00 00 00 00 00 00 00 00 00 00 00 00 ]]
[[ DATA: 00 00 00 00 00 00 00 00 00 00 00 00 00 00 00 00 00 00 00 00 ]]
[[ DATA: 00 00 00 00 00 00 00 00 00 00 00 00 00 00 00 00 00 00 00 00 ]]
[[ DATA: 00 00 00 00 00 00 00 00 00 00 00 00 00 00 00 00 00 00 00 00 ]]
[[ DATA: 00 00 00 00 00 00 00 00 00 00 00 00 00 00 00 00 00 00 00 00 ]]
[[ DATA: 00 00 00 00 00 00 00 00 00 00 00 00 00 00 00 00 00 00 00 00 ]]
[[ DATA: 00 00 00 00 00 00 00 00 00 00 00 00 00 00 00 00 00 00 00 00 ]]
[[ DATA: 00 00 00 00 00 00 00 00 00 00 00 00 00 00 00 00 00 00 00 00 ]]
[[ DATA: 00 00 00 00 00 00 00 00 00 00 00 00 00 00 00 00 00 00 00 00 ]]
[[ DATA: 00 00 00 00 00 00 00 00 00 00 00 00 00 00 00 00 00 00 00 00 ]]
[[ DATA: 00 00 00 00 00 00 00 00 00 00 00 00 00 00 00 00 00 00 00 00 ]]
[[ DATA: 00 00 00 00 00 00 00 00 00 00 00 00 00 00 00 00 00 00 00 00 ]]
[[ DATA: 00 00 00 00 00 00 00 00 00 00 00 00 00 00 00 00 00 00 00 00 ]]
[[ DATA: 00 00 00 00 00 00 00 00 00 00 00 00 00 00 00 00 00 00 00 00 ]]
[[ DATA: 00 00 00 00 00 00 00 00 00 00 00 00 00 00 00 00 00 00 00 00 ]]
[[ DATA: 00 00 00 00 00 00 00 00 00 00 00 00 00 00 00 00 00 00 00 00 ]]
[[ DATA: 00 00 00 00 00 00 00 00 00 00 00 00 00 00 00 00 00 00 00 00 ]]
[[ DATA: 00 00 00 00 00 00 00 00 00 00 00 00 00 00 00 00 00 00 00 00 ]]
[[ DATA: 00 00 00 00 00 00 00 00 00 00 00 00 00 00 00 00 00 00 00 00 ]]
[[ DATA: 00 00 00 00 00 00 00 00 00 00 00 00 00 00 00 00 00 00 00 00 ]]
[[ DATA: 00 00 00 00 00 00 00 00 00 00 00 00 00 00 00 00 00 00 00 00 ]]
[[ DATA: 00 00 00 00 00 00 00 00 00 00 00 00 00 00 00 00 00 00 00 00 ]]
[[ DATA: 00 00 00 00 00 00 00 00 00 00 00 00 00 00 00 00 00 00 00 00 ]]
[[ DATA: 00 00 00 00 00 00 00 00 00 00 00 00 00 00 00 00 00 00 00 00 ]]
[[ DATA: 00 00 00 00 00 00 00 00 00 00 00 00 00 00 00 00 00 00 00 00 ]]
[[ DATA: 00 00 00 00 00 00 00 00 00 00 00 00 00 00 00 00 00 00 00 00 ]]
[[ DATA: 00 00 00 00 00 00 00 00 00 00 00 00 00 00 00 00 00 00 00 00 ]]
[[ DATA: 00 00 00 00 00 00 00 00 00 00 00 00 D4 D3 D2 D1 ]]

[[ DevAlert Data Ended. Checksum: 895 ]]

[[ DevAlert Data Begins ]]
[[ DATA: D1 D2 D3 D4 F0 0F 01 00 71 83 02 00 07 00 07 00 02 00 00 00 ]]
[[ DATA: 20 00 20 00 10 00 00 00 80 03 00 00 24 44 55 4D 4D 59 5F 53 ]]
[[ DATA: 45 53 53 49 4F 4E 5F 49 44 00 00 00 00 00 00 00 00 00 00 00 ]]
[[ DATA: 00 00 00 00 24 44 55 4D 4D 59 5F 44 45 56 49 43 45 5F 49 44 ]]
[[ DATA: 00 00 00 00 00 00 00 00 00 00 00 00 00 00 00 00 64 66 6D 5F ]]
[[ DATA: 74 72 61 63 65 2E 70 73 66 73 00 00 00 00 00 00 00 00 00 00 ]]
[[ DATA: 00 00 00 00 00 00 00 00 00 00 00 00 00 00 00 00 00 00 00 00 ]]
[[ DATA: 00 00 00 00 00 00 00 00 00 00 00 00 00 00 00 00 00 00 00 00 ]]
[[ DATA: 00 00 00 00 00 00 00 00 00 00 00 00 00 00 00 00 00 00 00 00 ]]
[[ DATA: 00 00 00 00 00 00 00 00 00 00 00 00 00 00 00 00 00 00 00 00 ]]
[[ DATA: 00 00 00 00 00 00 00 00 00 00 00 00 00 00 00 00 00 00 00 00 ]]
[[ DATA: 00 00 00 00 00 00 00 00 00 00 00 00 00 00 00 00 00 00 00 00 ]]
[[ DATA: 00 00 00 00 00 00 00 00 00 00 00 00 00 00 00 00 00 00 00 00 ]]
[[ DATA: 00 00 00 00 00 00 00 00 00 00 00 00 00 00 00 00 00 00 00 00 ]]
[[ DATA: 00 00 00 00 00 00 00 00 00 00 00 00 00 00 00 00 00 00 00 00 ]]
[[ DATA: 00 00 00 00 00 00 00 00 00 00 00 00 00 00 00 00 00 00 00 00 ]]
[[ DATA: 00 00 00 00 00 00 00 00 00 00 00 00 00 00 00 00 00 00 00 00 ]]
[[ DATA: 00 00 00 00 00 00 00 00 00 00 00 00 00 00 00 00 00 00 00 00 ]]
[[ DATA: 00 00 00 00 00 00 00 00 00 00 00 00 00 00 00 00 00 00 00 00 ]]
[[ DATA: 00 00 00 00 00 00 00 00 00 00 00 00 00 00 00 00 00 00 00 00 ]]
[[ DATA: 00 00 00 00 00 00 00 00 00 00 00 00 00 00 00 00 00 00 00 00 ]]
[[ DATA: 00 00 00 00 00 00 00 00 00 00 00 00 00 00 00 00 00 00 00 00 ]]
[[ DATA: 00 00 00 00 00 00 00 00 00 00 00 00 00 00 00 00 00 00 00 00 ]]
[[ DATA: 00 00 00 00 00 00 00 00 00 00 00 00 00 00 00 00 00 00 00 00 ]]
[[ DATA: 00 00 00 00 00 00 00 00 00 00 00 00 00 00 00 00 00 00 00 00 ]]
[[ DATA: 00 00 00 00 00 00 00 00 00 00 00 00 00 00 00 00 00 00 00 00 ]]
[[ DATA: 00 00 00 00 00 00 00 00 00 00 00 00 00 00 00 00 00 00 00 00 ]]
[[ DATA: 00 00 00 00 00 00 00 00 00 00 00 00 00 00 00 00 00 00 00 00 ]]
[[ DATA: 00 00 00 00 00 00 00 00 00 00 00 00 00 00 00 00 00 00 00 00 ]]
[[ DATA: 00 00 00 00 00 00 00 00 00 00 00 00 00 00 00 00 00 00 00 00 ]]
[[ DATA: 00 00 00 00 00 00 00 00 00 00 00 00 00 00 00 00 00 00 00 00 ]]
[[ DATA: 00 00 00 00 00 00 00 00 00 00 00 00 00 00 00 00 00 00 00 00 ]]
[[ DATA: 00 00 00 00 00 00 00 00 00 00 00 00 00 00 00 00 00 00 00 00 ]]
[[ DATA: 00 00 00 00 00 00 00 00 00 00 00 00 00 00 00 00 00 00 00 00 ]]
[[ DATA: 00 00 00 00 00 00 00 00 00 00 00 00 00 00 00 00 00 00 00 00 ]]
[[ DATA: 00 00 00 00 00 00 00 00 00 00 00 00 00 00 00 00 00 00 00 00 ]]
[[ DATA: 00 00 00 00 00 00 00 00 00 00 00 00 00 00 00 00 00 00 00 00 ]]
[[ DATA: 00 00 00 00 00 00 00 00 00 00 00 00 00 00 00 00 00 00 00 00 ]]
[[ DATA: 00 00 00 00 00 00 00 00 00 00 00 00 00 00 00 00 00 00 00 00 ]]
[[ DATA: 00 00 00 00 00 00 00 00 00 00 00 00 00 00 00 00 00 00 00 00 ]]
[[ DATA: 00 00 00 00 00 00 00 00 00 00 00 00 00 00 00 00 00 00 00 00 ]]
[[ DATA: 00 00 00 00 00 00 00 00 00 00 00 00 00 00 00 00 00 00 00 00 ]]
[[ DATA: 00 00 00 00 00 00 00 00 00 00 00 00 00 00 00 00 00 00 00 00 ]]
[[ DATA: 00 00 00 00 00 00 00 00 00 00 00 00 00 00 00 00 00 00 00 00 ]]
[[ DATA: 00 00 00 00 00 00 00 00 00 00 00 00 00 00 00 00 00 00 00 00 ]]
[[ DATA: 00 00 00 00 00 00 00 00 00 00 00 00 00 00 00 00 00 00 00 00 ]]
[[ DATA: 00 00 00 00 00 00 00 00 00 00 00 00 00 00 00 00 00 00 00 00 ]]
[[ DATA: 00 00 00 00 00 00 00 00 00 00 00 00 00 00 00 00 00 00 00 00 ]]
[[ DATA: 00 00 00 00 00 00 00 00 00 00 00 00 00 00 00 00 00 00 00 00 ]]
[[ DATA: 00 00 00 00 00 00 00 00 00 00 00 00 0A 0B 0C 0D 71 72 73 74 ]]
[[ DATA: F1 F2 F3 F4 00 00 00 00 D4 D3 D2 D1 ]]

[[ DevAlert Data Ended. Checksum: 52300 ]]
DFMT:RETURNED:1011:0
DFMT:BEGIN:1014:8

[[ DevAlert Data Begins ]]
[[ DATA: D1 D2 D3 D4 F0 0F 01 00 12 15 00 00 01 00 01 00 03 00 00 00 ]]
[[ DATA: 20 00 20 00 68 00 00 00 0C 01 00 00 24 44 55 4D 4D 59 5F 53 ]]
[[ DATA: 45 53 53 49 4F 4E 5F 49 44 00 00 00 00 00 00 00 00 00 00 00 ]]
[[ DATA: 00 00 00 00 24 44 55 4D 4D 59 5F 44 45 56 49 43 45 5F 49 44 ]]
[[ DATA: 00 00 00 00 00 00 00 00 00 00 00 00 00 00 00 00 54 65 73 74 ]]
[[ DATA: 20 31 30 31 34 20 61 74 20 74 65 73 74 5F 63 61 6C 6C 5F 63 ]]
[[ DATA: 68 61 69 6E 73 2E 63 3A 33 32 00 00 00 00 00 00 00 00 00 00 ]]
[[ DATA: 00 00 00 00 00 00 00 00 00 00 00 00 00 00 00 00 00 00 00 00 ]]
[[ DATA: 00 00 00 00 00 00 00 00 00 00 00 00 00 00 00 00 00 00 00 00 ]]
[[ DATA: 00 00 00 00 00 00 00 00 00 00 00 00 00 00 00 00 00 00 00 00 ]]
[[ DATA: 50 44 66 6D F0 0F 03 48 08 04 68 00 01 00 00 00 F6 03 00 00 ]]
[[ DATA: 01 00 00 00 A5 01 00 00 07 00 00 00 A8 53 00 20 02 00 00 00 ]]
[[ DATA: 21 07 00 00 04 00 00 00 20 00 00 00 00 00 00 00 00 00 00 00 ]]
[[ DATA: 00 00 00 00 00 00 00 00 00 00 00 00 00 00 00 00 00 00 00 00 ]]
[[ DATA: 00 00 00 00 42 75 69 6C 64 2D 4D 33 2D 4F 73 00 00 00 00 00 ]]
[[ DATA: 00 00 00 00 00 00 00 00 00 00 00 00 00 00 00 00 00 00 00 00 ]]
[[ DATA: 00 00 00 00 00 00 00 00 00 00 00 00 00 00 00 00 00 00 00 00 ]]
[[ DATA: 00 00 00 00 00 00 00 00 00 00 00 00 00 00 00 00 54 65 73 74 ]]
[[ DATA: 20 31 30 31 34 20 61 74 20 74 65 73 74 5F 63 61 6C 6C 5F 63 ]]
[[ DATA: 68 61 69 6E 73 2E 63 3A 33 32 00 00 00 00 00 00 00 00 00 00 ]]
[[ DATA: 00 00 00 00 00 00 00 00 00 00 00 00 00 00 00 00 00 00 00 00 ]]
[[ DATA: 00 00 00 00 00 00 00 00 00 00 00 00 00 00 00 00 00 00 00 00 ]]
[[ DATA: 00 00 00 00 00 00 00 00 00 00 00 00 00 00 00 00 00 00 00 00 ]]
[[ DATA: 6D 66 44 50 00 00 00 00 D4 D3 D2 D1 ]]

[[ DevAlert Data Ended. Checksum: 20548 ]]

[[ DevAlert Data Begins ]]
[[ DATA: D1 D2 D3 D4 F0 0F 01 00 18 46 01 00 01 00 01 00 03 00 00 00 ]]
[[ DATA: 20 00 20 00 10 00 00 00 24 00 00 00 24 44 55 4D 4D 59 5F 53 ]]
[[ DATA: 45 53 53 49 4F 4E 5F 49 44 00 00 00 00 00 00 00 00 00 00 00 ]]
[[ DATA: 00 00 00 00 24 44 55 4D 4D 59 5F 44 45 56 49 43 45 5F 49 44 ]]
[[ DATA: 00 00 00 00 00 00 00 00 00 00 00 00 00 00 00 00 74 72 61 70 ]]
[[ DATA: 2E 7A 70 72 00 00 00 00 00 00 00 00 50 44 61 50 F0 0F 03 10 ]]
[[ DATA: 53 02 00 00 74 72 61 70 2E 7A 70 72 00 00 00 00 00 00 00 00 ]]
[[ DATA: 50 61 44 50 00 00 00 00 D4 D3 D2 D1 ]]

[[ DevAlert Data Ended. Checksum: 29896 ]]

[[ DevAlert Data Begins ]]
[[ DATA: D1 D2 D3 D4 F0 0F 01 00 71 83 01 00 01 00 01 00 03 00 00 00 ]]
[[ DATA: 20 00 20 00 10 00 00 00 53 02 00 00 24 44 55 4D 4D 59 5F 53 ]]
[[ DATA: 45 53 53 49 4F 4E 5F 49 44 00 00 00 00 00 00 00 00 00 00 00 ]]
[[ DATA: 00 00 00 00 24 44 55 4D 4D 59 5F 44 45 56 49 43 45 5F 49 44 ]]
[[ DATA: 00 00 00 00 00 00 00 00 00 00 00 00 00 00 00 00 74 72 61 70 ]]
[[ DATA: 2E 7A 70 72 00 00 00 00 00 00 00 00 5A 45 02 00 03 00 05 00 ]]
[[ DATA: 0D D0 00 00 41 03 00 4C 00 07 00 00 00 02 00 00 00 06 00 00 ]]
[[ DATA: 00 04 00 00 00 AB 21 5C 0A AF 87 00 08 EE 81 00 08 00 00 00 ]]
[[ DATA: 29 A8 53 00 20 08 0E 00 20 00 00 00 00 03 00 00 00 04 00 00 ]]
[[ DATA: 00 D0 0D 00 20 F6 03 00 00 FF FF FF FF FF FF FF FF 01 00 00 ]]
[[ DATA: 00 30 00 00 00 4D 01 00 50 0B 00 20 10 0C 00 20 84 38 00 20 ]]
[[ DATA: 84 38 00 20 00 00 00 00 01 00 00 FF 80 00 00 00 00 00 00 00 ]]
[[ DATA: 00 00 00 00 00 00 00 00 00 00 00 00 00 00 00 00 19 A3 00 08 ]]
[[ DATA: 00 00 00 00 00 00 00 00 6C 38 00 20 34 07 00 00 2C 01 00 00 ]]
[[ DATA: 00 00 00 00 F3 03 00 00 FF FF FF FF FF FF FF FF F8 53 00 20 ]]
[[ DATA: 00 00 00 00 A8 0B 00 20 A8 0B 00 20 05 8A 00 08 00 00 00 00 ]]
[[ DATA: 00 00 00 00 00 00 00 00 00 00 00 00 6D 61 69 6E 00 00 00 00 ]]
[[ DATA: 00 00 00 00 00 00 00 00 00 00 00 00 00 00 00 00 00 00 00 00 ]]
[[ DATA: 00 00 00 00 C8 50 00 20 00 04 00 00 10 00 00 00 00 00 00 00 ]]
[[ DATA: B8 54 00 20 00 00 00 00 00 00 00 00 00 00 00 00 00 00 00 00 ]]
[[ DATA: 00 00 00 00 F5 FF FF FF 4D 01 00 A8 53 00 20 C8 54 00 20 07 ]]
[[ DATA: 00 00 00 20 00 00 00 00 00 00 00 15 00 00 00 05 00 00 00 F5 ]]
[[ DATA: 16 00 08 15 00 00 00 07 00 00 00 03 00 00 00 01 00 00 00 02 ]]
[[ DATA: 00 00 00 43 17 00 08 05 00 00 00 06 00 00 00 F6 03 00 00 0A ]]
[[ DATA: 00 00 00 FF FF FF FF 01 00 00 00 02 00 00 00 03 00 00 00 04 ]]
[[ DATA: 00 00 00 8B 17 00 08 05 00 00 00 06 00 00 00 00 00 00 00 64 ]]
[[ DATA: 00 00 00 24 54 00 20 06 E7 00 08 C0 E0 00 08 00 00 00 00 40 ]]
[[ DATA: E0 00 08 D3 17 00 08 05 00 00 00 06 00 00 00 00 00 00 00 99 ]]
[[ DATA: BA 00 08 93 BA 00 08 39 14 00 08 06 00 00 00 02 00 00 00 5D ]]
[[ DATA: E7 8F 09 08 00 00 00 F6 03 00 00 02 00 00 00 02 00 00 00 00 ]]
[[ DATA: 00 00 00 00 00 00 00 00 FE D0 D5 00 00 00 00 54 DF 00 08 54 ]]
[[ DATA: DF 00 08 54 DF 00 08 00 00 00 00 00 00 00 00 08 00 00 00 F7 ]]
[[ DATA: 8A 00 08 AA AA AA AA AA AA AA AA AA AA AA AA AA AA AA AA 05 ]]
[[ DATA: 8A 00 08 00 00 00 00 B8 54 00 20 05 8A 00 08 00 00 00 00 87 ]]
[[ DATA: 2B 00 08 00 00 00 00 B9 36 00 08 AA AA AA AA AA AA AA AA 50 ]]
[[ DATA: 0B 00 20 00 00 00 00 D4 D3 D2 D1 ]]

[[ DevAlert Data Ended. Checksum: 50734 ]]

[[ DevAlert Data Begins ]]
[[ DATA: D1 D2 D3 D4 F0 0F 01 00 18 46 02 00 01 00 01 00 03 00 00 00 ]]
[[ DATA: 20 00 20 00 10 00 00 00 24 00 00 00 24 44 55 4D 4D 59 5F 53 ]]
[[ DATA: 45 53 53 49 4F 4E 5F 49 44 00 00 00 00 00 00 00 00 00 00 00 ]]
[[ DATA: 00 00 00 00 24 44 55 4D 4D 59 5F 44 45 56 49 43 45 5F 49 44 ]]
[[ DATA: 00 00 00 00 00 00 00 00 00 00 00 00 00 00 00 00 64 66 6D 5F ]]
[[ DATA: 74 72 61 63 65 2E 70 73 66 73 00 00 50 44 61 50 F0 0F 03 10 ]]
[[ DATA: F0 1A 00 00 64 66 6D 5F 74 72 61 63 65 2E 70 73 66 73 00 00 ]]
[[ DATA: 50 61 44 50 00 00 00 00 D4 D3 D2 D1 ]]

[[ DevAlert Data Ended. Checksum: 64276 ]]

[[ DevAlert Data Begins ]]
[[ DATA: D1 D2 D3 D4 F0 0F 01 00 71 83 02 00 01 00 07 00 03 00 00 00 ]]
[[ DATA: 20 00 20 00 10 00 00 00 E8 03 00 00 24 44 55 4D 4D 59 5F 53 ]]
[[ DATA: 45 53 53 49 4F 4E 5F 49 44 00 00 00 00 00 00 00 00 00 00 00 ]]
[[ DATA: 00 00 00 00 24 44 55 4D 4D 59 5F 44 45 56 49 43 45 5F 49 44 ]]
[[ DATA: 00 00 00 00 00 00 00 00 00 00 00 00 00 00 00 00 64 66 6D 5F ]]
[[ DATA: 74 72 61 63 65 2E 70 73 66 73 00 00 30 1A 00 20 00 00 00 00 ]]
[[ DATA: 05 06 07 08 75 76 77 78 F5 F6 F7 F8 00 46 53 50 0E 00 A9 9A ]]
[[ DATA: 00 00 00 00 01 03 00 00 00 00 00 00 00 00 03 04 5A 65 70 68 ]]
[[ DATA: 79 72 00 00 01 00 00 00 00 71 02 00 00 68 89 09 00 00 00 00 ]]
[[ DATA: E8 03 00 00 40 48 97 11 00 00 00 00 38 00 00 00 1C 00 00 00 ]]
[[ DATA: 03 00 00 00 AC 0F 00 20 63 00 04 04 88 01 00 00 3A 01 00 00 ]]
[[ DATA: 00 00 00 40 73 79 73 63 61 6C 6C 73 00 00 00 00 00 00 00 00 ]]
[[ DATA: 00 00 00 00 00 00 00 00 00 00 00 00 00 00 00 00 00 00 00 00 ]]
[[ DATA: 00 00 00 00 00 00 00 00 00 00 00 00 00 00 00 00 00 00 00 00 ]]
[[ DATA: 00 00 00 00 00 00 00 00 00 00 00 00 00 00 00 00 00 00 00 00 ]]
[[ DATA: 00 00 00 00 00 00 00 00 00 00 00 00 00 00 00 00 00 00 00 00 ]]
[[ DATA: 00 00 00 00 00 00 00 00 00 00 00 00 00 00 00 00 00 00 00 00 ]]
[[ DATA: 00 00 00 00 00 00 00 00 00 00 00 00 00 00 00 00 00 00 00 00 ]]
[[ DATA: 00 00 00 00 00 00 00 00 00 00 00 00 00 00 00 00 00 00 00 00 ]]
[[ DATA: 00 00 00 00 00 00 00 00 00 00 00 00 00 00 00 00 00 00 00 00 ]]
[[ DATA: 00 00 00 00 00 00 00 00 00 00 00 00 00 00 00 00 00 00 00 00 ]]
[[ DATA: 00 00 00 00 00 00 00 00 00 00 00 00 00 00 00 00 00 00 00 00 ]]
[[ DATA: 00 00 00 00 00 00 00 00 00 00 00 00 00 00 00 00 00 00 00 00 ]]
[[ DATA: 00 00 00 00 00 00 00 00 00 00 00 00 00 00 00 00 00 00 00 00 ]]
[[ DATA: 00 00 00 00 00 00 00 00 00 00 00 00 00 00 00 00 00 00 00 00 ]]
[[ DATA: 00 00 00 00 00 00 00 00 00 00 00 00 00 00 00 00 00 00 00 00 ]]
[[ DATA: 00 00 00 00 00 00 00 00 00 00 00 00 00 00 00 00 00 00 00 00 ]]
[[ DATA: 00 00 00 00 00 00 00 00 00 00 00 00 00 00 00 00 00 00 00 00 ]]
[[ DATA: 00 00 00 00 00 00 00 00 00 00 00 00 00 00 00 00 00 00 00 00 ]]
[[ DATA: 00 00 00 00 00 00 00 00 00 00 00 00 00 00 00 00 00 00 00 00 ]]
[[ DATA: 00 00 00 00 00 00 00 00 00 00 00 00 00 00 00 00 00 00 00 00 ]]
[[ DATA: 00 00 00 00 00 00 00 00 00 00 00 00 00 00 00 00 00 00 00 00 ]]
[[ DATA: 00 00 00 00 00 00 00 00 00 00 00 00 00 00 00 00 00 00 00 00 ]]
[[ DATA: 00 00 00 00 00 00 00 00 00 00 00 00 00 00 00 00 00 00 00 00 ]]
[[ DATA: 00 00 00 00 00 00 00 00 00 00 00 00 00 00 00 00 00 00 00 00 ]]
[[ DATA: 00 00 00 00 00 00 00 00 00 00 00 00 00 00 00 00 00 00 00 00 ]]
[[ DATA: 00 00 00 00 00 00 00 00 00 00 00 00 00 00 00 00 00 00 00 00 ]]
[[ DATA: 00 00 00 00 00 00 00 00 00 00 00 00 00 00 00 00 00 00 00 00 ]]
[[ DATA: 00 00 00 00 00 00 00 00 00 00 00 00 00 00 00 00 00 00 00 00 ]]
[[ DATA: 00 00 00 00 00 00 00 00 00 00 00 00 00 00 00 00 00 00 00 00 ]]
[[ DATA: 00 00 00 00 00 00 00 00 00 00 00 00 00 00 00 00 00 00 00 00 ]]
[[ DATA: 00 00 00 00 00 00 00 00 00 00 00 00 00 00 00 00 00 00 00 00 ]]
[[ DATA: 00 00 00 00 00 00 00 00 00 00 00 00 00 00 00 00 00 00 00 00 ]]
[[ DATA: 00 00 00 00 00 00 00 00 00 00 00 00 00 00 00 00 00 00 00 00 ]]
[[ DATA: 00 00 00 00 00 00 00 00 00 00 00 00 00 00 00 00 00 00 00 00 ]]
[[ DATA: 00 00 00 00 00 00 00 00 00 00 00 00 00 00 00 00 00 00 00 00 ]]
[[ DATA: 00 00 00 00 00 00 00 00 00 00 00 00 00 00 00 00 00 00 00 00 ]]
[[ DATA: 00 00 00 00 00 00 00 00 00 00 00 00 00 00 00 00 00 00 00 00 ]]
[[ DATA: 00 00 00 00 00 00 00 00 00 00 00 00 00 00 00 00 00 00 00 00 ]]
[[ DATA: 00 00 00 00 00 00 00 00 00 00 00 00 00 00 00 00 00 00 00 00 ]]
[[ DATA: 00 00 00 00 00 00 00 00 00 00 00 00 00 00 00 00 00 00 00 00 ]]
[[ DATA: 00 00 00 00 00 00 00 00 00 00 00 00 00 00 00 00 00 00 00 00 ]]
[[ DATA: 00 00 00 00 00 00 00 00 00 00 00 00 00 00 00 00 00 00 00 00 ]]
[[ DATA: 00 00 00 00 00 00 00 00 00 00 00 00 00 00 00 00 00 00 00 00 ]]
[[ DATA: 00 00 00 00 00 00 00 00 00 00 00 00 00 00 00 00 00 00 00 00 ]]
[[ DATA: 00 00 00 00 00 00 00 00 00 00 00 00 D4 D3 D2 D1 ]]

[[ DevAlert Data Ended. Checksum: 15673 ]]

[[ DevAlert Data Begins ]]
[[ DATA: D1 D2 D3 D4 F0 0F 01 00 71 83 02 00 02 00 07 00 03 00 00 00 ]]
[[ DATA: 20 00 20 00 10 00 00 00 E8 03 00 00 24 44 55 4D 4D 59 5F 53 ]]
[[ DATA: 45 53 53 49 4F 4E 5F 49 44 00 00 00 00 00 00 00 00 00 00 00 ]]
[[ DATA: 00 00 00 00 24 44 55 4D 4D 59 5F 44 45 56 49 43 45 5F 49 44 ]]
[[ DATA: 00 00 00 00 00 00 00 00 00 00 00 00 00 00 00 00 64 66 6D 5F ]]
[[ DATA: 74 72 61 63 65 2E 70 73 66 73 00 00 00 00 00 00 00 00 00 00 ]]
[[ DATA: 00 00 00 00 00 00 00 00 00 00 00 00 00 00 00 00 00 00 00 00 ]]
[[ DATA: 00 00 00 00 00 00 00 00 00 00 00 00 00 00 00 00 00 00 00 00 ]]
[[ DATA: 00 00 00 00 00 00 00 00 00 00 00 00 00 00 00 00 00 00 00 00 ]]
[[ DATA: 00 00 00 00 00 00 00 00 00 00 00 00 00 00 00 00 00 00 00 00 ]]
[[ DATA: 00 00 00 00 00 00 00 00 00 00 00 00 00 00 00 00 00 00 00 00 ]]
[[ DATA: 00 00 00 00 00 00 00 00 00 00 00 00 00 00 00 00 00 00 00 00 ]]
[[ DATA: 00 00 00 00 00 00 00 00 00 00 00 00 00 00 00 00 00 00 00 00 ]]
[[ DATA: 00 00 00 00 00 00 00 00 00 00 00 00 00 00 00 00 00 00 00 00 ]]
[[ DATA: 00 00 00 00 00 00 00 00 00 00 00 00 00 00 00 00 00 00 00 00 ]]
[[ DATA: 00 00 00 00 00 00 00 00 00 00 00 00 00 00 00 00 00 00 00 00 ]]
[[ DATA: 00 00 00 00 00 00 00 00 00 00 00 00 00 00 00 00 00 00 00 00 ]]
[[ DATA: 00 00 00 00 00 00 00 00 00 00 00 00 00 00 00 00 00 00 00 00 ]]
[[ DATA: 00 00 00 00 00 00 00 00 00 00 00 00 00 00 00 00 00 00 00 00 ]]
[[ DATA: 00 00 00 00 00 00 00 00 00 00 00 00 00 00 00 00 00 00 00 00 ]]
[[ DATA: 00 00 00 00 00 00 00 00 00 00 00 00 00 00 00 00 00 00 00 00 ]]
[[ DATA: 00 00 00 00 00 00 00 00 00 00 00 00 00 00 00 00 00 00 00 00 ]]
[[ DATA: 00 00 00 00 00 00 00 00 00 00 00 00 00 00 00 00 00 00 00 00 ]]
[[ DATA: 00 00 00 00 00 00 00 00 00 00 00 00 00 00 00 00 00 00 00 00 ]]
[[ DATA: 00 00 00 00 00 00 00 00 00 00 00 00 00 00 00 00 00 00 00 00 ]]
[[ DATA: 00 00 00 00 00 00 00 00 00 00 00 00 00 00 00 00 00 00 00 00 ]]
[[ DATA: 00 00 00 00 00 00 00 00 00 00 00 00 00 00 00 00 00 00 00 00 ]]
[[ DATA: 00 00 00 00 00 00 00 00 00 00 00 00 00 00 00 00 00 00 00 00 ]]
[[ DATA: 00 00 00 00 00 00 00 00 00 00 00 00 00 00 00 00 00 00 00 00 ]]
[[ DATA: 00 00 00 00 00 00 00 00 00 00 00 00 00 00 00 00 00 00 00 00 ]]
[[ DATA: 00 00 00 00 00 00 00 00 00 00 00 00 00 00 00 00 00 00 00 00 ]]
[[ DATA: 00 00 00 00 00 00 00 00 00 00 00 00 00 00 00 00 00 00 00 00 ]]
[[ DATA: 00 00 00 00 00 00 00 00 00 00 00 00 00 00 00 00 00 00 00 00 ]]
[[ DATA: 00 00 00 00 00 00 00 00 00 00 00 00 00 00 00 00 00 00 00 00 ]]
[[ DATA: 00 00 00 00 00 00 00 00 00 00 00 00 00 00 00 00 00 00 00 00 ]]
[[ DATA: 00 00 00 00 00 00 00 00 00 00 00 00 00 00 00 00 00 00 00 00 ]]
[[ DATA: 00 00 00 00 00 00 00 00 00 00 00 00 00 00 00 00 00 00 00 00 ]]
[[ DATA: 00 00 00 00 00 00 00 00 00 00 00 00 00 00 00 00 00 00 00 00 ]]
[[ DATA: 00 00 00 00 00 00 00 00 00 00 00 00 00 00 00 00 00 00 00 00 ]]
[[ DATA: 00 00 00 00 00 00 00 00 00 00 00 00 00 00 00 00 00 00 00 00 ]]
[[ DATA: 00 00 00 00 00 00 00 00 00 00 00 00 00 00 00 00 00 00 00 00 ]]
[[ DATA: 00 00 00 00 00 00 00 00 00 00 00 00 00 00 00 00 00 00 00 00 ]]
[[ DATA: 00 00 00 00 00 00 00 00 00 00 00 00 00 00 00 00 00 00 00 00 ]]
[[ DATA: 00 00 00 00 00 00 00 00 00 00 00 00 00 00 00 00 00 00 00 00 ]]
[[ DATA: 00 00 00 00 00 00 00 00 00 00 00 00 00 00 00 00 00 00 00 00 ]]
[[ DATA: 00 00 00 00 00 00 00 00 00 00 00 00 00 00 00 00 00 00 00 00 ]]
[[ DATA: 00 00 00 00 00 00 00 00 00 00 00 00 00 00 00 00 00 00 00 00 ]]
[[ DATA: 00 00 00 00 00 00 00 00 00 00 00 00 00 00 00 00 00 00 00 00 ]]
[[ DATA: 00 00 00 00 00 00 00 00 00 00 00 00 00 00 00 00 00 00 00 00 ]]
[[ DATA: 00 00 00 00 00 00 00 00 00 00 00 00 00 00 00 00 00 00 00 00 ]]
[[ DATA: 00 00 00 00 00 00 00 00 00 00 00 00 00 00 00 00 00 00 00 00 ]]
[[ DATA: 00 00 00 00 00 00 00 00 00 00 00 00 00 00 00 00 00 00 00 00 ]]
[[ DATA: 00 00 00 00 00 00 00 00 00 00 00 00 00 00 00 00 00 00 00 00 ]]
[[ DATA: 00 00 00 00 00 00 00 00 00 00 00 00 00 00 00 00 00 00 00 00 ]]
[[ DATA: 00 00 00 00 00 00 00 00 00 00 00 00 00 00 00 00 00 00 00 00 ]]
[[ DATA: 00 00 00 00 00 00 00 00 00 00 00 00 D4 D3 D2 D1 ]]

[[ DevAlert Data Ended. Checksum: 6284 ]]

[[ DevAlert Data Begins ]]
[[ DATA: D1 D2 D3 D4 F0 0F 01 00 71 83 02 00 03 00 07 00 03 00 00 00 ]]
[[ DATA: 20 00 20 00 10 00 00 00 E8 03 00 00 24 44 55 4D 4D 59 5F 53 ]]
[[ DATA: 45 53 53 49 4F 4E 5F 49 44 00 00 00 00 00 00 00 00 00 00 00 ]]
[[ DATA: 00 00 00 00 24 44 55 4D 4D 59 5F 44 45 56 49 43 45 5F 49 44 ]]
[[ DATA: 00 00 00 00 00 00 00 00 00 00 00 00 00 00 00 00 64 66 6D 5F ]]
[[ DATA: 74 72 61 63 65 2E 70 73 66 73 00 00 00 00 00 00 00 00 00 00 ]]
[[ DATA: 00 00 00 00 00 00 00 00 00 00 00 00 00 00 00 00 00 00 00 00 ]]
[[ DATA: 00 00 00 00 00 00 00 00 00 00 00 00 00 00 00 00 00 00 00 00 ]]
[[ DATA: 00 00 00 00 00 00 00 00 00 00 00 00 00 00 00 00 00 00 00 00 ]]
[[ DATA: 00 00 00 00 00 00 00 00 00 00 00 00 00 00 00 00 00 00 00 00 ]]
[[ DATA: 00 00 00 00 00 00 00 00 00 00 00 00 00 00 00 00 00 00 00 00 ]]
[[ DATA: 00 00 00 00 00 00 00 00 00 00 00 00 00 00 00 00 00 00 00 00 ]]
[[ DATA: 00 00 00 00 00 00 00 00 00 00 00 00 00 00 00 00 00 00 00 00 ]]
[[ DATA: 00 00 00 00 00 00 00 00 00 00 00 00 00 00 00 00 00 00 00 00 ]]
[[ DATA: 00 00 00 00 00 00 00 00 00 00 00 00 00 00 00 00 00 00 00 00 ]]
[[ DATA: 00 00 00 00 00 00 00 00 00 00 00 00 00 00 00 00 00 00 00 00 ]]
[[ DATA: 00 00 00 00 00 00 00 00 00 00 00 00 00 00 00 00 00 00 00 00 ]]
[[ DATA: 00 00 00 00 00 00 00 00 00 00 00 00 00 00 00 00 00 00 00 00 ]]
[[ DATA: 00 00 00 00 00 00 00 00 00 00 00 00 00 00 00 00 00 00 00 00 ]]
[[ DATA: 00 00 00 00 00 00 00 00 00 00 00 00 00 00 00 00 00 00 00 00 ]]
[[ DATA: 00 00 00 00 00 00 00 00 00 00 00 00 00 00 00 00 00 00 00 00 ]]
[[ DATA: 00 00 00 00 00 00 00 00 00 00 00 00 00 00 00 00 00 00 00 00 ]]
[[ DATA: 00 00 00 00 00 00 00 00 00 00 00 00 00 00 00 00 00 00 00 00 ]]
[[ DATA: 00 00 00 00 00 00 00 00 00 00 00 00 00 00 00 00 00 00 00 00 ]]
[[ DATA: 00 00 00 00 00 00 00 00 00 00 00 00 00 00 00 00 00 00 00 00 ]]
[[ DATA: 00 00 00 00 00 00 00 00 00 00 00 00 00 00 00 00 00 00 00 00 ]]
[[ DATA: 00 00 00 00 00 00 00 00 00 00 00 00 00 00 00 00 00 00 00 00 ]]
[[ DATA: 00 00 00 00 00 00 00 00 00 00 00 00 00 00 00 00 00 00 00 00 ]]
[[ DATA: 00 00 00 00 00 00 00 00 00 00 00 00 00 00 00 00 00 00 00 00 ]]
[[ DATA: 00 00 00 00 00 00 00 00 00 00 00 00 00 00 00 00 00 00 00 00 ]]
[[ DATA: 00 00 00 00 0C 19 00 20 00 00 00 00 00 00 00 00 00 00 00 00 ]]
[[ DATA: 00 00 00 00 41 4C 45 52 54 00 00 00 00 00 00 00 00 00 00 00 ]]
[[ DATA: 00 00 00 00 00 00 00 00 00 00 00 00 3C 19 00 20 00 00 00 00 ]]
[[ DATA: 00 00 00 00 00 00 00 00 00 00 00 00 44 46 4D 20 54 65 73 74 ]]
[[ DATA: 73 00 00 00 00 00 00 00 00 00 00 00 00 00 00 00 00 00 00 00 ]]
[[ DATA: CC 2C 00 20 00 00 00 00 00 00 00 00 00 00 00 00 00 00 00 00 ]]
[[ DATA: 54 7A 43 74 72 6C 00 00 00 00 00 00 00 00 00 00 00 00 00 00 ]]
[[ DATA: 00 00 00 00 00 00 00 00 F0 0C 00 20 FF FF FF FF 00 00 00 00 ]]
[[ DATA: 00 00 00 00 00 00 00 00 73 79 73 77 6F 72 6B 71 00 00 00 00 ]]
[[ DATA: 00 00 00 00 00 00 00 00 00 00 00 00 00 00 00 00 90 0A 00 20 ]]
[[ DATA: 0F 00 00 00 00 00 00 00 00 00 00 00 00 00 00 00 69 64 6C 65 ]]
[[ DATA: 00 00 00 00 00 00 00 00 00 00 00 00 00 00 00 00 00 00 00 00 ]]
[[ DATA: 00 00 00 00 50 0B 00 20 00 00 00 00 00 00 00 00 00 00 00 00 ]]
[[ DATA: 00 00 00 00 6D 61 69 6E 00 00 00 00 00 00 00 00 00 00 00 00 ]]
[[ DATA: 00 00 00 00 00 00 00 00 00 00 00 00 00 10 00 00 BC 06 00 00 ]]
[[ DATA: 00 00 00 00 D4 0F 00 00 01 00 00 00 00 00 00 00 D4 0F 00 00 ]]
[[ DATA: 00 00 00 00 BC 06 00 00 00 00 00 00 00 00 00 00 5C 1A 00 20 ]]
[[ DATA: 01 10 01 00 E1 12 00 00 02 00 00 00 10 30 02 00 D5 52 00 00 ]]
[[ DATA: 50 0B 00 20 00 04 00 00 00 00 00 00 30 10 03 00 0F 57 00 00 ]]
[[ DATA: 50 0B 00 20 10 30 04 00 35 72 00 00 90 0A 00 20 40 01 00 00 ]]
[[ DATA: 0F 00 00 00 37 20 05 00 DF 76 00 00 50 0B 00 20 00 00 00 00 ]]
[[ DATA: 2F 51 06 00 54 7A 00 00 F0 0C 00 20 C8 54 00 20 00 04 00 00 ]]
[[ DATA: FF FF FF FF C8 E3 00 08 10 30 07 00 3F B6 00 00 F0 0C 00 20 ]]
[[ DATA: 00 04 00 00 FF FF FF FF 5D 11 08 00 1E BF 00 00 F0 0C 00 20 ]]
[[ DATA: 30 10 09 00 3B C2 00 00 F0 0C 00 20 37 20 0A 00 4A CB 00 00 ]]
[[ DATA: F0 0C 00 20 FF FF FF FF 37 20 0B 00 D4 D3 D2 D1 ]]

[[ DevAlert Data Ended. Checksum: 2232 ]]

[[ DevAlert Data Begins ]]
[[ DATA: D1 D2 D3 D4 F0 0F 01 00 71 83 02 00 04 00 07 00 03 00 00 00 ]]
[[ DATA: 20 00 20 00 10 00 00 00 E8 03 00 00 24 44 55 4D 4D 59 5F 53 ]]
[[ DATA: 45 53 53 49 4F 4E 5F 49 44 00 00 00 00 00 00 00 00 00 00 00 ]]
[[ DATA: 00 00 00 00 24 44 55 4D 4D 59 5F 44 45 56 49 43 45 5F 49 44 ]]
[[ DATA: 00 00 00 00 00 00 00 00 00 00 00 00 00 00 00 00 64 66 6D 5F ]]
[[ DATA: 74 72 61 63 65 2E 70 73 66 73 00 00 CB D6 00 00 50 0B 00 20 ]]
[[ DATA: 00 00 00 00 2E 11 0C 00 3A D9 00 00 F0 0C 00 20 10 30 0D 00 ]]
[[ DATA: B5 15 01 00 CC 2C 00 20 00 04 00 00 00 00 00 00 5D 11 0E 00 ]]
[[ DATA: 30 18 01 00 CC 2C 00 20 30 10 0F 00 14 1B 01 00 CC 2C 00 20 ]]
[[ DATA: 2A 10 10 00 D9 7A 04 00 E8 03 00 00 37 20 11 00 6A 88 04 00 ]]
[[ DATA: CC 2C 00 20 00 00 00 00 EA 20 12 00 26 9F 04 00 50 0B 00 20 ]]
[[ DATA: 6C 02 00 00 2A 10 13 00 54 A1 04 00 FA 00 00 00 37 20 14 00 ]]
[[ DATA: 1F AB 04 00 90 0A 00 20 0F 00 00 00 30 10 15 00 2A 40 67 02 ]]
[[ DATA: CC 2C 00 20 37 20 16 00 0C 4A 67 02 CC 2C 00 20 00 00 00 00 ]]
[[ DATA: 2B 10 17 00 78 4D 67 02 00 00 00 00 EA 20 18 00 F0 57 67 02 ]]
[[ DATA: 90 0A 00 20 F4 00 00 00 2A 10 19 00 0D 5A 67 02 FA 00 00 00 ]]
[[ DATA: 37 20 1A 00 E3 63 67 02 90 0A 00 20 0F 00 00 00 30 10 1B 00 ]]
[[ DATA: F7 0A CC 04 CC 2C 00 20 37 20 1C 00 B5 14 CC 04 CC 2C 00 20 ]]
[[ DATA: 00 00 00 00 2B 10 1D 00 F5 17 CC 04 00 00 00 00 EA 20 1E 00 ]]
[[ DATA: 69 32 CC 04 F0 0C 00 20 F4 02 00 00 2A 10 1F 00 80 34 CC 04 ]]
[[ DATA: FA 00 00 00 37 20 20 00 50 3E CC 04 90 0A 00 20 0F 00 00 00 ]]
[[ DATA: 30 10 21 00 F7 D5 30 07 CC 2C 00 20 37 20 22 00 B5 DF 30 07 ]]
[[ DATA: CC 2C 00 20 00 00 00 00 2B 10 23 00 F5 E2 30 07 00 00 00 00 ]]
[[ DATA: EA 20 24 00 A9 FF 30 07 CC 2C 00 20 3C 03 00 00 2A 10 25 00 ]]
[[ DATA: C0 01 31 07 FA 00 00 00 37 20 26 00 78 0A 31 07 90 0A 00 20 ]]
[[ DATA: 0F 00 00 00 30 10 27 00 F7 4D 8E 09 50 0B 00 20 37 20 28 00 ]]
[[ DATA: B5 57 8E 09 50 0B 00 20 00 00 00 00 2B 10 29 00 F5 5A 8E 09 ]]
[[ DATA: 00 00 00 00 03 40 2A 00 9B F0 93 09 3C 19 00 20 44 46 4D 20 ]]
[[ DATA: 54 65 73 74 73 00 54 52 30 10 2B 00 56 A1 95 09 CC 2C 00 20 ]]
[[ DATA: 92 50 2C 00 6C 96 97 09 3C 19 00 20 F1 03 00 00 54 25 75 20 ]]
[[ DATA: 42 45 47 49 4E 00 44 46 6A 10 2D 00 19 9A 97 09 C4 00 00 20 ]]
[[ DATA: 23 11 2E 00 60 9C 97 09 10 00 00 20 30 10 2F 00 53 A0 97 09 ]]
[[ DATA: F0 0C 00 20 37 20 30 00 76 A9 97 09 F0 0C 00 20 FF FF FF FF ]]
[[ DATA: 91 B0 31 00 98 AE 97 09 3C 19 00 20 54 31 30 30 39 20 50 41 ]]
[[ DATA: 54 48 20 61 70 70 5F 77 6F 72 6B 5F 68 61 6E 64 6C 65 72 20 ]]
[[ DATA: 2D 3E 20 73 65 72 76 69 63 65 00 57 92 70 32 00 2C B3 97 09 ]]
[[ DATA: 3C 19 00 20 09 00 00 00 54 31 30 30 39 20 44 41 54 41 20 76 ]]
[[ DATA: 61 6C 75 65 3D 25 75 00 03 30 33 00 1F F6 97 09 0C 19 00 20 ]]
[[ DATA: 41 4C 45 52 54 00 64 66 91 A0 34 00 42 FA 97 09 0C 19 00 20 ]]
[[ DATA: 54 65 73 74 20 31 30 30 39 20 61 74 20 74 65 73 74 5F 63 6F ]]
[[ DATA: 6E 74 65 78 74 73 2E 63 3A 31 30 38 00 00 00 00 51 20 35 00 ]]
[[ DATA: 21 C8 B2 0A C4 00 00 20 00 00 00 00 37 20 36 00 07 D5 B2 0A ]]
[[ DATA: 50 0B 00 20 00 00 00 00 22 21 37 00 78 D7 B2 0A 10 00 00 20 ]]
[[ DATA: 01 00 00 00 61 30 38 00 73 DA B2 0A C4 00 00 20 00 00 00 00 ]]
[[ DATA: 00 00 00 00 2A 10 39 00 4C C1 B9 0A 2C 01 00 00 37 20 3A 00 ]]
[[ DATA: F5 CE B9 0A CC 2C 00 20 00 00 00 00 2B 10 3B 00 51 D2 B9 0A ]]
[[ DATA: 00 00 00 00 EA 20 3C 00 9C E8 B9 0A 50 0B 00 20 6C 02 00 00 ]]
[[ DATA: 2A 10 3D 00 B4 EA B9 0A FA 00 00 00 37 20 3E 00 85 F4 B9 0A ]]
[[ DATA: 90 0A 00 20 0F 00 00 00 30 10 3F 00 2C F3 1C 0D CC 2C 00 20 ]]
[[ DATA: 37 20 40 00 1F FD 1C 0D CC 2C 00 20 00 00 00 00 2B 10 41 00 ]]
[[ DATA: 5F 00 1D 0D 00 00 00 00 EA 20 42 00 D3 0A 1D 0D 90 0A 00 20 ]]
[[ DATA: F4 00 00 00 2A 10 43 00 EA 0C 1D 0D FA 00 00 00 37 20 44 00 ]]
[[ DATA: A2 15 1D 0D 90 0A 00 20 0F 00 00 00 30 10 45 00 07 05 97 0D ]]
[[ DATA: 50 0B 00 20 37 20 46 00 35 0F 97 0D 50 0B 00 20 00 00 00 00 ]]
[[ DATA: 2B 10 47 00 75 12 97 0D 00 00 00 00 92 50 48 00 EE FD 97 0D ]]
[[ DATA: 3C 19 00 20 F3 03 00 00 54 25 75 20 D4 D3 D2 D1 ]]

[[ DevAlert Data Ended. Checksum: 38621 ]]

[[ DevAlert Data Begins ]]
[[ DATA: D1 D2 D3 D4 F0 0F 01 00 71 83 02 00 05 00 07 00 03 00 00 00 ]]
[[ DATA: 20 00 20 00 10 00 00 00 E8 03 00 00 24 44 55 4D 4D 59 5F 53 ]]
[[ DATA: 45 53 53 49 4F 4E 5F 49 44 00 00 00 00 00 00 00 00 00 00 00 ]]
[[ DATA: 00 00 00 00 24 44 55 4D 4D 59 5F 44 45 56 49 43 45 5F 49 44 ]]
[[ DATA: 00 00 00 00 00 00 00 00 00 00 00 00 00 00 00 00 64 66 6D 5F ]]
[[ DATA: 74 72 61 63 65 2E 70 73 66 73 00 00 42 45 47 49 4E 00 44 46 ]]
[[ DATA: 92 A0 49 00 AB 02 98 0D 3C 19 00 20 0B 00 00 00 54 31 30 31 ]]
[[ DATA: 31 20 44 41 54 41 20 63 61 6C 6C 62 61 63 6B 20 76 61 6C 75 ]]
[[ DATA: 65 3D 25 75 00 54 31 30 91 C0 4A 00 AC 07 98 0D 3C 19 00 20 ]]
[[ DATA: 54 31 30 31 31 20 50 41 54 48 20 63 61 6C 6C 62 61 63 6B 5F ]]
[[ DATA: 68 61 6E 64 6C 65 72 20 2D 3E 20 74 72 61 70 5F 73 69 74 65 ]]
[[ DATA: 00 54 31 30 91 A0 4B 00 9C 4D 98 0D 0C 19 00 20 54 65 73 74 ]]
[[ DATA: 20 31 30 31 31 20 61 74 20 74 65 73 74 5F 63 61 6C 6C 5F 63 ]]
[[ DATA: 68 61 69 6E 73 2E 63 3A 32 39 39 00 2A 10 4C 00 E6 89 B7 0E ]]
[[ DATA: 2C 01 00 00 37 20 4D 00 6A 93 B7 0E 90 0A 00 20 0F 00 00 00 ]]
[[ DATA: 30 10 4E 00 47 BE 81 0F CC 2C 00 20 37 20 4F 00 A8 C8 81 0F ]]
[[ DATA: CC 2C 00 20 00 00 00 00 2B 10 50 00 F8 CB 81 0F 00 00 00 00 ]]
[[ DATA: EA 20 51 00 7F E6 81 0F F0 0C 00 20 F4 02 00 00 2A 10 52 00 ]]
[[ DATA: 9C E8 81 0F FA 00 00 00 37 20 53 00 54 F1 81 0F 90 0A 00 20 ]]
[[ DATA: 0F 00 00 00 30 10 54 00 F6 F7 95 11 50 0B 00 20 37 20 55 00 ]]
[[ DATA: B4 01 96 11 50 0B 00 20 00 00 00 00 2B 10 56 00 F4 04 96 11 ]]
[[ DATA: 00 00 00 00 92 50 57 00 6D F0 96 11 3C 19 00 20 F6 03 00 00 ]]
[[ DATA: 54 25 75 20 42 45 47 49 4E 00 44 46 92 70 58 00 77 F4 96 11 ]]
[[ DATA: 3C 19 00 20 01 00 00 00 54 31 30 31 34 20 41 52 47 53 20 61 ]]
[[ DATA: 30 3D 25 75 00 54 31 30 92 70 59 00 20 F8 96 11 3C 19 00 20 ]]
[[ DATA: 06 00 00 00 54 31 30 31 34 20 41 52 47 53 20 61 35 3D 25 75 ]]
[[ DATA: 00 54 65 73 91 A0 5A 00 B0 FC 96 11 3C 19 00 20 54 31 30 31 ]]
[[ DATA: 34 20 50 41 54 48 20 70 75 62 6C 69 63 5F 61 70 69 20 2D 3E ]]
[[ DATA: 20 73 65 72 76 69 63 65 00 54 31 30 91 90 5B 00 2A 01 97 11 ]]
[[ DATA: 3C 19 00 20 54 31 30 31 34 20 50 41 54 48 20 73 65 72 76 69 ]]
[[ DATA: 63 65 20 2D 3E 20 74 72 61 70 5F 73 69 74 65 00 91 A0 5C 00 ]]
[[ DATA: 40 48 97 11 0C 19 00 20 54 65 73 74 20 31 30 31 34 20 61 74 ]]
[[ DATA: 20 74 65 73 74 5F 63 61 6C 6C 5F 63 68 61 69 6E 73 2E 63 3A ]]
[[ DATA: 33 32 00 00 00 00 00 00 00 00 00 00 00 00 00 00 00 00 00 00 ]]
[[ DATA: 00 00 00 00 00 00 00 00 00 00 00 00 00 00 00 00 00 00 00 00 ]]
[[ DATA: 00 00 00 00 00 00 00 00 00 00 00 00 00 00 00 00 00 00 00 00 ]]
[[ DATA: 00 00 00 00 00 00 00 00 00 00 00 00 00 00 00 00 00 00 00 00 ]]
[[ DATA: 00 00 00 00 00 00 00 00 00 00 00 00 00 00 00 00 00 00 00 00 ]]
[[ DATA: 00 00 00 00 00 00 00 00 00 00 00 00 00 00 00 00 00 00 00 00 ]]
[[ DATA: 00 00 00 00 00 00 00 00 00 00 00 00 00 00 00 00 00 00 00 00 ]]
[[ DATA: 00 00 00 00 00 00 00 00 00 00 00 00 00 00 00 00 00 00 00 00 ]]
[[ DATA: 00 00 00 00 00 00 00 00 00 00 00 00 00 00 00 00 00 00 00 00 ]]
[[ DATA: 00 00 00 00 00 00 00 00 00 00 00 00 00 00 00 00 00 00 00 00 ]]
[[ DATA: 00 00 00 00 00 00 00 00 00 00 00 00 00 00 00 00 00 00 00 00 ]]
[[ DATA: 00 00 00 00 00 00 00 00 00 00 00 00 00 00 00 00 00 00 00 00 ]]
[[ DATA: 00 00 00 00 00 00 00 00 00 00 00 00 00 00 00 00 00 00 00 00 ]]
[[ DATA: 00 00 00 00 00 00 00 00 00 00 00 00 00 00 00 00 00 00 00 00 ]]
[[ DATA: 00 00 00 00 00 00 00 00 00 00 00 00 00 00 00 00 00 00 00 00 ]]
[[ DATA: 00 00 00 00 00 00 00 00 00 00 00 00 00 00 00 00 00 00 00 00 ]]
[[ DATA: 00 00 00 00 00 00 00 00 00 00 00 00 00 00 00 00 00 00 00 00 ]]
[[ DATA: 00 00 00 00 00 00 00 00 00 00 00 00 00 00 00 00 00 00 00 00 ]]
[[ DATA: 00 00 00 00 00 00 00 00 00 00 00 00 00 00 00 00 00 00 00 00 ]]
[[ DATA: 00 00 00 00 00 00 00 00 00 00 00 00 00 00 00 00 00 00 00 00 ]]
[[ DATA: 00 00 00 00 00 00 00 00 00 00 00 00 00 00 00 00 00 00 00 00 ]]
[[ DATA: 00 00 00 00 00 00 00 00 00 00 00 00 00 00 00 00 00 00 00 00 ]]
[[ DATA: 00 00 00 00 00 00 00 00 00 00 00 00 D4 D3 D2 D1 ]]

[[ DevAlert Data Ended. Checksum: 31026 ]]

[[ DevAlert Data Begins ]]
[[ DATA: D1 D2 D3 D4 F0 0F 01 00 71 83 02 00 06 00 07 00 03 00 00 00 ]]
[[ DATA: 20 00 20 00 10 00 00 00 E8 03 00 00 24 44 55 4D 4D 59 5F 53 ]]
[[ DATA: 45 53 53 49 4F 4E 5F 49 44 00 00 00 00 00 00 00 00 00 00 00 ]]
[[ DATA: 00 00 00 00 24 44 55 4D 4D 59 5F 44 45 56 49 43 45 5F 49 44 ]]
[[ DATA: 00 00 00 00 00 00 00 00 00 00 00 00 00 00 00 00 64 66 6D 5F ]]
[[ DATA: 74 72 61 63 65 2E 70 73 66 73 00 00 00 00 00 00 00 00 00 00 ]]
[[ DATA: 00 00 00 00 00 00 00 00 00 00 00 00 00 00 00 00 00 00 00 00 ]]
[[ DATA: 00 00 00 00 00 00 00 00 00 00 00 00 00 00 00 00 00 00 00 00 ]]
[[ DATA: 00 00 00 00 00 00 00 00 00 00 00 00 00 00 00 00 00 00 00 00 ]]
[[ DATA: 00 00 00 00 00 00 00 00 00 00 00 00 00 00 00 00 00 00 00 00 ]]
[[ DATA: 00 00 00 00 00 00 00 00 00 00 00 00 00 00 00 00 00 00 00 00 ]]
[[ DATA: 00 00 00 00 00 00 00 00 00 00 00 00 00 00 00 00 00 00 00 00 ]]
[[ DATA: 00 00 00 00 00 00 00 00 00 00 00 00 00 00 00 00 00 00 00 00 ]]
[[ DATA: 00 00 00 00 00 00 00 00 00 00 00 00 00 00 00 00 00 00 00 00 ]]
[[ DATA: 00 00 00 00 00 00 00 00 00 00 00 00 00 00 00 00 00 00 00 00 ]]
[[ DATA: 00 00 00 00 00 00 00 00 00 00 00 00 00 00 00 00 00 00 00 00 ]]
[[ DATA: 00 00 00 00 00 00 00 00 00 00 00 00 00 00 00 00 00 00 00 00 ]]
[[ DATA: 00 00 00 00 00 00 00 00 00 00 00 00 00 00 00 00 00 00 00 00 ]]
[[ DATA: 00 00 00 00 00 00 00 00 00 00 00 00 00 00 00 00 00 00 00 00 ]]
[[ DATA: 00 00 00 00 00 00 00 00 00 00 00 00 00 00 00 00 00 00 00 00 ]]
[[ DATA: 00 00 00 00 00 00 00 00 00 00 00 00 00 00 00 00 00 00 00 00 ]]
[[ DATA: 00 00 00 00 00 00 00 00 00 00 00 00 00 00 00 00 00 00 00 00 ]]
[[ DATA: 00 00 00 00 00 00 00 00 00 00 00 00 00 00 00 00 00 00 00 00 ]]
[[ DATA: 00 00 00 00 00 00 00 00 00 00 00 00 00 00 00 00 00 00 00 00 ]]
[[ DATA: 00 00 00 00 00 00 00 00 00 00 00 00 00 00 00 00 00 00 00 00 ]]
[[ DATA: 00 00 00 00 00 00 00 00 00 00 00 00 00 00 00 00 00 00 00 00 ]]
[[ DATA: 00 00 00 00 00 00 00 00 00 00 00 00 00 00 00 00 00 00 00 00 ]]
[[ DATA: 00 00 00 00 00 00 00 00 00 00 00 00 00 00 00 00 00 00 00 00 ]]
[[ DATA: 00 00 00 00 00 00 00 00 00 00 00 00 00 00 00 00 00 00 00 00 ]]
[[ DATA: 00 00 00 00 00 00 00 00 00 00 00 00 00 00 00 00 00 00 00 00 ]]
[[ DATA: 00 00 00 00 00 00 00 00 00 00 00 00 00 00 00 00 00 00 00 00 ]]
[[ DATA: 00 00 00 00 00 00 00 00 00 00 00 00 00 00 00 00 00 00 00 00 ]]
[[ DATA: 00 00 00 00 00 00 00 00 00 00 00 00 00 00 00 00 00 00 00 00 ]]
[[ DATA: 00 00 00 00 00 00 00 00 00 00 00 00 00 00 00 00 00 00 00 00 ]]
[[ DATA: 00 00 00 00 00 00 00 00 00 00 00 00 00 00 00 00 00 00 00 00 ]]
[[ DATA: 00 00 00 00 00 00 00 00 00 00 00 00 00 00 00 00 00 00 00 00 ]]
[[ DATA: 00 00 00 00 00 00 00 00 00 00 00 00 00 00 00 00 00 00 00 00 ]]
[[ DATA: 00 00 00 00 00 00 00 00 00 00 00 00 00 00 00 00 00 00 00 00 ]]
[[ DATA: 00 00 00 00 00 00 00 00 00 00 00 00 00 00 00 00 00 00 00 00 ]]
[[ DATA: 00 00 00 00 00 00 00 00 00 00 00 00 00 00 00 00 00 00 00 00 ]]
[[ DATA: 00 00 00 00 00 00 00 00 00 00 00 00 00 00 00 00 00 00 00 00 ]]
[[ DATA: 00 00 00 00 00 00 00 00 00 00 00 00 00 00 00 00 00 00 00 00 ]]
[[ DATA: 00 00 00 00 00 00 00 00 00 00 00 00 00 00 00 00 00 00 00 00 ]]
[[ DATA: 00 00 00 00 00 00 00 00 00 00 00 00 00 00 00 00 00 00 00 00 ]]
[[ DATA: 00 00 00 00 00 00 00 00 00 00 00 00 00 00 00 00 00 00 00 00 ]]
[[ DATA: 00 00 00 00 00 00 00 00 00 00 00 00 00 00 00 00 00 00 00 00 ]]
[[ DATA: 00 00 00 00 00 00 00 00 00 00 00 00 00 00 00 00 00 00 00 00 ]]
[[ DATA: 00 00 00 00 00 00 00 00 00 00 00 00 00 00 00 00 00 00 00 00 ]]
[[ DATA: 00 00 00 00 00 00 00 00 00 00 00 00 00 00 00 00 00 00 00 00 ]]
[[ DATA: 00 00 00 00 00 00 00 00 00 00 00 00 00 00 00 00 00 00 00 00 ]]
[[ DATA: 00 00 00 00 00 00 00 00 00 00 00 00 00 00 00 00 00 00 00 00 ]]
[[ DATA: 00 00 00 00 00 00 00 00 00 00 00 00 00 00 00 00 00 00 00 00 ]]
[[ DATA: 00 00 00 00 00 00 00 00 00 00 00 00 00 00 00 00 00 00 00 00 ]]
[[ DATA: 00 00 00 00 00 00 00 00 00 00 00 00 00 00 00 00 00 00 00 00 ]]
[[ DATA: 00 00 00 00 00 00 00 00 00 00 00 00 00 00 00 00 00 00 00 00 ]]
[[ DATA: 00 00 00 00 00 00 00 00 00 00 00 00 D4 D3 D2 D1 ]]

[[ DevAlert Data Ended. Checksum: 23298 ]]

[[ DevAlert Data Begins ]]
[[ DATA: D1 D2 D3 D4 F0 0F 01 00 71 83 02 00 07 00 07 00 03 00 00 00 ]]
[[ DATA: 20 00 20 00 10 00 00 00 80 03 00 00 24 44 55 4D 4D 59 5F 53 ]]
[[ DATA: 45 53 53 49 4F 4E 5F 49 44 00 00 00 00 00 00 00 00 00 00 00 ]]
[[ DATA: 00 00 00 00 24 44 55 4D 4D 59 5F 44 45 56 49 43 45 5F 49 44 ]]
[[ DATA: 00 00 00 00 00 00 00 00 00 00 00 00 00 00 00 00 64 66 6D 5F ]]
[[ DATA: 74 72 61 63 65 2E 70 73 66 73 00 00 00 00 00 00 00 00 00 00 ]]
[[ DATA: 00 00 00 00 00 00 00 00 00 00 00 00 00 00 00 00 00 00 00 00 ]]
[[ DATA: 00 00 00 00 00 00 00 00 00 00 00 00 00 00 00 00 00 00 00 00 ]]
[[ DATA: 00 00 00 00 00 00 00 00 00 00 00 00 00 00 00 00 00 00 00 00 ]]
[[ DATA: 00 00 00 00 00 00 00 00 00 00 00 00 00 00 00 00 00 00 00 00 ]]
[[ DATA: 00 00 00 00 00 00 00 00 00 00 00 00 00 00 00 00 00 00 00 00 ]]
[[ DATA: 00 00 00 00 00 00 00 00 00 00 00 00 00 00 00 00 00 00 00 00 ]]
[[ DATA: 00 00 00 00 00 00 00 00 00 00 00 00 00 00 00 00 00 00 00 00 ]]
[[ DATA: 00 00 00 00 00 00 00 00 00 00 00 00 00 00 00 00 00 00 00 00 ]]
[[ DATA: 00 00 00 00 00 00 00 00 00 00 00 00 00 00 00 00 00 00 00 00 ]]
[[ DATA: 00 00 00 00 00 00 00 00 00 00 00 00 00 00 00 00 00 00 00 00 ]]
[[ DATA: 00 00 00 00 00 00 00 00 00 00 00 00 00 00 00 00 00 00 00 00 ]]
[[ DATA: 00 00 00 00 00 00 00 00 00 00 00 00 00 00 00 00 00 00 00 00 ]]
[[ DATA: 00 00 00 00 00 00 00 00 00 00 00 00 00 00 00 00 00 00 00 00 ]]
[[ DATA: 00 00 00 00 00 00 00 00 00 00 00 00 00 00 00 00 00 00 00 00 ]]
[[ DATA: 00 00 00 00 00 00 00 00 00 00 00 00 00 00 00 00 00 00 00 00 ]]
[[ DATA: 00 00 00 00 00 00 00 00 00 00 00 00 00 00 00 00 00 00 00 00 ]]
[[ DATA: 00 00 00 00 00 00 00 00 00 00 00 00 00 00 00 00 00 00 00 00 ]]
[[ DATA: 00 00 00 00 00 00 00 00 00 00 00 00 00 00 00 00 00 00 00 00 ]]
[[ DATA: 00 00 00 00 00 00 00 00 00 00 00 00 00 00 00 00 00 00 00 00 ]]
[[ DATA: 00 00 00 00 00 00 00 00 00 00 00 00 00 00 00 00 00 00 00 00 ]]
[[ DATA: 00 00 00 00 00 00 00 00 00 00 00 00 00 00 00 00 00 00 00 00 ]]
[[ DATA: 00 00 00 00 00 00 00 00 00 00 00 00 00 00 00 00 00 00 00 00 ]]
[[ DATA: 00 00 00 00 00 00 00 00 00 00 00 00 00 00 00 00 00 00 00 00 ]]
[[ DATA: 00 00 00 00 00 00 00 00 00 00 00 00 00 00 00 00 00 00 00 00 ]]
[[ DATA: 00 00 00 00 00 00 00 00 00 00 00 00 00 00 00 00 00 00 00 00 ]]
[[ DATA: 00 00 00 00 00 00 00 00 00 00 00 00 00 00 00 00 00 00 00 00 ]]
[[ DATA: 00 00 00 00 00 00 00 00 00 00 00 00 00 00 00 00 00 00 00 00 ]]
[[ DATA: 00 00 00 00 00 00 00 00 00 00 00 00 00 00 00 00 00 00 00 00 ]]
[[ DATA: 00 00 00 00 00 00 00 00 00 00 00 00 00 00 00 00 00 00 00 00 ]]
[[ DATA: 00 00 00 00 00 00 00 00 00 00 00 00 00 00 00 00 00 00 00 00 ]]
[[ DATA: 00 00 00 00 00 00 00 00 00 00 00 00 00 00 00 00 00 00 00 00 ]]
[[ DATA: 00 00 00 00 00 00 00 00 00 00 00 00 00 00 00 00 00 00 00 00 ]]
[[ DATA: 00 00 00 00 00 00 00 00 00 00 00 00 00 00 00 00 00 00 00 00 ]]
[[ DATA: 00 00 00 00 00 00 00 00 00 00 00 00 00 00 00 00 00 00 00 00 ]]
[[ DATA: 00 00 00 00 00 00 00 00 00 00 00 00 00 00 00 00 00 00 00 00 ]]
[[ DATA: 00 00 00 00 00 00 00 00 00 00 00 00 00 00 00 00 00 00 00 00 ]]
[[ DATA: 00 00 00 00 00 00 00 00 00 00 00 00 00 00 00 00 00 00 00 00 ]]
[[ DATA: 00 00 00 00 00 00 00 00 00 00 00 00 00 00 00 00 00 00 00 00 ]]
[[ DATA: 00 00 00 00 00 00 00 00 00 00 00 00 00 00 00 00 00 00 00 00 ]]
[[ DATA: 00 00 00 00 00 00 00 00 00 00 00 00 00 00 00 00 00 00 00 00 ]]
[[ DATA: 00 00 00 00 00 00 00 00 00 00 00 00 00 00 00 00 00 00 00 00 ]]
[[ DATA: 00 00 00 00 00 00 00 00 00 00 00 00 00 00 00 00 00 00 00 00 ]]
[[ DATA: 00 00 00 00 00 00 00 00 00 00 00 00 00 00 00 00 00 00 00 00 ]]
[[ DATA: 00 00 00 00 00 00 00 00 00 00 00 00 0A 0B 0C 0D 71 72 73 74 ]]
[[ DATA: F1 F2 F3 F4 00 00 00 00 D4 D3 D2 D1 ]]

[[ DevAlert Data Ended. Checksum: 25710 ]]
DFMT:RETURNED:1014:0
DFMT:BEGIN:1016:9

[[ DevAlert Data Begins ]]
[[ DATA: D1 D2 D3 D4 F0 0F 01 00 12 15 00 00 01 00 01 00 04 00 00 00 ]]
[[ DATA: 20 00 20 00 68 00 00 00 0C 01 00 00 24 44 55 4D 4D 59 5F 53 ]]
[[ DATA: 45 53 53 49 4F 4E 5F 49 44 00 00 00 00 00 00 00 00 00 00 00 ]]
[[ DATA: 00 00 00 00 24 44 55 4D 4D 59 5F 44 45 56 49 43 45 5F 49 44 ]]
[[ DATA: 00 00 00 00 00 00 00 00 00 00 00 00 00 00 00 00 54 65 73 74 ]]
[[ DATA: 20 31 30 31 36 41 20 61 74 20 74 65 73 74 5F 63 6F 6E 74 65 ]]
[[ DATA: 78 74 73 2E 63 3A 31 37 32 00 00 00 00 00 00 00 00 00 00 00 ]]
[[ DATA: 00 00 00 00 00 00 00 00 00 00 00 00 00 00 00 00 00 00 00 00 ]]
[[ DATA: 00 00 00 00 00 00 00 00 00 00 00 00 00 00 00 00 00 00 00 00 ]]
[[ DATA: 00 00 00 00 00 00 00 00 00 00 00 00 00 00 00 00 00 00 00 00 ]]
[[ DATA: 50 44 66 6D F0 0F 03 48 08 02 68 00 01 00 00 00 F8 03 00 00 ]]
[[ DATA: 02 00 00 00 28 06 00 00 04 00 00 00 AC 00 00 00 00 00 00 00 ]]
[[ DATA: 00 00 00 00 00 00 00 00 00 00 00 00 00 00 00 00 00 00 00 00 ]]
[[ DATA: 00 00 00 00 00 00 00 00 00 00 00 00 00 00 00 00 00 00 00 00 ]]
[[ DATA: 00 00 00 00 42 75 69 6C 64 2D 4D 33 2D 4F 73 00 00 00 00 00 ]]
[[ DATA: 00 00 00 00 00 00 00 00 00 00 00 00 00 00 00 00 00 00 00 00 ]]
[[ DATA: 00 00 00 00 00 00 00 00 00 00 00 00 00 00 00 00 00 00 00 00 ]]
[[ DATA: 00 00 00 00 00 00 00 00 00 00 00 00 00 00 00 00 54 65 73 74 ]]
[[ DATA: 20 31 30 31 36 41 20 61 74 20 74 65 73 74 5F 63 6F 6E 74 65 ]]
[[ DATA: 78 74 73 2E 63 3A 31 37 32 00 00 00 00 00 00 00 00 00 00 00 ]]
[[ DATA: 00 00 00 00 00 00 00 00 00 00 00 00 00 00 00 00 00 00 00 00 ]]
[[ DATA: 00 00 00 00 00 00 00 00 00 00 00 00 00 00 00 00 00 00 00 00 ]]
[[ DATA: 00 00 00 00 00 00 00 00 00 00 00 00 00 00 00 00 00 00 00 00 ]]
[[ DATA: 6D 66 44 50 00 00 00 00 D4 D3 D2 D1 ]]

[[ DevAlert Data Ended. Checksum: 33073 ]]

[[ DevAlert Data Begins ]]
[[ DATA: D1 D2 D3 D4 F0 0F 01 00 18 46 01 00 01 00 01 00 04 00 00 00 ]]
[[ DATA: 20 00 20 00 10 00 00 00 24 00 00 00 24 44 55 4D 4D 59 5F 53 ]]
[[ DATA: 45 53 53 49 4F 4E 5F 49 44 00 00 00 00 00 00 00 00 00 00 00 ]]
[[ DATA: 00 00 00 00 24 44 55 4D 4D 59 5F 44 45 56 49 43 45 5F 49 44 ]]
[[ DATA: 00 00 00 00 00 00 00 00 00 00 00 00 00 00 00 00 64 66 6D 5F ]]
[[ DATA: 74 72 61 63 65 2E 70 73 66 73 00 00 50 44 61 50 F0 0F 03 10 ]]
[[ DATA: F0 1A 00 00 64 66 6D 5F 74 72 61 63 65 2E 70 73 66 73 00 00 ]]
[[ DATA: 50 61 44 50 00 00 00 00 D4 D3 D2 D1 ]]

[[ DevAlert Data Ended. Checksum: 28334 ]]

[[ DevAlert Data Begins ]]
[[ DATA: D1 D2 D3 D4 F0 0F 01 00 71 83 01 00 01 00 07 00 04 00 00 00 ]]
[[ DATA: 20 00 20 00 10 00 00 00 E8 03 00 00 24 44 55 4D 4D 59 5F 53 ]]
[[ DATA: 45 53 53 49 4F 4E 5F 49 44 00 00 00 00 00 00 00 00 00 00 00 ]]
[[ DATA: 00 00 00 00 24 44 55 4D 4D 59 5F 44 45 56 49 43 45 5F 49 44 ]]
[[ DATA: 00 00 00 00 00 00 00 00 00 00 00 00 00 00 00 00 64 66 6D 5F ]]
[[ DATA: 74 72 61 63 65 2E 70 73 66 73 00 00 30 1A 00 20 00 00 00 00 ]]
[[ DATA: 05 06 07 08 75 76 77 78 F5 F6 F7 F8 00 46 53 50 0E 00 A9 9A ]]
[[ DATA: 00 00 00 00 01 03 00 00 00 00 00 00 00 00 03 04 5A 65 70 68 ]]
[[ DATA: 79 72 00 00 01 00 00 00 00 71 02 00 00 68 89 09 00 00 00 00 ]]
[[ DATA: E8 03 00 00 6F 33 FC 14 00 00 00 00 38 00 00 00 1C 00 00 00 ]]
[[ DATA: 03 00 00 00 AC 0F 00 20 63 00 04 04 88 01 00 00 3A 01 00 00 ]]
[[ DATA: 00 00 00 40 73 79 73 63 61 6C 6C 73 00 00 00 00 00 00 00 00 ]]
[[ DATA: 00 00 00 00 00 00 00 00 00 00 00 00 00 00 00 00 00 00 00 00 ]]
[[ DATA: 00 00 00 00 00 00 00 00 00 00 00 00 00 00 00 00 00 00 00 00 ]]
[[ DATA: 00 00 00 00 00 00 00 00 00 00 00 00 00 00 00 00 00 00 00 00 ]]
[[ DATA: 00 00 00 00 00 00 00 00 00 00 00 00 00 00 00 00 00 00 00 00 ]]
[[ DATA: 00 00 00 00 00 00 00 00 00 00 00 00 00 00 00 00 00 00 00 00 ]]
[[ DATA: 00 00 00 00 00 00 00 00 00 00 00 00 00 00 00 00 00 00 00 00 ]]
[[ DATA: 00 00 00 00 00 00 00 00 00 00 00 00 00 00 00 00 00 00 00 00 ]]
[[ DATA: 00 00 00 00 00 00 00 00 00 00 00 00 00 00 00 00 00 00 00 00 ]]
[[ DATA: 00 00 00 00 00 00 00 00 00 00 00 00 00 00 00 00 00 00 00 00 ]]
[[ DATA: 00 00 00 00 00 00 00 00 00 00 00 00 00 00 00 00 00 00 00 00 ]]
[[ DATA: 00 00 00 00 00 00 00 00 00 00 00 00 00 00 00 00 00 00 00 00 ]]
[[ DATA: 00 00 00 00 00 00 00 00 00 00 00 00 00 00 00 00 00 00 00 00 ]]
[[ DATA: 00 00 00 00 00 00 00 00 00 00 00 00 00 00 00 00 00 00 00 00 ]]
[[ DATA: 00 00 00 00 00 00 00 00 00 00 00 00 00 00 00 00 00 00 00 00 ]]
[[ DATA: 00 00 00 00 00 00 00 00 00 00 00 00 00 00 00 00 00 00 00 00 ]]
[[ DATA: 00 00 00 00 00 00 00 00 00 00 00 00 00 00 00 00 00 00 00 00 ]]
[[ DATA: 00 00 00 00 00 00 00 00 00 00 00 00 00 00 00 00 00 00 00 00 ]]
[[ DATA: 00 00 00 00 00 00 00 00 00 00 00 00 00 00 00 00 00 00 00 00 ]]
[[ DATA: 00 00 00 00 00 00 00 00 00 00 00 00 00 00 00 00 00 00 00 00 ]]
[[ DATA: 00 00 00 00 00 00 00 00 00 00 00 00 00 00 00 00 00 00 00 00 ]]
[[ DATA: 00 00 00 00 00 00 00 00 00 00 00 00 00 00 00 00 00 00 00 00 ]]
[[ DATA: 00 00 00 00 00 00 00 00 00 00 00 00 00 00 00 00 00 00 00 00 ]]
[[ DATA: 00 00 00 00 00 00 00 00 00 00 00 00 00 00 00 00 00 00 00 00 ]]
[[ DATA: 00 00 00 00 00 00 00 00 00 00 00 00 00 00 00 00 00 00 00 00 ]]
[[ DATA: 00 00 00 00 00 00 00 00 00 00 00 00 00 00 00 00 00 00 00 00 ]]
[[ DATA: 00 00 00 00 00 00 00 00 00 00 00 00 00 00 00 00 00 00 00 00 ]]
[[ DATA: 00 00 00 00 00 00 00 00 00 00 00 00 00 00 00 00 00 00 00 00 ]]
[[ DATA: 00 00 00 00 00 00 00 00 00 00 00 00 00 00 00 00 00 00 00 00 ]]
[[ DATA: 00 00 00 00 00 00 00 00 00 00 00 00 00 00 00 00 00 00 00 00 ]]
[[ DATA: 00 00 00 00 00 00 00 00 00 00 00 00 00 00 00 00 00 00 00 00 ]]
[[ DATA: 00 00 00 00 00 00 00 00 00 00 00 00 00 00 00 00 00 00 00 00 ]]
[[ DATA: 00 00 00 00 00 00 00 00 00 00 00 00 00 00 00 00 00 00 00 00 ]]
[[ DATA: 00 00 00 00 00 00 00 00 00 00 00 00 00 00 00 00 00 00 00 00 ]]
[[ DATA: 00 00 00 00 00 00 00 00 00 00 00 00 00 00 00 00 00 00 00 00 ]]
[[ DATA: 00 00 00 00 00 00 00 00 00 00 00 00 00 00 00 00 00 00 00 00 ]]
[[ DATA: 00 00 00 00 00 00 00 00 00 00 00 00 00 00 00 00 00 00 00 00 ]]
[[ DATA: 00 00 00 00 00 00 00 00 00 00 00 00 00 00 00 00 00 00 00 00 ]]
[[ DATA: 00 00 00 00 00 00 00 00 00 00 00 00 00 00 00 00 00 00 00 00 ]]
[[ DATA: 00 00 00 00 00 00 00 00 00 00 00 00 00 00 00 00 00 00 00 00 ]]
[[ DATA: 00 00 00 00 00 00 00 00 00 00 00 00 00 00 00 00 00 00 00 00 ]]
[[ DATA: 00 00 00 00 00 00 00 00 00 00 00 00 00 00 00 00 00 00 00 00 ]]
[[ DATA: 00 00 00 00 00 00 00 00 00 00 00 00 00 00 00 00 00 00 00 00 ]]
[[ DATA: 00 00 00 00 00 00 00 00 00 00 00 00 00 00 00 00 00 00 00 00 ]]
[[ DATA: 00 00 00 00 00 00 00 00 00 00 00 00 D4 D3 D2 D1 ]]

[[ DevAlert Data Ended. Checksum: 23434 ]]

[[ DevAlert Data Begins ]]
[[ DATA: D1 D2 D3 D4 F0 0F 01 00 71 83 01 00 02 00 07 00 04 00 00 00 ]]
[[ DATA: 20 00 20 00 10 00 00 00 E8 03 00 00 24 44 55 4D 4D 59 5F 53 ]]
[[ DATA: 45 53 53 49 4F 4E 5F 49 44 00 00 00 00 00 00 00 00 00 00 00 ]]
[[ DATA: 00 00 00 00 24 44 55 4D 4D 59 5F 44 45 56 49 43 45 5F 49 44 ]]
[[ DATA: 00 00 00 00 00 00 00 00 00 00 00 00 00 00 00 00 64 66 6D 5F ]]
[[ DATA: 74 72 61 63 65 2E 70 73 66 73 00 00 00 00 00 00 00 00 00 00 ]]
[[ DATA: 00 00 00 00 00 00 00 00 00 00 00 00 00 00 00 00 00 00 00 00 ]]
[[ DATA: 00 00 00 00 00 00 00 00 00 00 00 00 00 00 00 00 00 00 00 00 ]]
[[ DATA: 00 00 00 00 00 00 00 00 00 00 00 00 00 00 00 00 00 00 00 00 ]]
[[ DATA: 00 00 00 00 00 00 00 00 00 00 00 00 00 00 00 00 00 00 00 00 ]]
[[ DATA: 00 00 00 00 00 00 00 00 00 00 00 00 00 00 00 00 00 00 00 00 ]]
[[ DATA: 00 00 00 00 00 00 00 00 00 00 00 00 00 00 00 00 00 00 00 00 ]]
[[ DATA: 00 00 00 00 00 00 00 00 00 00 00 00 00 00 00 00 00 00 00 00 ]]
[[ DATA: 00 00 00 00 00 00 00 00 00 00 00 00 00 00 00 00 00 00 00 00 ]]
[[ DATA: 00 00 00 00 00 00 00 00 00 00 00 00 00 00 00 00 00 00 00 00 ]]
[[ DATA: 00 00 00 00 00 00 00 00 00 00 00 00 00 00 00 00 00 00 00 00 ]]
[[ DATA: 00 00 00 00 00 00 00 00 00 00 00 00 00 00 00 00 00 00 00 00 ]]
[[ DATA: 00 00 00 00 00 00 00 00 00 00 00 00 00 00 00 00 00 00 00 00 ]]
[[ DATA: 00 00 00 00 00 00 00 00 00 00 00 00 00 00 00 00 00 00 00 00 ]]
[[ DATA: 00 00 00 00 00 00 00 00 00 00 00 00 00 00 00 00 00 00 00 00 ]]
[[ DATA: 00 00 00 00 00 00 00 00 00 00 00 00 00 00 00 00 00 00 00 00 ]]
[[ DATA: 00 00 00 00 00 00 00 00 00 00 00 00 00 00 00 00 00 00 00 00 ]]
[[ DATA: 00 00 00 00 00 00 00 00 00 00 00 00 00 00 00 00 00 00 00 00 ]]
[[ DATA: 00 00 00 00 00 00 00 00 00 00 00 00 00 00 00 00 00 00 00 00 ]]
[[ DATA: 00 00 00 00 00 00 00 00 00 00 00 00 00 00 00 00 00 00 00 00 ]]
[[ DATA: 00 00 00 00 00 00 00 00 00 00 00 00 00 00 00 00 00 00 00 00 ]]
[[ DATA: 00 00 00 00 00 00 00 00 00 00 00 00 00 00 00 00 00 00 00 00 ]]
[[ DATA: 00 00 00 00 00 00 00 00 00 00 00 00 00 00 00 00 00 00 00 00 ]]
[[ DATA: 00 00 00 00 00 00 00 00 00 00 00 00 00 00 00 00 00 00 00 00 ]]
[[ DATA: 00 00 00 00 00 00 00 00 00 00 00 00 00 00 00 00 00 00 00 00 ]]
[[ DATA: 00 00 00 00 00 00 00 00 00 00 00 00 00 00 00 00 00 00 00 00 ]]
[[ DATA: 00 00 00 00 00 00 00 00 00 00 00 00 00 00 00 00 00 00 00 00 ]]
[[ DATA: 00 00 00 00 00 00 00 00 00 00 00 00 00 00 00 00 00 00 00 00 ]]
[[ DATA: 00 00 00 00 00 00 00 00 00 00 00 00 00 00 00 00 00 00 00 00 ]]
[[ DATA: 00 00 00 00 00 00 00 00 00 00 00 00 00 00 00 00 00 00 00 00 ]]
[[ DATA: 00 00 00 00 00 00 00 00 00 00 00 00 00 00 00 00 00 00 00 00 ]]
[[ DATA: 00 00 00 00 00 00 00 00 00 00 00 00 00 00 00 00 00 00 00 00 ]]
[[ DATA: 00 00 00 00 00 00 00 00 00 00 00 00 00 00 00 00 00 00 00 00 ]]
[[ DATA: 00 00 00 00 00 00 00 00 00 00 00 00 00 00 00 00 00 00 00 00 ]]
[[ DATA: 00 00 00 00 00 00 00 00 00 00 00 00 00 00 00 00 00 00 00 00 ]]
[[ DATA: 00 00 00 00 00 00 00 00 00 00 00 00 00 00 00 00 00 00 00 00 ]]
[[ DATA: 00 00 00 00 00 00 00 00 00 00 00 00 00 00 00 00 00 00 00 00 ]]
[[ DATA: 00 00 00 00 00 00 00 00 00 00 00 00 00 00 00 00 00 00 00 00 ]]
[[ DATA: 00 00 00 00 00 00 00 00 00 00 00 00 00 00 00 00 00 00 00 00 ]]
[[ DATA: 00 00 00 00 00 00 00 00 00 00 00 00 00 00 00 00 00 00 00 00 ]]
[[ DATA: 00 00 00 00 00 00 00 00 00 00 00 00 00 00 00 00 00 00 00 00 ]]
[[ DATA: 00 00 00 00 00 00 00 00 00 00 00 00 00 00 00 00 00 00 00 00 ]]
[[ DATA: 00 00 00 00 00 00 00 00 00 00 00 00 00 00 00 00 00 00 00 00 ]]
[[ DATA: 00 00 00 00 00 00 00 00 00 00 00 00 00 00 00 00 00 00 00 00 ]]
[[ DATA: 00 00 00 00 00 00 00 00 00 00 00 00 00 00 00 00 00 00 00 00 ]]
[[ DATA: 00 00 00 00 00 00 00 00 00 00 00 00 00 00 00 00 00 00 00 00 ]]
[[ DATA: 00 00 00 00 00 00 00 00 00 00 00 00 00 00 00 00 00 00 00 00 ]]
[[ DATA: 00 00 00 00 00 00 00 00 00 00 00 00 00 00 00 00 00 00 00 00 ]]
[[ DATA: 00 00 00 00 00 00 00 00 00 00 00 00 00 00 00 00 00 00 00 00 ]]
[[ DATA: 00 00 00 00 00 00 00 00 00 00 00 00 00 00 00 00 00 00 00 00 ]]
[[ DATA: 00 00 00 00 00 00 00 00 00 00 00 00 D4 D3 D2 D1 ]]

[[ DevAlert Data Ended. Checksum: 61787 ]]

[[ DevAlert Data Begins ]]
[[ DATA: D1 D2 D3 D4 F0 0F 01 00 71 83 01 00 03 00 07 00 04 00 00 00 ]]
[[ DATA: 20 00 20 00 10 00 00 00 E8 03 00 00 24 44 55 4D 4D 59 5F 53 ]]
[[ DATA: 45 53 53 49 4F 4E 5F 49 44 00 00 00 00 00 00 00 00 00 00 00 ]]
[[ DATA: 00 00 00 00 24 44 55 4D 4D 59 5F 44 45 56 49 43 45 5F 49 44 ]]
[[ DATA: 00 00 00 00 00 00 00 00 00 00 00 00 00 00 00 00 64 66 6D 5F ]]
[[ DATA: 74 72 61 63 65 2E 70 73 66 73 00 00 00 00 00 00 00 00 00 00 ]]
[[ DATA: 00 00 00 00 00 00 00 00 00 00 00 00 00 00 00 00 00 00 00 00 ]]
[[ DATA: 00 00 00 00 00 00 00 00 00 00 00 00 00 00 00 00 00 00 00 00 ]]
[[ DATA: 00 00 00 00 00 00 00 00 00 00 00 00 00 00 00 00 00 00 00 00 ]]
[[ DATA: 00 00 00 00 00 00 00 00 00 00 00 00 00 00 00 00 00 00 00 00 ]]
[[ DATA: 00 00 00 00 00 00 00 00 00 00 00 00 00 00 00 00 00 00 00 00 ]]
[[ DATA: 00 00 00 00 00 00 00 00 00 00 00 00 00 00 00 00 00 00 00 00 ]]
[[ DATA: 00 00 00 00 00 00 00 00 00 00 00 00 00 00 00 00 00 00 00 00 ]]
[[ DATA: 00 00 00 00 00 00 00 00 00 00 00 00 00 00 00 00 00 00 00 00 ]]
[[ DATA: 00 00 00 00 00 00 00 00 00 00 00 00 00 00 00 00 00 00 00 00 ]]
[[ DATA: 00 00 00 00 00 00 00 00 00 00 00 00 00 00 00 00 00 00 00 00 ]]
[[ DATA: 00 00 00 00 00 00 00 00 00 00 00 00 00 00 00 00 00 00 00 00 ]]
[[ DATA: 00 00 00 00 00 00 00 00 00 00 00 00 00 00 00 00 00 00 00 00 ]]
[[ DATA: 00 00 00 00 00 00 00 00 00 00 00 00 00 00 00 00 00 00 00 00 ]]
[[ DATA: 00 00 00 00 00 00 00 00 00 00 00 00 00 00 00 00 00 00 00 00 ]]
[[ DATA: 00 00 00 00 00 00 00 00 00 00 00 00 00 00 00 00 00 00 00 00 ]]
[[ DATA: 00 00 00 00 00 00 00 00 00 00 00 00 00 00 00 00 00 00 00 00 ]]
[[ DATA: 00 00 00 00 00 00 00 00 00 00 00 00 00 00 00 00 00 00 00 00 ]]
[[ DATA: 00 00 00 00 00 00 00 00 00 00 00 00 00 00 00 00 00 00 00 00 ]]
[[ DATA: 00 00 00 00 00 00 00 00 00 00 00 00 00 00 00 00 00 00 00 00 ]]
[[ DATA: 00 00 00 00 00 00 00 00 00 00 00 00 00 00 00 00 00 00 00 00 ]]
[[ DATA: 00 00 00 00 00 00 00 00 00 00 00 00 00 00 00 00 00 00 00 00 ]]
[[ DATA: 00 00 00 00 00 00 00 00 00 00 00 00 00 00 00 00 00 00 00 00 ]]
[[ DATA: 00 00 00 00 00 00 00 00 00 00 00 00 00 00 00 00 00 00 00 00 ]]
[[ DATA: 00 00 00 00 00 00 00 00 00 00 00 00 00 00 00 00 00 00 00 00 ]]
[[ DATA: 00 00 00 00 0C 19 00 20 00 00 00 00 00 00 00 00 00 00 00 00 ]]
[[ DATA: 00 00 00 00 41 4C 45 52 54 00 00 00 00 00 00 00 00 00 00 00 ]]
[[ DATA: 00 00 00 00 00 00 00 00 00 00 00 00 3C 19 00 20 00 00 00 00 ]]
[[ DATA: 00 00 00 00 00 00 00 00 00 00 00 00 44 46 4D 20 54 65 73 74 ]]
[[ DATA: 73 00 00 00 00 00 00 00 00 00 00 00 00 00 00 00 00 00 00 00 ]]
[[ DATA: CC 2C 00 20 00 00 00 00 00 00 00 00 00 00 00 00 00 00 00 00 ]]
[[ DATA: 54 7A 43 74 72 6C 00 00 00 00 00 00 00 00 00 00 00 00 00 00 ]]
[[ DATA: 00 00 00 00 00 00 00 00 F0 0C 00 20 FF FF FF FF 00 00 00 00 ]]
[[ DATA: 00 00 00 00 00 00 00 00 73 79 73 77 6F 72 6B 71 00 00 00 00 ]]
[[ DATA: 00 00 00 00 00 00 00 00 00 00 00 00 00 00 00 00 90 0A 00 20 ]]
[[ DATA: 0F 00 00 00 00 00 00 00 00 00 00 00 00 00 00 00 69 64 6C 65 ]]
[[ DATA: 00 00 00 00 00 00 00 00 00 00 00 00 00 00 00 00 00 00 00 00 ]]
[[ DATA: 00 00 00 00 50 0B 00 20 00 00 00 00 00 00 00 00 00 00 00 00 ]]
[[ DATA: 00 00 00 00 6D 61 69 6E 00 00 00 00 00 00 00 00 00 00 00 00 ]]
[[ DATA: 00 00 00 00 00 00 00 00 00 00 00 00 00 10 00 00 5C 08 00 00 ]]
[[ DATA: 00 00 00 00 D4 0F 00 00 01 00 00 00 00 00 00 00 D4 0F 00 00 ]]
[[ DATA: 00 00 00 00 5C 08 00 00 00 00 00 00 00 00 00 00 5C 1A 00 20 ]]
[[ DATA: 01 10 01 00 E1 12 00 00 02 00 00 00 10 30 02 00 D5 52 00 00 ]]
[[ DATA: 50 0B 00 20 00 04 00 00 00 00 00 00 30 10 03 00 0F 57 00 00 ]]
[[ DATA: 50 0B 00 20 10 30 04 00 35 72 00 00 90 0A 00 20 40 01 00 00 ]]
[[ DATA: 0F 00 00 00 37 20 05 00 DF 76 00 00 50 0B 00 20 00 00 00 00 ]]
[[ DATA: 2F 51 06 00 54 7A 00 00 F0 0C 00 20 C8 54 00 20 00 04 00 00 ]]
[[ DATA: FF FF FF FF C8 E3 00 08 10 30 07 00 3F B6 00 00 F0 0C 00 20 ]]
[[ DATA: 00 04 00 00 FF FF FF FF 5D 11 08 00 1E BF 00 00 F0 0C 00 20 ]]
[[ DATA: 30 10 09 00 3B C2 00 00 F0 0C 00 20 37 20 0A 00 4A CB 00 00 ]]
[[ DATA: F0 0C 00 20 FF FF FF FF 37 20 0B 00 D4 D3 D2 D1 ]]

[[ DevAlert Data Ended. Checksum: 19765 ]]

[[ DevAlert Data Begins ]]
[[ DATA: D1 D2 D3 D4 F0 0F 01 00 71 83 01 00 04 00 07 00 04 00 00 00 ]]
[[ DATA: 20 00 20 00 10 00 00 00 E8 03 00 00 24 44 55 4D 4D 59 5F 53 ]]
[[ DATA: 45 53 53 49 4F 4E 5F 49 44 00 00 00 00 00 00 00 00 00 00 00 ]]
[[ DATA: 00 00 00 00 24 44 55 4D 4D 59 5F 44 45 56 49 43 45 5F 49 44 ]]
[[ DATA: 00 00 00 00 00 00 00 00 00 00 00 00 00 00 00 00 64 66 6D 5F ]]
[[ DATA: 74 72 61 63 65 2E 70 73 66 73 00 00 CB D6 00 00 50 0B 00 20 ]]
[[ DATA: 00 00 00 00 2E 11 0C 00 3A D9 00 00 F0 0C 00 20 10 30 0D 00 ]]
[[ DATA: B5 15 01 00 CC 2C 00 20 00 04 00 00 00 00 00 00 5D 11 0E 00 ]]
[[ DATA: 30 18 01 00 CC 2C 00 20 30 10 0F 00 14 1B 01 00 CC 2C 00 20 ]]
[[ DATA: 2A 10 10 00 D9 7A 04 00 E8 03 00 00 37 20 11 00 6A 88 04 00 ]]
[[ DATA: CC 2C 00 20 00 00 00 00 EA 20 12 00 26 9F 04 00 50 0B 00 20 ]]
[[ DATA: 6C 02 00 00 2A 10 13 00 54 A1 04 00 FA 00 00 00 37 20 14 00 ]]
[[ DATA: 1F AB 04 00 90 0A 00 20 0F 00 00 00 30 10 15 00 2A 40 67 02 ]]
[[ DATA: CC 2C 00 20 37 20 16 00 0C 4A 67 02 CC 2C 00 20 00 00 00 00 ]]
[[ DATA: 2B 10 17 00 78 4D 67 02 00 00 00 00 EA 20 18 00 F0 57 67 02 ]]
[[ DATA: 90 0A 00 20 F4 00 00 00 2A 10 19 00 0D 5A 67 02 FA 00 00 00 ]]
[[ DATA: 37 20 1A 00 E3 63 67 02 90 0A 00 20 0F 00 00 00 30 10 1B 00 ]]
[[ DATA: F7 0A CC 04 CC 2C 00 20 37 20 1C 00 B5 14 CC 04 CC 2C 00 20 ]]
[[ DATA: 00 00 00 00 2B 10 1D 00 F5 17 CC 04 00 00 00 00 EA 20 1E 00 ]]
[[ DATA: 69 32 CC 04 F0 0C 00 20 F4 02 00 00 2A 10 1F 00 80 34 CC 04 ]]
[[ DATA: FA 00 00 00 37 20 20 00 50 3E CC 04 90 0A 00 20 0F 00 00 00 ]]
[[ DATA: 30 10 21 00 F7 D5 30 07 CC 2C 00 20 37 20 22 00 B5 DF 30 07 ]]
[[ DATA: CC 2C 00 20 00 00 00 00 2B 10 23 00 F5 E2 30 07 00 00 00 00 ]]
[[ DATA: EA 20 24 00 A9 FF 30 07 CC 2C 00 20 3C 03 00 00 2A 10 25 00 ]]
[[ DATA: C0 01 31 07 FA 00 00 00 37 20 26 00 78 0A 31 07 90 0A 00 20 ]]
[[ DATA: 0F 00 00 00 30 10 27 00 F7 4D 8E 09 50 0B 00 20 37 20 28 00 ]]
[[ DATA: B5 57 8E 09 50 0B 00 20 00 00 00 00 2B 10 29 00 F5 5A 8E 09 ]]
[[ DATA: 00 00 00 00 03 40 2A 00 9B F0 93 09 3C 19 00 20 44 46 4D 20 ]]
[[ DATA: 54 65 73 74 73 00 54 52 30 10 2B 00 56 A1 95 09 CC 2C 00 20 ]]
[[ DATA: 92 50 2C 00 6C 96 97 09 3C 19 00 20 F1 03 00 00 54 25 75 20 ]]
[[ DATA: 42 45 47 49 4E 00 44 46 6A 10 2D 00 19 9A 97 09 C4 00 00 20 ]]
[[ DATA: 23 11 2E 00 60 9C 97 09 10 00 00 20 30 10 2F 00 53 A0 97 09 ]]
[[ DATA: F0 0C 00 20 37 20 30 00 76 A9 97 09 F0 0C 00 20 FF FF FF FF ]]
[[ DATA: 91 B0 31 00 98 AE 97 09 3C 19 00 20 54 31 30 30 39 20 50 41 ]]
[[ DATA: 54 48 20 61 70 70 5F 77 6F 72 6B 5F 68 61 6E 64 6C 65 72 20 ]]
[[ DATA: 2D 3E 20 73 65 72 76 69 63 65 00 57 92 70 32 00 2C B3 97 09 ]]
[[ DATA: 3C 19 00 20 09 00 00 00 54 31 30 30 39 20 44 41 54 41 20 76 ]]
[[ DATA: 61 6C 75 65 3D 25 75 00 03 30 33 00 1F F6 97 09 0C 19 00 20 ]]
[[ DATA: 41 4C 45 52 54 00 64 66 91 A0 34 00 42 FA 97 09 0C 19 00 20 ]]
[[ DATA: 54 65 73 74 20 31 30 30 39 20 61 74 20 74 65 73 74 5F 63 6F ]]
[[ DATA: 6E 74 65 78 74 73 2E 63 3A 31 30 38 00 00 00 00 51 20 35 00 ]]
[[ DATA: 21 C8 B2 0A C4 00 00 20 00 00 00 00 37 20 36 00 07 D5 B2 0A ]]
[[ DATA: 50 0B 00 20 00 00 00 00 22 21 37 00 78 D7 B2 0A 10 00 00 20 ]]
[[ DATA: 01 00 00 00 61 30 38 00 73 DA B2 0A C4 00 00 20 00 00 00 00 ]]
[[ DATA: 00 00 00 00 2A 10 39 00 4C C1 B9 0A 2C 01 00 00 37 20 3A 00 ]]
[[ DATA: F5 CE B9 0A CC 2C 00 20 00 00 00 00 2B 10 3B 00 51 D2 B9 0A ]]
[[ DATA: 00 00 00 00 EA 20 3C 00 9C E8 B9 0A 50 0B 00 20 6C 02 00 00 ]]
[[ DATA: 2A 10 3D 00 B4 EA B9 0A FA 00 00 00 37 20 3E 00 85 F4 B9 0A ]]
[[ DATA: 90 0A 00 20 0F 00 00 00 30 10 3F 00 2C F3 1C 0D CC 2C 00 20 ]]
[[ DATA: 37 20 40 00 1F FD 1C 0D CC 2C 00 20 00 00 00 00 2B 10 41 00 ]]
[[ DATA: 5F 00 1D 0D 00 00 00 00 EA 20 42 00 D3 0A 1D 0D 90 0A 00 20 ]]
[[ DATA: F4 00 00 00 2A 10 43 00 EA 0C 1D 0D FA 00 00 00 37 20 44 00 ]]
[[ DATA: A2 15 1D 0D 90 0A 00 20 0F 00 00 00 30 10 45 00 07 05 97 0D ]]
[[ DATA: 50 0B 00 20 37 20 46 00 35 0F 97 0D 50 0B 00 20 00 00 00 00 ]]
[[ DATA: 2B 10 47 00 75 12 97 0D 00 00 00 00 92 50 48 00 EE FD 97 0D ]]
[[ DATA: 3C 19 00 20 F3 03 00 00 54 25 75 20 D4 D3 D2 D1 ]]

[[ DevAlert Data Ended. Checksum: 32522 ]]

[[ DevAlert Data Begins ]]
[[ DATA: D1 D2 D3 D4 F0 0F 01 00 71 83 01 00 05 00 07 00 04 00 00 00 ]]
[[ DATA: 20 00 20 00 10 00 00 00 E8 03 00 00 24 44 55 4D 4D 59 5F 53 ]]
[[ DATA: 45 53 53 49 4F 4E 5F 49 44 00 00 00 00 00 00 00 00 00 00 00 ]]
[[ DATA: 00 00 00 00 24 44 55 4D 4D 59 5F 44 45 56 49 43 45 5F 49 44 ]]
[[ DATA: 00 00 00 00 00 00 00 00 00 00 00 00 00 00 00 00 64 66 6D 5F ]]
[[ DATA: 74 72 61 63 65 2E 70 73 66 73 00 00 42 45 47 49 4E 00 44 46 ]]
[[ DATA: 92 A0 49 00 AB 02 98 0D 3C 19 00 20 0B 00 00 00 54 31 30 31 ]]
[[ DATA: 31 20 44 41 54 41 20 63 61 6C 6C 62 61 63 6B 20 76 61 6C 75 ]]
[[ DATA: 65 3D 25 75 00 54 31 30 91 C0 4A 00 AC 07 98 0D 3C 19 00 20 ]]
[[ DATA: 54 31 30 31 31 20 50 41 54 48 20 63 61 6C 6C 62 61 63 6B 5F ]]
[[ DATA: 68 61 6E 64 6C 65 72 20 2D 3E 20 74 72 61 70 5F 73 69 74 65 ]]
[[ DATA: 00 54 31 30 91 A0 4B 00 9C 4D 98 0D 0C 19 00 20 54 65 73 74 ]]
[[ DATA: 20 31 30 31 31 20 61 74 20 74 65 73 74 5F 63 61 6C 6C 5F 63 ]]
[[ DATA: 68 61 69 6E 73 2E 63 3A 32 39 39 00 2A 10 4C 00 E6 89 B7 0E ]]
[[ DATA: 2C 01 00 00 37 20 4D 00 6A 93 B7 0E 90 0A 00 20 0F 00 00 00 ]]
[[ DATA: 30 10 4E 00 47 BE 81 0F CC 2C 00 20 37 20 4F 00 A8 C8 81 0F ]]
[[ DATA: CC 2C 00 20 00 00 00 00 2B 10 50 00 F8 CB 81 0F 00 00 00 00 ]]
[[ DATA: EA 20 51 00 7F E6 81 0F F0 0C 00 20 F4 02 00 00 2A 10 52 00 ]]
[[ DATA: 9C E8 81 0F FA 00 00 00 37 20 53 00 54 F1 81 0F 90 0A 00 20 ]]
[[ DATA: 0F 00 00 00 30 10 54 00 F6 F7 95 11 50 0B 00 20 37 20 55 00 ]]
[[ DATA: B4 01 96 11 50 0B 00 20 00 00 00 00 2B 10 56 00 F4 04 96 11 ]]
[[ DATA: 00 00 00 00 92 50 57 00 6D F0 96 11 3C 19 00 20 F6 03 00 00 ]]
[[ DATA: 54 25 75 20 42 45 47 49 4E 00 44 46 92 70 58 00 77 F4 96 11 ]]
[[ DATA: 3C 19 00 20 01 00 00 00 54 31 30 31 34 20 41 52 47 53 20 61 ]]
[[ DATA: 30 3D 25 75 00 54 31 30 92 70 59 00 20 F8 96 11 3C 19 00 20 ]]
[[ DATA: 06 00 00 00 54 31 30 31 34 20 41 52 47 53 20 61 35 3D 25 75 ]]
[[ DATA: 00 54 65 73 91 A0 5A 00 B0 FC 96 11 3C 19 00 20 54 31 30 31 ]]
[[ DATA: 34 20 50 41 54 48 20 70 75 62 6C 69 63 5F 61 70 69 20 2D 3E ]]
[[ DATA: 20 73 65 72 76 69 63 65 00 54 31 30 91 90 5B 00 2A 01 97 11 ]]
[[ DATA: 3C 19 00 20 54 31 30 31 34 20 50 41 54 48 20 73 65 72 76 69 ]]
[[ DATA: 63 65 20 2D 3E 20 74 72 61 70 5F 73 69 74 65 00 91 A0 5C 00 ]]
[[ DATA: 40 48 97 11 0C 19 00 20 54 65 73 74 20 31 30 31 34 20 61 74 ]]
[[ DATA: 20 74 65 73 74 5F 63 61 6C 6C 5F 63 68 61 69 6E 73 2E 63 3A ]]
[[ DATA: 33 32 00 00 30 10 5D 00 DA FA 1C 12 CC 2C 00 20 2A 10 5E 00 ]]
[[ DATA: 77 20 1E 12 2C 01 00 00 37 20 5F 00 AF 2E 1E 12 CC 2C 00 20 ]]
[[ DATA: 00 00 00 00 2B 10 60 00 F7 31 1E 12 00 00 00 00 EA 20 61 00 ]]
[[ DATA: B9 4E 1E 12 CC 2C 00 20 3C 03 00 00 2A 10 62 00 D1 50 1E 12 ]]
[[ DATA: FA 00 00 00 37 20 63 00 A2 5A 1E 12 90 0A 00 20 0F 00 00 00 ]]
[[ DATA: 30 10 64 00 FE 09 81 14 CC 2C 00 20 37 20 65 00 BC 13 81 14 ]]
[[ DATA: CC 2C 00 20 00 00 00 00 2B 10 66 00 FC 16 81 14 00 00 00 00 ]]
[[ DATA: EA 20 67 00 30 2D 81 14 50 0B 00 20 6C 02 00 00 2A 10 68 00 ]]
[[ DATA: 47 2F 81 14 FA 00 00 00 37 20 69 00 FF 37 81 14 90 0A 00 20 ]]
[[ DATA: 0F 00 00 00 30 10 6A 00 07 1C FB 14 50 0B 00 20 37 20 6B 00 ]]
[[ DATA: 35 26 FB 14 50 0B 00 20 00 00 00 00 2B 10 6C 00 75 29 FB 14 ]]
[[ DATA: 00 00 00 00 92 50 6D 00 F9 14 FC 14 3C 19 00 20 F8 03 00 00 ]]
[[ DATA: 54 25 75 20 42 45 47 49 4E 00 44 46 91 90 6E 00 BA 19 FC 14 ]]
[[ DATA: 3C 19 00 20 54 31 30 31 36 41 20 41 43 54 49 4F 4E 20 73 77 ]]
[[ DATA: 69 74 63 68 20 50 53 50 20 2D 3E 20 4D 53 50 00 92 70 6F 00 ]]
[[ DATA: 1C 1E FC 14 3C 19 00 20 00 00 00 00 54 31 30 31 36 41 20 43 ]]
[[ DATA: 54 58 20 49 50 53 52 3D 25 75 00 54 92 80 70 00 1A 22 FC 14 ]]
[[ DATA: 3C 19 00 20 00 00 00 00 54 31 30 31 36 41 20 43 54 58 20 43 ]]
[[ DATA: 4F 4E 54 52 4F 4C 3D 25 30 38 58 00 91 A0 71 00 6F 33 FC 14 ]]
[[ DATA: 0C 19 00 20 54 65 73 74 20 31 30 31 36 41 20 61 74 20 74 65 ]]
[[ DATA: 73 74 5F 63 6F 6E 74 65 78 74 73 2E 63 3A 31 37 32 00 00 00 ]]
[[ DATA: 00 00 00 00 00 00 00 00 00 00 00 00 00 00 00 00 00 00 00 00 ]]
[[ DATA: 00 00 00 00 00 00 00 00 00 00 00 00 D4 D3 D2 D1 ]]

[[ DevAlert Data Ended. Checksum: 26865 ]]

[[ DevAlert Data Begins ]]
[[ DATA: D1 D2 D3 D4 F0 0F 01 00 71 83 01 00 06 00 07 00 04 00 00 00 ]]
[[ DATA: 20 00 20 00 10 00 00 00 E8 03 00 00 24 44 55 4D 4D 59 5F 53 ]]
[[ DATA: 45 53 53 49 4F 4E 5F 49 44 00 00 00 00 00 00 00 00 00 00 00 ]]
[[ DATA: 00 00 00 00 24 44 55 4D 4D 59 5F 44 45 56 49 43 45 5F 49 44 ]]
[[ DATA: 00 00 00 00 00 00 00 00 00 00 00 00 00 00 00 00 64 66 6D 5F ]]
[[ DATA: 74 72 61 63 65 2E 70 73 66 73 00 00 00 00 00 00 00 00 00 00 ]]
[[ DATA: 00 00 00 00 00 00 00 00 00 00 00 00 00 00 00 00 00 00 00 00 ]]
[[ DATA: 00 00 00 00 00 00 00 00 00 00 00 00 00 00 00 00 00 00 00 00 ]]
[[ DATA: 00 00 00 00 00 00 00 00 00 00 00 00 00 00 00 00 00 00 00 00 ]]
[[ DATA: 00 00 00 00 00 00 00 00 00 00 00 00 00 00 00 00 00 00 00 00 ]]
[[ DATA: 00 00 00 00 00 00 00 00 00 00 00 00 00 00 00 00 00 00 00 00 ]]
[[ DATA: 00 00 00 00 00 00 00 00 00 00 00 00 00 00 00 00 00 00 00 00 ]]
[[ DATA: 00 00 00 00 00 00 00 00 00 00 00 00 00 00 00 00 00 00 00 00 ]]
[[ DATA: 00 00 00 00 00 00 00 00 00 00 00 00 00 00 00 00 00 00 00 00 ]]
[[ DATA: 00 00 00 00 00 00 00 00 00 00 00 00 00 00 00 00 00 00 00 00 ]]
[[ DATA: 00 00 00 00 00 00 00 00 00 00 00 00 00 00 00 00 00 00 00 00 ]]
[[ DATA: 00 00 00 00 00 00 00 00 00 00 00 00 00 00 00 00 00 00 00 00 ]]
[[ DATA: 00 00 00 00 00 00 00 00 00 00 00 00 00 00 00 00 00 00 00 00 ]]
[[ DATA: 00 00 00 00 00 00 00 00 00 00 00 00 00 00 00 00 00 00 00 00 ]]
[[ DATA: 00 00 00 00 00 00 00 00 00 00 00 00 00 00 00 00 00 00 00 00 ]]
[[ DATA: 00 00 00 00 00 00 00 00 00 00 00 00 00 00 00 00 00 00 00 00 ]]
[[ DATA: 00 00 00 00 00 00 00 00 00 00 00 00 00 00 00 00 00 00 00 00 ]]
[[ DATA: 00 00 00 00 00 00 00 00 00 00 00 00 00 00 00 00 00 00 00 00 ]]
[[ DATA: 00 00 00 00 00 00 00 00 00 00 00 00 00 00 00 00 00 00 00 00 ]]
[[ DATA: 00 00 00 00 00 00 00 00 00 00 00 00 00 00 00 00 00 00 00 00 ]]
[[ DATA: 00 00 00 00 00 00 00 00 00 00 00 00 00 00 00 00 00 00 00 00 ]]
[[ DATA: 00 00 00 00 00 00 00 00 00 00 00 00 00 00 00 00 00 00 00 00 ]]
[[ DATA: 00 00 00 00 00 00 00 00 00 00 00 00 00 00 00 00 00 00 00 00 ]]
[[ DATA: 00 00 00 00 00 00 00 00 00 00 00 00 00 00 00 00 00 00 00 00 ]]
[[ DATA: 00 00 00 00 00 00 00 00 00 00 00 00 00 00 00 00 00 00 00 00 ]]
[[ DATA: 00 00 00 00 00 00 00 00 00 00 00 00 00 00 00 00 00 00 00 00 ]]
[[ DATA: 00 00 00 00 00 00 00 00 00 00 00 00 00 00 00 00 00 00 00 00 ]]
[[ DATA: 00 00 00 00 00 00 00 00 00 00 00 00 00 00 00 00 00 00 00 00 ]]
[[ DATA: 00 00 00 00 00 00 00 00 00 00 00 00 00 00 00 00 00 00 00 00 ]]
[[ DATA: 00 00 00 00 00 00 00 00 00 00 00 00 00 00 00 00 00 00 00 00 ]]
[[ DATA: 00 00 00 00 00 00 00 00 00 00 00 00 00 00 00 00 00 00 00 00 ]]
[[ DATA: 00 00 00 00 00 00 00 00 00 00 00 00 00 00 00 00 00 00 00 00 ]]
[[ DATA: 00 00 00 00 00 00 00 00 00 00 00 00 00 00 00 00 00 00 00 00 ]]
[[ DATA: 00 00 00 00 00 00 00 00 00 00 00 00 00 00 00 00 00 00 00 00 ]]
[[ DATA: 00 00 00 00 00 00 00 00 00 00 00 00 00 00 00 00 00 00 00 00 ]]
[[ DATA: 00 00 00 00 00 00 00 00 00 00 00 00 00 00 00 00 00 00 00 00 ]]
[[ DATA: 00 00 00 00 00 00 00 00 00 00 00 00 00 00 00 00 00 00 00 00 ]]
[[ DATA: 00 00 00 00 00 00 00 00 00 00 00 00 00 00 00 00 00 00 00 00 ]]
[[ DATA: 00 00 00 00 00 00 00 00 00 00 00 00 00 00 00 00 00 00 00 00 ]]
[[ DATA: 00 00 00 00 00 00 00 00 00 00 00 00 00 00 00 00 00 00 00 00 ]]
[[ DATA: 00 00 00 00 00 00 00 00 00 00 00 00 00 00 00 00 00 00 00 00 ]]
[[ DATA: 00 00 00 00 00 00 00 00 00 00 00 00 00 00 00 00 00 00 00 00 ]]
[[ DATA: 00 00 00 00 00 00 00 00 00 00 00 00 00 00 00 00 00 00 00 00 ]]
[[ DATA: 00 00 00 00 00 00 00 00 00 00 00 00 00 00 00 00 00 00 00 00 ]]
[[ DATA: 00 00 00 00 00 00 00 00 00 00 00 00 00 00 00 00 00 00 00 00 ]]
[[ DATA: 00 00 00 00 00 00 00 00 00 00 00 00 00 00 00 00 00 00 00 00 ]]
[[ DATA: 00 00 00 00 00 00 00 00 00 00 00 00 00 00 00 00 00 00 00 00 ]]
[[ DATA: 00 00 00 00 00 00 00 00 00 00 00 00 00 00 00 00 00 00 00 00 ]]
[[ DATA: 00 00 00 00 00 00 00 00 00 00 00 00 00 00 00 00 00 00 00 00 ]]
[[ DATA: 00 00 00 00 00 00 00 00 00 00 00 00 00 00 00 00 00 00 00 00 ]]
[[ DATA: 00 00 00 00 00 00 00 00 00 00 00 00 D4 D3 D2 D1 ]]

[[ DevAlert Data Ended. Checksum: 45781 ]]

[[ DevAlert Data Begins ]]
[[ DATA: D1 D2 D3 D4 F0 0F 01 00 71 83 01 00 07 00 07 00 04 00 00 00 ]]
[[ DATA: 20 00 20 00 10 00 00 00 80 03 00 00 24 44 55 4D 4D 59 5F 53 ]]
[[ DATA: 45 53 53 49 4F 4E 5F 49 44 00 00 00 00 00 00 00 00 00 00 00 ]]
[[ DATA: 00 00 00 00 24 44 55 4D 4D 59 5F 44 45 56 49 43 45 5F 49 44 ]]
[[ DATA: 00 00 00 00 00 00 00 00 00 00 00 00 00 00 00 00 64 66 6D 5F ]]
[[ DATA: 74 72 61 63 65 2E 70 73 66 73 00 00 00 00 00 00 00 00 00 00 ]]
[[ DATA: 00 00 00 00 00 00 00 00 00 00 00 00 00 00 00 00 00 00 00 00 ]]
[[ DATA: 00 00 00 00 00 00 00 00 00 00 00 00 00 00 00 00 00 00 00 00 ]]
[[ DATA: 00 00 00 00 00 00 00 00 00 00 00 00 00 00 00 00 00 00 00 00 ]]
[[ DATA: 00 00 00 00 00 00 00 00 00 00 00 00 00 00 00 00 00 00 00 00 ]]
[[ DATA: 00 00 00 00 00 00 00 00 00 00 00 00 00 00 00 00 00 00 00 00 ]]
[[ DATA: 00 00 00 00 00 00 00 00 00 00 00 00 00 00 00 00 00 00 00 00 ]]
[[ DATA: 00 00 00 00 00 00 00 00 00 00 00 00 00 00 00 00 00 00 00 00 ]]
[[ DATA: 00 00 00 00 00 00 00 00 00 00 00 00 00 00 00 00 00 00 00 00 ]]
[[ DATA: 00 00 00 00 00 00 00 00 00 00 00 00 00 00 00 00 00 00 00 00 ]]
[[ DATA: 00 00 00 00 00 00 00 00 00 00 00 00 00 00 00 00 00 00 00 00 ]]
[[ DATA: 00 00 00 00 00 00 00 00 00 00 00 00 00 00 00 00 00 00 00 00 ]]
[[ DATA: 00 00 00 00 00 00 00 00 00 00 00 00 00 00 00 00 00 00 00 00 ]]
[[ DATA: 00 00 00 00 00 00 00 00 00 00 00 00 00 00 00 00 00 00 00 00 ]]
[[ DATA: 00 00 00 00 00 00 00 00 00 00 00 00 00 00 00 00 00 00 00 00 ]]
[[ DATA: 00 00 00 00 00 00 00 00 00 00 00 00 00 00 00 00 00 00 00 00 ]]
[[ DATA: 00 00 00 00 00 00 00 00 00 00 00 00 00 00 00 00 00 00 00 00 ]]
[[ DATA: 00 00 00 00 00 00 00 00 00 00 00 00 00 00 00 00 00 00 00 00 ]]
[[ DATA: 00 00 00 00 00 00 00 00 00 00 00 00 00 00 00 00 00 00 00 00 ]]
[[ DATA: 00 00 00 00 00 00 00 00 00 00 00 00 00 00 00 00 00 00 00 00 ]]
[[ DATA: 00 00 00 00 00 00 00 00 00 00 00 00 00 00 00 00 00 00 00 00 ]]
[[ DATA: 00 00 00 00 00 00 00 00 00 00 00 00 00 00 00 00 00 00 00 00 ]]
[[ DATA: 00 00 00 00 00 00 00 00 00 00 00 00 00 00 00 00 00 00 00 00 ]]
[[ DATA: 00 00 00 00 00 00 00 00 00 00 00 00 00 00 00 00 00 00 00 00 ]]
[[ DATA: 00 00 00 00 00 00 00 00 00 00 00 00 00 00 00 00 00 00 00 00 ]]
[[ DATA: 00 00 00 00 00 00 00 00 00 00 00 00 00 00 00 00 00 00 00 00 ]]
[[ DATA: 00 00 00 00 00 00 00 00 00 00 00 00 00 00 00 00 00 00 00 00 ]]
[[ DATA: 00 00 00 00 00 00 00 00 00 00 00 00 00 00 00 00 00 00 00 00 ]]
[[ DATA: 00 00 00 00 00 00 00 00 00 00 00 00 00 00 00 00 00 00 00 00 ]]
[[ DATA: 00 00 00 00 00 00 00 00 00 00 00 00 00 00 00 00 00 00 00 00 ]]
[[ DATA: 00 00 00 00 00 00 00 00 00 00 00 00 00 00 00 00 00 00 00 00 ]]
[[ DATA: 00 00 00 00 00 00 00 00 00 00 00 00 00 00 00 00 00 00 00 00 ]]
[[ DATA: 00 00 00 00 00 00 00 00 00 00 00 00 00 00 00 00 00 00 00 00 ]]
[[ DATA: 00 00 00 00 00 00 00 00 00 00 00 00 00 00 00 00 00 00 00 00 ]]
[[ DATA: 00 00 00 00 00 00 00 00 00 00 00 00 00 00 00 00 00 00 00 00 ]]
[[ DATA: 00 00 00 00 00 00 00 00 00 00 00 00 00 00 00 00 00 00 00 00 ]]
[[ DATA: 00 00 00 00 00 00 00 00 00 00 00 00 00 00 00 00 00 00 00 00 ]]
[[ DATA: 00 00 00 00 00 00 00 00 00 00 00 00 00 00 00 00 00 00 00 00 ]]
[[ DATA: 00 00 00 00 00 00 00 00 00 00 00 00 00 00 00 00 00 00 00 00 ]]
[[ DATA: 00 00 00 00 00 00 00 00 00 00 00 00 00 00 00 00 00 00 00 00 ]]
[[ DATA: 00 00 00 00 00 00 00 00 00 00 00 00 00 00 00 00 00 00 00 00 ]]
[[ DATA: 00 00 00 00 00 00 00 00 00 00 00 00 00 00 00 00 00 00 00 00 ]]
[[ DATA: 00 00 00 00 00 00 00 00 00 00 00 00 00 00 00 00 00 00 00 00 ]]
[[ DATA: 00 00 00 00 00 00 00 00 00 00 00 00 00 00 00 00 00 00 00 00 ]]
[[ DATA: 00 00 00 00 00 00 00 00 00 00 00 00 0A 0B 0C 0D 71 72 73 74 ]]
[[ DATA: F1 F2 F3 F4 00 00 00 00 D4 D3 D2 D1 ]]

[[ DevAlert Data Ended. Checksum: 25285 ]]
DFMT:CHECK:1016:PASS:THREAD_MODE
DFMT:CHECK:1016:PASS:MSP_SELECTED
DFMT:CHECK:1016:PASS:PSP_RESTORED
DFMT:CHECK:1016:PASS:TRAP_RETURNED

[[ DevAlert Data Begins ]]
[[ DATA: D1 D2 D3 D4 F0 0F 01 00 12 15 00 00 01 00 01 00 05 00 00 00 ]]
[[ DATA: 20 00 20 00 68 00 00 00 0C 01 00 00 24 44 55 4D 4D 59 5F 53 ]]
[[ DATA: 45 53 53 49 4F 4E 5F 49 44 00 00 00 00 00 00 00 00 00 00 00 ]]
[[ DATA: 00 00 00 00 24 44 55 4D 4D 59 5F 44 45 56 49 43 45 5F 49 44 ]]
[[ DATA: 00 00 00 00 00 00 00 00 00 00 00 00 00 00 00 00 54 65 73 74 ]]
[[ DATA: 20 31 30 31 36 42 20 61 74 20 74 65 73 74 5F 63 6F 6E 74 65 ]]
[[ DATA: 78 74 73 2E 63 3A 32 30 31 00 00 00 00 00 00 00 00 00 00 00 ]]
[[ DATA: 00 00 00 00 00 00 00 00 00 00 00 00 00 00 00 00 00 00 00 00 ]]
[[ DATA: 00 00 00 00 00 00 00 00 00 00 00 00 00 00 00 00 00 00 00 00 ]]
[[ DATA: 00 00 00 00 00 00 00 00 00 00 00 00 00 00 00 00 00 00 00 00 ]]
[[ DATA: 50 44 66 6D F0 0F 03 48 08 04 68 00 01 00 00 00 F8 03 00 00 ]]
[[ DATA: 01 00 00 00 A5 01 00 00 07 00 00 00 08 54 00 20 02 00 00 00 ]]
[[ DATA: 28 06 00 00 04 00 00 00 C9 00 00 00 00 00 00 00 00 00 00 00 ]]
[[ DATA: 00 00 00 00 00 00 00 00 00 00 00 00 00 00 00 00 00 00 00 00 ]]
[[ DATA: 00 00 00 00 42 75 69 6C 64 2D 4D 33 2D 4F 73 00 00 00 00 00 ]]
[[ DATA: 00 00 00 00 00 00 00 00 00 00 00 00 00 00 00 00 00 00 00 00 ]]
[[ DATA: 00 00 00 00 00 00 00 00 00 00 00 00 00 00 00 00 00 00 00 00 ]]
[[ DATA: 00 00 00 00 00 00 00 00 00 00 00 00 00 00 00 00 54 65 73 74 ]]
[[ DATA: 20 31 30 31 36 42 20 61 74 20 74 65 73 74 5F 63 6F 6E 74 65 ]]
[[ DATA: 78 74 73 2E 63 3A 32 30 31 00 00 00 00 00 00 00 00 00 00 00 ]]
[[ DATA: 00 00 00 00 00 00 00 00 00 00 00 00 00 00 00 00 00 00 00 00 ]]
[[ DATA: 00 00 00 00 00 00 00 00 00 00 00 00 00 00 00 00 00 00 00 00 ]]
[[ DATA: 00 00 00 00 00 00 00 00 00 00 00 00 00 00 00 00 00 00 00 00 ]]
[[ DATA: 6D 66 44 50 00 00 00 00 D4 D3 D2 D1 ]]

[[ DevAlert Data Ended. Checksum: 5790 ]]

[[ DevAlert Data Begins ]]
[[ DATA: D1 D2 D3 D4 F0 0F 01 00 18 46 01 00 01 00 01 00 05 00 00 00 ]]
[[ DATA: 20 00 20 00 10 00 00 00 24 00 00 00 24 44 55 4D 4D 59 5F 53 ]]
[[ DATA: 45 53 53 49 4F 4E 5F 49 44 00 00 00 00 00 00 00 00 00 00 00 ]]
[[ DATA: 00 00 00 00 24 44 55 4D 4D 59 5F 44 45 56 49 43 45 5F 49 44 ]]
[[ DATA: 00 00 00 00 00 00 00 00 00 00 00 00 00 00 00 00 74 72 61 70 ]]
[[ DATA: 2E 7A 70 72 00 2E 70 73 66 73 00 00 50 44 61 50 F0 0F 03 10 ]]
[[ DATA: F3 01 00 00 74 72 61 70 2E 7A 70 72 00 00 00 00 00 00 00 00 ]]
[[ DATA: 50 61 44 50 00 00 00 00 D4 D3 D2 D1 ]]

[[ DevAlert Data Ended. Checksum: 24661 ]]

[[ DevAlert Data Begins ]]
[[ DATA: D1 D2 D3 D4 F0 0F 01 00 71 83 01 00 01 00 01 00 05 00 00 00 ]]
[[ DATA: 20 00 20 00 10 00 00 00 F3 01 00 00 24 44 55 4D 4D 59 5F 53 ]]
[[ DATA: 45 53 53 49 4F 4E 5F 49 44 00 00 00 00 00 00 00 00 00 00 00 ]]
[[ DATA: 00 00 00 00 24 44 55 4D 4D 59 5F 44 45 56 49 43 45 5F 49 44 ]]
[[ DATA: 00 00 00 00 00 00 00 00 00 00 00 00 00 00 00 00 74 72 61 70 ]]
[[ DATA: 2E 7A 70 72 00 2E 70 73 66 73 00 00 5A 45 02 00 03 00 05 00 ]]
[[ DATA: 0D D0 00 00 41 03 00 4C 00 23 00 00 00 32 E4 00 08 00 00 00 ]]
[[ DATA: 00 00 00 00 00 19 E4 00 08 AF 87 00 08 EE 81 00 08 00 00 00 ]]
[[ DATA: 29 08 54 00 20 08 0E 00 20 00 00 00 00 C5 38 00 20 E0 0D 00 ]]
[[ DATA: 20 02 00 00 00 00 00 00 00 02 00 00 00 FF FF FF FF 01 00 00 ]]
[[ DATA: 00 30 00 00 00 4D 01 00 50 0B 00 20 10 0C 00 20 CC 2C 00 20 ]]
[[ DATA: 84 38 00 20 00 00 00 00 01 00 00 FF 80 00 00 00 00 00 00 00 ]]
[[ DATA: 00 00 00 00 00 00 00 00 00 00 00 00 00 00 00 00 19 A3 00 08 ]]
[[ DATA: 00 00 00 00 00 00 00 00 6C 38 00 20 98 08 00 00 2C 01 00 00 ]]
[[ DATA: 00 00 00 00 F6 03 00 00 FF FF FF FF FF FF FF FF F8 53 00 20 ]]
[[ DATA: 00 00 00 00 A8 0B 00 20 A8 0B 00 20 05 8A 00 08 00 00 00 00 ]]
[[ DATA: 00 00 00 00 00 00 00 00 00 00 00 00 6D 61 69 6E 00 00 00 00 ]]
[[ DATA: 00 00 00 00 00 00 00 00 00 00 00 00 00 00 00 00 00 00 00 00 ]]
[[ DATA: 00 00 00 00 C8 50 00 20 00 04 00 00 10 00 00 00 00 00 00 00 ]]
[[ DATA: B8 54 00 20 00 00 00 00 00 00 00 00 00 00 00 00 00 00 00 00 ]]
[[ DATA: 00 00 00 00 F5 FF FF FF 4D 01 00 08 54 00 20 C8 54 00 20 23 ]]
[[ DATA: 00 00 00 32 E4 00 08 C9 00 00 00 FF FF FF FF DC 0D 00 20 61 ]]
[[ DATA: 20 00 08 F2 E6 00 08 D0 E0 00 08 00 00 00 00 40 E0 00 08 D0 ]]
[[ DATA: 0D 00 20 F8 03 00 00 FF FF FF FF 39 14 00 08 06 00 00 00 02 ]]
[[ DATA: 00 00 00 5D E7 8F 09 09 00 00 00 F8 03 00 00 02 00 00 00 02 ]]
[[ DATA: 00 00 00 00 00 00 00 00 00 00 00 00 FE D0 D5 00 00 00 00 54 ]]
[[ DATA: DF 00 08 54 DF 00 08 54 DF 00 08 00 00 00 00 00 00 00 00 08 ]]
[[ DATA: 00 00 00 F7 8A 00 08 AA AA AA AA AA AA AA AA AA AA AA AA AA ]]
[[ DATA: AA AA AA 05 8A 00 08 00 00 00 00 B8 54 00 20 05 8A 00 08 00 ]]
[[ DATA: 00 00 00 87 2B 00 08 00 00 00 00 B9 36 00 08 AA AA AA AA AA ]]
[[ DATA: AA AA AA 50 0B 00 20 00 00 00 00 D4 D3 D2 D1 ]]

[[ DevAlert Data Ended. Checksum: 11780 ]]

[[ DevAlert Data Begins ]]
[[ DATA: D1 D2 D3 D4 F0 0F 01 00 18 46 02 00 01 00 01 00 05 00 00 00 ]]
[[ DATA: 20 00 20 00 10 00 00 00 24 00 00 00 24 44 55 4D 4D 59 5F 53 ]]
[[ DATA: 45 53 53 49 4F 4E 5F 49 44 00 00 00 00 00 00 00 00 00 00 00 ]]
[[ DATA: 00 00 00 00 24 44 55 4D 4D 59 5F 44 45 56 49 43 45 5F 49 44 ]]
[[ DATA: 00 00 00 00 00 00 00 00 00 00 00 00 00 00 00 00 64 66 6D 5F ]]
[[ DATA: 74 72 61 63 65 2E 70 73 66 73 00 00 50 44 61 50 F0 0F 03 10 ]]
[[ DATA: F0 1A 00 00 64 66 6D 5F 74 72 61 63 65 2E 70 73 66 73 00 00 ]]
[[ DATA: 50 61 44 50 00 00 00 00 D4 D3 D2 D1 ]]

[[ DevAlert Data Ended. Checksum: 50216 ]]

[[ DevAlert Data Begins ]]
[[ DATA: D1 D2 D3 D4 F0 0F 01 00 71 83 02 00 01 00 07 00 05 00 00 00 ]]
[[ DATA: 20 00 20 00 10 00 00 00 E8 03 00 00 24 44 55 4D 4D 59 5F 53 ]]
[[ DATA: 45 53 53 49 4F 4E 5F 49 44 00 00 00 00 00 00 00 00 00 00 00 ]]
[[ DATA: 00 00 00 00 24 44 55 4D 4D 59 5F 44 45 56 49 43 45 5F 49 44 ]]
[[ DATA: 00 00 00 00 00 00 00 00 00 00 00 00 00 00 00 00 64 66 6D 5F ]]
[[ DATA: 74 72 61 63 65 2E 70 73 66 73 00 00 30 1A 00 20 00 00 00 00 ]]
[[ DATA: 05 06 07 08 75 76 77 78 F5 F6 F7 F8 00 46 53 50 0E 00 A9 9A ]]
[[ DATA: 00 00 00 00 01 03 00 00 00 00 00 00 00 00 03 04 5A 65 70 68 ]]
[[ DATA: 79 72 00 00 01 00 00 00 00 71 02 00 00 68 89 09 00 00 00 00 ]]
[[ DATA: E8 03 00 00 12 5A 75 1B 00 00 00 00 38 00 00 00 1C 00 00 00 ]]
[[ DATA: 03 00 00 00 AC 0F 00 20 63 00 04 04 88 01 00 00 3A 01 00 00 ]]
[[ DATA: 00 00 00 40 73 79 73 63 61 6C 6C 73 00 00 00 00 00 00 00 00 ]]
[[ DATA: 00 00 00 00 00 00 00 00 00 00 00 00 00 00 00 00 00 00 00 00 ]]
[[ DATA: 00 00 00 00 00 00 00 00 00 00 00 00 00 00 00 00 00 00 00 00 ]]
[[ DATA: 00 00 00 00 00 00 00 00 00 00 00 00 00 00 00 00 00 00 00 00 ]]
[[ DATA: 00 00 00 00 00 00 00 00 00 00 00 00 00 00 00 00 00 00 00 00 ]]
[[ DATA: 00 00 00 00 00 00 00 00 00 00 00 00 00 00 00 00 00 00 00 00 ]]
[[ DATA: 00 00 00 00 00 00 00 00 00 00 00 00 00 00 00 00 00 00 00 00 ]]
[[ DATA: 00 00 00 00 00 00 00 00 00 00 00 00 00 00 00 00 00 00 00 00 ]]
[[ DATA: 00 00 00 00 00 00 00 00 00 00 00 00 00 00 00 00 00 00 00 00 ]]
[[ DATA: 00 00 00 00 00 00 00 00 00 00 00 00 00 00 00 00 00 00 00 00 ]]
[[ DATA: 00 00 00 00 00 00 00 00 00 00 00 00 00 00 00 00 00 00 00 00 ]]
[[ DATA: 00 00 00 00 00 00 00 00 00 00 00 00 00 00 00 00 00 00 00 00 ]]
[[ DATA: 00 00 00 00 00 00 00 00 00 00 00 00 00 00 00 00 00 00 00 00 ]]
[[ DATA: 00 00 00 00 00 00 00 00 00 00 00 00 00 00 00 00 00 00 00 00 ]]
[[ DATA: 00 00 00 00 00 00 00 00 00 00 00 00 00 00 00 00 00 00 00 00 ]]
[[ DATA: 00 00 00 00 00 00 00 00 00 00 00 00 00 00 00 00 00 00 00 00 ]]
[[ DATA: 00 00 00 00 00 00 00 00 00 00 00 00 00 00 00 00 00 00 00 00 ]]
[[ DATA: 00 00 00 00 00 00 00 00 00 00 00 00 00 00 00 00 00 00 00 00 ]]
[[ DATA: 00 00 00 00 00 00 00 00 00 00 00 00 00 00 00 00 00 00 00 00 ]]
[[ DATA: 00 00 00 00 00 00 00 00 00 00 00 00 00 00 00 00 00 00 00 00 ]]
[[ DATA: 00 00 00 00 00 00 00 00 00 00 00 00 00 00 00 00 00 00 00 00 ]]
[[ DATA: 00 00 00 00 00 00 00 00 00 00 00 00 00 00 00 00 00 00 00 00 ]]
[[ DATA: 00 00 00 00 00 00 00 00 00 00 00 00 00 00 00 00 00 00 00 00 ]]
[[ DATA: 00 00 00 00 00 00 00 00 00 00 00 00 00 00 00 00 00 00 00 00 ]]
[[ DATA: 00 00 00 00 00 00 00 00 00 00 00 00 00 00 00 00 00 00 00 00 ]]
[[ DATA: 00 00 00 00 00 00 00 00 00 00 00 00 00 00 00 00 00 00 00 00 ]]
[[ DATA: 00 00 00 00 00 00 00 00 00 00 00 00 00 00 00 00 00 00 00 00 ]]
[[ DATA: 00 00 00 00 00 00 00 00 00 00 00 00 00 00 00 00 00 00 00 00 ]]
[[ DATA: 00 00 00 00 00 00 00 00 00 00 00 00 00 00 00 00 00 00 00 00 ]]
[[ DATA: 00 00 00 00 00 00 00 00 00 00 00 00 00 00 00 00 00 00 00 00 ]]
[[ DATA: 00 00 00 00 00 00 00 00 00 00 00 00 00 00 00 00 00 00 00 00 ]]
[[ DATA: 00 00 00 00 00 00 00 00 00 00 00 00 00 00 00 00 00 00 00 00 ]]
[[ DATA: 00 00 00 00 00 00 00 00 00 00 00 00 00 00 00 00 00 00 00 00 ]]
[[ DATA: 00 00 00 00 00 00 00 00 00 00 00 00 00 00 00 00 00 00 00 00 ]]
[[ DATA: 00 00 00 00 00 00 00 00 00 00 00 00 00 00 00 00 00 00 00 00 ]]
[[ DATA: 00 00 00 00 00 00 00 00 00 00 00 00 00 00 00 00 00 00 00 00 ]]
[[ DATA: 00 00 00 00 00 00 00 00 00 00 00 00 00 00 00 00 00 00 00 00 ]]
[[ DATA: 00 00 00 00 00 00 00 00 00 00 00 00 00 00 00 00 00 00 00 00 ]]
[[ DATA: 00 00 00 00 00 00 00 00 00 00 00 00 00 00 00 00 00 00 00 00 ]]
[[ DATA: 00 00 00 00 00 00 00 00 00 00 00 00 00 00 00 00 00 00 00 00 ]]
[[ DATA: 00 00 00 00 00 00 00 00 00 00 00 00 00 00 00 00 00 00 00 00 ]]
[[ DATA: 00 00 00 00 00 00 00 00 00 00 00 00 00 00 00 00 00 00 00 00 ]]
[[ DATA: 00 00 00 00 00 00 00 00 00 00 00 00 00 00 00 00 00 00 00 00 ]]
[[ DATA: 00 00 00 00 00 00 00 00 00 00 00 00 00 00 00 00 00 00 00 00 ]]
[[ DATA: 00 00 00 00 00 00 00 00 00 00 00 00 D4 D3 D2 D1 ]]

[[ DevAlert Data Ended. Checksum: 26631 ]]

[[ DevAlert Data Begins ]]
[[ DATA: D1 D2 D3 D4 F0 0F 01 00 71 83 02 00 02 00 07 00 05 00 00 00 ]]
[[ DATA: 20 00 20 00 10 00 00 00 E8 03 00 00 24 44 55 4D 4D 59 5F 53 ]]
[[ DATA: 45 53 53 49 4F 4E 5F 49 44 00 00 00 00 00 00 00 00 00 00 00 ]]
[[ DATA: 00 00 00 00 24 44 55 4D 4D 59 5F 44 45 56 49 43 45 5F 49 44 ]]
[[ DATA: 00 00 00 00 00 00 00 00 00 00 00 00 00 00 00 00 64 66 6D 5F ]]
[[ DATA: 74 72 61 63 65 2E 70 73 66 73 00 00 00 00 00 00 00 00 00 00 ]]
[[ DATA: 00 00 00 00 00 00 00 00 00 00 00 00 00 00 00 00 00 00 00 00 ]]
[[ DATA: 00 00 00 00 00 00 00 00 00 00 00 00 00 00 00 00 00 00 00 00 ]]
[[ DATA: 00 00 00 00 00 00 00 00 00 00 00 00 00 00 00 00 00 00 00 00 ]]
[[ DATA: 00 00 00 00 00 00 00 00 00 00 00 00 00 00 00 00 00 00 00 00 ]]
[[ DATA: 00 00 00 00 00 00 00 00 00 00 00 00 00 00 00 00 00 00 00 00 ]]
[[ DATA: 00 00 00 00 00 00 00 00 00 00 00 00 00 00 00 00 00 00 00 00 ]]
[[ DATA: 00 00 00 00 00 00 00 00 00 00 00 00 00 00 00 00 00 00 00 00 ]]
[[ DATA: 00 00 00 00 00 00 00 00 00 00 00 00 00 00 00 00 00 00 00 00 ]]
[[ DATA: 00 00 00 00 00 00 00 00 00 00 00 00 00 00 00 00 00 00 00 00 ]]
[[ DATA: 00 00 00 00 00 00 00 00 00 00 00 00 00 00 00 00 00 00 00 00 ]]
[[ DATA: 00 00 00 00 00 00 00 00 00 00 00 00 00 00 00 00 00 00 00 00 ]]
[[ DATA: 00 00 00 00 00 00 00 00 00 00 00 00 00 00 00 00 00 00 00 00 ]]
[[ DATA: 00 00 00 00 00 00 00 00 00 00 00 00 00 00 00 00 00 00 00 00 ]]
[[ DATA: 00 00 00 00 00 00 00 00 00 00 00 00 00 00 00 00 00 00 00 00 ]]
[[ DATA: 00 00 00 00 00 00 00 00 00 00 00 00 00 00 00 00 00 00 00 00 ]]
[[ DATA: 00 00 00 00 00 00 00 00 00 00 00 00 00 00 00 00 00 00 00 00 ]]
[[ DATA: 00 00 00 00 00 00 00 00 00 00 00 00 00 00 00 00 00 00 00 00 ]]
[[ DATA: 00 00 00 00 00 00 00 00 00 00 00 00 00 00 00 00 00 00 00 00 ]]
[[ DATA: 00 00 00 00 00 00 00 00 00 00 00 00 00 00 00 00 00 00 00 00 ]]
[[ DATA: 00 00 00 00 00 00 00 00 00 00 00 00 00 00 00 00 00 00 00 00 ]]
[[ DATA: 00 00 00 00 00 00 00 00 00 00 00 00 00 00 00 00 00 00 00 00 ]]
[[ DATA: 00 00 00 00 00 00 00 00 00 00 00 00 00 00 00 00 00 00 00 00 ]]
[[ DATA: 00 00 00 00 00 00 00 00 00 00 00 00 00 00 00 00 00 00 00 00 ]]
[[ DATA: 00 00 00 00 00 00 00 00 00 00 00 00 00 00 00 00 00 00 00 00 ]]
[[ DATA: 00 00 00 00 00 00 00 00 00 00 00 00 00 00 00 00 00 00 00 00 ]]
[[ DATA: 00 00 00 00 00 00 00 00 00 00 00 00 00 00 00 00 00 00 00 00 ]]
[[ DATA: 00 00 00 00 00 00 00 00 00 00 00 00 00 00 00 00 00 00 00 00 ]]
[[ DATA: 00 00 00 00 00 00 00 00 00 00 00 00 00 00 00 00 00 00 00 00 ]]
[[ DATA: 00 00 00 00 00 00 00 00 00 00 00 00 00 00 00 00 00 00 00 00 ]]
[[ DATA: 00 00 00 00 00 00 00 00 00 00 00 00 00 00 00 00 00 00 00 00 ]]
[[ DATA: 00 00 00 00 00 00 00 00 00 00 00 00 00 00 00 00 00 00 00 00 ]]
[[ DATA: 00 00 00 00 00 00 00 00 00 00 00 00 00 00 00 00 00 00 00 00 ]]
[[ DATA: 00 00 00 00 00 00 00 00 00 00 00 00 00 00 00 00 00 00 00 00 ]]
[[ DATA: 00 00 00 00 00 00 00 00 00 00 00 00 00 00 00 00 00 00 00 00 ]]
[[ DATA: 00 00 00 00 00 00 00 00 00 00 00 00 00 00 00 00 00 00 00 00 ]]
[[ DATA: 00 00 00 00 00 00 00 00 00 00 00 00 00 00 00 00 00 00 00 00 ]]
[[ DATA: 00 00 00 00 00 00 00 00 00 00 00 00 00 00 00 00 00 00 00 00 ]]
[[ DATA: 00 00 00 00 00 00 00 00 00 00 00 00 00 00 00 00 00 00 00 00 ]]
[[ DATA: 00 00 00 00 00 00 00 00 00 00 00 00 00 00 00 00 00 00 00 00 ]]
[[ DATA: 00 00 00 00 00 00 00 00 00 00 00 00 00 00 00 00 00 00 00 00 ]]
[[ DATA: 00 00 00 00 00 00 00 00 00 00 00 00 00 00 00 00 00 00 00 00 ]]
[[ DATA: 00 00 00 00 00 00 00 00 00 00 00 00 00 00 00 00 00 00 00 00 ]]
[[ DATA: 00 00 00 00 00 00 00 00 00 00 00 00 00 00 00 00 00 00 00 00 ]]
[[ DATA: 00 00 00 00 00 00 00 00 00 00 00 00 00 00 00 00 00 00 00 00 ]]
[[ DATA: 00 00 00 00 00 00 00 00 00 00 00 00 00 00 00 00 00 00 00 00 ]]
[[ DATA: 00 00 00 00 00 00 00 00 00 00 00 00 00 00 00 00 00 00 00 00 ]]
[[ DATA: 00 00 00 00 00 00 00 00 00 00 00 00 00 00 00 00 00 00 00 00 ]]
[[ DATA: 00 00 00 00 00 00 00 00 00 00 00 00 00 00 00 00 00 00 00 00 ]]
[[ DATA: 00 00 00 00 00 00 00 00 00 00 00 00 00 00 00 00 00 00 00 00 ]]
[[ DATA: 00 00 00 00 00 00 00 00 00 00 00 00 D4 D3 D2 D1 ]]

[[ DevAlert Data Ended. Checksum: 49555 ]]

[[ DevAlert Data Begins ]]
[[ DATA: D1 D2 D3 D4 F0 0F 01 00 71 83 02 00 03 00 07 00 05 00 00 00 ]]
[[ DATA: 20 00 20 00 10 00 00 00 E8 03 00 00 24 44 55 4D 4D 59 5F 53 ]]
[[ DATA: 45 53 53 49 4F 4E 5F 49 44 00 00 00 00 00 00 00 00 00 00 00 ]]
[[ DATA: 00 00 00 00 24 44 55 4D 4D 59 5F 44 45 56 49 43 45 5F 49 44 ]]
[[ DATA: 00 00 00 00 00 00 00 00 00 00 00 00 00 00 00 00 64 66 6D 5F ]]
[[ DATA: 74 72 61 63 65 2E 70 73 66 73 00 00 00 00 00 00 00 00 00 00 ]]
[[ DATA: 00 00 00 00 00 00 00 00 00 00 00 00 00 00 00 00 00 00 00 00 ]]
[[ DATA: 00 00 00 00 00 00 00 00 00 00 00 00 00 00 00 00 00 00 00 00 ]]
[[ DATA: 00 00 00 00 00 00 00 00 00 00 00 00 00 00 00 00 00 00 00 00 ]]
[[ DATA: 00 00 00 00 00 00 00 00 00 00 00 00 00 00 00 00 00 00 00 00 ]]
[[ DATA: 00 00 00 00 00 00 00 00 00 00 00 00 00 00 00 00 00 00 00 00 ]]
[[ DATA: 00 00 00 00 00 00 00 00 00 00 00 00 00 00 00 00 00 00 00 00 ]]
[[ DATA: 00 00 00 00 00 00 00 00 00 00 00 00 00 00 00 00 00 00 00 00 ]]
[[ DATA: 00 00 00 00 00 00 00 00 00 00 00 00 00 00 00 00 00 00 00 00 ]]
[[ DATA: 00 00 00 00 00 00 00 00 00 00 00 00 00 00 00 00 00 00 00 00 ]]
[[ DATA: 00 00 00 00 00 00 00 00 00 00 00 00 00 00 00 00 00 00 00 00 ]]
[[ DATA: 00 00 00 00 00 00 00 00 00 00 00 00 00 00 00 00 00 00 00 00 ]]
[[ DATA: 00 00 00 00 00 00 00 00 00 00 00 00 00 00 00 00 00 00 00 00 ]]
[[ DATA: 00 00 00 00 00 00 00 00 00 00 00 00 00 00 00 00 00 00 00 00 ]]
[[ DATA: 00 00 00 00 00 00 00 00 00 00 00 00 00 00 00 00 00 00 00 00 ]]
[[ DATA: 00 00 00 00 00 00 00 00 00 00 00 00 00 00 00 00 00 00 00 00 ]]
[[ DATA: 00 00 00 00 00 00 00 00 00 00 00 00 00 00 00 00 00 00 00 00 ]]
[[ DATA: 00 00 00 00 00 00 00 00 00 00 00 00 00 00 00 00 00 00 00 00 ]]
[[ DATA: 00 00 00 00 00 00 00 00 00 00 00 00 00 00 00 00 00 00 00 00 ]]
[[ DATA: 00 00 00 00 00 00 00 00 00 00 00 00 00 00 00 00 00 00 00 00 ]]
[[ DATA: 00 00 00 00 00 00 00 00 00 00 00 00 00 00 00 00 00 00 00 00 ]]
[[ DATA: 00 00 00 00 00 00 00 00 00 00 00 00 00 00 00 00 00 00 00 00 ]]
[[ DATA: 00 00 00 00 00 00 00 00 00 00 00 00 00 00 00 00 00 00 00 00 ]]
[[ DATA: 00 00 00 00 00 00 00 00 00 00 00 00 00 00 00 00 00 00 00 00 ]]
[[ DATA: 00 00 00 00 00 00 00 00 00 00 00 00 00 00 00 00 00 00 00 00 ]]
[[ DATA: 00 00 00 00 0C 19 00 20 00 00 00 00 00 00 00 00 00 00 00 00 ]]
[[ DATA: 00 00 00 00 41 4C 45 52 54 00 00 00 00 00 00 00 00 00 00 00 ]]
[[ DATA: 00 00 00 00 00 00 00 00 00 00 00 00 3C 19 00 20 00 00 00 00 ]]
[[ DATA: 00 00 00 00 00 00 00 00 00 00 00 00 44 46 4D 20 54 65 73 74 ]]
[[ DATA: 73 00 00 00 00 00 00 00 00 00 00 00 00 00 00 00 00 00 00 00 ]]
[[ DATA: CC 2C 00 20 00 00 00 00 00 00 00 00 00 00 00 00 00 00 00 00 ]]
[[ DATA: 54 7A 43 74 72 6C 00 00 00 00 00 00 00 00 00 00 00 00 00 00 ]]
[[ DATA: 00 00 00 00 00 00 00 00 F0 0C 00 20 FF FF FF FF 00 00 00 00 ]]
[[ DATA: 00 00 00 00 00 00 00 00 73 79 73 77 6F 72 6B 71 00 00 00 00 ]]
[[ DATA: 00 00 00 00 00 00 00 00 00 00 00 00 00 00 00 00 90 0A 00 20 ]]
[[ DATA: 0F 00 00 00 00 00 00 00 00 00 00 00 00 00 00 00 69 64 6C 65 ]]
[[ DATA: 00 00 00 00 00 00 00 00 00 00 00 00 00 00 00 00 00 00 00 00 ]]
[[ DATA: 00 00 00 00 50 0B 00 20 00 00 00 00 00 00 00 00 00 00 00 00 ]]
[[ DATA: 00 00 00 00 6D 61 69 6E 00 00 00 00 00 00 00 00 00 00 00 00 ]]
[[ DATA: 00 00 00 00 00 00 00 00 00 00 00 00 00 10 00 00 E4 08 00 00 ]]
[[ DATA: 00 00 00 00 D4 0F 00 00 01 00 00 00 00 00 00 00 D4 0F 00 00 ]]
[[ DATA: 00 00 00 00 E4 08 00 00 00 00 00 00 00 00 00 00 5C 1A 00 20 ]]
[[ DATA: 01 10 01 00 E1 12 00 00 02 00 00 00 10 30 02 00 D5 52 00 00 ]]
[[ DATA: 50 0B 00 20 00 04 00 00 00 00 00 00 30 10 03 00 0F 57 00 00 ]]
[[ DATA: 50 0B 00 20 10 30 04 00 35 72 00 00 90 0A 00 20 40 01 00 00 ]]
[[ DATA: 0F 00 00 00 37 20 05 00 DF 76 00 00 50 0B 00 20 00 00 00 00 ]]
[[ DATA: 2F 51 06 00 54 7A 00 00 F0 0C 00 20 C8 54 00 20 00 04 00 00 ]]
[[ DATA: FF FF FF FF C8 E3 00 08 10 30 07 00 3F B6 00 00 F0 0C 00 20 ]]
[[ DATA: 00 04 00 00 FF FF FF FF 5D 11 08 00 1E BF 00 00 F0 0C 00 20 ]]
[[ DATA: 30 10 09 00 3B C2 00 00 F0 0C 00 20 37 20 0A 00 4A CB 00 00 ]]
[[ DATA: F0 0C 00 20 FF FF FF FF 37 20 0B 00 D4 D3 D2 D1 ]]

[[ DevAlert Data Ended. Checksum: 43419 ]]

[[ DevAlert Data Begins ]]
[[ DATA: D1 D2 D3 D4 F0 0F 01 00 71 83 02 00 04 00 07 00 05 00 00 00 ]]
[[ DATA: 20 00 20 00 10 00 00 00 E8 03 00 00 24 44 55 4D 4D 59 5F 53 ]]
[[ DATA: 45 53 53 49 4F 4E 5F 49 44 00 00 00 00 00 00 00 00 00 00 00 ]]
[[ DATA: 00 00 00 00 24 44 55 4D 4D 59 5F 44 45 56 49 43 45 5F 49 44 ]]
[[ DATA: 00 00 00 00 00 00 00 00 00 00 00 00 00 00 00 00 64 66 6D 5F ]]
[[ DATA: 74 72 61 63 65 2E 70 73 66 73 00 00 CB D6 00 00 50 0B 00 20 ]]
[[ DATA: 00 00 00 00 2E 11 0C 00 3A D9 00 00 F0 0C 00 20 10 30 0D 00 ]]
[[ DATA: B5 15 01 00 CC 2C 00 20 00 04 00 00 00 00 00 00 5D 11 0E 00 ]]
[[ DATA: 30 18 01 00 CC 2C 00 20 30 10 0F 00 14 1B 01 00 CC 2C 00 20 ]]
[[ DATA: 2A 10 10 00 D9 7A 04 00 E8 03 00 00 37 20 11 00 6A 88 04 00 ]]
[[ DATA: CC 2C 00 20 00 00 00 00 EA 20 12 00 26 9F 04 00 50 0B 00 20 ]]
[[ DATA: 6C 02 00 00 2A 10 13 00 54 A1 04 00 FA 00 00 00 37 20 14 00 ]]
[[ DATA: 1F AB 04 00 90 0A 00 20 0F 00 00 00 30 10 15 00 2A 40 67 02 ]]
[[ DATA: CC 2C 00 20 37 20 16 00 0C 4A 67 02 CC 2C 00 20 00 00 00 00 ]]
[[ DATA: 2B 10 17 00 78 4D 67 02 00 00 00 00 EA 20 18 00 F0 57 67 02 ]]
[[ DATA: 90 0A 00 20 F4 00 00 00 2A 10 19 00 0D 5A 67 02 FA 00 00 00 ]]
[[ DATA: 37 20 1A 00 E3 63 67 02 90 0A 00 20 0F 00 00 00 30 10 1B 00 ]]
[[ DATA: F7 0A CC 04 CC 2C 00 20 37 20 1C 00 B5 14 CC 04 CC 2C 00 20 ]]
[[ DATA: 00 00 00 00 2B 10 1D 00 F5 17 CC 04 00 00 00 00 EA 20 1E 00 ]]
[[ DATA: 69 32 CC 04 F0 0C 00 20 F4 02 00 00 2A 10 1F 00 80 34 CC 04 ]]
[[ DATA: FA 00 00 00 37 20 20 00 50 3E CC 04 90 0A 00 20 0F 00 00 00 ]]
[[ DATA: 30 10 21 00 F7 D5 30 07 CC 2C 00 20 37 20 22 00 B5 DF 30 07 ]]
[[ DATA: CC 2C 00 20 00 00 00 00 2B 10 23 00 F5 E2 30 07 00 00 00 00 ]]
[[ DATA: EA 20 24 00 A9 FF 30 07 CC 2C 00 20 3C 03 00 00 2A 10 25 00 ]]
[[ DATA: C0 01 31 07 FA 00 00 00 37 20 26 00 78 0A 31 07 90 0A 00 20 ]]
[[ DATA: 0F 00 00 00 30 10 27 00 F7 4D 8E 09 50 0B 00 20 37 20 28 00 ]]
[[ DATA: B5 57 8E 09 50 0B 00 20 00 00 00 00 2B 10 29 00 F5 5A 8E 09 ]]
[[ DATA: 00 00 00 00 03 40 2A 00 9B F0 93 09 3C 19 00 20 44 46 4D 20 ]]
[[ DATA: 54 65 73 74 73 00 54 52 30 10 2B 00 56 A1 95 09 CC 2C 00 20 ]]
[[ DATA: 92 50 2C 00 6C 96 97 09 3C 19 00 20 F1 03 00 00 54 25 75 20 ]]
[[ DATA: 42 45 47 49 4E 00 44 46 6A 10 2D 00 19 9A 97 09 C4 00 00 20 ]]
[[ DATA: 23 11 2E 00 60 9C 97 09 10 00 00 20 30 10 2F 00 53 A0 97 09 ]]
[[ DATA: F0 0C 00 20 37 20 30 00 76 A9 97 09 F0 0C 00 20 FF FF FF FF ]]
[[ DATA: 91 B0 31 00 98 AE 97 09 3C 19 00 20 54 31 30 30 39 20 50 41 ]]
[[ DATA: 54 48 20 61 70 70 5F 77 6F 72 6B 5F 68 61 6E 64 6C 65 72 20 ]]
[[ DATA: 2D 3E 20 73 65 72 76 69 63 65 00 57 92 70 32 00 2C B3 97 09 ]]
[[ DATA: 3C 19 00 20 09 00 00 00 54 31 30 30 39 20 44 41 54 41 20 76 ]]
[[ DATA: 61 6C 75 65 3D 25 75 00 03 30 33 00 1F F6 97 09 0C 19 00 20 ]]
[[ DATA: 41 4C 45 52 54 00 64 66 91 A0 34 00 42 FA 97 09 0C 19 00 20 ]]
[[ DATA: 54 65 73 74 20 31 30 30 39 20 61 74 20 74 65 73 74 5F 63 6F ]]
[[ DATA: 6E 74 65 78 74 73 2E 63 3A 31 30 38 00 00 00 00 51 20 35 00 ]]
[[ DATA: 21 C8 B2 0A C4 00 00 20 00 00 00 00 37 20 36 00 07 D5 B2 0A ]]
[[ DATA: 50 0B 00 20 00 00 00 00 22 21 37 00 78 D7 B2 0A 10 00 00 20 ]]
[[ DATA: 01 00 00 00 61 30 38 00 73 DA B2 0A C4 00 00 20 00 00 00 00 ]]
[[ DATA: 00 00 00 00 2A 10 39 00 4C C1 B9 0A 2C 01 00 00 37 20 3A 00 ]]
[[ DATA: F5 CE B9 0A CC 2C 00 20 00 00 00 00 2B 10 3B 00 51 D2 B9 0A ]]
[[ DATA: 00 00 00 00 EA 20 3C 00 9C E8 B9 0A 50 0B 00 20 6C 02 00 00 ]]
[[ DATA: 2A 10 3D 00 B4 EA B9 0A FA 00 00 00 37 20 3E 00 85 F4 B9 0A ]]
[[ DATA: 90 0A 00 20 0F 00 00 00 30 10 3F 00 2C F3 1C 0D CC 2C 00 20 ]]
[[ DATA: 37 20 40 00 1F FD 1C 0D CC 2C 00 20 00 00 00 00 2B 10 41 00 ]]
[[ DATA: 5F 00 1D 0D 00 00 00 00 EA 20 42 00 D3 0A 1D 0D 90 0A 00 20 ]]
[[ DATA: F4 00 00 00 2A 10 43 00 EA 0C 1D 0D FA 00 00 00 37 20 44 00 ]]
[[ DATA: A2 15 1D 0D 90 0A 00 20 0F 00 00 00 30 10 45 00 07 05 97 0D ]]
[[ DATA: 50 0B 00 20 37 20 46 00 35 0F 97 0D 50 0B 00 20 00 00 00 00 ]]
[[ DATA: 2B 10 47 00 75 12 97 0D 00 00 00 00 92 50 48 00 EE FD 97 0D ]]
[[ DATA: 3C 19 00 20 F3 03 00 00 54 25 75 20 D4 D3 D2 D1 ]]

[[ DevAlert Data Ended. Checksum: 20418 ]]

[[ DevAlert Data Begins ]]
[[ DATA: D1 D2 D3 D4 F0 0F 01 00 71 83 02 00 05 00 07 00 05 00 00 00 ]]
[[ DATA: 20 00 20 00 10 00 00 00 E8 03 00 00 24 44 55 4D 4D 59 5F 53 ]]
[[ DATA: 45 53 53 49 4F 4E 5F 49 44 00 00 00 00 00 00 00 00 00 00 00 ]]
[[ DATA: 00 00 00 00 24 44 55 4D 4D 59 5F 44 45 56 49 43 45 5F 49 44 ]]
[[ DATA: 00 00 00 00 00 00 00 00 00 00 00 00 00 00 00 00 64 66 6D 5F ]]
[[ DATA: 74 72 61 63 65 2E 70 73 66 73 00 00 42 45 47 49 4E 00 44 46 ]]
[[ DATA: 92 A0 49 00 AB 02 98 0D 3C 19 00 20 0B 00 00 00 54 31 30 31 ]]
[[ DATA: 31 20 44 41 54 41 20 63 61 6C 6C 62 61 63 6B 20 76 61 6C 75 ]]
[[ DATA: 65 3D 25 75 00 54 31 30 91 C0 4A 00 AC 07 98 0D 3C 19 00 20 ]]
[[ DATA: 54 31 30 31 31 20 50 41 54 48 20 63 61 6C 6C 62 61 63 6B 5F ]]
[[ DATA: 68 61 6E 64 6C 65 72 20 2D 3E 20 74 72 61 70 5F 73 69 74 65 ]]
[[ DATA: 00 54 31 30 91 A0 4B 00 9C 4D 98 0D 0C 19 00 20 54 65 73 74 ]]
[[ DATA: 20 31 30 31 31 20 61 74 20 74 65 73 74 5F 63 61 6C 6C 5F 63 ]]
[[ DATA: 68 61 69 6E 73 2E 63 3A 32 39 39 00 2A 10 4C 00 E6 89 B7 0E ]]
[[ DATA: 2C 01 00 00 37 20 4D 00 6A 93 B7 0E 90 0A 00 20 0F 00 00 00 ]]
[[ DATA: 30 10 4E 00 47 BE 81 0F CC 2C 00 20 37 20 4F 00 A8 C8 81 0F ]]
[[ DATA: CC 2C 00 20 00 00 00 00 2B 10 50 00 F8 CB 81 0F 00 00 00 00 ]]
[[ DATA: EA 20 51 00 7F E6 81 0F F0 0C 00 20 F4 02 00 00 2A 10 52 00 ]]
[[ DATA: 9C E8 81 0F FA 00 00 00 37 20 53 00 54 F1 81 0F 90 0A 00 20 ]]
[[ DATA: 0F 00 00 00 30 10 54 00 F6 F7 95 11 50 0B 00 20 37 20 55 00 ]]
[[ DATA: B4 01 96 11 50 0B 00 20 00 00 00 00 2B 10 56 00 F4 04 96 11 ]]
[[ DATA: 00 00 00 00 92 50 57 00 6D F0 96 11 3C 19 00 20 F6 03 00 00 ]]
[[ DATA: 54 25 75 20 42 45 47 49 4E 00 44 46 92 70 58 00 77 F4 96 11 ]]
[[ DATA: 3C 19 00 20 01 00 00 00 54 31 30 31 34 20 41 52 47 53 20 61 ]]
[[ DATA: 30 3D 25 75 00 54 31 30 92 70 59 00 20 F8 96 11 3C 19 00 20 ]]
[[ DATA: 06 00 00 00 54 31 30 31 34 20 41 52 47 53 20 61 35 3D 25 75 ]]
[[ DATA: 00 54 65 73 91 A0 5A 00 B0 FC 96 11 3C 19 00 20 54 31 30 31 ]]
[[ DATA: 34 20 50 41 54 48 20 70 75 62 6C 69 63 5F 61 70 69 20 2D 3E ]]
[[ DATA: 20 73 65 72 76 69 63 65 00 54 31 30 91 90 5B 00 2A 01 97 11 ]]
[[ DATA: 3C 19 00 20 54 31 30 31 34 20 50 41 54 48 20 73 65 72 76 69 ]]
[[ DATA: 63 65 20 2D 3E 20 74 72 61 70 5F 73 69 74 65 00 91 A0 5C 00 ]]
[[ DATA: 40 48 97 11 0C 19 00 20 54 65 73 74 20 31 30 31 34 20 61 74 ]]
[[ DATA: 20 74 65 73 74 5F 63 61 6C 6C 5F 63 68 61 69 6E 73 2E 63 3A ]]
[[ DATA: 33 32 00 00 30 10 5D 00 DA FA 1C 12 CC 2C 00 20 2A 10 5E 00 ]]
[[ DATA: 77 20 1E 12 2C 01 00 00 37 20 5F 00 AF 2E 1E 12 CC 2C 00 20 ]]
[[ DATA: 00 00 00 00 2B 10 60 00 F7 31 1E 12 00 00 00 00 EA 20 61 00 ]]
[[ DATA: B9 4E 1E 12 CC 2C 00 20 3C 03 00 00 2A 10 62 00 D1 50 1E 12 ]]
[[ DATA: FA 00 00 00 37 20 63 00 A2 5A 1E 12 90 0A 00 20 0F 00 00 00 ]]
[[ DATA: 30 10 64 00 FE 09 81 14 CC 2C 00 20 37 20 65 00 BC 13 81 14 ]]
[[ DATA: CC 2C 00 20 00 00 00 00 2B 10 66 00 FC 16 81 14 00 00 00 00 ]]
[[ DATA: EA 20 67 00 30 2D 81 14 50 0B 00 20 6C 02 00 00 2A 10 68 00 ]]
[[ DATA: 47 2F 81 14 FA 00 00 00 37 20 69 00 FF 37 81 14 90 0A 00 20 ]]
[[ DATA: 0F 00 00 00 30 10 6A 00 07 1C FB 14 50 0B 00 20 37 20 6B 00 ]]
[[ DATA: 35 26 FB 14 50 0B 00 20 00 00 00 00 2B 10 6C 00 75 29 FB 14 ]]
[[ DATA: 00 00 00 00 92 50 6D 00 F9 14 FC 14 3C 19 00 20 F8 03 00 00 ]]
[[ DATA: 54 25 75 20 42 45 47 49 4E 00 44 46 91 90 6E 00 BA 19 FC 14 ]]
[[ DATA: 3C 19 00 20 54 31 30 31 36 41 20 41 43 54 49 4F 4E 20 73 77 ]]
[[ DATA: 69 74 63 68 20 50 53 50 20 2D 3E 20 4D 53 50 00 92 70 6F 00 ]]
[[ DATA: 1C 1E FC 14 3C 19 00 20 00 00 00 00 54 31 30 31 36 41 20 43 ]]
[[ DATA: 54 58 20 49 50 53 52 3D 25 75 00 54 92 80 70 00 1A 22 FC 14 ]]
[[ DATA: 3C 19 00 20 00 00 00 00 54 31 30 31 36 41 20 43 54 58 20 43 ]]
[[ DATA: 4F 4E 54 52 4F 4C 3D 25 30 38 58 00 91 A0 71 00 6F 33 FC 14 ]]
[[ DATA: 0C 19 00 20 54 65 73 74 20 31 30 31 36 41 20 61 74 20 74 65 ]]
[[ DATA: 73 74 5F 63 6F 6E 74 65 78 74 73 2E 63 3A 31 37 32 00 00 00 ]]
[[ DATA: 92 90 72 00 5F B3 6D 1B 3C 19 00 20 00 00 00 00 54 31 30 31 ]]
[[ DATA: 36 42 20 52 45 54 55 52 4E 20 74 72 D4 D3 D2 D1 ]]

[[ DevAlert Data Ended. Checksum: 33768 ]]

[[ DevAlert Data Begins ]]
[[ DATA: D1 D2 D3 D4 F0 0F 01 00 71 83 02 00 06 00 07 00 05 00 00 00 ]]
[[ DATA: 20 00 20 00 10 00 00 00 E8 03 00 00 24 44 55 4D 4D 59 5F 53 ]]
[[ DATA: 45 53 53 49 4F 4E 5F 49 44 00 00 00 00 00 00 00 00 00 00 00 ]]
[[ DATA: 00 00 00 00 24 44 55 4D 4D 59 5F 44 45 56 49 43 45 5F 49 44 ]]
[[ DATA: 00 00 00 00 00 00 00 00 00 00 00 00 00 00 00 00 64 66 6D 5F ]]
[[ DATA: 74 72 61 63 65 2E 70 73 66 73 00 00 61 70 5F 43 54 4C 3D 25 ]]
[[ DATA: 30 38 58 00 92 90 73 00 D1 B7 6D 1B 3C 19 00 20 02 00 00 00 ]]
[[ DATA: 54 31 30 31 36 42 20 52 45 54 55 52 4E 20 6E 6F 77 5F 43 54 ]]
[[ DATA: 4C 3D 25 30 38 58 00 4D 91 A0 74 00 12 5A 75 1B 0C 19 00 20 ]]
[[ DATA: 54 65 73 74 20 31 30 31 36 42 20 61 74 20 74 65 73 74 5F 63 ]]
[[ DATA: 6F 6E 74 65 78 74 73 2E 63 3A 32 30 31 00 00 00 00 00 00 00 ]]
[[ DATA: 00 00 00 00 00 00 00 00 00 00 00 00 00 00 00 00 00 00 00 00 ]]
[[ DATA: 00 00 00 00 00 00 00 00 00 00 00 00 00 00 00 00 00 00 00 00 ]]
[[ DATA: 00 00 00 00 00 00 00 00 00 00 00 00 00 00 00 00 00 00 00 00 ]]
[[ DATA: 00 00 00 00 00 00 00 00 00 00 00 00 00 00 00 00 00 00 00 00 ]]
[[ DATA: 00 00 00 00 00 00 00 00 00 00 00 00 00 00 00 00 00 00 00 00 ]]
[[ DATA: 00 00 00 00 00 00 00 00 00 00 00 00 00 00 00 00 00 00 00 00 ]]
[[ DATA: 00 00 00 00 00 00 00 00 00 00 00 00 00 00 00 00 00 00 00 00 ]]
[[ DATA: 00 00 00 00 00 00 00 00 00 00 00 00 00 00 00 00 00 00 00 00 ]]
[[ DATA: 00 00 00 00 00 00 00 00 00 00 00 00 00 00 00 00 00 00 00 00 ]]
[[ DATA: 00 00 00 00 00 00 00 00 00 00 00 00 00 00 00 00 00 00 00 00 ]]
[[ DATA: 00 00 00 00 00 00 00 00 00 00 00 00 00 00 00 00 00 00 00 00 ]]
[[ DATA: 00 00 00 00 00 00 00 00 00 00 00 00 00 00 00 00 00 00 00 00 ]]
[[ DATA: 00 00 00 00 00 00 00 00 00 00 00 00 00 00 00 00 00 00 00 00 ]]
[[ DATA: 00 00 00 00 00 00 00 00 00 00 00 00 00 00 00 00 00 00 00 00 ]]
[[ DATA: 00 00 00 00 00 00 00 00 00 00 00 00 00 00 00 00 00 00 00 00 ]]
[[ DATA: 00 00 00 00 00 00 00 00 00 00 00 00 00 00 00 00 00 00 00 00 ]]
[[ DATA: 00 00 00 00 00 00 00 00 00 00 00 00 00 00 00 00 00 00 00 00 ]]
[[ DATA: 00 00 00 00 00 00 00 00 00 00 00 00 00 00 00 00 00 00 00 00 ]]
[[ DATA: 00 00 00 00 00 00 00 00 00 00 00 00 00 00 00 00 00 00 00 00 ]]
[[ DATA: 00 00 00 00 00 00 00 00 00 00 00 00 00 00 00 00 00 00 00 00 ]]
[[ DATA: 00 00 00 00 00 00 00 00 00 00 00 00 00 00 00 00 00 00 00 00 ]]
[[ DATA: 00 00 00 00 00 00 00 00 00 00 00 00 00 00 00 00 00 00 00 00 ]]
[[ DATA: 00 00 00 00 00 00 00 00 00 00 00 00 00 00 00 00 00 00 00 00 ]]
[[ DATA: 00 00 00 00 00 00 00 00 00 00 00 00 00 00 00 00 00 00 00 00 ]]
[[ DATA: 00 00 00 00 00 00 00 00 00 00 00 00 00 00 00 00 00 00 00 00 ]]
[[ DATA: 00 00 00 00 00 00 00 00 00 00 00 00 00 00 00 00 00 00 00 00 ]]
[[ DATA: 00 00 00 00 00 00 00 00 00 00 00 00 00 00 00 00 00 00 00 00 ]]
[[ DATA: 00 00 00 00 00 00 00 00 00 00 00 00 00 00 00 00 00 00 00 00 ]]
[[ DATA: 00 00 00 00 00 00 00 00 00 00 00 00 00 00 00 00 00 00 00 00 ]]
[[ DATA: 00 00 00 00 00 00 00 00 00 00 00 00 00 00 00 00 00 00 00 00 ]]
[[ DATA: 00 00 00 00 00 00 00 00 00 00 00 00 00 00 00 00 00 00 00 00 ]]
[[ DATA: 00 00 00 00 00 00 00 00 00 00 00 00 00 00 00 00 00 00 00 00 ]]
[[ DATA: 00 00 00 00 00 00 00 00 00 00 00 00 00 00 00 00 00 00 00 00 ]]
[[ DATA: 00 00 00 00 00 00 00 00 00 00 00 00 00 00 00 00 00 00 00 00 ]]
[[ DATA: 00 00 00 00 00 00 00 00 00 00 00 00 00 00 00 00 00 00 00 00 ]]
[[ DATA: 00 00 00 00 00 00 00 00 00 00 00 00 00 00 00 00 00 00 00 00 ]]
[[ DATA: 00 00 00 00 00 00 00 00 00 00 00 00 00 00 00 00 00 00 00 00 ]]
[[ DATA: 00 00 00 00 00 00 00 00 00 00 00 00 00 00 00 00 00 00 00 00 ]]
[[ DATA: 00 00 00 00 00 00 00 00 00 00 00 00 00 00 00 00 00 00 00 00 ]]
[[ DATA: 00 00 00 00 00 00 00 00 00 00 00 00 00 00 00 00 00 00 00 00 ]]
[[ DATA: 00 00 00 00 00 00 00 00 00 00 00 00 00 00 00 00 00 00 00 00 ]]
[[ DATA: 00 00 00 00 00 00 00 00 00 00 00 00 00 00 00 00 00 00 00 00 ]]
[[ DATA: 00 00 00 00 00 00 00 00 00 00 00 00 00 00 00 00 00 00 00 00 ]]
[[ DATA: 00 00 00 00 00 00 00 00 00 00 00 00 00 00 00 00 00 00 00 00 ]]
[[ DATA: 00 00 00 00 00 00 00 00 00 00 00 00 D4 D3 D2 D1 ]]

[[ DevAlert Data Ended. Checksum: 60093 ]]

[[ DevAlert Data Begins ]]
[[ DATA: D1 D2 D3 D4 F0 0F 01 00 71 83 02 00 07 00 07 00 05 00 00 00 ]]
[[ DATA: 20 00 20 00 10 00 00 00 80 03 00 00 24 44 55 4D 4D 59 5F 53 ]]
[[ DATA: 45 53 53 49 4F 4E 5F 49 44 00 00 00 00 00 00 00 00 00 00 00 ]]
[[ DATA: 00 00 00 00 24 44 55 4D 4D 59 5F 44 45 56 49 43 45 5F 49 44 ]]
[[ DATA: 00 00 00 00 00 00 00 00 00 00 00 00 00 00 00 00 64 66 6D 5F ]]
[[ DATA: 74 72 61 63 65 2E 70 73 66 73 00 00 00 00 00 00 00 00 00 00 ]]
[[ DATA: 00 00 00 00 00 00 00 00 00 00 00 00 00 00 00 00 00 00 00 00 ]]
[[ DATA: 00 00 00 00 00 00 00 00 00 00 00 00 00 00 00 00 00 00 00 00 ]]
[[ DATA: 00 00 00 00 00 00 00 00 00 00 00 00 00 00 00 00 00 00 00 00 ]]
[[ DATA: 00 00 00 00 00 00 00 00 00 00 00 00 00 00 00 00 00 00 00 00 ]]
[[ DATA: 00 00 00 00 00 00 00 00 00 00 00 00 00 00 00 00 00 00 00 00 ]]
[[ DATA: 00 00 00 00 00 00 00 00 00 00 00 00 00 00 00 00 00 00 00 00 ]]
[[ DATA: 00 00 00 00 00 00 00 00 00 00 00 00 00 00 00 00 00 00 00 00 ]]
[[ DATA: 00 00 00 00 00 00 00 00 00 00 00 00 00 00 00 00 00 00 00 00 ]]
[[ DATA: 00 00 00 00 00 00 00 00 00 00 00 00 00 00 00 00 00 00 00 00 ]]
[[ DATA: 00 00 00 00 00 00 00 00 00 00 00 00 00 00 00 00 00 00 00 00 ]]
[[ DATA: 00 00 00 00 00 00 00 00 00 00 00 00 00 00 00 00 00 00 00 00 ]]
[[ DATA: 00 00 00 00 00 00 00 00 00 00 00 00 00 00 00 00 00 00 00 00 ]]
[[ DATA: 00 00 00 00 00 00 00 00 00 00 00 00 00 00 00 00 00 00 00 00 ]]
[[ DATA: 00 00 00 00 00 00 00 00 00 00 00 00 00 00 00 00 00 00 00 00 ]]
[[ DATA: 00 00 00 00 00 00 00 00 00 00 00 00 00 00 00 00 00 00 00 00 ]]
[[ DATA: 00 00 00 00 00 00 00 00 00 00 00 00 00 00 00 00 00 00 00 00 ]]
[[ DATA: 00 00 00 00 00 00 00 00 00 00 00 00 00 00 00 00 00 00 00 00 ]]
[[ DATA: 00 00 00 00 00 00 00 00 00 00 00 00 00 00 00 00 00 00 00 00 ]]
[[ DATA: 00 00 00 00 00 00 00 00 00 00 00 00 00 00 00 00 00 00 00 00 ]]
[[ DATA: 00 00 00 00 00 00 00 00 00 00 00 00 00 00 00 00 00 00 00 00 ]]
[[ DATA: 00 00 00 00 00 00 00 00 00 00 00 00 00 00 00 00 00 00 00 00 ]]
[[ DATA: 00 00 00 00 00 00 00 00 00 00 00 00 00 00 00 00 00 00 00 00 ]]
[[ DATA: 00 00 00 00 00 00 00 00 00 00 00 00 00 00 00 00 00 00 00 00 ]]
[[ DATA: 00 00 00 00 00 00 00 00 00 00 00 00 00 00 00 00 00 00 00 00 ]]
[[ DATA: 00 00 00 00 00 00 00 00 00 00 00 00 00 00 00 00 00 00 00 00 ]]
[[ DATA: 00 00 00 00 00 00 00 00 00 00 00 00 00 00 00 00 00 00 00 00 ]]
[[ DATA: 00 00 00 00 00 00 00 00 00 00 00 00 00 00 00 00 00 00 00 00 ]]
[[ DATA: 00 00 00 00 00 00 00 00 00 00 00 00 00 00 00 00 00 00 00 00 ]]
[[ DATA: 00 00 00 00 00 00 00 00 00 00 00 00 00 00 00 00 00 00 00 00 ]]
[[ DATA: 00 00 00 00 00 00 00 00 00 00 00 00 00 00 00 00 00 00 00 00 ]]
[[ DATA: 00 00 00 00 00 00 00 00 00 00 00 00 00 00 00 00 00 00 00 00 ]]
[[ DATA: 00 00 00 00 00 00 00 00 00 00 00 00 00 00 00 00 00 00 00 00 ]]
[[ DATA: 00 00 00 00 00 00 00 00 00 00 00 00 00 00 00 00 00 00 00 00 ]]
[[ DATA: 00 00 00 00 00 00 00 00 00 00 00 00 00 00 00 00 00 00 00 00 ]]
[[ DATA: 00 00 00 00 00 00 00 00 00 00 00 00 00 00 00 00 00 00 00 00 ]]
[[ DATA: 00 00 00 00 00 00 00 00 00 00 00 00 00 00 00 00 00 00 00 00 ]]
[[ DATA: 00 00 00 00 00 00 00 00 00 00 00 00 00 00 00 00 00 00 00 00 ]]
[[ DATA: 00 00 00 00 00 00 00 00 00 00 00 00 00 00 00 00 00 00 00 00 ]]
[[ DATA: 00 00 00 00 00 00 00 00 00 00 00 00 00 00 00 00 00 00 00 00 ]]
[[ DATA: 00 00 00 00 00 00 00 00 00 00 00 00 00 00 00 00 00 00 00 00 ]]
[[ DATA: 00 00 00 00 00 00 00 00 00 00 00 00 00 00 00 00 00 00 00 00 ]]
[[ DATA: 00 00 00 00 00 00 00 00 00 00 00 00 00 00 00 00 00 00 00 00 ]]
[[ DATA: 00 00 00 00 00 00 00 00 00 00 00 00 00 00 00 00 00 00 00 00 ]]
[[ DATA: 00 00 00 00 00 00 00 00 00 00 00 00 0A 0B 0C 0D 71 72 73 74 ]]
[[ DATA: F1 F2 F3 F4 00 00 00 00 D4 D3 D2 D1 ]]

[[ DevAlert Data Ended. Checksum: 35985 ]]
DFMT:RETURNED:1016:0
DFMT:BEGIN:1017:10

[[ DevAlert Data Begins ]]
[[ DATA: D1 D2 D3 D4 F0 0F 01 00 12 15 00 00 01 00 01 00 06 00 00 00 ]]
[[ DATA: 20 00 20 00 68 00 00 00 0C 01 00 00 24 44 55 4D 4D 59 5F 53 ]]
[[ DATA: 45 53 53 49 4F 4E 5F 49 44 00 00 00 00 00 00 00 00 00 00 00 ]]
[[ DATA: 00 00 00 00 24 44 55 4D 4D 59 5F 44 45 56 49 43 45 5F 49 44 ]]
[[ DATA: 00 00 00 00 00 00 00 00 00 00 00 00 00 00 00 00 54 65 73 74 ]]
[[ DATA: 20 31 30 31 37 20 61 74 20 74 65 73 74 5F 62 6F 75 6E 64 61 ]]
[[ DATA: 72 69 65 73 2E 63 3A 31 34 00 00 00 00 00 00 00 00 00 00 00 ]]
[[ DATA: 00 00 00 00 00 00 00 00 00 00 00 00 00 00 00 00 00 00 00 00 ]]
[[ DATA: 00 00 00 00 00 00 00 00 00 00 00 00 00 00 00 00 00 00 00 00 ]]
[[ DATA: 00 00 00 00 00 00 00 00 00 00 00 00 00 00 00 00 00 00 00 00 ]]
[[ DATA: 50 44 66 6D F0 0F 03 48 08 04 68 00 01 00 00 00 F9 03 00 00 ]]
[[ DATA: 01 00 00 00 A5 01 00 00 07 00 00 00 10 54 00 20 02 00 00 00 ]]
[[ DATA: DC 06 00 00 04 00 00 00 0E 00 00 00 00 00 00 00 00 00 00 00 ]]
[[ DATA: 00 00 00 00 00 00 00 00 00 00 00 00 00 00 00 00 00 00 00 00 ]]
[[ DATA: 00 00 00 00 42 75 69 6C 64 2D 4D 33 2D 4F 73 00 00 00 00 00 ]]
[[ DATA: 00 00 00 00 00 00 00 00 00 00 00 00 00 00 00 00 00 00 00 00 ]]
[[ DATA: 00 00 00 00 00 00 00 00 00 00 00 00 00 00 00 00 00 00 00 00 ]]
[[ DATA: 00 00 00 00 00 00 00 00 00 00 00 00 00 00 00 00 54 65 73 74 ]]
[[ DATA: 20 31 30 31 37 20 61 74 20 74 65 73 74 5F 62 6F 75 6E 64 61 ]]
[[ DATA: 72 69 65 73 2E 63 3A 31 34 00 00 00 00 00 00 00 00 00 00 00 ]]
[[ DATA: 00 00 00 00 00 00 00 00 00 00 00 00 00 00 00 00 00 00 00 00 ]]
[[ DATA: 00 00 00 00 00 00 00 00 00 00 00 00 00 00 00 00 00 00 00 00 ]]
[[ DATA: 00 00 00 00 00 00 00 00 00 00 00 00 00 00 00 00 00 00 00 00 ]]
[[ DATA: 6D 66 44 50 00 00 00 00 D4 D3 D2 D1 ]]

[[ DevAlert Data Ended. Checksum: 52746 ]]

[[ DevAlert Data Begins ]]
[[ DATA: D1 D2 D3 D4 F0 0F 01 00 18 46 01 00 01 00 01 00 06 00 00 00 ]]
[[ DATA: 20 00 20 00 10 00 00 00 24 00 00 00 24 44 55 4D 4D 59 5F 53 ]]
[[ DATA: 45 53 53 49 4F 4E 5F 49 44 00 00 00 00 00 00 00 00 00 00 00 ]]
[[ DATA: 00 00 00 00 24 44 55 4D 4D 59 5F 44 45 56 49 43 45 5F 49 44 ]]
[[ DATA: 00 00 00 00 00 00 00 00 00 00 00 00 00 00 00 00 74 72 61 70 ]]
[[ DATA: 2E 7A 70 72 00 2E 70 73 66 73 00 00 50 44 61 50 F0 0F 03 10 ]]
[[ DATA: EB 01 00 00 74 72 61 70 2E 7A 70 72 00 00 00 00 00 00 00 00 ]]
[[ DATA: 50 61 44 50 00 00 00 00 D4 D3 D2 D1 ]]

[[ DevAlert Data Ended. Checksum: 37567 ]]

[[ DevAlert Data Begins ]]
[[ DATA: D1 D2 D3 D4 F0 0F 01 00 71 83 01 00 01 00 01 00 06 00 00 00 ]]
[[ DATA: 20 00 20 00 10 00 00 00 EB 01 00 00 24 44 55 4D 4D 59 5F 53 ]]
[[ DATA: 45 53 53 49 4F 4E 5F 49 44 00 00 00 00 00 00 00 00 00 00 00 ]]
[[ DATA: 00 00 00 00 24 44 55 4D 4D 59 5F 44 45 56 49 43 45 5F 49 44 ]]
[[ DATA: 00 00 00 00 00 00 00 00 00 00 00 00 00 00 00 00 74 72 61 70 ]]
[[ DATA: 2E 7A 70 72 00 2E 70 73 66 73 00 00 5A 45 02 00 03 00 05 00 ]]
[[ DATA: 0D D0 00 00 41 03 00 4C 00 00 00 00 00 00 00 00 00 00 00 00 ]]
[[ DATA: 00 FC 0E 00 20 A6 21 5C 0A AF 87 00 08 EE 81 00 08 00 00 00 ]]
[[ DATA: 29 10 54 00 20 08 0E 00 20 00 00 00 00 00 00 00 00 40 E0 00 ]]
[[ DATA: 08 D0 0D 00 20 F9 03 00 00 FF FF FF FF FF FF FF FF 01 00 00 ]]
[[ DATA: 00 30 00 00 00 4D 01 00 50 0B 00 20 10 0C 00 20 84 38 00 20 ]]
[[ DATA: 84 38 00 20 00 00 00 00 01 00 00 FF 80 00 00 00 00 00 00 00 ]]
[[ DATA: 00 00 00 00 00 00 00 00 00 00 00 00 00 00 00 00 19 A3 00 08 ]]
[[ DATA: 00 00 00 00 00 00 00 00 6C 38 00 20 E0 0C 00 00 2C 01 00 00 ]]
[[ DATA: 00 00 00 00 F8 03 00 00 FF FF FF FF FF FF FF FF F8 53 00 20 ]]
[[ DATA: 00 00 00 00 A8 0B 00 20 A8 0B 00 20 05 8A 00 08 00 00 00 00 ]]
[[ DATA: 00 00 00 00 00 00 00 00 00 00 00 00 6D 61 69 6E 00 00 00 00 ]]
[[ DATA: 00 00 00 00 00 00 00 00 00 00 00 00 00 00 00 00 00 00 00 00 ]]
[[ DATA: 00 00 00 00 C8 50 00 20 00 04 00 00 10 00 00 00 00 00 00 00 ]]
[[ DATA: B8 54 00 20 00 00 00 00 00 00 00 00 00 00 00 00 00 00 00 00 ]]
[[ DATA: 00 00 00 00 F5 FF FF FF 4D 01 00 10 54 00 20 C8 54 00 20 00 ]]
[[ DATA: 00 00 00 0E 00 00 00 00 00 00 00 F4 0E 00 20 01 00 00 00 CF ]]
[[ DATA: 23 00 08 91 23 00 08 CA ED 00 08 E0 E0 00 08 00 00 00 00 40 ]]
[[ DATA: E0 00 08 39 14 00 08 06 00 00 00 02 00 00 00 5D E7 8F 09 0A ]]
[[ DATA: 00 00 00 F9 03 00 00 02 00 00 00 02 00 00 00 00 00 00 00 00 ]]
[[ DATA: 00 00 00 00 FE D0 D5 00 00 00 00 54 DF 00 08 54 DF 00 08 54 ]]
[[ DATA: DF 00 08 00 00 00 00 00 00 00 00 08 00 00 00 F7 8A 00 08 AA ]]
[[ DATA: AA AA AA AA AA AA AA AA AA AA AA AA AA AA AA 05 8A 00 08 00 ]]
[[ DATA: 00 00 00 B8 54 00 20 05 8A 00 08 00 00 00 00 87 2B 00 08 00 ]]
[[ DATA: 00 00 00 B9 36 00 08 AA AA AA AA AA AA AA AA 50 0B 00 20 00 ]]
[[ DATA: 00 00 00 D4 D3 D2 D1 ]]

[[ DevAlert Data Ended. Checksum: 23613 ]]
DFMT:CHECK:1017:PASS:TRACE_STOPPED_BEFORE
DFMT:CHECK:1017:PASS:TRACE_STILL_STOPPED
DFMT:RETURNED:1017:0
DFMT:BEGIN:1018:11

[[ DevAlert Data Begins ]]
[[ DATA: D1 D2 D3 D4 F0 0F 01 00 12 15 00 00 01 00 01 00 07 00 00 00 ]]
[[ DATA: 20 00 20 00 68 00 00 00 0C 01 00 00 24 44 55 4D 4D 59 5F 53 ]]
[[ DATA: 45 53 53 49 4F 4E 5F 49 44 00 00 00 00 00 00 00 00 00 00 00 ]]
[[ DATA: 00 00 00 00 24 44 55 4D 4D 59 5F 44 45 56 49 43 45 5F 49 44 ]]
[[ DATA: 00 00 00 00 00 00 00 00 00 00 00 00 00 00 00 00 54 65 73 74 ]]
[[ DATA: 20 31 30 31 38 20 61 74 20 74 65 73 74 5F 62 6F 75 6E 64 61 ]]
[[ DATA: 72 69 65 73 2E 63 3A 35 31 00 00 00 00 00 00 00 00 00 00 00 ]]
[[ DATA: 00 00 00 00 00 00 00 00 00 00 00 00 00 00 00 00 00 00 00 00 ]]
[[ DATA: 00 00 00 00 00 00 00 00 00 00 00 00 00 00 00 00 00 00 00 00 ]]
[[ DATA: 00 00 00 00 00 00 00 00 00 00 00 00 00 00 00 00 00 00 00 00 ]]
[[ DATA: 50 44 66 6D F0 0F 03 48 08 04 68 00 01 00 00 00 FA 03 00 00 ]]
[[ DATA: 01 00 00 00 00 00 00 00 07 00 00 00 38 47 00 20 02 00 00 00 ]]
[[ DATA: DC 06 00 00 04 00 00 00 33 00 00 00 00 00 00 00 00 00 00 00 ]]
[[ DATA: 00 00 00 00 00 00 00 00 00 00 00 00 00 00 00 00 00 00 00 00 ]]
[[ DATA: 00 00 00 00 42 75 69 6C 64 2D 4D 33 2D 4F 73 00 00 00 00 00 ]]
[[ DATA: 00 00 00 00 00 00 00 00 00 00 00 00 00 00 00 00 00 00 00 00 ]]
[[ DATA: 00 00 00 00 00 00 00 00 00 00 00 00 00 00 00 00 00 00 00 00 ]]
[[ DATA: 00 00 00 00 00 00 00 00 00 00 00 00 00 00 00 00 54 65 73 74 ]]
[[ DATA: 20 31 30 31 38 20 61 74 20 74 65 73 74 5F 62 6F 75 6E 64 61 ]]
[[ DATA: 72 69 65 73 2E 63 3A 35 31 00 00 00 00 00 00 00 00 00 00 00 ]]
[[ DATA: 00 00 00 00 00 00 00 00 00 00 00 00 00 00 00 00 00 00 00 00 ]]
[[ DATA: 00 00 00 00 00 00 00 00 00 00 00 00 00 00 00 00 00 00 00 00 ]]
[[ DATA: 00 00 00 00 00 00 00 00 00 00 00 00 00 00 00 00 00 00 00 00 ]]
[[ DATA: 6D 66 44 50 00 00 00 00 D4 D3 D2 D1 ]]

[[ DevAlert Data Ended. Checksum: 45610 ]]

[[ DevAlert Data Begins ]]
[[ DATA: D1 D2 D3 D4 F0 0F 01 00 18 46 01 00 01 00 01 00 07 00 00 00 ]]
[[ DATA: 20 00 20 00 10 00 00 00 24 00 00 00 24 44 55 4D 4D 59 5F 53 ]]
[[ DATA: 45 53 53 49 4F 4E 5F 49 44 00 00 00 00 00 00 00 00 00 00 00 ]]
[[ DATA: 00 00 00 00 24 44 55 4D 4D 59 5F 44 45 56 49 43 45 5F 49 44 ]]
[[ DATA: 00 00 00 00 00 00 00 00 00 00 00 00 00 00 00 00 74 72 61 70 ]]
[[ DATA: 2E 7A 70 72 00 2E 70 73 66 73 00 00 50 44 61 50 F0 0F 03 10 ]]
[[ DATA: 83 01 00 00 74 72 61 70 2E 7A 70 72 00 00 00 00 00 00 00 00 ]]
[[ DATA: 50 61 44 50 00 00 00 00 D4 D3 D2 D1 ]]

[[ DevAlert Data Ended. Checksum: 38645 ]]

[[ DevAlert Data Begins ]]
[[ DATA: D1 D2 D3 D4 F0 0F 01 00 71 83 01 00 01 00 01 00 07 00 00 00 ]]
[[ DATA: 20 00 20 00 10 00 00 00 83 01 00 00 24 44 55 4D 4D 59 5F 53 ]]
[[ DATA: 45 53 53 49 4F 4E 5F 49 44 00 00 00 00 00 00 00 00 00 00 00 ]]
[[ DATA: 00 00 00 00 24 44 55 4D 4D 59 5F 44 45 56 49 43 45 5F 49 44 ]]
[[ DATA: 00 00 00 00 00 00 00 00 00 00 00 00 00 00 00 00 74 72 61 70 ]]
[[ DATA: 2E 7A 70 72 00 2E 70 73 66 73 00 00 5A 45 02 00 03 00 05 00 ]]
[[ DATA: 0D D0 00 00 41 03 00 4C 00 00 00 00 00 9C 1B 00 20 00 00 00 ]]
[[ DATA: 00 00 00 00 00 AA AA AA AA AF 87 00 08 EE 81 00 08 00 00 00 ]]
[[ DATA: 21 38 47 00 20 08 0E 00 20 00 00 00 00 EC 0D 00 20 00 00 00 ]]
[[ DATA: 00 00 00 00 00 08 00 00 00 00 00 00 00 00 00 00 00 01 00 00 ]]
[[ DATA: 00 30 00 00 00 4D 01 00 C0 09 00 20 80 0A 00 20 84 38 00 20 ]]
[[ DATA: 84 38 00 20 00 00 00 00 00 00 01 FF 80 00 00 00 00 00 00 00 ]]
[[ DATA: 00 00 00 00 00 00 00 00 00 00 00 00 00 00 00 00 00 00 00 00 ]]
[[ DATA: 00 00 00 00 00 00 00 00 00 00 00 00 00 00 00 00 00 00 00 00 ]]
[[ DATA: 00 00 00 00 00 00 00 00 00 00 00 00 00 00 00 00 58 47 00 20 ]]
[[ DATA: 00 00 00 00 18 0A 00 20 18 0A 00 20 8D 22 00 08 00 00 00 00 ]]
[[ DATA: 00 00 00 00 00 00 00 00 CC 2C 00 20 00 00 00 00 00 00 00 00 ]]
[[ DATA: 00 00 00 00 00 00 00 00 00 00 00 00 00 00 00 00 00 00 00 00 ]]
[[ DATA: 00 00 00 00 88 41 00 20 00 06 00 00 10 00 00 00 00 00 00 00 ]]
[[ DATA: 78 47 00 20 00 00 00 00 00 00 00 00 00 00 00 00 01 00 00 00 ]]
[[ DATA: 00 00 00 00 00 00 00 00 4D 01 00 38 47 00 20 88 47 00 20 00 ]]
[[ DATA: 00 00 00 9C 1B 00 20 33 00 00 00 00 00 00 00 C0 09 00 20 15 ]]
[[ DATA: 23 00 08 00 00 00 00 B4 05 00 00 00 00 00 00 00 FE D0 D5 78 ]]
[[ DATA: 47 00 20 8D 22 00 08 00 00 00 00 87 2B 00 08 00 00 00 00 AA ]]
[[ DATA: AA AA AA AA AA AA AA AA AA AA AA C0 09 00 20 00 00 00 00 D4 ]]
[[ DATA: D3 D2 D1 ]]

[[ DevAlert Data Ended. Checksum: 14566 ]]

[[ DevAlert Data Begins ]]
[[ DATA: D1 D2 D3 D4 F0 0F 01 00 18 46 02 00 01 00 01 00 07 00 00 00 ]]
[[ DATA: 20 00 20 00 10 00 00 00 24 00 00 00 24 44 55 4D 4D 59 5F 53 ]]
[[ DATA: 45 53 53 49 4F 4E 5F 49 44 00 00 00 00 00 00 00 00 00 00 00 ]]
[[ DATA: 00 00 00 00 24 44 55 4D 4D 59 5F 44 45 56 49 43 45 5F 49 44 ]]
[[ DATA: 00 00 00 00 00 00 00 00 00 00 00 00 00 00 00 00 64 66 6D 5F ]]
[[ DATA: 74 72 61 63 65 2E 70 73 66 73 00 00 50 44 61 50 F0 0F 03 10 ]]
[[ DATA: F0 1A 00 00 64 66 6D 5F 74 72 61 63 65 2E 70 73 66 73 00 00 ]]
[[ DATA: 50 61 44 50 00 00 00 00 D4 D3 D2 D1 ]]

[[ DevAlert Data Ended. Checksum: 53564 ]]

[[ DevAlert Data Begins ]]
[[ DATA: D1 D2 D3 D4 F0 0F 01 00 71 83 02 00 01 00 07 00 07 00 00 00 ]]
[[ DATA: 20 00 20 00 10 00 00 00 E8 03 00 00 24 44 55 4D 4D 59 5F 53 ]]
[[ DATA: 45 53 53 49 4F 4E 5F 49 44 00 00 00 00 00 00 00 00 00 00 00 ]]
[[ DATA: 00 00 00 00 24 44 55 4D 4D 59 5F 44 45 56 49 43 45 5F 49 44 ]]
[[ DATA: 00 00 00 00 00 00 00 00 00 00 00 00 00 00 00 00 64 66 6D 5F ]]
[[ DATA: 74 72 61 63 65 2E 70 73 66 73 00 00 30 1A 00 20 00 00 00 00 ]]
[[ DATA: 05 06 07 08 75 76 77 78 F5 F6 F7 F8 00 46 53 50 0E 00 A9 9A ]]
[[ DATA: 00 00 00 00 01 03 00 00 00 00 00 00 00 00 03 04 5A 65 70 68 ]]
[[ DATA: 79 72 00 00 01 00 00 00 00 71 02 00 00 68 89 09 00 00 00 00 ]]
[[ DATA: E8 03 00 00 85 08 50 23 00 00 00 00 38 00 00 00 1C 00 00 00 ]]
[[ DATA: 03 00 00 00 AC 0F 00 20 63 00 04 04 88 01 00 00 3A 01 00 00 ]]
[[ DATA: 00 00 00 40 73 79 73 63 61 6C 6C 73 00 00 00 00 00 00 00 00 ]]
[[ DATA: 00 00 00 00 00 00 00 00 00 00 00 00 00 00 00 00 00 00 00 00 ]]
[[ DATA: 00 00 00 00 00 00 00 00 00 00 00 00 00 00 00 00 00 00 00 00 ]]
[[ DATA: 00 00 00 00 00 00 00 00 00 00 00 00 00 00 00 00 00 00 00 00 ]]
[[ DATA: 00 00 00 00 00 00 00 00 00 00 00 00 00 00 00 00 00 00 00 00 ]]
[[ DATA: 00 00 00 00 00 00 00 00 00 00 00 00 00 00 00 00 00 00 00 00 ]]
[[ DATA: 00 00 00 00 00 00 00 00 00 00 00 00 00 00 00 00 00 00 00 00 ]]
[[ DATA: 00 00 00 00 00 00 00 00 00 00 00 00 00 00 00 00 00 00 00 00 ]]
[[ DATA: 00 00 00 00 00 00 00 00 00 00 00 00 00 00 00 00 00 00 00 00 ]]
[[ DATA: 00 00 00 00 00 00 00 00 00 00 00 00 00 00 00 00 00 00 00 00 ]]
[[ DATA: 00 00 00 00 00 00 00 00 00 00 00 00 00 00 00 00 00 00 00 00 ]]
[[ DATA: 00 00 00 00 00 00 00 00 00 00 00 00 00 00 00 00 00 00 00 00 ]]
[[ DATA: 00 00 00 00 00 00 00 00 00 00 00 00 00 00 00 00 00 00 00 00 ]]
[[ DATA: 00 00 00 00 00 00 00 00 00 00 00 00 00 00 00 00 00 00 00 00 ]]
[[ DATA: 00 00 00 00 00 00 00 00 00 00 00 00 00 00 00 00 00 00 00 00 ]]
[[ DATA: 00 00 00 00 00 00 00 00 00 00 00 00 00 00 00 00 00 00 00 00 ]]
[[ DATA: 00 00 00 00 00 00 00 00 00 00 00 00 00 00 00 00 00 00 00 00 ]]
[[ DATA: 00 00 00 00 00 00 00 00 00 00 00 00 00 00 00 00 00 00 00 00 ]]
[[ DATA: 00 00 00 00 00 00 00 00 00 00 00 00 00 00 00 00 00 00 00 00 ]]
[[ DATA: 00 00 00 00 00 00 00 00 00 00 00 00 00 00 00 00 00 00 00 00 ]]
[[ DATA: 00 00 00 00 00 00 00 00 00 00 00 00 00 00 00 00 00 00 00 00 ]]
[[ DATA: 00 00 00 00 00 00 00 00 00 00 00 00 00 00 00 00 00 00 00 00 ]]
[[ DATA: 00 00 00 00 00 00 00 00 00 00 00 00 00 00 00 00 00 00 00 00 ]]
[[ DATA: 00 00 00 00 00 00 00 00 00 00 00 00 00 00 00 00 00 00 00 00 ]]
[[ DATA: 00 00 00 00 00 00 00 00 00 00 00 00 00 00 00 00 00 00 00 00 ]]
[[ DATA: 00 00 00 00 00 00 00 00 00 00 00 00 00 00 00 00 00 00 00 00 ]]
[[ DATA: 00 00 00 00 00 00 00 00 00 00 00 00 00 00 00 00 00 00 00 00 ]]
[[ DATA: 00 00 00 00 00 00 00 00 00 00 00 00 00 00 00 00 00 00 00 00 ]]
[[ DATA: 00 00 00 00 00 00 00 00 00 00 00 00 00 00 00 00 00 00 00 00 ]]
[[ DATA: 00 00 00 00 00 00 00 00 00 00 00 00 00 00 00 00 00 00 00 00 ]]
[[ DATA: 00 00 00 00 00 00 00 00 00 00 00 00 00 00 00 00 00 00 00 00 ]]
[[ DATA: 00 00 00 00 00 00 00 00 00 00 00 00 00 00 00 00 00 00 00 00 ]]
[[ DATA: 00 00 00 00 00 00 00 00 00 00 00 00 00 00 00 00 00 00 00 00 ]]
[[ DATA: 00 00 00 00 00 00 00 00 00 00 00 00 00 00 00 00 00 00 00 00 ]]
[[ DATA: 00 00 00 00 00 00 00 00 00 00 00 00 00 00 00 00 00 00 00 00 ]]
[[ DATA: 00 00 00 00 00 00 00 00 00 00 00 00 00 00 00 00 00 00 00 00 ]]
[[ DATA: 00 00 00 00 00 00 00 00 00 00 00 00 00 00 00 00 00 00 00 00 ]]
[[ DATA: 00 00 00 00 00 00 00 00 00 00 00 00 00 00 00 00 00 00 00 00 ]]
[[ DATA: 00 00 00 00 00 00 00 00 00 00 00 00 00 00 00 00 00 00 00 00 ]]
[[ DATA: 00 00 00 00 00 00 00 00 00 00 00 00 00 00 00 00 00 00 00 00 ]]
[[ DATA: 00 00 00 00 00 00 00 00 00 00 00 00 00 00 00 00 00 00 00 00 ]]
[[ DATA: 00 00 00 00 00 00 00 00 00 00 00 00 00 00 00 00 00 00 00 00 ]]
[[ DATA: 00 00 00 00 00 00 00 00 00 00 00 00 00 00 00 00 00 00 00 00 ]]
[[ DATA: 00 00 00 00 00 00 00 00 00 00 00 00 00 00 00 00 00 00 00 00 ]]
[[ DATA: 00 00 00 00 00 00 00 00 00 00 00 00 D4 D3 D2 D1 ]]

[[ DevAlert Data Ended. Checksum: 32277 ]]

[[ DevAlert Data Begins ]]
[[ DATA: D1 D2 D3 D4 F0 0F 01 00 71 83 02 00 02 00 07 00 07 00 00 00 ]]
[[ DATA: 20 00 20 00 10 00 00 00 E8 03 00 00 24 44 55 4D 4D 59 5F 53 ]]
[[ DATA: 45 53 53 49 4F 4E 5F 49 44 00 00 00 00 00 00 00 00 00 00 00 ]]
[[ DATA: 00 00 00 00 24 44 55 4D 4D 59 5F 44 45 56 49 43 45 5F 49 44 ]]
[[ DATA: 00 00 00 00 00 00 00 00 00 00 00 00 00 00 00 00 64 66 6D 5F ]]
[[ DATA: 74 72 61 63 65 2E 70 73 66 73 00 00 00 00 00 00 00 00 00 00 ]]
[[ DATA: 00 00 00 00 00 00 00 00 00 00 00 00 00 00 00 00 00 00 00 00 ]]
[[ DATA: 00 00 00 00 00 00 00 00 00 00 00 00 00 00 00 00 00 00 00 00 ]]
[[ DATA: 00 00 00 00 00 00 00 00 00 00 00 00 00 00 00 00 00 00 00 00 ]]
[[ DATA: 00 00 00 00 00 00 00 00 00 00 00 00 00 00 00 00 00 00 00 00 ]]
[[ DATA: 00 00 00 00 00 00 00 00 00 00 00 00 00 00 00 00 00 00 00 00 ]]
[[ DATA: 00 00 00 00 00 00 00 00 00 00 00 00 00 00 00 00 00 00 00 00 ]]
[[ DATA: 00 00 00 00 00 00 00 00 00 00 00 00 00 00 00 00 00 00 00 00 ]]
[[ DATA: 00 00 00 00 00 00 00 00 00 00 00 00 00 00 00 00 00 00 00 00 ]]
[[ DATA: 00 00 00 00 00 00 00 00 00 00 00 00 00 00 00 00 00 00 00 00 ]]
[[ DATA: 00 00 00 00 00 00 00 00 00 00 00 00 00 00 00 00 00 00 00 00 ]]
[[ DATA: 00 00 00 00 00 00 00 00 00 00 00 00 00 00 00 00 00 00 00 00 ]]
[[ DATA: 00 00 00 00 00 00 00 00 00 00 00 00 00 00 00 00 00 00 00 00 ]]
[[ DATA: 00 00 00 00 00 00 00 00 00 00 00 00 00 00 00 00 00 00 00 00 ]]
[[ DATA: 00 00 00 00 00 00 00 00 00 00 00 00 00 00 00 00 00 00 00 00 ]]
[[ DATA: 00 00 00 00 00 00 00 00 00 00 00 00 00 00 00 00 00 00 00 00 ]]
[[ DATA: 00 00 00 00 00 00 00 00 00 00 00 00 00 00 00 00 00 00 00 00 ]]
[[ DATA: 00 00 00 00 00 00 00 00 00 00 00 00 00 00 00 00 00 00 00 00 ]]
[[ DATA: 00 00 00 00 00 00 00 00 00 00 00 00 00 00 00 00 00 00 00 00 ]]
[[ DATA: 00 00 00 00 00 00 00 00 00 00 00 00 00 00 00 00 00 00 00 00 ]]
[[ DATA: 00 00 00 00 00 00 00 00 00 00 00 00 00 00 00 00 00 00 00 00 ]]
[[ DATA: 00 00 00 00 00 00 00 00 00 00 00 00 00 00 00 00 00 00 00 00 ]]
[[ DATA: 00 00 00 00 00 00 00 00 00 00 00 00 00 00 00 00 00 00 00 00 ]]
[[ DATA: 00 00 00 00 00 00 00 00 00 00 00 00 00 00 00 00 00 00 00 00 ]]
[[ DATA: 00 00 00 00 00 00 00 00 00 00 00 00 00 00 00 00 00 00 00 00 ]]
[[ DATA: 00 00 00 00 00 00 00 00 00 00 00 00 00 00 00 00 00 00 00 00 ]]
[[ DATA: 00 00 00 00 00 00 00 00 00 00 00 00 00 00 00 00 00 00 00 00 ]]
[[ DATA: 00 00 00 00 00 00 00 00 00 00 00 00 00 00 00 00 00 00 00 00 ]]
[[ DATA: 00 00 00 00 00 00 00 00 00 00 00 00 00 00 00 00 00 00 00 00 ]]
[[ DATA: 00 00 00 00 00 00 00 00 00 00 00 00 00 00 00 00 00 00 00 00 ]]
[[ DATA: 00 00 00 00 00 00 00 00 00 00 00 00 00 00 00 00 00 00 00 00 ]]
[[ DATA: 00 00 00 00 00 00 00 00 00 00 00 00 00 00 00 00 00 00 00 00 ]]
[[ DATA: 00 00 00 00 00 00 00 00 00 00 00 00 00 00 00 00 00 00 00 00 ]]
[[ DATA: 00 00 00 00 00 00 00 00 00 00 00 00 00 00 00 00 00 00 00 00 ]]
[[ DATA: 00 00 00 00 00 00 00 00 00 00 00 00 00 00 00 00 00 00 00 00 ]]
[[ DATA: 00 00 00 00 00 00 00 00 00 00 00 00 00 00 00 00 00 00 00 00 ]]
[[ DATA: 00 00 00 00 00 00 00 00 00 00 00 00 00 00 00 00 00 00 00 00 ]]
[[ DATA: 00 00 00 00 00 00 00 00 00 00 00 00 00 00 00 00 00 00 00 00 ]]
[[ DATA: 00 00 00 00 00 00 00 00 00 00 00 00 00 00 00 00 00 00 00 00 ]]
[[ DATA: 00 00 00 00 00 00 00 00 00 00 00 00 00 00 00 00 00 00 00 00 ]]
[[ DATA: 00 00 00 00 00 00 00 00 00 00 00 00 00 00 00 00 00 00 00 00 ]]
[[ DATA: 00 00 00 00 00 00 00 00 00 00 00 00 00 00 00 00 00 00 00 00 ]]
[[ DATA: 00 00 00 00 00 00 00 00 00 00 00 00 00 00 00 00 00 00 00 00 ]]
[[ DATA: 00 00 00 00 00 00 00 00 00 00 00 00 00 00 00 00 00 00 00 00 ]]
[[ DATA: 00 00 00 00 00 00 00 00 00 00 00 00 00 00 00 00 00 00 00 00 ]]
[[ DATA: 00 00 00 00 00 00 00 00 00 00 00 00 00 00 00 00 00 00 00 00 ]]
[[ DATA: 00 00 00 00 00 00 00 00 00 00 00 00 00 00 00 00 00 00 00 00 ]]
[[ DATA: 00 00 00 00 00 00 00 00 00 00 00 00 00 00 00 00 00 00 00 00 ]]
[[ DATA: 00 00 00 00 00 00 00 00 00 00 00 00 00 00 00 00 00 00 00 00 ]]
[[ DATA: 00 00 00 00 00 00 00 00 00 00 00 00 00 00 00 00 00 00 00 00 ]]
[[ DATA: 00 00 00 00 00 00 00 00 00 00 00 00 D4 D3 D2 D1 ]]

[[ DevAlert Data Ended. Checksum: 29033 ]]

[[ DevAlert Data Begins ]]
[[ DATA: D1 D2 D3 D4 F0 0F 01 00 71 83 02 00 03 00 07 00 07 00 00 00 ]]
[[ DATA: 20 00 20 00 10 00 00 00 E8 03 00 00 24 44 55 4D 4D 59 5F 53 ]]
[[ DATA: 45 53 53 49 4F 4E 5F 49 44 00 00 00 00 00 00 00 00 00 00 00 ]]
[[ DATA: 00 00 00 00 24 44 55 4D 4D 59 5F 44 45 56 49 43 45 5F 49 44 ]]
[[ DATA: 00 00 00 00 00 00 00 00 00 00 00 00 00 00 00 00 64 66 6D 5F ]]
[[ DATA: 74 72 61 63 65 2E 70 73 66 73 00 00 00 00 00 00 00 00 00 00 ]]
[[ DATA: 00 00 00 00 00 00 00 00 00 00 00 00 00 00 00 00 00 00 00 00 ]]
[[ DATA: 00 00 00 00 00 00 00 00 00 00 00 00 00 00 00 00 00 00 00 00 ]]
[[ DATA: 00 00 00 00 00 00 00 00 00 00 00 00 00 00 00 00 00 00 00 00 ]]
[[ DATA: 00 00 00 00 00 00 00 00 00 00 00 00 00 00 00 00 00 00 00 00 ]]
[[ DATA: 00 00 00 00 00 00 00 00 00 00 00 00 00 00 00 00 00 00 00 00 ]]
[[ DATA: 00 00 00 00 00 00 00 00 00 00 00 00 00 00 00 00 00 00 00 00 ]]
[[ DATA: 00 00 00 00 00 00 00 00 00 00 00 00 00 00 00 00 00 00 00 00 ]]
[[ DATA: 00 00 00 00 00 00 00 00 00 00 00 00 00 00 00 00 00 00 00 00 ]]
[[ DATA: 00 00 00 00 00 00 00 00 00 00 00 00 00 00 00 00 00 00 00 00 ]]
[[ DATA: 00 00 00 00 00 00 00 00 00 00 00 00 00 00 00 00 00 00 00 00 ]]
[[ DATA: 00 00 00 00 00 00 00 00 00 00 00 00 00 00 00 00 00 00 00 00 ]]
[[ DATA: 00 00 00 00 00 00 00 00 00 00 00 00 00 00 00 00 00 00 00 00 ]]
[[ DATA: 00 00 00 00 00 00 00 00 00 00 00 00 00 00 00 00 00 00 00 00 ]]
[[ DATA: 00 00 00 00 00 00 00 00 00 00 00 00 00 00 00 00 00 00 00 00 ]]
[[ DATA: 00 00 00 00 00 00 00 00 00 00 00 00 00 00 00 00 00 00 00 00 ]]
[[ DATA: 00 00 00 00 00 00 00 00 00 00 00 00 00 00 00 00 00 00 00 00 ]]
[[ DATA: 00 00 00 00 00 00 00 00 00 00 00 00 00 00 00 00 00 00 00 00 ]]
[[ DATA: 00 00 00 00 00 00 00 00 00 00 00 00 00 00 00 00 00 00 00 00 ]]
[[ DATA: 00 00 00 00 00 00 00 00 00 00 00 00 00 00 00 00 00 00 00 00 ]]
[[ DATA: 00 00 00 00 00 00 00 00 00 00 00 00 00 00 00 00 00 00 00 00 ]]
[[ DATA: 00 00 00 00 00 00 00 00 00 00 00 00 00 00 00 00 00 00 00 00 ]]
[[ DATA: 00 00 00 00 00 00 00 00 00 00 00 00 00 00 00 00 C0 09 00 20 ]]
[[ DATA: 01 00 00 00 00 00 00 00 00 00 00 00 00 00 00 00 00 00 00 00 ]]
[[ DATA: 00 00 00 00 00 00 00 00 00 00 00 00 00 00 00 00 00 00 00 00 ]]
[[ DATA: 00 00 00 00 0C 19 00 20 00 00 00 00 00 00 00 00 00 00 00 00 ]]
[[ DATA: 00 00 00 00 41 4C 45 52 54 00 00 00 00 00 00 00 00 00 00 00 ]]
[[ DATA: 00 00 00 00 00 00 00 00 00 00 00 00 3C 19 00 20 00 00 00 00 ]]
[[ DATA: 00 00 00 00 00 00 00 00 00 00 00 00 44 46 4D 20 54 65 73 74 ]]
[[ DATA: 73 00 00 00 00 00 00 00 00 00 00 00 00 00 00 00 00 00 00 00 ]]
[[ DATA: CC 2C 00 20 00 00 00 00 00 00 00 00 00 00 00 00 00 00 00 00 ]]
[[ DATA: 54 7A 43 74 72 6C 00 00 00 00 00 00 00 00 00 00 00 00 00 00 ]]
[[ DATA: 00 00 00 00 00 00 00 00 F0 0C 00 20 FF FF FF FF 00 00 00 00 ]]
[[ DATA: 00 00 00 00 00 00 00 00 73 79 73 77 6F 72 6B 71 00 00 00 00 ]]
[[ DATA: 00 00 00 00 00 00 00 00 00 00 00 00 00 00 00 00 90 0A 00 20 ]]
[[ DATA: 0F 00 00 00 00 00 00 00 00 00 00 00 00 00 00 00 69 64 6C 65 ]]
[[ DATA: 00 00 00 00 00 00 00 00 00 00 00 00 00 00 00 00 00 00 00 00 ]]
[[ DATA: 00 00 00 00 50 0B 00 20 00 00 00 00 00 00 00 00 00 00 00 00 ]]
[[ DATA: 00 00 00 00 6D 61 69 6E 00 00 00 00 00 00 00 00 00 00 00 00 ]]
[[ DATA: 00 00 00 00 00 00 00 00 00 00 00 00 00 10 00 00 98 01 00 00 ]]
[[ DATA: 00 00 00 00 D4 0F 00 00 01 00 00 00 00 00 00 00 D4 0F 00 00 ]]
[[ DATA: 00 00 00 00 98 01 00 00 00 00 00 00 00 00 00 00 5C 1A 00 20 ]]
[[ DATA: 01 10 85 00 B1 B3 6F 20 50 0B 00 20 2A 10 86 00 15 DD 70 20 ]]
[[ DATA: 2C 01 00 00 37 20 87 00 C2 E6 70 20 90 0A 00 20 0F 00 00 00 ]]
[[ DATA: 30 10 88 00 6D 9D 59 21 CC 2C 00 20 37 20 89 00 D8 A7 59 21 ]]
[[ DATA: CC 2C 00 20 00 00 00 00 2B 10 8A 00 28 AB 59 21 00 00 00 00 ]]
[[ DATA: EA 20 8B 00 EF C7 59 21 CC 2C 00 20 3C 03 00 00 2A 10 8C 00 ]]
[[ DATA: 0C CA 59 21 FA 00 00 00 37 20 8D 00 C4 D2 59 21 90 0A 00 20 ]]
[[ DATA: 0F 00 00 00 30 10 8E 00 10 1A 4E 23 50 0B 00 20 37 20 8F 00 ]]
[[ DATA: CE 23 4E 23 50 0B 00 20 00 00 00 00 2B 10 90 00 0E 27 4E 23 ]]
[[ DATA: 00 00 00 00 92 50 91 00 18 20 4F 23 D4 D3 D2 D1 ]]

[[ DevAlert Data Ended. Checksum: 56549 ]]

[[ DevAlert Data Begins ]]
[[ DATA: D1 D2 D3 D4 F0 0F 01 00 71 83 02 00 04 00 07 00 07 00 00 00 ]]
[[ DATA: 20 00 20 00 10 00 00 00 E8 03 00 00 24 44 55 4D 4D 59 5F 53 ]]
[[ DATA: 45 53 53 49 4F 4E 5F 49 44 00 00 00 00 00 00 00 00 00 00 00 ]]
[[ DATA: 00 00 00 00 24 44 55 4D 4D 59 5F 44 45 56 49 43 45 5F 49 44 ]]
[[ DATA: 00 00 00 00 00 00 00 00 00 00 00 00 00 00 00 00 64 66 6D 5F ]]
[[ DATA: 74 72 61 63 65 2E 70 73 66 73 00 00 3C 19 00 20 FA 03 00 00 ]]
[[ DATA: 54 25 75 20 42 45 47 49 4E 00 44 46 6A 10 92 00 D2 23 4F 23 ]]
[[ DATA: D8 00 00 20 10 30 93 00 94 7C 4F 23 C0 09 00 20 00 06 00 00 ]]
[[ DATA: 01 00 00 00 5D 11 94 00 18 7F 4F 23 C0 09 00 20 30 10 95 00 ]]
[[ DATA: 16 82 4F 23 C0 09 00 20 67 30 96 00 57 85 4F 23 D8 00 00 20 ]]
[[ DATA: 10 27 00 00 00 00 00 00 37 20 97 00 91 90 4F 23 C0 09 00 20 ]]
[[ DATA: 01 00 00 00 92 70 98 00 84 C2 4F 23 3C 19 00 20 00 06 00 00 ]]
[[ DATA: 54 31 30 31 38 20 53 54 41 43 4B 20 73 69 7A 65 3D 25 75 00 ]]
[[ DATA: 92 80 99 00 6B C6 4F 23 3C 19 00 20 B4 05 00 00 54 31 30 31 ]]
[[ DATA: 38 20 53 54 41 43 4B 20 75 6E 75 73 65 64 3D 25 75 00 54 65 ]]
[[ DATA: 91 A0 9A 00 85 08 50 23 0C 19 00 20 54 65 73 74 20 31 30 31 ]]
[[ DATA: 38 20 61 74 20 74 65 73 74 5F 62 6F 75 6E 64 61 72 69 65 73 ]]
[[ DATA: 2E 63 3A 35 31 00 00 00 37 20 1C 00 B5 14 CC 04 CC 2C 00 20 ]]
[[ DATA: 00 00 00 00 2B 10 1D 00 F5 17 CC 04 00 00 00 00 EA 20 1E 00 ]]
[[ DATA: 69 32 CC 04 F0 0C 00 20 F4 02 00 00 2A 10 1F 00 80 34 CC 04 ]]
[[ DATA: FA 00 00 00 37 20 20 00 50 3E CC 04 90 0A 00 20 0F 00 00 00 ]]
[[ DATA: 30 10 21 00 F7 D5 30 07 CC 2C 00 20 37 20 22 00 B5 DF 30 07 ]]
[[ DATA: CC 2C 00 20 00 00 00 00 2B 10 23 00 F5 E2 30 07 00 00 00 00 ]]
[[ DATA: EA 20 24 00 A9 FF 30 07 CC 2C 00 20 3C 03 00 00 2A 10 25 00 ]]
[[ DATA: C0 01 31 07 FA 00 00 00 37 20 26 00 78 0A 31 07 90 0A 00 20 ]]
[[ DATA: 0F 00 00 00 30 10 27 00 F7 4D 8E 09 50 0B 00 20 37 20 28 00 ]]
[[ DATA: B5 57 8E 09 50 0B 00 20 00 00 00 00 2B 10 29 00 F5 5A 8E 09 ]]
[[ DATA: 00 00 00 00 03 40 2A 00 9B F0 93 09 3C 19 00 20 44 46 4D 20 ]]
[[ DATA: 54 65 73 74 73 00 54 52 30 10 2B 00 56 A1 95 09 CC 2C 00 20 ]]
[[ DATA: 92 50 2C 00 6C 96 97 09 3C 19 00 20 F1 03 00 00 54 25 75 20 ]]
[[ DATA: 42 45 47 49 4E 00 44 46 6A 10 2D 00 19 9A 97 09 C4 00 00 20 ]]
[[ DATA: 23 11 2E 00 60 9C 97 09 10 00 00 20 30 10 2F 00 53 A0 97 09 ]]
[[ DATA: F0 0C 00 20 37 20 30 00 76 A9 97 09 F0 0C 00 20 FF FF FF FF ]]
[[ DATA: 91 B0 31 00 98 AE 97 09 3C 19 00 20 54 31 30 30 39 20 50 41 ]]
[[ DATA: 54 48 20 61 70 70 5F 77 6F 72 6B 5F 68 61 6E 64 6C 65 72 20 ]]
[[ DATA: 2D 3E 20 73 65 72 76 69 63 65 00 57 92 70 32 00 2C B3 97 09 ]]
[[ DATA: 3C 19 00 20 09 00 00 00 54 31 30 30 39 20 44 41 54 41 20 76 ]]
[[ DATA: 61 6C 75 65 3D 25 75 00 03 30 33 00 1F F6 97 09 0C 19 00 20 ]]
[[ DATA: 41 4C 45 52 54 00 64 66 91 A0 34 00 42 FA 97 09 0C 19 00 20 ]]
[[ DATA: 54 65 73 74 20 31 30 30 39 20 61 74 20 74 65 73 74 5F 63 6F ]]
[[ DATA: 6E 74 65 78 74 73 2E 63 3A 31 30 38 00 00 00 00 51 20 35 00 ]]
[[ DATA: 21 C8 B2 0A C4 00 00 20 00 00 00 00 37 20 36 00 07 D5 B2 0A ]]
[[ DATA: 50 0B 00 20 00 00 00 00 22 21 37 00 78 D7 B2 0A 10 00 00 20 ]]
[[ DATA: 01 00 00 00 61 30 38 00 73 DA B2 0A C4 00 00 20 00 00 00 00 ]]
[[ DATA: 00 00 00 00 2A 10 39 00 4C C1 B9 0A 2C 01 00 00 37 20 3A 00 ]]
[[ DATA: F5 CE B9 0A CC 2C 00 20 00 00 00 00 2B 10 3B 00 51 D2 B9 0A ]]
[[ DATA: 00 00 00 00 EA 20 3C 00 9C E8 B9 0A 50 0B 00 20 6C 02 00 00 ]]
[[ DATA: 2A 10 3D 00 B4 EA B9 0A FA 00 00 00 37 20 3E 00 85 F4 B9 0A ]]
[[ DATA: 90 0A 00 20 0F 00 00 00 30 10 3F 00 2C F3 1C 0D CC 2C 00 20 ]]
[[ DATA: 37 20 40 00 1F FD 1C 0D CC 2C 00 20 00 00 00 00 2B 10 41 00 ]]
[[ DATA: 5F 00 1D 0D 00 00 00 00 EA 20 42 00 D3 0A 1D 0D 90 0A 00 20 ]]
[[ DATA: F4 00 00 00 2A 10 43 00 EA 0C 1D 0D FA 00 00 00 37 20 44 00 ]]
[[ DATA: A2 15 1D 0D 90 0A 00 20 0F 00 00 00 30 10 45 00 07 05 97 0D ]]
[[ DATA: 50 0B 00 20 37 20 46 00 35 0F 97 0D 50 0B 00 20 00 00 00 00 ]]
[[ DATA: 2B 10 47 00 75 12 97 0D 00 00 00 00 92 50 48 00 EE FD 97 0D ]]
[[ DATA: 3C 19 00 20 F3 03 00 00 54 25 75 20 D4 D3 D2 D1 ]]

[[ DevAlert Data Ended. Checksum: 35679 ]]

[[ DevAlert Data Begins ]]
[[ DATA: D1 D2 D3 D4 F0 0F 01 00 71 83 02 00 05 00 07 00 07 00 00 00 ]]
[[ DATA: 20 00 20 00 10 00 00 00 E8 03 00 00 24 44 55 4D 4D 59 5F 53 ]]
[[ DATA: 45 53 53 49 4F 4E 5F 49 44 00 00 00 00 00 00 00 00 00 00 00 ]]
[[ DATA: 00 00 00 00 24 44 55 4D 4D 59 5F 44 45 56 49 43 45 5F 49 44 ]]
[[ DATA: 00 00 00 00 00 00 00 00 00 00 00 00 00 00 00 00 64 66 6D 5F ]]
[[ DATA: 74 72 61 63 65 2E 70 73 66 73 00 00 42 45 47 49 4E 00 44 46 ]]
[[ DATA: 92 A0 49 00 AB 02 98 0D 3C 19 00 20 0B 00 00 00 54 31 30 31 ]]
[[ DATA: 31 20 44 41 54 41 20 63 61 6C 6C 62 61 63 6B 20 76 61 6C 75 ]]
[[ DATA: 65 3D 25 75 00 54 31 30 91 C0 4A 00 AC 07 98 0D 3C 19 00 20 ]]
[[ DATA: 54 31 30 31 31 20 50 41 54 48 20 63 61 6C 6C 62 61 63 6B 5F ]]
[[ DATA: 68 61 6E 64 6C 65 72 20 2D 3E 20 74 72 61 70 5F 73 69 74 65 ]]
[[ DATA: 00 54 31 30 91 A0 4B 00 9C 4D 98 0D 0C 19 00 20 54 65 73 74 ]]
[[ DATA: 20 31 30 31 31 20 61 74 20 74 65 73 74 5F 63 61 6C 6C 5F 63 ]]
[[ DATA: 68 61 69 6E 73 2E 63 3A 32 39 39 00 2A 10 4C 00 E6 89 B7 0E ]]
[[ DATA: 2C 01 00 00 37 20 4D 00 6A 93 B7 0E 90 0A 00 20 0F 00 00 00 ]]
[[ DATA: 30 10 4E 00 47 BE 81 0F CC 2C 00 20 37 20 4F 00 A8 C8 81 0F ]]
[[ DATA: CC 2C 00 20 00 00 00 00 2B 10 50 00 F8 CB 81 0F 00 00 00 00 ]]
[[ DATA: EA 20 51 00 7F E6 81 0F F0 0C 00 20 F4 02 00 00 2A 10 52 00 ]]
[[ DATA: 9C E8 81 0F FA 00 00 00 37 20 53 00 54 F1 81 0F 90 0A 00 20 ]]
[[ DATA: 0F 00 00 00 30 10 54 00 F6 F7 95 11 50 0B 00 20 37 20 55 00 ]]
[[ DATA: B4 01 96 11 50 0B 00 20 00 00 00 00 2B 10 56 00 F4 04 96 11 ]]
[[ DATA: 00 00 00 00 92 50 57 00 6D F0 96 11 3C 19 00 20 F6 03 00 00 ]]
[[ DATA: 54 25 75 20 42 45 47 49 4E 00 44 46 92 70 58 00 77 F4 96 11 ]]
[[ DATA: 3C 19 00 20 01 00 00 00 54 31 30 31 34 20 41 52 47 53 20 61 ]]
[[ DATA: 30 3D 25 75 00 54 31 30 92 70 59 00 20 F8 96 11 3C 19 00 20 ]]
[[ DATA: 06 00 00 00 54 31 30 31 34 20 41 52 47 53 20 61 35 3D 25 75 ]]
[[ DATA: 00 54 65 73 91 A0 5A 00 B0 FC 96 11 3C 19 00 20 54 31 30 31 ]]
[[ DATA: 34 20 50 41 54 48 20 70 75 62 6C 69 63 5F 61 70 69 20 2D 3E ]]
[[ DATA: 20 73 65 72 76 69 63 65 00 54 31 30 91 90 5B 00 2A 01 97 11 ]]
[[ DATA: 3C 19 00 20 54 31 30 31 34 20 50 41 54 48 20 73 65 72 76 69 ]]
[[ DATA: 63 65 20 2D 3E 20 74 72 61 70 5F 73 69 74 65 00 91 A0 5C 00 ]]
[[ DATA: 40 48 97 11 0C 19 00 20 54 65 73 74 20 31 30 31 34 20 61 74 ]]
[[ DATA: 20 74 65 73 74 5F 63 61 6C 6C 5F 63 68 61 69 6E 73 2E 63 3A ]]
[[ DATA: 33 32 00 00 30 10 5D 00 DA FA 1C 12 CC 2C 00 20 2A 10 5E 00 ]]
[[ DATA: 77 20 1E 12 2C 01 00 00 37 20 5F 00 AF 2E 1E 12 CC 2C 00 20 ]]
[[ DATA: 00 00 00 00 2B 10 60 00 F7 31 1E 12 00 00 00 00 EA 20 61 00 ]]
[[ DATA: B9 4E 1E 12 CC 2C 00 20 3C 03 00 00 2A 10 62 00 D1 50 1E 12 ]]
[[ DATA: FA 00 00 00 37 20 63 00 A2 5A 1E 12 90 0A 00 20 0F 00 00 00 ]]
[[ DATA: 30 10 64 00 FE 09 81 14 CC 2C 00 20 37 20 65 00 BC 13 81 14 ]]
[[ DATA: CC 2C 00 20 00 00 00 00 2B 10 66 00 FC 16 81 14 00 00 00 00 ]]
[[ DATA: EA 20 67 00 30 2D 81 14 50 0B 00 20 6C 02 00 00 2A 10 68 00 ]]
[[ DATA: 47 2F 81 14 FA 00 00 00 37 20 69 00 FF 37 81 14 90 0A 00 20 ]]
[[ DATA: 0F 00 00 00 30 10 6A 00 07 1C FB 14 50 0B 00 20 37 20 6B 00 ]]
[[ DATA: 35 26 FB 14 50 0B 00 20 00 00 00 00 2B 10 6C 00 75 29 FB 14 ]]
[[ DATA: 00 00 00 00 92 50 6D 00 F9 14 FC 14 3C 19 00 20 F8 03 00 00 ]]
[[ DATA: 54 25 75 20 42 45 47 49 4E 00 44 46 91 90 6E 00 BA 19 FC 14 ]]
[[ DATA: 3C 19 00 20 54 31 30 31 36 41 20 41 43 54 49 4F 4E 20 73 77 ]]
[[ DATA: 69 74 63 68 20 50 53 50 20 2D 3E 20 4D 53 50 00 92 70 6F 00 ]]
[[ DATA: 1C 1E FC 14 3C 19 00 20 00 00 00 00 54 31 30 31 36 41 20 43 ]]
[[ DATA: 54 58 20 49 50 53 52 3D 25 75 00 54 92 80 70 00 1A 22 FC 14 ]]
[[ DATA: 3C 19 00 20 00 00 00 00 54 31 30 31 36 41 20 43 54 58 20 43 ]]
[[ DATA: 4F 4E 54 52 4F 4C 3D 25 30 38 58 00 91 A0 71 00 6F 33 FC 14 ]]
[[ DATA: 0C 19 00 20 54 65 73 74 20 31 30 31 36 41 20 61 74 20 74 65 ]]
[[ DATA: 73 74 5F 63 6F 6E 74 65 78 74 73 2E 63 3A 31 37 32 00 00 00 ]]
[[ DATA: 92 90 72 00 5F B3 6D 1B 3C 19 00 20 00 00 00 00 54 31 30 31 ]]
[[ DATA: 36 42 20 52 45 54 55 52 4E 20 74 72 D4 D3 D2 D1 ]]

[[ DevAlert Data Ended. Checksum: 13074 ]]

[[ DevAlert Data Begins ]]
[[ DATA: D1 D2 D3 D4 F0 0F 01 00 71 83 02 00 06 00 07 00 07 00 00 00 ]]
[[ DATA: 20 00 20 00 10 00 00 00 E8 03 00 00 24 44 55 4D 4D 59 5F 53 ]]
[[ DATA: 45 53 53 49 4F 4E 5F 49 44 00 00 00 00 00 00 00 00 00 00 00 ]]
[[ DATA: 00 00 00 00 24 44 55 4D 4D 59 5F 44 45 56 49 43 45 5F 49 44 ]]
[[ DATA: 00 00 00 00 00 00 00 00 00 00 00 00 00 00 00 00 64 66 6D 5F ]]
[[ DATA: 74 72 61 63 65 2E 70 73 66 73 00 00 61 70 5F 43 54 4C 3D 25 ]]
[[ DATA: 30 38 58 00 92 90 73 00 D1 B7 6D 1B 3C 19 00 20 02 00 00 00 ]]
[[ DATA: 54 31 30 31 36 42 20 52 45 54 55 52 4E 20 6E 6F 77 5F 43 54 ]]
[[ DATA: 4C 3D 25 30 38 58 00 4D 91 A0 74 00 12 5A 75 1B 0C 19 00 20 ]]
[[ DATA: 54 65 73 74 20 31 30 31 36 42 20 61 74 20 74 65 73 74 5F 63 ]]
[[ DATA: 6F 6E 74 65 78 74 73 2E 63 3A 32 30 31 00 00 00 2A 10 75 00 ]]
[[ DATA: A7 5E 91 1C 2C 01 00 00 37 20 76 00 EE 6C 91 1C CC 2C 00 20 ]]
[[ DATA: 00 00 00 00 2B 10 77 00 38 70 91 1C 00 00 00 00 EA 20 78 00 ]]
[[ DATA: BC 7A 91 1C 90 0A 00 20 F4 00 00 00 2A 10 79 00 D6 7C 91 1C ]]
[[ DATA: FA 00 00 00 37 20 7A 00 A7 86 91 1C 90 0A 00 20 0F 00 00 00 ]]
[[ DATA: 30 10 7B 00 17 D2 F4 1E CC 2C 00 20 37 20 7C 00 00 DC F4 1E ]]
[[ DATA: CC 2C 00 20 00 00 00 00 2B 10 7D 00 42 DF F4 1E 00 00 00 00 ]]
[[ DATA: EA 20 7E 00 B8 F9 F4 1E F0 0C 00 20 F4 02 00 00 2A 10 7F 00 ]]
[[ DATA: D1 FB F4 1E FA 00 00 00 37 20 80 00 8B 04 F5 1E 90 0A 00 20 ]]
[[ DATA: 0F 00 00 00 30 10 81 00 09 E4 6E 1F 50 0B 00 20 37 20 82 00 ]]
[[ DATA: 39 EE 6E 1F 50 0B 00 20 00 00 00 00 2B 10 83 00 7B F1 6E 1F ]]
[[ DATA: 00 00 00 00 92 50 84 00 96 EA 6F 1F 3C 19 00 20 F9 03 00 00 ]]
[[ DATA: 54 25 75 20 42 45 47 49 4E 00 44 46 00 00 00 00 00 00 00 00 ]]
[[ DATA: 00 00 00 00 00 00 00 00 00 00 00 00 00 00 00 00 00 00 00 00 ]]
[[ DATA: 00 00 00 00 00 00 00 00 00 00 00 00 00 00 00 00 00 00 00 00 ]]
[[ DATA: 00 00 00 00 00 00 00 00 00 00 00 00 00 00 00 00 00 00 00 00 ]]
[[ DATA: 00 00 00 00 00 00 00 00 00 00 00 00 00 00 00 00 00 00 00 00 ]]
[[ DATA: 00 00 00 00 00 00 00 00 00 00 00 00 00 00 00 00 00 00 00 00 ]]
[[ DATA: 00 00 00 00 00 00 00 00 00 00 00 00 00 00 00 00 00 00 00 00 ]]
[[ DATA: 00 00 00 00 00 00 00 00 00 00 00 00 00 00 00 00 00 00 00 00 ]]
[[ DATA: 00 00 00 00 00 00 00 00 00 00 00 00 00 00 00 00 00 00 00 00 ]]
[[ DATA: 00 00 00 00 00 00 00 00 00 00 00 00 00 00 00 00 00 00 00 00 ]]
[[ DATA: 00 00 00 00 00 00 00 00 00 00 00 00 00 00 00 00 00 00 00 00 ]]
[[ DATA: 00 00 00 00 00 00 00 00 00 00 00 00 00 00 00 00 00 00 00 00 ]]
[[ DATA: 00 00 00 00 00 00 00 00 00 00 00 00 00 00 00 00 00 00 00 00 ]]
[[ DATA: 00 00 00 00 00 00 00 00 00 00 00 00 00 00 00 00 00 00 00 00 ]]
[[ DATA: 00 00 00 00 00 00 00 00 00 00 00 00 00 00 00 00 00 00 00 00 ]]
[[ DATA: 00 00 00 00 00 00 00 00 00 00 00 00 00 00 00 00 00 00 00 00 ]]
[[ DATA: 00 00 00 00 00 00 00 00 00 00 00 00 00 00 00 00 00 00 00 00 ]]
[[ DATA: 00 00 00 00 00 00 00 00 00 00 00 00 00 00 00 00 00 00 00 00 ]]
[[ DATA: 00 00 00 00 00 00 00 00 00 00 00 00 00 00 00 00 00 00 00 00 ]]
[[ DATA: 00 00 00 00 00 00 00 00 00 00 00 00 00 00 00 00 00 00 00 00 ]]
[[ DATA: 00 00 00 00 00 00 00 00 00 00 00 00 00 00 00 00 00 00 00 00 ]]
[[ DATA: 00 00 00 00 00 00 00 00 00 00 00 00 00 00 00 00 00 00 00 00 ]]
[[ DATA: 00 00 00 00 00 00 00 00 00 00 00 00 00 00 00 00 00 00 00 00 ]]
[[ DATA: 00 00 00 00 00 00 00 00 00 00 00 00 00 00 00 00 00 00 00 00 ]]
[[ DATA: 00 00 00 00 00 00 00 00 00 00 00 00 00 00 00 00 00 00 00 00 ]]
[[ DATA: 00 00 00 00 00 00 00 00 00 00 00 00 00 00 00 00 00 00 00 00 ]]
[[ DATA: 00 00 00 00 00 00 00 00 00 00 00 00 00 00 00 00 00 00 00 00 ]]
[[ DATA: 00 00 00 00 00 00 00 00 00 00 00 00 00 00 00 00 00 00 00 00 ]]
[[ DATA: 00 00 00 00 00 00 00 00 00 00 00 00 00 00 00 00 00 00 00 00 ]]
[[ DATA: 00 00 00 00 00 00 00 00 00 00 00 00 00 00 00 00 00 00 00 00 ]]
[[ DATA: 00 00 00 00 00 00 00 00 00 00 00 00 00 00 00 00 00 00 00 00 ]]
[[ DATA: 00 00 00 00 00 00 00 00 00 00 00 00 00 00 00 00 00 00 00 00 ]]
[[ DATA: 00 00 00 00 00 00 00 00 00 00 00 00 00 00 00 00 00 00 00 00 ]]
[[ DATA: 00 00 00 00 00 00 00 00 00 00 00 00 D4 D3 D2 D1 ]]

[[ DevAlert Data Ended. Checksum: 59103 ]]

[[ DevAlert Data Begins ]]
[[ DATA: D1 D2 D3 D4 F0 0F 01 00 71 83 02 00 07 00 07 00 07 00 00 00 ]]
[[ DATA: 20 00 20 00 10 00 00 00 80 03 00 00 24 44 55 4D 4D 59 5F 53 ]]
[[ DATA: 45 53 53 49 4F 4E 5F 49 44 00 00 00 00 00 00 00 00 00 00 00 ]]
[[ DATA: 00 00 00 00 24 44 55 4D 4D 59 5F 44 45 56 49 43 45 5F 49 44 ]]
[[ DATA: 00 00 00 00 00 00 00 00 00 00 00 00 00 00 00 00 64 66 6D 5F ]]
[[ DATA: 74 72 61 63 65 2E 70 73 66 73 00 00 00 00 00 00 00 00 00 00 ]]
[[ DATA: 00 00 00 00 00 00 00 00 00 00 00 00 00 00 00 00 00 00 00 00 ]]
[[ DATA: 00 00 00 00 00 00 00 00 00 00 00 00 00 00 00 00 00 00 00 00 ]]
[[ DATA: 00 00 00 00 00 00 00 00 00 00 00 00 00 00 00 00 00 00 00 00 ]]
[[ DATA: 00 00 00 00 00 00 00 00 00 00 00 00 00 00 00 00 00 00 00 00 ]]
[[ DATA: 00 00 00 00 00 00 00 00 00 00 00 00 00 00 00 00 00 00 00 00 ]]
[[ DATA: 00 00 00 00 00 00 00 00 00 00 00 00 00 00 00 00 00 00 00 00 ]]
[[ DATA: 00 00 00 00 00 00 00 00 00 00 00 00 00 00 00 00 00 00 00 00 ]]
[[ DATA: 00 00 00 00 00 00 00 00 00 00 00 00 00 00 00 00 00 00 00 00 ]]
[[ DATA: 00 00 00 00 00 00 00 00 00 00 00 00 00 00 00 00 00 00 00 00 ]]
[[ DATA: 00 00 00 00 00 00 00 00 00 00 00 00 00 00 00 00 00 00 00 00 ]]
[[ DATA: 00 00 00 00 00 00 00 00 00 00 00 00 00 00 00 00 00 00 00 00 ]]
[[ DATA: 00 00 00 00 00 00 00 00 00 00 00 00 00 00 00 00 00 00 00 00 ]]
[[ DATA: 00 00 00 00 00 00 00 00 00 00 00 00 00 00 00 00 00 00 00 00 ]]
[[ DATA: 00 00 00 00 00 00 00 00 00 00 00 00 00 00 00 00 00 00 00 00 ]]
[[ DATA: 00 00 00 00 00 00 00 00 00 00 00 00 00 00 00 00 00 00 00 00 ]]
[[ DATA: 00 00 00 00 00 00 00 00 00 00 00 00 00 00 00 00 00 00 00 00 ]]
[[ DATA: 00 00 00 00 00 00 00 00 00 00 00 00 00 00 00 00 00 00 00 00 ]]
[[ DATA: 00 00 00 00 00 00 00 00 00 00 00 00 00 00 00 00 00 00 00 00 ]]
[[ DATA: 00 00 00 00 00 00 00 00 00 00 00 00 00 00 00 00 00 00 00 00 ]]
[[ DATA: 00 00 00 00 00 00 00 00 00 00 00 00 00 00 00 00 00 00 00 00 ]]
[[ DATA: 00 00 00 00 00 00 00 00 00 00 00 00 00 00 00 00 00 00 00 00 ]]
[[ DATA: 00 00 00 00 00 00 00 00 00 00 00 00 00 00 00 00 00 00 00 00 ]]
[[ DATA: 00 00 00 00 00 00 00 00 00 00 00 00 00 00 00 00 00 00 00 00 ]]
[[ DATA: 00 00 00 00 00 00 00 00 00 00 00 00 00 00 00 00 00 00 00 00 ]]
[[ DATA: 00 00 00 00 00 00 00 00 00 00 00 00 00 00 00 00 00 00 00 00 ]]
[[ DATA: 00 00 00 00 00 00 00 00 00 00 00 00 00 00 00 00 00 00 00 00 ]]
[[ DATA: 00 00 00 00 00 00 00 00 00 00 00 00 00 00 00 00 00 00 00 00 ]]
[[ DATA: 00 00 00 00 00 00 00 00 00 00 00 00 00 00 00 00 00 00 00 00 ]]
[[ DATA: 00 00 00 00 00 00 00 00 00 00 00 00 00 00 00 00 00 00 00 00 ]]
[[ DATA: 00 00 00 00 00 00 00 00 00 00 00 00 00 00 00 00 00 00 00 00 ]]
[[ DATA: 00 00 00 00 00 00 00 00 00 00 00 00 00 00 00 00 00 00 00 00 ]]
[[ DATA: 00 00 00 00 00 00 00 00 00 00 00 00 00 00 00 00 00 00 00 00 ]]
[[ DATA: 00 00 00 00 00 00 00 00 00 00 00 00 00 00 00 00 00 00 00 00 ]]
[[ DATA: 00 00 00 00 00 00 00 00 00 00 00 00 00 00 00 00 00 00 00 00 ]]
[[ DATA: 00 00 00 00 00 00 00 00 00 00 00 00 00 00 00 00 00 00 00 00 ]]
[[ DATA: 00 00 00 00 00 00 00 00 00 00 00 00 00 00 00 00 00 00 00 00 ]]
[[ DATA: 00 00 00 00 00 00 00 00 00 00 00 00 00 00 00 00 00 00 00 00 ]]
[[ DATA: 00 00 00 00 00 00 00 00 00 00 00 00 00 00 00 00 00 00 00 00 ]]
[[ DATA: 00 00 00 00 00 00 00 00 00 00 00 00 00 00 00 00 00 00 00 00 ]]
[[ DATA: 00 00 00 00 00 00 00 00 00 00 00 00 00 00 00 00 00 00 00 00 ]]
[[ DATA: 00 00 00 00 00 00 00 00 00 00 00 00 00 00 00 00 00 00 00 00 ]]
[[ DATA: 00 00 00 00 00 00 00 00 00 00 00 00 00 00 00 00 00 00 00 00 ]]
[[ DATA: 00 00 00 00 00 00 00 00 00 00 00 00 00 00 00 00 00 00 00 00 ]]
[[ DATA: 00 00 00 00 00 00 00 00 00 00 00 00 0A 0B 0C 0D 71 72 73 74 ]]
[[ DATA: F1 F2 F3 F4 00 00 00 00 D4 D3 D2 D1 ]]

[[ DevAlert Data Ended. Checksum: 54468 ]]
DFMT:OBS:1018:stack_size=1536:unused_before=1460:unused_after=1300
DFMT:CHECK:1018:PASS:THREAD_COMPLETED
DFMT:CHECK:1018:PASS:TRAP_RETURNED
DFMT:CHECK:1018:PASS:STACK_SPACE_MEASURED
DFMT:CHECK:1018:PASS:STACK_HEADROOM_REMAINS
DFMT:RETURNED:1018:0
DFMT:BEGIN:1019:12
DFMT:OBS:1019:input_bytes=10

[[ DevAlert Data Begins ]]
[[ DATA: D1 D2 D3 D4 F0 0F 01 00 12 15 00 00 01 00 01 00 08 00 00 00 ]]
[[ DATA: 20 00 20 00 68 00 00 00 0C 01 00 00 24 44 55 4D 4D 59 5F 53 ]]
[[ DATA: 45 53 53 49 4F 4E 5F 49 44 00 00 00 00 00 00 00 00 00 00 00 ]]
[[ DATA: 00 00 00 00 24 44 55 4D 4D 59 5F 44 45 56 49 43 45 5F 49 44 ]]
[[ DATA: 00 00 00 00 00 00 00 00 00 00 00 00 00 00 00 00 54 65 73 74 ]]
[[ DATA: 20 31 30 31 39 41 20 61 74 20 74 65 73 74 5F 62 6F 75 6E 64 ]]
[[ DATA: 61 72 69 65 73 2E 63 3A 31 30 30 00 00 00 00 00 00 00 00 00 ]]
[[ DATA: 00 00 00 00 00 00 00 00 00 00 00 00 00 00 00 00 00 00 00 00 ]]
[[ DATA: 00 00 00 00 00 00 00 00 00 00 00 00 00 00 00 00 00 00 00 00 ]]
[[ DATA: 00 00 00 00 00 00 00 00 00 00 00 00 00 00 00 00 00 00 00 00 ]]
[[ DATA: 50 44 66 6D F0 0F 03 48 08 04 68 00 01 00 00 00 FB 03 00 00 ]]
[[ DATA: 01 00 00 00 A5 01 00 00 07 00 00 00 10 54 00 20 02 00 00 00 ]]
[[ DATA: DC 06 00 00 04 00 00 00 64 00 00 00 00 00 00 00 00 00 00 00 ]]
[[ DATA: 00 00 00 00 00 00 00 00 00 00 00 00 00 00 00 00 00 00 00 00 ]]
[[ DATA: 00 00 00 00 42 75 69 6C 64 2D 4D 33 2D 4F 73 00 00 00 00 00 ]]
[[ DATA: 00 00 00 00 00 00 00 00 00 00 00 00 00 00 00 00 00 00 00 00 ]]
[[ DATA: 00 00 00 00 00 00 00 00 00 00 00 00 00 00 00 00 00 00 00 00 ]]
[[ DATA: 00 00 00 00 00 00 00 00 00 00 00 00 00 00 00 00 54 65 73 74 ]]
[[ DATA: 20 31 30 31 39 41 20 61 74 20 74 65 73 74 5F 62 6F 75 6E 64 ]]
[[ DATA: 61 72 69 65 73 2E 63 3A 31 30 30 00 00 00 00 00 00 00 00 00 ]]
[[ DATA: 00 00 00 00 00 00 00 00 00 00 00 00 00 00 00 00 00 00 00 00 ]]
[[ DATA: 00 00 00 00 00 00 00 00 00 00 00 00 00 00 00 00 00 00 00 00 ]]
[[ DATA: 00 00 00 00 00 00 00 00 00 00 00 00 00 00 00 00 00 00 00 00 ]]
[[ DATA: 6D 66 44 50 00 00 00 00 D4 D3 D2 D1 ]]

[[ DevAlert Data Ended. Checksum: 29102 ]]

[[ DevAlert Data Begins ]]
[[ DATA: D1 D2 D3 D4 F0 0F 01 00 18 46 01 00 01 00 01 00 08 00 00 00 ]]
[[ DATA: 20 00 20 00 10 00 00 00 24 00 00 00 24 44 55 4D 4D 59 5F 53 ]]
[[ DATA: 45 53 53 49 4F 4E 5F 49 44 00 00 00 00 00 00 00 00 00 00 00 ]]
[[ DATA: 00 00 00 00 24 44 55 4D 4D 59 5F 44 45 56 49 43 45 5F 49 44 ]]
[[ DATA: 00 00 00 00 00 00 00 00 00 00 00 00 00 00 00 00 74 72 61 70 ]]
[[ DATA: 2E 7A 70 72 00 2E 70 73 66 73 00 00 50 44 61 50 F0 0F 03 10 ]]
[[ DATA: EB 01 00 00 74 72 61 70 2E 7A 70 72 00 00 00 00 00 00 00 00 ]]
[[ DATA: 50 61 44 50 00 00 00 00 D4 D3 D2 D1 ]]

[[ DevAlert Data Ended. Checksum: 63955 ]]

[[ DevAlert Data Begins ]]
[[ DATA: D1 D2 D3 D4 F0 0F 01 00 71 83 01 00 01 00 01 00 08 00 00 00 ]]
[[ DATA: 20 00 20 00 10 00 00 00 EB 01 00 00 24 44 55 4D 4D 59 5F 53 ]]
[[ DATA: 45 53 53 49 4F 4E 5F 49 44 00 00 00 00 00 00 00 00 00 00 00 ]]
[[ DATA: 00 00 00 00 24 44 55 4D 4D 59 5F 44 45 56 49 43 45 5F 49 44 ]]
[[ DATA: 00 00 00 00 00 00 00 00 00 00 00 00 00 00 00 00 74 72 61 70 ]]
[[ DATA: 2E 7A 70 72 00 2E 70 73 66 73 00 00 5A 45 02 00 03 00 05 00 ]]
[[ DATA: 0D D0 00 00 41 03 00 4C 00 00 00 00 00 58 1D 00 20 00 00 00 ]]
[[ DATA: 00 00 00 00 00 A2 21 5C 0A AF 87 00 08 EE 81 00 08 00 00 00 ]]
[[ DATA: 29 10 54 00 20 08 0E 00 20 00 00 00 00 94 ED 00 08 FB 03 00 ]]
[[ DATA: 00 D0 0D 00 20 FB 03 00 00 FF FF FF FF FF FF FF FF 01 00 00 ]]
[[ DATA: 00 30 00 00 00 4D 01 00 50 0B 00 20 10 0C 00 20 84 38 00 20 ]]
[[ DATA: 84 38 00 20 00 00 00 00 01 00 00 FF 80 00 00 00 00 00 00 00 ]]
[[ DATA: 00 00 00 00 00 00 00 00 00 00 00 00 00 00 00 00 19 A3 00 08 ]]
[[ DATA: 00 00 00 00 00 00 00 00 6C 38 00 20 00 10 00 00 2C 01 00 00 ]]
[[ DATA: 00 00 00 00 FA 03 00 00 FF FF FF FF FF FF FF FF F8 53 00 20 ]]
[[ DATA: 00 00 00 00 A8 0B 00 20 A8 0B 00 20 05 8A 00 08 00 00 00 00 ]]
[[ DATA: 00 00 00 00 00 00 00 00 00 00 00 00 6D 61 69 6E 00 00 00 00 ]]
[[ DATA: 00 00 00 00 00 00 00 00 00 00 00 00 00 00 00 00 00 00 00 00 ]]
[[ DATA: 00 00 00 00 C8 50 00 20 00 04 00 00 10 00 00 00 00 00 00 00 ]]
[[ DATA: B8 54 00 20 00 00 00 00 00 00 00 00 00 00 00 00 00 00 00 00 ]]
[[ DATA: 00 00 00 00 F5 FF FF FF 4D 01 00 10 54 00 20 C8 54 00 20 00 ]]
[[ DATA: 00 00 00 58 1D 00 20 00 00 00 00 50 38 00 20 00 00 00 00 7F ]]
[[ DATA: 25 00 08 49 25 00 08 F7 E6 00 08 00 E1 00 08 00 00 00 00 40 ]]
[[ DATA: E0 00 08 39 14 00 08 06 00 00 00 02 00 00 00 5D E7 8F 09 0C ]]
[[ DATA: 00 00 00 FB 03 00 00 02 00 00 00 02 00 00 00 00 00 00 00 00 ]]
[[ DATA: 00 00 00 00 FE D0 D5 00 00 00 00 54 DF 00 08 54 DF 00 08 54 ]]
[[ DATA: DF 00 08 00 00 00 00 00 00 00 00 08 00 00 00 F7 8A 00 08 AA ]]
[[ DATA: AA AA AA AA AA AA AA AA AA AA AA AA AA AA AA 05 8A 00 08 00 ]]
[[ DATA: 00 00 00 B8 54 00 20 05 8A 00 08 00 00 00 00 87 2B 00 08 00 ]]
[[ DATA: 00 00 00 B9 36 00 08 AA AA AA AA AA AA AA AA 50 0B 00 20 00 ]]
[[ DATA: 00 00 00 D4 D3 D2 D1 ]]

[[ DevAlert Data Ended. Checksum: 6270 ]]

[[ DevAlert Data Begins ]]
[[ DATA: D1 D2 D3 D4 F0 0F 01 00 18 46 02 00 01 00 01 00 08 00 00 00 ]]
[[ DATA: 20 00 20 00 10 00 00 00 24 00 00 00 24 44 55 4D 4D 59 5F 53 ]]
[[ DATA: 45 53 53 49 4F 4E 5F 49 44 00 00 00 00 00 00 00 00 00 00 00 ]]
[[ DATA: 00 00 00 00 24 44 55 4D 4D 59 5F 44 45 56 49 43 45 5F 49 44 ]]
[[ DATA: 00 00 00 00 00 00 00 00 00 00 00 00 00 00 00 00 64 66 6D 5F ]]
[[ DATA: 74 72 61 63 65 2E 70 73 66 73 00 00 50 44 61 50 F0 0F 03 10 ]]
[[ DATA: F0 1A 00 00 64 66 6D 5F 74 72 61 63 65 2E 70 73 66 73 00 00 ]]
[[ DATA: 50 61 44 50 00 00 00 00 D4 D3 D2 D1 ]]

[[ DevAlert Data Ended. Checksum: 45274 ]]

[[ DevAlert Data Begins ]]
[[ DATA: D1 D2 D3 D4 F0 0F 01 00 71 83 02 00 01 00 07 00 08 00 00 00 ]]
[[ DATA: 20 00 20 00 10 00 00 00 E8 03 00 00 24 44 55 4D 4D 59 5F 53 ]]
[[ DATA: 45 53 53 49 4F 4E 5F 49 44 00 00 00 00 00 00 00 00 00 00 00 ]]
[[ DATA: 00 00 00 00 24 44 55 4D 4D 59 5F 44 45 56 49 43 45 5F 49 44 ]]
[[ DATA: 00 00 00 00 00 00 00 00 00 00 00 00 00 00 00 00 64 66 6D 5F ]]
[[ DATA: 74 72 61 63 65 2E 70 73 66 73 00 00 30 1A 00 20 00 00 00 00 ]]
[[ DATA: 05 06 07 08 75 76 77 78 F5 F6 F7 F8 00 46 53 50 0E 00 A9 9A ]]
[[ DATA: 00 00 00 00 01 03 00 00 00 00 00 00 00 00 03 04 5A 65 70 68 ]]
[[ DATA: 79 72 00 00 01 00 00 00 00 71 02 00 00 68 89 09 00 00 00 00 ]]
[[ DATA: E8 03 00 00 FB E6 12 27 00 00 00 00 38 00 00 00 1C 00 00 00 ]]
[[ DATA: 03 00 00 00 AC 0F 00 20 63 00 04 04 88 01 00 00 3A 01 00 00 ]]
[[ DATA: 00 00 00 40 73 79 73 63 61 6C 6C 73 00 00 00 00 00 00 00 00 ]]
[[ DATA: 00 00 00 00 00 00 00 00 00 00 00 00 00 00 00 00 00 00 00 00 ]]
[[ DATA: 00 00 00 00 00 00 00 00 00 00 00 00 00 00 00 00 00 00 00 00 ]]
[[ DATA: 00 00 00 00 00 00 00 00 00 00 00 00 00 00 00 00 00 00 00 00 ]]
[[ DATA: 00 00 00 00 00 00 00 00 00 00 00 00 00 00 00 00 00 00 00 00 ]]
[[ DATA: 00 00 00 00 00 00 00 00 00 00 00 00 00 00 00 00 00 00 00 00 ]]
[[ DATA: 00 00 00 00 00 00 00 00 00 00 00 00 00 00 00 00 00 00 00 00 ]]
[[ DATA: 00 00 00 00 00 00 00 00 00 00 00 00 00 00 00 00 00 00 00 00 ]]
[[ DATA: 00 00 00 00 00 00 00 00 00 00 00 00 00 00 00 00 00 00 00 00 ]]
[[ DATA: 00 00 00 00 00 00 00 00 00 00 00 00 00 00 00 00 00 00 00 00 ]]
[[ DATA: 00 00 00 00 00 00 00 00 00 00 00 00 00 00 00 00 00 00 00 00 ]]
[[ DATA: 00 00 00 00 00 00 00 00 00 00 00 00 00 00 00 00 00 00 00 00 ]]
[[ DATA: 00 00 00 00 00 00 00 00 00 00 00 00 00 00 00 00 00 00 00 00 ]]
[[ DATA: 00 00 00 00 00 00 00 00 00 00 00 00 00 00 00 00 00 00 00 00 ]]
[[ DATA: 00 00 00 00 00 00 00 00 00 00 00 00 00 00 00 00 00 00 00 00 ]]
[[ DATA: 00 00 00 00 00 00 00 00 00 00 00 00 00 00 00 00 00 00 00 00 ]]
[[ DATA: 00 00 00 00 00 00 00 00 00 00 00 00 00 00 00 00 00 00 00 00 ]]
[[ DATA: 00 00 00 00 00 00 00 00 00 00 00 00 00 00 00 00 00 00 00 00 ]]
[[ DATA: 00 00 00 00 00 00 00 00 00 00 00 00 00 00 00 00 00 00 00 00 ]]
[[ DATA: 00 00 00 00 00 00 00 00 00 00 00 00 00 00 00 00 00 00 00 00 ]]
[[ DATA: 00 00 00 00 00 00 00 00 00 00 00 00 00 00 00 00 00 00 00 00 ]]
[[ DATA: 00 00 00 00 00 00 00 00 00 00 00 00 00 00 00 00 00 00 00 00 ]]
[[ DATA: 00 00 00 00 00 00 00 00 00 00 00 00 00 00 00 00 00 00 00 00 ]]
[[ DATA: 00 00 00 00 00 00 00 00 00 00 00 00 00 00 00 00 00 00 00 00 ]]
[[ DATA: 00 00 00 00 00 00 00 00 00 00 00 00 00 00 00 00 00 00 00 00 ]]
[[ DATA: 00 00 00 00 00 00 00 00 00 00 00 00 00 00 00 00 00 00 00 00 ]]
[[ DATA: 00 00 00 00 00 00 00 00 00 00 00 00 00 00 00 00 00 00 00 00 ]]
[[ DATA: 00 00 00 00 00 00 00 00 00 00 00 00 00 00 00 00 00 00 00 00 ]]
[[ DATA: 00 00 00 00 00 00 00 00 00 00 00 00 00 00 00 00 00 00 00 00 ]]
[[ DATA: 00 00 00 00 00 00 00 00 00 00 00 00 00 00 00 00 00 00 00 00 ]]
[[ DATA: 00 00 00 00 00 00 00 00 00 00 00 00 00 00 00 00 00 00 00 00 ]]
[[ DATA: 00 00 00 00 00 00 00 00 00 00 00 00 00 00 00 00 00 00 00 00 ]]
[[ DATA: 00 00 00 00 00 00 00 00 00 00 00 00 00 00 00 00 00 00 00 00 ]]
[[ DATA: 00 00 00 00 00 00 00 00 00 00 00 00 00 00 00 00 00 00 00 00 ]]
[[ DATA: 00 00 00 00 00 00 00 00 00 00 00 00 00 00 00 00 00 00 00 00 ]]
[[ DATA: 00 00 00 00 00 00 00 00 00 00 00 00 00 00 00 00 00 00 00 00 ]]
[[ DATA: 00 00 00 00 00 00 00 00 00 00 00 00 00 00 00 00 00 00 00 00 ]]
[[ DATA: 00 00 00 00 00 00 00 00 00 00 00 00 00 00 00 00 00 00 00 00 ]]
[[ DATA: 00 00 00 00 00 00 00 00 00 00 00 00 00 00 00 00 00 00 00 00 ]]
[[ DATA: 00 00 00 00 00 00 00 00 00 00 00 00 00 00 00 00 00 00 00 00 ]]
[[ DATA: 00 00 00 00 00 00 00 00 00 00 00 00 00 00 00 00 00 00 00 00 ]]
[[ DATA: 00 00 00 00 00 00 00 00 00 00 00 00 00 00 00 00 00 00 00 00 ]]
[[ DATA: 00 00 00 00 00 00 00 00 00 00 00 00 00 00 00 00 00 00 00 00 ]]
[[ DATA: 00 00 00 00 00 00 00 00 00 00 00 00 00 00 00 00 00 00 00 00 ]]
[[ DATA: 00 00 00 00 00 00 00 00 00 00 00 00 D4 D3 D2 D1 ]]

[[ DevAlert Data Ended. Checksum: 40794 ]]

[[ DevAlert Data Begins ]]
[[ DATA: D1 D2 D3 D4 F0 0F 01 00 71 83 02 00 02 00 07 00 08 00 00 00 ]]
[[ DATA: 20 00 20 00 10 00 00 00 E8 03 00 00 24 44 55 4D 4D 59 5F 53 ]]
[[ DATA: 45 53 53 49 4F 4E 5F 49 44 00 00 00 00 00 00 00 00 00 00 00 ]]
[[ DATA: 00 00 00 00 24 44 55 4D 4D 59 5F 44 45 56 49 43 45 5F 49 44 ]]
[[ DATA: 00 00 00 00 00 00 00 00 00 00 00 00 00 00 00 00 64 66 6D 5F ]]
[[ DATA: 74 72 61 63 65 2E 70 73 66 73 00 00 00 00 00 00 00 00 00 00 ]]
[[ DATA: 00 00 00 00 00 00 00 00 00 00 00 00 00 00 00 00 00 00 00 00 ]]
[[ DATA: 00 00 00 00 00 00 00 00 00 00 00 00 00 00 00 00 00 00 00 00 ]]
[[ DATA: 00 00 00 00 00 00 00 00 00 00 00 00 00 00 00 00 00 00 00 00 ]]
[[ DATA: 00 00 00 00 00 00 00 00 00 00 00 00 00 00 00 00 00 00 00 00 ]]
[[ DATA: 00 00 00 00 00 00 00 00 00 00 00 00 00 00 00 00 00 00 00 00 ]]
[[ DATA: 00 00 00 00 00 00 00 00 00 00 00 00 00 00 00 00 00 00 00 00 ]]
[[ DATA: 00 00 00 00 00 00 00 00 00 00 00 00 00 00 00 00 00 00 00 00 ]]
[[ DATA: 00 00 00 00 00 00 00 00 00 00 00 00 00 00 00 00 00 00 00 00 ]]
[[ DATA: 00 00 00 00 00 00 00 00 00 00 00 00 00 00 00 00 00 00 00 00 ]]
[[ DATA: 00 00 00 00 00 00 00 00 00 00 00 00 00 00 00 00 00 00 00 00 ]]
[[ DATA: 00 00 00 00 00 00 00 00 00 00 00 00 00 00 00 00 00 00 00 00 ]]
[[ DATA: 00 00 00 00 00 00 00 00 00 00 00 00 00 00 00 00 00 00 00 00 ]]
[[ DATA: 00 00 00 00 00 00 00 00 00 00 00 00 00 00 00 00 00 00 00 00 ]]
[[ DATA: 00 00 00 00 00 00 00 00 00 00 00 00 00 00 00 00 00 00 00 00 ]]
[[ DATA: 00 00 00 00 00 00 00 00 00 00 00 00 00 00 00 00 00 00 00 00 ]]
[[ DATA: 00 00 00 00 00 00 00 00 00 00 00 00 00 00 00 00 00 00 00 00 ]]
[[ DATA: 00 00 00 00 00 00 00 00 00 00 00 00 00 00 00 00 00 00 00 00 ]]
[[ DATA: 00 00 00 00 00 00 00 00 00 00 00 00 00 00 00 00 00 00 00 00 ]]
[[ DATA: 00 00 00 00 00 00 00 00 00 00 00 00 00 00 00 00 00 00 00 00 ]]
[[ DATA: 00 00 00 00 00 00 00 00 00 00 00 00 00 00 00 00 00 00 00 00 ]]
[[ DATA: 00 00 00 00 00 00 00 00 00 00 00 00 00 00 00 00 00 00 00 00 ]]
[[ DATA: 00 00 00 00 00 00 00 00 00 00 00 00 00 00 00 00 00 00 00 00 ]]
[[ DATA: 00 00 00 00 00 00 00 00 00 00 00 00 00 00 00 00 00 00 00 00 ]]
[[ DATA: 00 00 00 00 00 00 00 00 00 00 00 00 00 00 00 00 00 00 00 00 ]]
[[ DATA: 00 00 00 00 00 00 00 00 00 00 00 00 00 00 00 00 00 00 00 00 ]]
[[ DATA: 00 00 00 00 00 00 00 00 00 00 00 00 00 00 00 00 00 00 00 00 ]]
[[ DATA: 00 00 00 00 00 00 00 00 00 00 00 00 00 00 00 00 00 00 00 00 ]]
[[ DATA: 00 00 00 00 00 00 00 00 00 00 00 00 00 00 00 00 00 00 00 00 ]]
[[ DATA: 00 00 00 00 00 00 00 00 00 00 00 00 00 00 00 00 00 00 00 00 ]]
[[ DATA: 00 00 00 00 00 00 00 00 00 00 00 00 00 00 00 00 00 00 00 00 ]]
[[ DATA: 00 00 00 00 00 00 00 00 00 00 00 00 00 00 00 00 00 00 00 00 ]]
[[ DATA: 00 00 00 00 00 00 00 00 00 00 00 00 00 00 00 00 00 00 00 00 ]]
[[ DATA: 00 00 00 00 00 00 00 00 00 00 00 00 00 00 00 00 00 00 00 00 ]]
[[ DATA: 00 00 00 00 00 00 00 00 00 00 00 00 00 00 00 00 00 00 00 00 ]]
[[ DATA: 00 00 00 00 00 00 00 00 00 00 00 00 00 00 00 00 00 00 00 00 ]]
[[ DATA: 00 00 00 00 00 00 00 00 00 00 00 00 00 00 00 00 00 00 00 00 ]]
[[ DATA: 00 00 00 00 00 00 00 00 00 00 00 00 00 00 00 00 00 00 00 00 ]]
[[ DATA: 00 00 00 00 00 00 00 00 00 00 00 00 00 00 00 00 00 00 00 00 ]]
[[ DATA: 00 00 00 00 00 00 00 00 00 00 00 00 00 00 00 00 00 00 00 00 ]]
[[ DATA: 00 00 00 00 00 00 00 00 00 00 00 00 00 00 00 00 00 00 00 00 ]]
[[ DATA: 00 00 00 00 00 00 00 00 00 00 00 00 00 00 00 00 00 00 00 00 ]]
[[ DATA: 00 00 00 00 00 00 00 00 00 00 00 00 00 00 00 00 00 00 00 00 ]]
[[ DATA: 00 00 00 00 00 00 00 00 00 00 00 00 00 00 00 00 00 00 00 00 ]]
[[ DATA: 00 00 00 00 00 00 00 00 00 00 00 00 00 00 00 00 00 00 00 00 ]]
[[ DATA: 00 00 00 00 00 00 00 00 00 00 00 00 00 00 00 00 00 00 00 00 ]]
[[ DATA: 00 00 00 00 00 00 00 00 00 00 00 00 00 00 00 00 00 00 00 00 ]]
[[ DATA: 00 00 00 00 00 00 00 00 00 00 00 00 00 00 00 00 00 00 00 00 ]]
[[ DATA: 00 00 00 00 00 00 00 00 00 00 00 00 00 00 00 00 00 00 00 00 ]]
[[ DATA: 00 00 00 00 00 00 00 00 00 00 00 00 00 00 00 00 00 00 00 00 ]]
[[ DATA: 00 00 00 00 00 00 00 00 00 00 00 00 D4 D3 D2 D1 ]]

[[ DevAlert Data Ended. Checksum: 9153 ]]

[[ DevAlert Data Begins ]]
[[ DATA: D1 D2 D3 D4 F0 0F 01 00 71 83 02 00 03 00 07 00 08 00 00 00 ]]
[[ DATA: 20 00 20 00 10 00 00 00 E8 03 00 00 24 44 55 4D 4D 59 5F 53 ]]
[[ DATA: 45 53 53 49 4F 4E 5F 49 44 00 00 00 00 00 00 00 00 00 00 00 ]]
[[ DATA: 00 00 00 00 24 44 55 4D 4D 59 5F 44 45 56 49 43 45 5F 49 44 ]]
[[ DATA: 00 00 00 00 00 00 00 00 00 00 00 00 00 00 00 00 64 66 6D 5F ]]
[[ DATA: 74 72 61 63 65 2E 70 73 66 73 00 00 00 00 00 00 00 00 00 00 ]]
[[ DATA: 00 00 00 00 00 00 00 00 00 00 00 00 00 00 00 00 00 00 00 00 ]]
[[ DATA: 00 00 00 00 00 00 00 00 00 00 00 00 00 00 00 00 00 00 00 00 ]]
[[ DATA: 00 00 00 00 00 00 00 00 00 00 00 00 00 00 00 00 00 00 00 00 ]]
[[ DATA: 00 00 00 00 00 00 00 00 00 00 00 00 00 00 00 00 00 00 00 00 ]]
[[ DATA: 00 00 00 00 00 00 00 00 00 00 00 00 00 00 00 00 00 00 00 00 ]]
[[ DATA: 00 00 00 00 00 00 00 00 00 00 00 00 00 00 00 00 00 00 00 00 ]]
[[ DATA: 00 00 00 00 00 00 00 00 00 00 00 00 00 00 00 00 00 00 00 00 ]]
[[ DATA: 00 00 00 00 00 00 00 00 00 00 00 00 00 00 00 00 00 00 00 00 ]]
[[ DATA: 00 00 00 00 00 00 00 00 00 00 00 00 00 00 00 00 00 00 00 00 ]]
[[ DATA: 00 00 00 00 00 00 00 00 00 00 00 00 00 00 00 00 00 00 00 00 ]]
[[ DATA: 00 00 00 00 00 00 00 00 00 00 00 00 00 00 00 00 00 00 00 00 ]]
[[ DATA: 00 00 00 00 00 00 00 00 00 00 00 00 00 00 00 00 00 00 00 00 ]]
[[ DATA: 00 00 00 00 00 00 00 00 00 00 00 00 00 00 00 00 00 00 00 00 ]]
[[ DATA: 00 00 00 00 00 00 00 00 00 00 00 00 00 00 00 00 00 00 00 00 ]]
[[ DATA: 00 00 00 00 00 00 00 00 00 00 00 00 00 00 00 00 00 00 00 00 ]]
[[ DATA: 00 00 00 00 00 00 00 00 00 00 00 00 00 00 00 00 00 00 00 00 ]]
[[ DATA: 00 00 00 00 00 00 00 00 00 00 00 00 00 00 00 00 00 00 00 00 ]]
[[ DATA: 00 00 00 00 00 00 00 00 00 00 00 00 00 00 00 00 00 00 00 00 ]]
[[ DATA: 00 00 00 00 00 00 00 00 00 00 00 00 00 00 00 00 00 00 00 00 ]]
[[ DATA: 00 00 00 00 00 00 00 00 00 00 00 00 00 00 00 00 00 00 00 00 ]]
[[ DATA: 00 00 00 00 00 00 00 00 00 00 00 00 00 00 00 00 00 00 00 00 ]]
[[ DATA: 00 00 00 00 00 00 00 00 00 00 00 00 00 00 00 00 00 00 00 00 ]]
[[ DATA: 01 00 00 00 00 00 00 00 00 00 00 00 00 00 00 00 00 00 00 00 ]]
[[ DATA: 00 00 00 00 00 00 00 00 00 00 00 00 00 00 00 00 00 00 00 00 ]]
[[ DATA: 00 00 00 00 0C 19 00 20 00 00 00 00 00 00 00 00 00 00 00 00 ]]
[[ DATA: 00 00 00 00 41 4C 45 52 54 00 00 00 00 00 00 00 00 00 00 00 ]]
[[ DATA: 00 00 00 00 00 00 00 00 00 00 00 00 3C 19 00 20 00 00 00 00 ]]
[[ DATA: 00 00 00 00 00 00 00 00 00 00 00 00 44 46 4D 20 54 65 73 74 ]]
[[ DATA: 73 00 00 00 00 00 00 00 00 00 00 00 00 00 00 00 00 00 00 00 ]]
[[ DATA: CC 2C 00 20 00 00 00 00 00 00 00 00 00 00 00 00 00 00 00 00 ]]
[[ DATA: 54 7A 43 74 72 6C 00 00 00 00 00 00 00 00 00 00 00 00 00 00 ]]
[[ DATA: 00 00 00 00 00 00 00 00 F0 0C 00 20 FF FF FF FF 00 00 00 00 ]]
[[ DATA: 00 00 00 00 00 00 00 00 73 79 73 77 6F 72 6B 71 00 00 00 00 ]]
[[ DATA: 00 00 00 00 00 00 00 00 00 00 00 00 00 00 00 00 90 0A 00 20 ]]
[[ DATA: 0F 00 00 00 00 00 00 00 00 00 00 00 00 00 00 00 69 64 6C 65 ]]
[[ DATA: 00 00 00 00 00 00 00 00 00 00 00 00 00 00 00 00 00 00 00 00 ]]
[[ DATA: 00 00 00 00 50 0B 00 20 00 00 00 00 00 00 00 00 00 00 00 00 ]]
[[ DATA: 00 00 00 00 6D 61 69 6E 00 00 00 00 00 00 00 00 00 00 00 00 ]]
[[ DATA: 00 00 00 00 00 00 00 00 00 00 00 00 00 10 00 00 64 03 00 00 ]]
[[ DATA: 00 00 00 00 D4 0F 00 00 01 00 00 00 00 00 00 00 D4 0F 00 00 ]]
[[ DATA: 00 00 00 00 64 03 00 00 00 00 00 00 00 00 00 00 5C 1A 00 20 ]]
[[ DATA: 01 10 85 00 B1 B3 6F 20 50 0B 00 20 2A 10 86 00 15 DD 70 20 ]]
[[ DATA: 2C 01 00 00 37 20 87 00 C2 E6 70 20 90 0A 00 20 0F 00 00 00 ]]
[[ DATA: 30 10 88 00 6D 9D 59 21 CC 2C 00 20 37 20 89 00 D8 A7 59 21 ]]
[[ DATA: CC 2C 00 20 00 00 00 00 2B 10 8A 00 28 AB 59 21 00 00 00 00 ]]
[[ DATA: EA 20 8B 00 EF C7 59 21 CC 2C 00 20 3C 03 00 00 2A 10 8C 00 ]]
[[ DATA: 0C CA 59 21 FA 00 00 00 37 20 8D 00 C4 D2 59 21 90 0A 00 20 ]]
[[ DATA: 0F 00 00 00 30 10 8E 00 10 1A 4E 23 50 0B 00 20 37 20 8F 00 ]]
[[ DATA: CE 23 4E 23 50 0B 00 20 00 00 00 00 2B 10 90 00 0E 27 4E 23 ]]
[[ DATA: 00 00 00 00 92 50 91 00 18 20 4F 23 D4 D3 D2 D1 ]]

[[ DevAlert Data Ended. Checksum: 58780 ]]

[[ DevAlert Data Begins ]]
[[ DATA: D1 D2 D3 D4 F0 0F 01 00 71 83 02 00 04 00 07 00 08 00 00 00 ]]
[[ DATA: 20 00 20 00 10 00 00 00 E8 03 00 00 24 44 55 4D 4D 59 5F 53 ]]
[[ DATA: 45 53 53 49 4F 4E 5F 49 44 00 00 00 00 00 00 00 00 00 00 00 ]]
[[ DATA: 00 00 00 00 24 44 55 4D 4D 59 5F 44 45 56 49 43 45 5F 49 44 ]]
[[ DATA: 00 00 00 00 00 00 00 00 00 00 00 00 00 00 00 00 64 66 6D 5F ]]
[[ DATA: 74 72 61 63 65 2E 70 73 66 73 00 00 3C 19 00 20 FA 03 00 00 ]]
[[ DATA: 54 25 75 20 42 45 47 49 4E 00 44 46 6A 10 92 00 D2 23 4F 23 ]]
[[ DATA: D8 00 00 20 10 30 93 00 94 7C 4F 23 C0 09 00 20 00 06 00 00 ]]
[[ DATA: 01 00 00 00 5D 11 94 00 18 7F 4F 23 C0 09 00 20 30 10 95 00 ]]
[[ DATA: 16 82 4F 23 C0 09 00 20 67 30 96 00 57 85 4F 23 D8 00 00 20 ]]
[[ DATA: 10 27 00 00 00 00 00 00 37 20 97 00 91 90 4F 23 C0 09 00 20 ]]
[[ DATA: 01 00 00 00 92 70 98 00 84 C2 4F 23 3C 19 00 20 00 06 00 00 ]]
[[ DATA: 54 31 30 31 38 20 53 54 41 43 4B 20 73 69 7A 65 3D 25 75 00 ]]
[[ DATA: 92 80 99 00 6B C6 4F 23 3C 19 00 20 B4 05 00 00 54 31 30 31 ]]
[[ DATA: 38 20 53 54 41 43 4B 20 75 6E 75 73 65 64 3D 25 75 00 54 65 ]]
[[ DATA: 91 A0 9A 00 85 08 50 23 0C 19 00 20 54 65 73 74 20 31 30 31 ]]
[[ DATA: 38 20 61 74 20 74 65 73 74 5F 62 6F 75 6E 64 61 72 69 65 73 ]]
[[ DATA: 2E 63 3A 35 31 00 00 00 30 10 9B 00 1F 45 25 24 CC 2C 00 20 ]]
[[ DATA: 37 20 9C 00 83 54 25 24 CC 2C 00 20 00 00 00 00 2B 10 9D 00 ]]
[[ DATA: D0 57 25 24 00 00 00 00 EA 20 9E 00 5A 83 25 24 C0 09 00 20 ]]
[[ DATA: 14 05 00 00 2A 10 9F 00 77 85 25 24 FA 00 00 00 37 20 A0 00 ]]
[[ DATA: EC 92 25 24 C0 09 00 20 01 00 00 00 51 20 A1 00 67 BE 25 24 ]]
[[ DATA: D8 00 00 20 00 00 00 00 30 10 A2 00 6F C1 25 24 50 0B 00 20 ]]
[[ DATA: 37 20 A3 00 A3 C9 25 24 50 0B 00 20 00 00 00 00 61 30 A4 00 ]]
[[ DATA: 2C CC 25 24 D8 00 00 20 00 00 00 00 00 00 00 00 2A 10 A5 00 ]]
[[ DATA: 0F 1B 33 24 2C 01 00 00 37 20 A6 00 4C 25 33 24 C0 09 00 20 ]]
[[ DATA: 01 00 00 00 20 10 A7 00 78 2E 33 24 C0 09 00 20 37 20 A8 00 ]]
[[ DATA: 89 34 33 24 90 0A 00 20 0F 00 00 00 30 10 A9 00 04 BD 89 26 ]]
[[ DATA: CC 2C 00 20 37 20 AA 00 CB C6 89 26 CC 2C 00 20 00 00 00 00 ]]
[[ DATA: 2B 10 AB 00 0B CA 89 26 00 00 00 00 EA 20 AC 00 87 DE 89 26 ]]
[[ DATA: 50 0B 00 20 34 02 00 00 2A 10 AD 00 9E E0 89 26 FA 00 00 00 ]]
[[ DATA: 37 20 AE 00 5C E9 89 26 90 0A 00 20 0F 00 00 00 30 10 AF 00 ]]
[[ DATA: 07 04 10 27 50 0B 00 20 37 20 B0 00 35 0E 10 27 50 0B 00 20 ]]
[[ DATA: 00 00 00 00 2B 10 B1 00 75 11 10 27 00 00 00 00 92 50 B2 00 ]]
[[ DATA: 87 0A 11 27 3C 19 00 20 FB 03 00 00 54 25 75 20 42 45 47 49 ]]
[[ DATA: 4E 00 44 46 92 C0 B3 00 04 A2 12 27 3C 19 00 20 0A 00 00 00 ]]
[[ DATA: 54 31 30 31 39 41 20 4D 53 47 20 63 68 61 72 73 3D 25 75 20 ]]
[[ DATA: 66 6F 72 6D 61 74 74 65 64 5F 6D 61 78 3D 34 39 00 54 31 30 ]]
[[ DATA: 91 A0 B4 00 FB E6 12 27 0C 19 00 20 54 65 73 74 20 31 30 31 ]]
[[ DATA: 39 41 20 61 74 20 74 65 73 74 5F 62 6F 75 6E 64 61 72 69 65 ]]
[[ DATA: 73 2E 63 3A 31 30 30 00 3A 31 30 38 00 00 00 00 51 20 35 00 ]]
[[ DATA: 21 C8 B2 0A C4 00 00 20 00 00 00 00 37 20 36 00 07 D5 B2 0A ]]
[[ DATA: 50 0B 00 20 00 00 00 00 22 21 37 00 78 D7 B2 0A 10 00 00 20 ]]
[[ DATA: 01 00 00 00 61 30 38 00 73 DA B2 0A C4 00 00 20 00 00 00 00 ]]
[[ DATA: 00 00 00 00 2A 10 39 00 4C C1 B9 0A 2C 01 00 00 37 20 3A 00 ]]
[[ DATA: F5 CE B9 0A CC 2C 00 20 00 00 00 00 2B 10 3B 00 51 D2 B9 0A ]]
[[ DATA: 00 00 00 00 EA 20 3C 00 9C E8 B9 0A 50 0B 00 20 6C 02 00 00 ]]
[[ DATA: 2A 10 3D 00 B4 EA B9 0A FA 00 00 00 37 20 3E 00 85 F4 B9 0A ]]
[[ DATA: 90 0A 00 20 0F 00 00 00 30 10 3F 00 2C F3 1C 0D CC 2C 00 20 ]]
[[ DATA: 37 20 40 00 1F FD 1C 0D CC 2C 00 20 00 00 00 00 2B 10 41 00 ]]
[[ DATA: 5F 00 1D 0D 00 00 00 00 EA 20 42 00 D3 0A 1D 0D 90 0A 00 20 ]]
[[ DATA: F4 00 00 00 2A 10 43 00 EA 0C 1D 0D FA 00 00 00 37 20 44 00 ]]
[[ DATA: A2 15 1D 0D 90 0A 00 20 0F 00 00 00 30 10 45 00 07 05 97 0D ]]
[[ DATA: 50 0B 00 20 37 20 46 00 35 0F 97 0D 50 0B 00 20 00 00 00 00 ]]
[[ DATA: 2B 10 47 00 75 12 97 0D 00 00 00 00 92 50 48 00 EE FD 97 0D ]]
[[ DATA: 3C 19 00 20 F3 03 00 00 54 25 75 20 D4 D3 D2 D1 ]]

[[ DevAlert Data Ended. Checksum: 38431 ]]

[[ DevAlert Data Begins ]]
[[ DATA: D1 D2 D3 D4 F0 0F 01 00 71 83 02 00 05 00 07 00 08 00 00 00 ]]
[[ DATA: 20 00 20 00 10 00 00 00 E8 03 00 00 24 44 55 4D 4D 59 5F 53 ]]
[[ DATA: 45 53 53 49 4F 4E 5F 49 44 00 00 00 00 00 00 00 00 00 00 00 ]]
[[ DATA: 00 00 00 00 24 44 55 4D 4D 59 5F 44 45 56 49 43 45 5F 49 44 ]]
[[ DATA: 00 00 00 00 00 00 00 00 00 00 00 00 00 00 00 00 64 66 6D 5F ]]
[[ DATA: 74 72 61 63 65 2E 70 73 66 73 00 00 42 45 47 49 4E 00 44 46 ]]
[[ DATA: 92 A0 49 00 AB 02 98 0D 3C 19 00 20 0B 00 00 00 54 31 30 31 ]]
[[ DATA: 31 20 44 41 54 41 20 63 61 6C 6C 62 61 63 6B 20 76 61 6C 75 ]]
[[ DATA: 65 3D 25 75 00 54 31 30 91 C0 4A 00 AC 07 98 0D 3C 19 00 20 ]]
[[ DATA: 54 31 30 31 31 20 50 41 54 48 20 63 61 6C 6C 62 61 63 6B 5F ]]
[[ DATA: 68 61 6E 64 6C 65 72 20 2D 3E 20 74 72 61 70 5F 73 69 74 65 ]]
[[ DATA: 00 54 31 30 91 A0 4B 00 9C 4D 98 0D 0C 19 00 20 54 65 73 74 ]]
[[ DATA: 20 31 30 31 31 20 61 74 20 74 65 73 74 5F 63 61 6C 6C 5F 63 ]]
[[ DATA: 68 61 69 6E 73 2E 63 3A 32 39 39 00 2A 10 4C 00 E6 89 B7 0E ]]
[[ DATA: 2C 01 00 00 37 20 4D 00 6A 93 B7 0E 90 0A 00 20 0F 00 00 00 ]]
[[ DATA: 30 10 4E 00 47 BE 81 0F CC 2C 00 20 37 20 4F 00 A8 C8 81 0F ]]
[[ DATA: CC 2C 00 20 00 00 00 00 2B 10 50 00 F8 CB 81 0F 00 00 00 00 ]]
[[ DATA: EA 20 51 00 7F E6 81 0F F0 0C 00 20 F4 02 00 00 2A 10 52 00 ]]
[[ DATA: 9C E8 81 0F FA 00 00 00 37 20 53 00 54 F1 81 0F 90 0A 00 20 ]]
[[ DATA: 0F 00 00 00 30 10 54 00 F6 F7 95 11 50 0B 00 20 37 20 55 00 ]]
[[ DATA: B4 01 96 11 50 0B 00 20 00 00 00 00 2B 10 56 00 F4 04 96 11 ]]
[[ DATA: 00 00 00 00 92 50 57 00 6D F0 96 11 3C 19 00 20 F6 03 00 00 ]]
[[ DATA: 54 25 75 20 42 45 47 49 4E 00 44 46 92 70 58 00 77 F4 96 11 ]]
[[ DATA: 3C 19 00 20 01 00 00 00 54 31 30 31 34 20 41 52 47 53 20 61 ]]
[[ DATA: 30 3D 25 75 00 54 31 30 92 70 59 00 20 F8 96 11 3C 19 00 20 ]]
[[ DATA: 06 00 00 00 54 31 30 31 34 20 41 52 47 53 20 61 35 3D 25 75 ]]
[[ DATA: 00 54 65 73 91 A0 5A 00 B0 FC 96 11 3C 19 00 20 54 31 30 31 ]]
[[ DATA: 34 20 50 41 54 48 20 70 75 62 6C 69 63 5F 61 70 69 20 2D 3E ]]
[[ DATA: 20 73 65 72 76 69 63 65 00 54 31 30 91 90 5B 00 2A 01 97 11 ]]
[[ DATA: 3C 19 00 20 54 31 30 31 34 20 50 41 54 48 20 73 65 72 76 69 ]]
[[ DATA: 63 65 20 2D 3E 20 74 72 61 70 5F 73 69 74 65 00 91 A0 5C 00 ]]
[[ DATA: 40 48 97 11 0C 19 00 20 54 65 73 74 20 31 30 31 34 20 61 74 ]]
[[ DATA: 20 74 65 73 74 5F 63 61 6C 6C 5F 63 68 61 69 6E 73 2E 63 3A ]]
[[ DATA: 33 32 00 00 30 10 5D 00 DA FA 1C 12 CC 2C 00 20 2A 10 5E 00 ]]
[[ DATA: 77 20 1E 12 2C 01 00 00 37 20 5F 00 AF 2E 1E 12 CC 2C 00 20 ]]
[[ DATA: 00 00 00 00 2B 10 60 00 F7 31 1E 12 00 00 00 00 EA 20 61 00 ]]
[[ DATA: B9 4E 1E 12 CC 2C 00 20 3C 03 00 00 2A 10 62 00 D1 50 1E 12 ]]
[[ DATA: FA 00 00 00 37 20 63 00 A2 5A 1E 12 90 0A 00 20 0F 00 00 00 ]]
[[ DATA: 30 10 64 00 FE 09 81 14 CC 2C 00 20 37 20 65 00 BC 13 81 14 ]]
[[ DATA: CC 2C 00 20 00 00 00 00 2B 10 66 00 FC 16 81 14 00 00 00 00 ]]
[[ DATA: EA 20 67 00 30 2D 81 14 50 0B 00 20 6C 02 00 00 2A 10 68 00 ]]
[[ DATA: 47 2F 81 14 FA 00 00 00 37 20 69 00 FF 37 81 14 90 0A 00 20 ]]
[[ DATA: 0F 00 00 00 30 10 6A 00 07 1C FB 14 50 0B 00 20 37 20 6B 00 ]]
[[ DATA: 35 26 FB 14 50 0B 00 20 00 00 00 00 2B 10 6C 00 75 29 FB 14 ]]
[[ DATA: 00 00 00 00 92 50 6D 00 F9 14 FC 14 3C 19 00 20 F8 03 00 00 ]]
[[ DATA: 54 25 75 20 42 45 47 49 4E 00 44 46 91 90 6E 00 BA 19 FC 14 ]]
[[ DATA: 3C 19 00 20 54 31 30 31 36 41 20 41 43 54 49 4F 4E 20 73 77 ]]
[[ DATA: 69 74 63 68 20 50 53 50 20 2D 3E 20 4D 53 50 00 92 70 6F 00 ]]
[[ DATA: 1C 1E FC 14 3C 19 00 20 00 00 00 00 54 31 30 31 36 41 20 43 ]]
[[ DATA: 54 58 20 49 50 53 52 3D 25 75 00 54 92 80 70 00 1A 22 FC 14 ]]
[[ DATA: 3C 19 00 20 00 00 00 00 54 31 30 31 36 41 20 43 54 58 20 43 ]]
[[ DATA: 4F 4E 54 52 4F 4C 3D 25 30 38 58 00 91 A0 71 00 6F 33 FC 14 ]]
[[ DATA: 0C 19 00 20 54 65 73 74 20 31 30 31 36 41 20 61 74 20 74 65 ]]
[[ DATA: 73 74 5F 63 6F 6E 74 65 78 74 73 2E 63 3A 31 37 32 00 00 00 ]]
[[ DATA: 92 90 72 00 5F B3 6D 1B 3C 19 00 20 00 00 00 00 54 31 30 31 ]]
[[ DATA: 36 42 20 52 45 54 55 52 4E 20 74 72 D4 D3 D2 D1 ]]

[[ DevAlert Data Ended. Checksum: 25018 ]]

[[ DevAlert Data Begins ]]
[[ DATA: D1 D2 D3 D4 F0 0F 01 00 71 83 02 00 06 00 07 00 08 00 00 00 ]]
[[ DATA: 20 00 20 00 10 00 00 00 E8 03 00 00 24 44 55 4D 4D 59 5F 53 ]]
[[ DATA: 45 53 53 49 4F 4E 5F 49 44 00 00 00 00 00 00 00 00 00 00 00 ]]
[[ DATA: 00 00 00 00 24 44 55 4D 4D 59 5F 44 45 56 49 43 45 5F 49 44 ]]
[[ DATA: 00 00 00 00 00 00 00 00 00 00 00 00 00 00 00 00 64 66 6D 5F ]]
[[ DATA: 74 72 61 63 65 2E 70 73 66 73 00 00 61 70 5F 43 54 4C 3D 25 ]]
[[ DATA: 30 38 58 00 92 90 73 00 D1 B7 6D 1B 3C 19 00 20 02 00 00 00 ]]
[[ DATA: 54 31 30 31 36 42 20 52 45 54 55 52 4E 20 6E 6F 77 5F 43 54 ]]
[[ DATA: 4C 3D 25 30 38 58 00 4D 91 A0 74 00 12 5A 75 1B 0C 19 00 20 ]]
[[ DATA: 54 65 73 74 20 31 30 31 36 42 20 61 74 20 74 65 73 74 5F 63 ]]
[[ DATA: 6F 6E 74 65 78 74 73 2E 63 3A 32 30 31 00 00 00 2A 10 75 00 ]]
[[ DATA: A7 5E 91 1C 2C 01 00 00 37 20 76 00 EE 6C 91 1C CC 2C 00 20 ]]
[[ DATA: 00 00 00 00 2B 10 77 00 38 70 91 1C 00 00 00 00 EA 20 78 00 ]]
[[ DATA: BC 7A 91 1C 90 0A 00 20 F4 00 00 00 2A 10 79 00 D6 7C 91 1C ]]
[[ DATA: FA 00 00 00 37 20 7A 00 A7 86 91 1C 90 0A 00 20 0F 00 00 00 ]]
[[ DATA: 30 10 7B 00 17 D2 F4 1E CC 2C 00 20 37 20 7C 00 00 DC F4 1E ]]
[[ DATA: CC 2C 00 20 00 00 00 00 2B 10 7D 00 42 DF F4 1E 00 00 00 00 ]]
[[ DATA: EA 20 7E 00 B8 F9 F4 1E F0 0C 00 20 F4 02 00 00 2A 10 7F 00 ]]
[[ DATA: D1 FB F4 1E FA 00 00 00 37 20 80 00 8B 04 F5 1E 90 0A 00 20 ]]
[[ DATA: 0F 00 00 00 30 10 81 00 09 E4 6E 1F 50 0B 00 20 37 20 82 00 ]]
[[ DATA: 39 EE 6E 1F 50 0B 00 20 00 00 00 00 2B 10 83 00 7B F1 6E 1F ]]
[[ DATA: 00 00 00 00 92 50 84 00 96 EA 6F 1F 3C 19 00 20 F9 03 00 00 ]]
[[ DATA: 54 25 75 20 42 45 47 49 4E 00 44 46 00 00 00 00 00 00 00 00 ]]
[[ DATA: 00 00 00 00 00 00 00 00 00 00 00 00 00 00 00 00 00 00 00 00 ]]
[[ DATA: 00 00 00 00 00 00 00 00 00 00 00 00 00 00 00 00 00 00 00 00 ]]
[[ DATA: 00 00 00 00 00 00 00 00 00 00 00 00 00 00 00 00 00 00 00 00 ]]
[[ DATA: 00 00 00 00 00 00 00 00 00 00 00 00 00 00 00 00 00 00 00 00 ]]
[[ DATA: 00 00 00 00 00 00 00 00 00 00 00 00 00 00 00 00 00 00 00 00 ]]
[[ DATA: 00 00 00 00 00 00 00 00 00 00 00 00 00 00 00 00 00 00 00 00 ]]
[[ DATA: 00 00 00 00 00 00 00 00 00 00 00 00 00 00 00 00 00 00 00 00 ]]
[[ DATA: 00 00 00 00 00 00 00 00 00 00 00 00 00 00 00 00 00 00 00 00 ]]
[[ DATA: 00 00 00 00 00 00 00 00 00 00 00 00 00 00 00 00 00 00 00 00 ]]
[[ DATA: 00 00 00 00 00 00 00 00 00 00 00 00 00 00 00 00 00 00 00 00 ]]
[[ DATA: 00 00 00 00 00 00 00 00 00 00 00 00 00 00 00 00 00 00 00 00 ]]
[[ DATA: 00 00 00 00 00 00 00 00 00 00 00 00 00 00 00 00 00 00 00 00 ]]
[[ DATA: 00 00 00 00 00 00 00 00 00 00 00 00 00 00 00 00 00 00 00 00 ]]
[[ DATA: 00 00 00 00 00 00 00 00 00 00 00 00 00 00 00 00 00 00 00 00 ]]
[[ DATA: 00 00 00 00 00 00 00 00 00 00 00 00 00 00 00 00 00 00 00 00 ]]
[[ DATA: 00 00 00 00 00 00 00 00 00 00 00 00 00 00 00 00 00 00 00 00 ]]
[[ DATA: 00 00 00 00 00 00 00 00 00 00 00 00 00 00 00 00 00 00 00 00 ]]
[[ DATA: 00 00 00 00 00 00 00 00 00 00 00 00 00 00 00 00 00 00 00 00 ]]
[[ DATA: 00 00 00 00 00 00 00 00 00 00 00 00 00 00 00 00 00 00 00 00 ]]
[[ DATA: 00 00 00 00 00 00 00 00 00 00 00 00 00 00 00 00 00 00 00 00 ]]
[[ DATA: 00 00 00 00 00 00 00 00 00 00 00 00 00 00 00 00 00 00 00 00 ]]
[[ DATA: 00 00 00 00 00 00 00 00 00 00 00 00 00 00 00 00 00 00 00 00 ]]
[[ DATA: 00 00 00 00 00 00 00 00 00 00 00 00 00 00 00 00 00 00 00 00 ]]
[[ DATA: 00 00 00 00 00 00 00 00 00 00 00 00 00 00 00 00 00 00 00 00 ]]
[[ DATA: 00 00 00 00 00 00 00 00 00 00 00 00 00 00 00 00 00 00 00 00 ]]
[[ DATA: 00 00 00 00 00 00 00 00 00 00 00 00 00 00 00 00 00 00 00 00 ]]
[[ DATA: 00 00 00 00 00 00 00 00 00 00 00 00 00 00 00 00 00 00 00 00 ]]
[[ DATA: 00 00 00 00 00 00 00 00 00 00 00 00 00 00 00 00 00 00 00 00 ]]
[[ DATA: 00 00 00 00 00 00 00 00 00 00 00 00 00 00 00 00 00 00 00 00 ]]
[[ DATA: 00 00 00 00 00 00 00 00 00 00 00 00 00 00 00 00 00 00 00 00 ]]
[[ DATA: 00 00 00 00 00 00 00 00 00 00 00 00 00 00 00 00 00 00 00 00 ]]
[[ DATA: 00 00 00 00 00 00 00 00 00 00 00 00 00 00 00 00 00 00 00 00 ]]
[[ DATA: 00 00 00 00 00 00 00 00 00 00 00 00 D4 D3 D2 D1 ]]

[[ DevAlert Data Ended. Checksum: 46199 ]]

[[ DevAlert Data Begins ]]
[[ DATA: D1 D2 D3 D4 F0 0F 01 00 71 83 02 00 07 00 07 00 08 00 00 00 ]]
[[ DATA: 20 00 20 00 10 00 00 00 80 03 00 00 24 44 55 4D 4D 59 5F 53 ]]
[[ DATA: 45 53 53 49 4F 4E 5F 49 44 00 00 00 00 00 00 00 00 00 00 00 ]]
[[ DATA: 00 00 00 00 24 44 55 4D 4D 59 5F 44 45 56 49 43 45 5F 49 44 ]]
[[ DATA: 00 00 00 00 00 00 00 00 00 00 00 00 00 00 00 00 64 66 6D 5F ]]
[[ DATA: 74 72 61 63 65 2E 70 73 66 73 00 00 00 00 00 00 00 00 00 00 ]]
[[ DATA: 00 00 00 00 00 00 00 00 00 00 00 00 00 00 00 00 00 00 00 00 ]]
[[ DATA: 00 00 00 00 00 00 00 00 00 00 00 00 00 00 00 00 00 00 00 00 ]]
[[ DATA: 00 00 00 00 00 00 00 00 00 00 00 00 00 00 00 00 00 00 00 00 ]]
[[ DATA: 00 00 00 00 00 00 00 00 00 00 00 00 00 00 00 00 00 00 00 00 ]]
[[ DATA: 00 00 00 00 00 00 00 00 00 00 00 00 00 00 00 00 00 00 00 00 ]]
[[ DATA: 00 00 00 00 00 00 00 00 00 00 00 00 00 00 00 00 00 00 00 00 ]]
[[ DATA: 00 00 00 00 00 00 00 00 00 00 00 00 00 00 00 00 00 00 00 00 ]]
[[ DATA: 00 00 00 00 00 00 00 00 00 00 00 00 00 00 00 00 00 00 00 00 ]]
[[ DATA: 00 00 00 00 00 00 00 00 00 00 00 00 00 00 00 00 00 00 00 00 ]]
[[ DATA: 00 00 00 00 00 00 00 00 00 00 00 00 00 00 00 00 00 00 00 00 ]]
[[ DATA: 00 00 00 00 00 00 00 00 00 00 00 00 00 00 00 00 00 00 00 00 ]]
[[ DATA: 00 00 00 00 00 00 00 00 00 00 00 00 00 00 00 00 00 00 00 00 ]]
[[ DATA: 00 00 00 00 00 00 00 00 00 00 00 00 00 00 00 00 00 00 00 00 ]]
[[ DATA: 00 00 00 00 00 00 00 00 00 00 00 00 00 00 00 00 00 00 00 00 ]]
[[ DATA: 00 00 00 00 00 00 00 00 00 00 00 00 00 00 00 00 00 00 00 00 ]]
[[ DATA: 00 00 00 00 00 00 00 00 00 00 00 00 00 00 00 00 00 00 00 00 ]]
[[ DATA: 00 00 00 00 00 00 00 00 00 00 00 00 00 00 00 00 00 00 00 00 ]]
[[ DATA: 00 00 00 00 00 00 00 00 00 00 00 00 00 00 00 00 00 00 00 00 ]]
[[ DATA: 00 00 00 00 00 00 00 00 00 00 00 00 00 00 00 00 00 00 00 00 ]]
[[ DATA: 00 00 00 00 00 00 00 00 00 00 00 00 00 00 00 00 00 00 00 00 ]]
[[ DATA: 00 00 00 00 00 00 00 00 00 00 00 00 00 00 00 00 00 00 00 00 ]]
[[ DATA: 00 00 00 00 00 00 00 00 00 00 00 00 00 00 00 00 00 00 00 00 ]]
[[ DATA: 00 00 00 00 00 00 00 00 00 00 00 00 00 00 00 00 00 00 00 00 ]]
[[ DATA: 00 00 00 00 00 00 00 00 00 00 00 00 00 00 00 00 00 00 00 00 ]]
[[ DATA: 00 00 00 00 00 00 00 00 00 00 00 00 00 00 00 00 00 00 00 00 ]]
[[ DATA: 00 00 00 00 00 00 00 00 00 00 00 00 00 00 00 00 00 00 00 00 ]]
[[ DATA: 00 00 00 00 00 00 00 00 00 00 00 00 00 00 00 00 00 00 00 00 ]]
[[ DATA: 00 00 00 00 00 00 00 00 00 00 00 00 00 00 00 00 00 00 00 00 ]]
[[ DATA: 00 00 00 00 00 00 00 00 00 00 00 00 00 00 00 00 00 00 00 00 ]]
[[ DATA: 00 00 00 00 00 00 00 00 00 00 00 00 00 00 00 00 00 00 00 00 ]]
[[ DATA: 00 00 00 00 00 00 00 00 00 00 00 00 00 00 00 00 00 00 00 00 ]]
[[ DATA: 00 00 00 00 00 00 00 00 00 00 00 00 00 00 00 00 00 00 00 00 ]]
[[ DATA: 00 00 00 00 00 00 00 00 00 00 00 00 00 00 00 00 00 00 00 00 ]]
[[ DATA: 00 00 00 00 00 00 00 00 00 00 00 00 00 00 00 00 00 00 00 00 ]]
[[ DATA: 00 00 00 00 00 00 00 00 00 00 00 00 00 00 00 00 00 00 00 00 ]]
[[ DATA: 00 00 00 00 00 00 00 00 00 00 00 00 00 00 00 00 00 00 00 00 ]]
[[ DATA: 00 00 00 00 00 00 00 00 00 00 00 00 00 00 00 00 00 00 00 00 ]]
[[ DATA: 00 00 00 00 00 00 00 00 00 00 00 00 00 00 00 00 00 00 00 00 ]]
[[ DATA: 00 00 00 00 00 00 00 00 00 00 00 00 00 00 00 00 00 00 00 00 ]]
[[ DATA: 00 00 00 00 00 00 00 00 00 00 00 00 00 00 00 00 00 00 00 00 ]]
[[ DATA: 00 00 00 00 00 00 00 00 00 00 00 00 00 00 00 00 00 00 00 00 ]]
[[ DATA: 00 00 00 00 00 00 00 00 00 00 00 00 00 00 00 00 00 00 00 00 ]]
[[ DATA: 00 00 00 00 00 00 00 00 00 00 00 00 00 00 00 00 00 00 00 00 ]]
[[ DATA: 00 00 00 00 00 00 00 00 00 00 00 00 0A 0B 0C 0D 71 72 73 74 ]]
[[ DATA: F1 F2 F3 F4 00 00 00 00 D4 D3 D2 D1 ]]

[[ DevAlert Data Ended. Checksum: 64860 ]]

[[ DevAlert Data Begins ]]
[[ DATA: D1 D2 D3 D4 F0 0F 01 00 12 15 00 00 01 00 01 00 09 00 00 00 ]]
[[ DATA: 20 00 20 00 68 00 00 00 0C 01 00 00 24 44 55 4D 4D 59 5F 53 ]]
[[ DATA: 45 53 53 49 4F 4E 5F 49 44 00 00 00 00 00 00 00 00 00 00 00 ]]
[[ DATA: 00 00 00 00 24 44 55 4D 4D 59 5F 44 45 56 49 43 45 5F 49 44 ]]
[[ DATA: 00 00 00 00 00 00 00 00 00 00 00 00 00 00 00 00 54 65 73 74 ]]
[[ DATA: 20 31 30 31 39 42 20 61 74 20 74 65 73 74 5F 62 6F 75 6E 64 ]]
[[ DATA: 61 72 69 65 73 2E 63 3A 31 30 33 00 00 00 00 00 00 00 00 00 ]]
[[ DATA: 00 00 00 00 00 00 00 00 00 00 00 00 00 00 00 00 00 00 00 00 ]]
[[ DATA: 00 00 00 00 00 00 00 00 00 00 00 00 00 00 00 00 00 00 00 00 ]]
[[ DATA: 00 00 00 00 00 00 00 00 00 00 00 00 00 00 00 00 00 00 00 00 ]]
[[ DATA: 50 44 66 6D F0 0F 03 48 08 04 68 00 01 00 00 00 FB 03 00 00 ]]
[[ DATA: 01 00 00 00 A5 01 00 00 07 00 00 00 10 54 00 20 02 00 00 00 ]]
[[ DATA: DC 06 00 00 04 00 00 00 67 00 00 00 00 00 00 00 00 00 00 00 ]]
[[ DATA: 00 00 00 00 00 00 00 00 00 00 00 00 00 00 00 00 00 00 00 00 ]]
[[ DATA: 00 00 00 00 42 75 69 6C 64 2D 4D 33 2D 4F 73 00 00 00 00 00 ]]
[[ DATA: 00 00 00 00 00 00 00 00 00 00 00 00 00 00 00 00 00 00 00 00 ]]
[[ DATA: 00 00 00 00 00 00 00 00 00 00 00 00 00 00 00 00 00 00 00 00 ]]
[[ DATA: 00 00 00 00 00 00 00 00 00 00 00 00 00 00 00 00 54 65 73 74 ]]
[[ DATA: 20 31 30 31 39 42 20 61 74 20 74 65 73 74 5F 62 6F 75 6E 64 ]]
[[ DATA: 61 72 69 65 73 2E 63 3A 31 30 33 00 00 00 00 00 00 00 00 00 ]]
[[ DATA: 00 00 00 00 00 00 00 00 00 00 00 00 00 00 00 00 00 00 00 00 ]]
[[ DATA: 00 00 00 00 00 00 00 00 00 00 00 00 00 00 00 00 00 00 00 00 ]]
[[ DATA: 00 00 00 00 00 00 00 00 00 00 00 00 00 00 00 00 00 00 00 00 ]]
[[ DATA: 6D 66 44 50 00 00 00 00 D4 D3 D2 D1 ]]

[[ DevAlert Data Ended. Checksum: 43075 ]]

[[ DevAlert Data Begins ]]
[[ DATA: D1 D2 D3 D4 F0 0F 01 00 18 46 01 00 01 00 01 00 09 00 00 00 ]]
[[ DATA: 20 00 20 00 10 00 00 00 24 00 00 00 24 44 55 4D 4D 59 5F 53 ]]
[[ DATA: 45 53 53 49 4F 4E 5F 49 44 00 00 00 00 00 00 00 00 00 00 00 ]]
[[ DATA: 00 00 00 00 24 44 55 4D 4D 59 5F 44 45 56 49 43 45 5F 49 44 ]]
[[ DATA: 00 00 00 00 00 00 00 00 00 00 00 00 00 00 00 00 74 72 61 70 ]]
[[ DATA: 2E 7A 70 72 00 2E 70 73 66 73 00 00 50 44 61 50 F0 0F 03 10 ]]
[[ DATA: EB 01 00 00 74 72 61 70 2E 7A 70 72 00 00 00 00 00 00 00 00 ]]
[[ DATA: 50 61 44 50 00 00 00 00 D4 D3 D2 D1 ]]

[[ DevAlert Data Ended. Checksum: 62297 ]]

[[ DevAlert Data Begins ]]
[[ DATA: D1 D2 D3 D4 F0 0F 01 00 71 83 01 00 01 00 01 00 09 00 00 00 ]]
[[ DATA: 20 00 20 00 10 00 00 00 EB 01 00 00 24 44 55 4D 4D 59 5F 53 ]]
[[ DATA: 45 53 53 49 4F 4E 5F 49 44 00 00 00 00 00 00 00 00 00 00 00 ]]
[[ DATA: 00 00 00 00 24 44 55 4D 4D 59 5F 44 45 56 49 43 45 5F 49 44 ]]
[[ DATA: 00 00 00 00 00 00 00 00 00 00 00 00 00 00 00 00 74 72 61 70 ]]
[[ DATA: 2E 7A 70 72 00 2E 70 73 66 73 00 00 5A 45 02 00 03 00 05 00 ]]
[[ DATA: 0D D0 00 00 41 03 00 4C 00 00 00 00 00 C0 1D 00 20 00 00 00 ]]
[[ DATA: 00 00 00 00 00 A2 21 5C 0A AF 87 00 08 EE 81 00 08 00 00 00 ]]
[[ DATA: 29 10 54 00 20 08 0E 00 20 00 00 00 00 94 ED 00 08 FB 03 00 ]]
[[ DATA: 00 D0 0D 00 20 FB 03 00 00 FF FF FF FF FF FF FF FF 01 00 00 ]]
[[ DATA: 00 30 00 00 00 4D 01 00 50 0B 00 20 10 0C 00 20 84 38 00 20 ]]
[[ DATA: 84 38 00 20 00 00 00 00 01 00 00 FF 80 00 00 00 00 00 00 00 ]]
[[ DATA: 00 00 00 00 00 00 00 00 00 00 00 00 00 00 00 00 19 A3 00 08 ]]
[[ DATA: 00 00 00 00 00 00 00 00 6C 38 00 20 00 10 00 00 2C 01 00 00 ]]
[[ DATA: 00 00 00 00 FA 03 00 00 FF FF FF FF FF FF FF FF F8 53 00 20 ]]
[[ DATA: 00 00 00 00 A8 0B 00 20 A8 0B 00 20 05 8A 00 08 00 00 00 00 ]]
[[ DATA: 00 00 00 00 00 00 00 00 00 00 00 00 6D 61 69 6E 00 00 00 00 ]]
[[ DATA: 00 00 00 00 00 00 00 00 00 00 00 00 00 00 00 00 00 00 00 00 ]]
[[ DATA: 00 00 00 00 C8 50 00 20 00 04 00 00 10 00 00 00 00 00 00 00 ]]
[[ DATA: B8 54 00 20 00 00 00 00 00 00 00 00 00 00 00 00 00 00 00 00 ]]
[[ DATA: 00 00 00 00 F5 FF FF FF 4D 01 00 10 54 00 20 C8 54 00 20 00 ]]
[[ DATA: 00 00 00 C0 1D 00 20 00 00 00 00 50 38 00 20 00 00 00 00 9F ]]
[[ DATA: 25 00 08 49 25 00 08 F7 E6 00 08 00 E1 00 08 00 00 00 00 40 ]]
[[ DATA: E0 00 08 39 14 00 08 06 00 00 00 02 00 00 00 5D E7 8F 09 0C ]]
[[ DATA: 00 00 00 FB 03 00 00 02 00 00 00 02 00 00 00 00 00 00 00 00 ]]
[[ DATA: 00 00 00 00 FE D0 D5 00 00 00 00 54 DF 00 08 54 DF 00 08 54 ]]
[[ DATA: DF 00 08 00 00 00 00 00 00 00 00 08 00 00 00 F7 8A 00 08 AA ]]
[[ DATA: AA AA AA AA AA AA AA AA AA AA AA AA AA AA AA 05 8A 00 08 00 ]]
[[ DATA: 00 00 00 B8 54 00 20 05 8A 00 08 00 00 00 00 87 2B 00 08 00 ]]
[[ DATA: 00 00 00 B9 36 00 08 AA AA AA AA AA AA AA AA 50 0B 00 20 00 ]]
[[ DATA: 00 00 00 D4 D3 D2 D1 ]]

[[ DevAlert Data Ended. Checksum: 51735 ]]

[[ DevAlert Data Begins ]]
[[ DATA: D1 D2 D3 D4 F0 0F 01 00 18 46 02 00 01 00 01 00 09 00 00 00 ]]
[[ DATA: 20 00 20 00 10 00 00 00 24 00 00 00 24 44 55 4D 4D 59 5F 53 ]]
[[ DATA: 45 53 53 49 4F 4E 5F 49 44 00 00 00 00 00 00 00 00 00 00 00 ]]
[[ DATA: 00 00 00 00 24 44 55 4D 4D 59 5F 44 45 56 49 43 45 5F 49 44 ]]
[[ DATA: 00 00 00 00 00 00 00 00 00 00 00 00 00 00 00 00 64 66 6D 5F ]]
[[ DATA: 74 72 61 63 65 2E 70 73 66 73 00 00 50 44 61 50 F0 0F 03 10 ]]
[[ DATA: F0 1A 00 00 64 66 6D 5F 74 72 61 63 65 2E 70 73 66 73 00 00 ]]
[[ DATA: 50 61 44 50 00 00 00 00 D4 D3 D2 D1 ]]

[[ DevAlert Data Ended. Checksum: 47696 ]]

[[ DevAlert Data Begins ]]
[[ DATA: D1 D2 D3 D4 F0 0F 01 00 71 83 02 00 01 00 07 00 09 00 00 00 ]]
[[ DATA: 20 00 20 00 10 00 00 00 E8 03 00 00 24 44 55 4D 4D 59 5F 53 ]]
[[ DATA: 45 53 53 49 4F 4E 5F 49 44 00 00 00 00 00 00 00 00 00 00 00 ]]
[[ DATA: 00 00 00 00 24 44 55 4D 4D 59 5F 44 45 56 49 43 45 5F 49 44 ]]
[[ DATA: 00 00 00 00 00 00 00 00 00 00 00 00 00 00 00 00 64 66 6D 5F ]]
[[ DATA: 74 72 61 63 65 2E 70 73 66 73 00 00 30 1A 00 20 00 00 00 00 ]]
[[ DATA: 05 06 07 08 75 76 77 78 F5 F6 F7 F8 00 46 53 50 0E 00 A9 9A ]]
[[ DATA: 00 00 00 00 01 03 00 00 00 00 00 00 00 00 03 04 5A 65 70 68 ]]
[[ DATA: 79 72 00 00 01 00 00 00 00 71 02 00 00 68 89 09 00 00 00 00 ]]
[[ DATA: E8 03 00 00 A5 DE 2C 28 00 00 00 00 38 00 00 00 1C 00 00 00 ]]
[[ DATA: 03 00 00 00 AC 0F 00 20 63 00 04 04 88 01 00 00 3A 01 00 00 ]]
[[ DATA: 00 00 00 40 73 79 73 63 61 6C 6C 73 00 00 00 00 00 00 00 00 ]]
[[ DATA: 00 00 00 00 00 00 00 00 00 00 00 00 00 00 00 00 00 00 00 00 ]]
[[ DATA: 00 00 00 00 00 00 00 00 00 00 00 00 00 00 00 00 00 00 00 00 ]]
[[ DATA: 00 00 00 00 00 00 00 00 00 00 00 00 00 00 00 00 00 00 00 00 ]]
[[ DATA: 00 00 00 00 00 00 00 00 00 00 00 00 00 00 00 00 00 00 00 00 ]]
[[ DATA: 00 00 00 00 00 00 00 00 00 00 00 00 00 00 00 00 00 00 00 00 ]]
[[ DATA: 00 00 00 00 00 00 00 00 00 00 00 00 00 00 00 00 00 00 00 00 ]]
[[ DATA: 00 00 00 00 00 00 00 00 00 00 00 00 00 00 00 00 00 00 00 00 ]]
[[ DATA: 00 00 00 00 00 00 00 00 00 00 00 00 00 00 00 00 00 00 00 00 ]]
[[ DATA: 00 00 00 00 00 00 00 00 00 00 00 00 00 00 00 00 00 00 00 00 ]]
[[ DATA: 00 00 00 00 00 00 00 00 00 00 00 00 00 00 00 00 00 00 00 00 ]]
[[ DATA: 00 00 00 00 00 00 00 00 00 00 00 00 00 00 00 00 00 00 00 00 ]]
[[ DATA: 00 00 00 00 00 00 00 00 00 00 00 00 00 00 00 00 00 00 00 00 ]]
[[ DATA: 00 00 00 00 00 00 00 00 00 00 00 00 00 00 00 00 00 00 00 00 ]]
[[ DATA: 00 00 00 00 00 00 00 00 00 00 00 00 00 00 00 00 00 00 00 00 ]]
[[ DATA: 00 00 00 00 00 00 00 00 00 00 00 00 00 00 00 00 00 00 00 00 ]]
[[ DATA: 00 00 00 00 00 00 00 00 00 00 00 00 00 00 00 00 00 00 00 00 ]]
[[ DATA: 00 00 00 00 00 00 00 00 00 00 00 00 00 00 00 00 00 00 00 00 ]]
[[ DATA: 00 00 00 00 00 00 00 00 00 00 00 00 00 00 00 00 00 00 00 00 ]]
[[ DATA: 00 00 00 00 00 00 00 00 00 00 00 00 00 00 00 00 00 00 00 00 ]]
[[ DATA: 00 00 00 00 00 00 00 00 00 00 00 00 00 00 00 00 00 00 00 00 ]]
[[ DATA: 00 00 00 00 00 00 00 00 00 00 00 00 00 00 00 00 00 00 00 00 ]]
[[ DATA: 00 00 00 00 00 00 00 00 00 00 00 00 00 00 00 00 00 00 00 00 ]]
[[ DATA: 00 00 00 00 00 00 00 00 00 00 00 00 00 00 00 00 00 00 00 00 ]]
[[ DATA: 00 00 00 00 00 00 00 00 00 00 00 00 00 00 00 00 00 00 00 00 ]]
[[ DATA: 00 00 00 00 00 00 00 00 00 00 00 00 00 00 00 00 00 00 00 00 ]]
[[ DATA: 00 00 00 00 00 00 00 00 00 00 00 00 00 00 00 00 00 00 00 00 ]]
[[ DATA: 00 00 00 00 00 00 00 00 00 00 00 00 00 00 00 00 00 00 00 00 ]]
[[ DATA: 00 00 00 00 00 00 00 00 00 00 00 00 00 00 00 00 00 00 00 00 ]]
[[ DATA: 00 00 00 00 00 00 00 00 00 00 00 00 00 00 00 00 00 00 00 00 ]]
[[ DATA: 00 00 00 00 00 00 00 00 00 00 00 00 00 00 00 00 00 00 00 00 ]]
[[ DATA: 00 00 00 00 00 00 00 00 00 00 00 00 00 00 00 00 00 00 00 00 ]]
[[ DATA: 00 00 00 00 00 00 00 00 00 00 00 00 00 00 00 00 00 00 00 00 ]]
[[ DATA: 00 00 00 00 00 00 00 00 00 00 00 00 00 00 00 00 00 00 00 00 ]]
[[ DATA: 00 00 00 00 00 00 00 00 00 00 00 00 00 00 00 00 00 00 00 00 ]]
[[ DATA: 00 00 00 00 00 00 00 00 00 00 00 00 00 00 00 00 00 00 00 00 ]]
[[ DATA: 00 00 00 00 00 00 00 00 00 00 00 00 00 00 00 00 00 00 00 00 ]]
[[ DATA: 00 00 00 00 00 00 00 00 00 00 00 00 00 00 00 00 00 00 00 00 ]]
[[ DATA: 00 00 00 00 00 00 00 00 00 00 00 00 00 00 00 00 00 00 00 00 ]]
[[ DATA: 00 00 00 00 00 00 00 00 00 00 00 00 00 00 00 00 00 00 00 00 ]]
[[ DATA: 00 00 00 00 00 00 00 00 00 00 00 00 00 00 00 00 00 00 00 00 ]]
[[ DATA: 00 00 00 00 00 00 00 00 00 00 00 00 00 00 00 00 00 00 00 00 ]]
[[ DATA: 00 00 00 00 00 00 00 00 00 00 00 00 00 00 00 00 00 00 00 00 ]]
[[ DATA: 00 00 00 00 00 00 00 00 00 00 00 00 00 00 00 00 00 00 00 00 ]]
[[ DATA: 00 00 00 00 00 00 00 00 00 00 00 00 D4 D3 D2 D1 ]]

[[ DevAlert Data Ended. Checksum: 28462 ]]

[[ DevAlert Data Begins ]]
[[ DATA: D1 D2 D3 D4 F0 0F 01 00 71 83 02 00 02 00 07 00 09 00 00 00 ]]
[[ DATA: 20 00 20 00 10 00 00 00 E8 03 00 00 24 44 55 4D 4D 59 5F 53 ]]
[[ DATA: 45 53 53 49 4F 4E 5F 49 44 00 00 00 00 00 00 00 00 00 00 00 ]]
[[ DATA: 00 00 00 00 24 44 55 4D 4D 59 5F 44 45 56 49 43 45 5F 49 44 ]]
[[ DATA: 00 00 00 00 00 00 00 00 00 00 00 00 00 00 00 00 64 66 6D 5F ]]
[[ DATA: 74 72 61 63 65 2E 70 73 66 73 00 00 00 00 00 00 00 00 00 00 ]]
[[ DATA: 00 00 00 00 00 00 00 00 00 00 00 00 00 00 00 00 00 00 00 00 ]]
[[ DATA: 00 00 00 00 00 00 00 00 00 00 00 00 00 00 00 00 00 00 00 00 ]]
[[ DATA: 00 00 00 00 00 00 00 00 00 00 00 00 00 00 00 00 00 00 00 00 ]]
[[ DATA: 00 00 00 00 00 00 00 00 00 00 00 00 00 00 00 00 00 00 00 00 ]]
[[ DATA: 00 00 00 00 00 00 00 00 00 00 00 00 00 00 00 00 00 00 00 00 ]]
[[ DATA: 00 00 00 00 00 00 00 00 00 00 00 00 00 00 00 00 00 00 00 00 ]]
[[ DATA: 00 00 00 00 00 00 00 00 00 00 00 00 00 00 00 00 00 00 00 00 ]]
[[ DATA: 00 00 00 00 00 00 00 00 00 00 00 00 00 00 00 00 00 00 00 00 ]]
[[ DATA: 00 00 00 00 00 00 00 00 00 00 00 00 00 00 00 00 00 00 00 00 ]]
[[ DATA: 00 00 00 00 00 00 00 00 00 00 00 00 00 00 00 00 00 00 00 00 ]]
[[ DATA: 00 00 00 00 00 00 00 00 00 00 00 00 00 00 00 00 00 00 00 00 ]]
[[ DATA: 00 00 00 00 00 00 00 00 00 00 00 00 00 00 00 00 00 00 00 00 ]]
[[ DATA: 00 00 00 00 00 00 00 00 00 00 00 00 00 00 00 00 00 00 00 00 ]]
[[ DATA: 00 00 00 00 00 00 00 00 00 00 00 00 00 00 00 00 00 00 00 00 ]]
[[ DATA: 00 00 00 00 00 00 00 00 00 00 00 00 00 00 00 00 00 00 00 00 ]]
[[ DATA: 00 00 00 00 00 00 00 00 00 00 00 00 00 00 00 00 00 00 00 00 ]]
[[ DATA: 00 00 00 00 00 00 00 00 00 00 00 00 00 00 00 00 00 00 00 00 ]]
[[ DATA: 00 00 00 00 00 00 00 00 00 00 00 00 00 00 00 00 00 00 00 00 ]]
[[ DATA: 00 00 00 00 00 00 00 00 00 00 00 00 00 00 00 00 00 00 00 00 ]]
[[ DATA: 00 00 00 00 00 00 00 00 00 00 00 00 00 00 00 00 00 00 00 00 ]]
[[ DATA: 00 00 00 00 00 00 00 00 00 00 00 00 00 00 00 00 00 00 00 00 ]]
[[ DATA: 00 00 00 00 00 00 00 00 00 00 00 00 00 00 00 00 00 00 00 00 ]]
[[ DATA: 00 00 00 00 00 00 00 00 00 00 00 00 00 00 00 00 00 00 00 00 ]]
[[ DATA: 00 00 00 00 00 00 00 00 00 00 00 00 00 00 00 00 00 00 00 00 ]]
[[ DATA: 00 00 00 00 00 00 00 00 00 00 00 00 00 00 00 00 00 00 00 00 ]]
[[ DATA: 00 00 00 00 00 00 00 00 00 00 00 00 00 00 00 00 00 00 00 00 ]]
[[ DATA: 00 00 00 00 00 00 00 00 00 00 00 00 00 00 00 00 00 00 00 00 ]]
[[ DATA: 00 00 00 00 00 00 00 00 00 00 00 00 00 00 00 00 00 00 00 00 ]]
[[ DATA: 00 00 00 00 00 00 00 00 00 00 00 00 00 00 00 00 00 00 00 00 ]]
[[ DATA: 00 00 00 00 00 00 00 00 00 00 00 00 00 00 00 00 00 00 00 00 ]]
[[ DATA: 00 00 00 00 00 00 00 00 00 00 00 00 00 00 00 00 00 00 00 00 ]]
[[ DATA: 00 00 00 00 00 00 00 00 00 00 00 00 00 00 00 00 00 00 00 00 ]]
[[ DATA: 00 00 00 00 00 00 00 00 00 00 00 00 00 00 00 00 00 00 00 00 ]]
[[ DATA: 00 00 00 00 00 00 00 00 00 00 00 00 00 00 00 00 00 00 00 00 ]]
[[ DATA: 00 00 00 00 00 00 00 00 00 00 00 00 00 00 00 00 00 00 00 00 ]]
[[ DATA: 00 00 00 00 00 00 00 00 00 00 00 00 00 00 00 00 00 00 00 00 ]]
[[ DATA: 00 00 00 00 00 00 00 00 00 00 00 00 00 00 00 00 00 00 00 00 ]]
[[ DATA: 00 00 00 00 00 00 00 00 00 00 00 00 00 00 00 00 00 00 00 00 ]]
[[ DATA: 00 00 00 00 00 00 00 00 00 00 00 00 00 00 00 00 00 00 00 00 ]]
[[ DATA: 00 00 00 00 00 00 00 00 00 00 00 00 00 00 00 00 00 00 00 00 ]]
[[ DATA: 00 00 00 00 00 00 00 00 00 00 00 00 00 00 00 00 00 00 00 00 ]]
[[ DATA: 00 00 00 00 00 00 00 00 00 00 00 00 00 00 00 00 00 00 00 00 ]]
[[ DATA: 00 00 00 00 00 00 00 00 00 00 00 00 00 00 00 00 00 00 00 00 ]]
[[ DATA: 00 00 00 00 00 00 00 00 00 00 00 00 00 00 00 00 00 00 00 00 ]]
[[ DATA: 00 00 00 00 00 00 00 00 00 00 00 00 00 00 00 00 00 00 00 00 ]]
[[ DATA: 00 00 00 00 00 00 00 00 00 00 00 00 00 00 00 00 00 00 00 00 ]]
[[ DATA: 00 00 00 00 00 00 00 00 00 00 00 00 00 00 00 00 00 00 00 00 ]]
[[ DATA: 00 00 00 00 00 00 00 00 00 00 00 00 00 00 00 00 00 00 00 00 ]]
[[ DATA: 00 00 00 00 00 00 00 00 00 00 00 00 00 00 00 00 00 00 00 00 ]]
[[ DATA: 00 00 00 00 00 00 00 00 00 00 00 00 D4 D3 D2 D1 ]]

[[ DevAlert Data Ended. Checksum: 31676 ]]

[[ DevAlert Data Begins ]]
[[ DATA: D1 D2 D3 D4 F0 0F 01 00 71 83 02 00 03 00 07 00 09 00 00 00 ]]
[[ DATA: 20 00 20 00 10 00 00 00 E8 03 00 00 24 44 55 4D 4D 59 5F 53 ]]
[[ DATA: 45 53 53 49 4F 4E 5F 49 44 00 00 00 00 00 00 00 00 00 00 00 ]]
[[ DATA: 00 00 00 00 24 44 55 4D 4D 59 5F 44 45 56 49 43 45 5F 49 44 ]]
[[ DATA: 00 00 00 00 00 00 00 00 00 00 00 00 00 00 00 00 64 66 6D 5F ]]
[[ DATA: 74 72 61 63 65 2E 70 73 66 73 00 00 00 00 00 00 00 00 00 00 ]]
[[ DATA: 00 00 00 00 00 00 00 00 00 00 00 00 00 00 00 00 00 00 00 00 ]]
[[ DATA: 00 00 00 00 00 00 00 00 00 00 00 00 00 00 00 00 00 00 00 00 ]]
[[ DATA: 00 00 00 00 00 00 00 00 00 00 00 00 00 00 00 00 00 00 00 00 ]]
[[ DATA: 00 00 00 00 00 00 00 00 00 00 00 00 00 00 00 00 00 00 00 00 ]]
[[ DATA: 00 00 00 00 00 00 00 00 00 00 00 00 00 00 00 00 00 00 00 00 ]]
[[ DATA: 00 00 00 00 00 00 00 00 00 00 00 00 00 00 00 00 00 00 00 00 ]]
[[ DATA: 00 00 00 00 00 00 00 00 00 00 00 00 00 00 00 00 00 00 00 00 ]]
[[ DATA: 00 00 00 00 00 00 00 00 00 00 00 00 00 00 00 00 00 00 00 00 ]]
[[ DATA: 00 00 00 00 00 00 00 00 00 00 00 00 00 00 00 00 00 00 00 00 ]]
[[ DATA: 00 00 00 00 00 00 00 00 00 00 00 00 00 00 00 00 00 00 00 00 ]]
[[ DATA: 00 00 00 00 00 00 00 00 00 00 00 00 00 00 00 00 00 00 00 00 ]]
[[ DATA: 00 00 00 00 00 00 00 00 00 00 00 00 00 00 00 00 00 00 00 00 ]]
[[ DATA: 00 00 00 00 00 00 00 00 00 00 00 00 00 00 00 00 00 00 00 00 ]]
[[ DATA: 00 00 00 00 00 00 00 00 00 00 00 00 00 00 00 00 00 00 00 00 ]]
[[ DATA: 00 00 00 00 00 00 00 00 00 00 00 00 00 00 00 00 00 00 00 00 ]]
[[ DATA: 00 00 00 00 00 00 00 00 00 00 00 00 00 00 00 00 00 00 00 00 ]]
[[ DATA: 00 00 00 00 00 00 00 00 00 00 00 00 00 00 00 00 00 00 00 00 ]]
[[ DATA: 00 00 00 00 00 00 00 00 00 00 00 00 00 00 00 00 00 00 00 00 ]]
[[ DATA: 00 00 00 00 00 00 00 00 00 00 00 00 00 00 00 00 00 00 00 00 ]]
[[ DATA: 00 00 00 00 00 00 00 00 00 00 00 00 00 00 00 00 00 00 00 00 ]]
[[ DATA: 00 00 00 00 00 00 00 00 00 00 00 00 00 00 00 00 00 00 00 00 ]]
[[ DATA: 00 00 00 00 00 00 00 00 00 00 00 00 00 00 00 00 00 00 00 00 ]]
[[ DATA: 01 00 00 00 00 00 00 00 00 00 00 00 00 00 00 00 00 00 00 00 ]]
[[ DATA: 00 00 00 00 00 00 00 00 00 00 00 00 00 00 00 00 00 00 00 00 ]]
[[ DATA: 00 00 00 00 0C 19 00 20 00 00 00 00 00 00 00 00 00 00 00 00 ]]
[[ DATA: 00 00 00 00 41 4C 45 52 54 00 00 00 00 00 00 00 00 00 00 00 ]]
[[ DATA: 00 00 00 00 00 00 00 00 00 00 00 00 3C 19 00 20 00 00 00 00 ]]
[[ DATA: 00 00 00 00 00 00 00 00 00 00 00 00 44 46 4D 20 54 65 73 74 ]]
[[ DATA: 73 00 00 00 00 00 00 00 00 00 00 00 00 00 00 00 00 00 00 00 ]]
[[ DATA: CC 2C 00 20 00 00 00 00 00 00 00 00 00 00 00 00 00 00 00 00 ]]
[[ DATA: 54 7A 43 74 72 6C 00 00 00 00 00 00 00 00 00 00 00 00 00 00 ]]
[[ DATA: 00 00 00 00 00 00 00 00 F0 0C 00 20 FF FF FF FF 00 00 00 00 ]]
[[ DATA: 00 00 00 00 00 00 00 00 73 79 73 77 6F 72 6B 71 00 00 00 00 ]]
[[ DATA: 00 00 00 00 00 00 00 00 00 00 00 00 00 00 00 00 90 0A 00 20 ]]
[[ DATA: 0F 00 00 00 00 00 00 00 00 00 00 00 00 00 00 00 69 64 6C 65 ]]
[[ DATA: 00 00 00 00 00 00 00 00 00 00 00 00 00 00 00 00 00 00 00 00 ]]
[[ DATA: 00 00 00 00 50 0B 00 20 00 00 00 00 00 00 00 00 00 00 00 00 ]]
[[ DATA: 00 00 00 00 6D 61 69 6E 00 00 00 00 00 00 00 00 00 00 00 00 ]]
[[ DATA: 00 00 00 00 00 00 00 00 00 00 00 00 00 10 00 00 C4 03 00 00 ]]
[[ DATA: 00 00 00 00 D4 0F 00 00 01 00 00 00 00 00 00 00 D4 0F 00 00 ]]
[[ DATA: 00 00 00 00 C4 03 00 00 00 00 00 00 00 00 00 00 5C 1A 00 20 ]]
[[ DATA: 01 10 85 00 B1 B3 6F 20 50 0B 00 20 2A 10 86 00 15 DD 70 20 ]]
[[ DATA: 2C 01 00 00 37 20 87 00 C2 E6 70 20 90 0A 00 20 0F 00 00 00 ]]
[[ DATA: 30 10 88 00 6D 9D 59 21 CC 2C 00 20 37 20 89 00 D8 A7 59 21 ]]
[[ DATA: CC 2C 00 20 00 00 00 00 2B 10 8A 00 28 AB 59 21 00 00 00 00 ]]
[[ DATA: EA 20 8B 00 EF C7 59 21 CC 2C 00 20 3C 03 00 00 2A 10 8C 00 ]]
[[ DATA: 0C CA 59 21 FA 00 00 00 37 20 8D 00 C4 D2 59 21 90 0A 00 20 ]]
[[ DATA: 0F 00 00 00 30 10 8E 00 10 1A 4E 23 50 0B 00 20 37 20 8F 00 ]]
[[ DATA: CE 23 4E 23 50 0B 00 20 00 00 00 00 2B 10 90 00 0E 27 4E 23 ]]
[[ DATA: 00 00 00 00 92 50 91 00 18 20 4F 23 D4 D3 D2 D1 ]]

[[ DevAlert Data Ended. Checksum: 44112 ]]

[[ DevAlert Data Begins ]]
[[ DATA: D1 D2 D3 D4 F0 0F 01 00 71 83 02 00 04 00 07 00 09 00 00 00 ]]
[[ DATA: 20 00 20 00 10 00 00 00 E8 03 00 00 24 44 55 4D 4D 59 5F 53 ]]
[[ DATA: 45 53 53 49 4F 4E 5F 49 44 00 00 00 00 00 00 00 00 00 00 00 ]]
[[ DATA: 00 00 00 00 24 44 55 4D 4D 59 5F 44 45 56 49 43 45 5F 49 44 ]]
[[ DATA: 00 00 00 00 00 00 00 00 00 00 00 00 00 00 00 00 64 66 6D 5F ]]
[[ DATA: 74 72 61 63 65 2E 70 73 66 73 00 00 3C 19 00 20 FA 03 00 00 ]]
[[ DATA: 54 25 75 20 42 45 47 49 4E 00 44 46 6A 10 92 00 D2 23 4F 23 ]]
[[ DATA: D8 00 00 20 10 30 93 00 94 7C 4F 23 C0 09 00 20 00 06 00 00 ]]
[[ DATA: 01 00 00 00 5D 11 94 00 18 7F 4F 23 C0 09 00 20 30 10 95 00 ]]
[[ DATA: 16 82 4F 23 C0 09 00 20 67 30 96 00 57 85 4F 23 D8 00 00 20 ]]
[[ DATA: 10 27 00 00 00 00 00 00 37 20 97 00 91 90 4F 23 C0 09 00 20 ]]
[[ DATA: 01 00 00 00 92 70 98 00 84 C2 4F 23 3C 19 00 20 00 06 00 00 ]]
[[ DATA: 54 31 30 31 38 20 53 54 41 43 4B 20 73 69 7A 65 3D 25 75 00 ]]
[[ DATA: 92 80 99 00 6B C6 4F 23 3C 19 00 20 B4 05 00 00 54 31 30 31 ]]
[[ DATA: 38 20 53 54 41 43 4B 20 75 6E 75 73 65 64 3D 25 75 00 54 65 ]]
[[ DATA: 91 A0 9A 00 85 08 50 23 0C 19 00 20 54 65 73 74 20 31 30 31 ]]
[[ DATA: 38 20 61 74 20 74 65 73 74 5F 62 6F 75 6E 64 61 72 69 65 73 ]]
[[ DATA: 2E 63 3A 35 31 00 00 00 30 10 9B 00 1F 45 25 24 CC 2C 00 20 ]]
[[ DATA: 37 20 9C 00 83 54 25 24 CC 2C 00 20 00 00 00 00 2B 10 9D 00 ]]
[[ DATA: D0 57 25 24 00 00 00 00 EA 20 9E 00 5A 83 25 24 C0 09 00 20 ]]
[[ DATA: 14 05 00 00 2A 10 9F 00 77 85 25 24 FA 00 00 00 37 20 A0 00 ]]
[[ DATA: EC 92 25 24 C0 09 00 20 01 00 00 00 51 20 A1 00 67 BE 25 24 ]]
[[ DATA: D8 00 00 20 00 00 00 00 30 10 A2 00 6F C1 25 24 50 0B 00 20 ]]
[[ DATA: 37 20 A3 00 A3 C9 25 24 50 0B 00 20 00 00 00 00 61 30 A4 00 ]]
[[ DATA: 2C CC 25 24 D8 00 00 20 00 00 00 00 00 00 00 00 2A 10 A5 00 ]]
[[ DATA: 0F 1B 33 24 2C 01 00 00 37 20 A6 00 4C 25 33 24 C0 09 00 20 ]]
[[ DATA: 01 00 00 00 20 10 A7 00 78 2E 33 24 C0 09 00 20 37 20 A8 00 ]]
[[ DATA: 89 34 33 24 90 0A 00 20 0F 00 00 00 30 10 A9 00 04 BD 89 26 ]]
[[ DATA: CC 2C 00 20 37 20 AA 00 CB C6 89 26 CC 2C 00 20 00 00 00 00 ]]
[[ DATA: 2B 10 AB 00 0B CA 89 26 00 00 00 00 EA 20 AC 00 87 DE 89 26 ]]
[[ DATA: 50 0B 00 20 34 02 00 00 2A 10 AD 00 9E E0 89 26 FA 00 00 00 ]]
[[ DATA: 37 20 AE 00 5C E9 89 26 90 0A 00 20 0F 00 00 00 30 10 AF 00 ]]
[[ DATA: 07 04 10 27 50 0B 00 20 37 20 B0 00 35 0E 10 27 50 0B 00 20 ]]
[[ DATA: 00 00 00 00 2B 10 B1 00 75 11 10 27 00 00 00 00 92 50 B2 00 ]]
[[ DATA: 87 0A 11 27 3C 19 00 20 FB 03 00 00 54 25 75 20 42 45 47 49 ]]
[[ DATA: 4E 00 44 46 92 C0 B3 00 04 A2 12 27 3C 19 00 20 0A 00 00 00 ]]
[[ DATA: 54 31 30 31 39 41 20 4D 53 47 20 63 68 61 72 73 3D 25 75 20 ]]
[[ DATA: 66 6F 72 6D 61 74 74 65 64 5F 6D 61 78 3D 34 39 00 54 31 30 ]]
[[ DATA: 91 A0 B4 00 FB E6 12 27 0C 19 00 20 54 65 73 74 20 31 30 31 ]]
[[ DATA: 39 41 20 61 74 20 74 65 73 74 5F 62 6F 75 6E 64 61 72 69 65 ]]
[[ DATA: 73 2E 63 3A 31 30 30 00 91 A0 B5 00 C3 9A 2C 28 3C 19 00 20 ]]
[[ DATA: 54 31 30 31 39 42 20 52 45 54 55 52 4E 20 66 69 72 73 74 20 ]]
[[ DATA: 74 72 61 70 20 63 6F 6D 70 6C 65 74 65 64 00 54 91 A0 B6 00 ]]
[[ DATA: A5 DE 2C 28 0C 19 00 20 54 65 73 74 20 31 30 31 39 42 20 61 ]]
[[ DATA: 74 20 74 65 73 74 5F 62 6F 75 6E 64 61 72 69 65 73 2E 63 3A ]]
[[ DATA: 31 30 33 00 CC 2C 00 20 00 00 00 00 2B 10 3B 00 51 D2 B9 0A ]]
[[ DATA: 00 00 00 00 EA 20 3C 00 9C E8 B9 0A 50 0B 00 20 6C 02 00 00 ]]
[[ DATA: 2A 10 3D 00 B4 EA B9 0A FA 00 00 00 37 20 3E 00 85 F4 B9 0A ]]
[[ DATA: 90 0A 00 20 0F 00 00 00 30 10 3F 00 2C F3 1C 0D CC 2C 00 20 ]]
[[ DATA: 37 20 40 00 1F FD 1C 0D CC 2C 00 20 00 00 00 00 2B 10 41 00 ]]
[[ DATA: 5F 00 1D 0D 00 00 00 00 EA 20 42 00 D3 0A 1D 0D 90 0A 00 20 ]]
[[ DATA: F4 00 00 00 2A 10 43 00 EA 0C 1D 0D FA 00 00 00 37 20 44 00 ]]
[[ DATA: A2 15 1D 0D 90 0A 00 20 0F 00 00 00 30 10 45 00 07 05 97 0D ]]
[[ DATA: 50 0B 00 20 37 20 46 00 35 0F 97 0D 50 0B 00 20 00 00 00 00 ]]
[[ DATA: 2B 10 47 00 75 12 97 0D 00 00 00 00 92 50 48 00 EE FD 97 0D ]]
[[ DATA: 3C 19 00 20 F3 03 00 00 54 25 75 20 D4 D3 D2 D1 ]]

[[ DevAlert Data Ended. Checksum: 40125 ]]

[[ DevAlert Data Begins ]]
[[ DATA: D1 D2 D3 D4 F0 0F 01 00 71 83 02 00 05 00 07 00 09 00 00 00 ]]
[[ DATA: 20 00 20 00 10 00 00 00 E8 03 00 00 24 44 55 4D 4D 59 5F 53 ]]
[[ DATA: 45 53 53 49 4F 4E 5F 49 44 00 00 00 00 00 00 00 00 00 00 00 ]]
[[ DATA: 00 00 00 00 24 44 55 4D 4D 59 5F 44 45 56 49 43 45 5F 49 44 ]]
[[ DATA: 00 00 00 00 00 00 00 00 00 00 00 00 00 00 00 00 64 66 6D 5F ]]
[[ DATA: 74 72 61 63 65 2E 70 73 66 73 00 00 42 45 47 49 4E 00 44 46 ]]
[[ DATA: 92 A0 49 00 AB 02 98 0D 3C 19 00 20 0B 00 00 00 54 31 30 31 ]]
[[ DATA: 31 20 44 41 54 41 20 63 61 6C 6C 62 61 63 6B 20 76 61 6C 75 ]]
[[ DATA: 65 3D 25 75 00 54 31 30 91 C0 4A 00 AC 07 98 0D 3C 19 00 20 ]]
[[ DATA: 54 31 30 31 31 20 50 41 54 48 20 63 61 6C 6C 62 61 63 6B 5F ]]
[[ DATA: 68 61 6E 64 6C 65 72 20 2D 3E 20 74 72 61 70 5F 73 69 74 65 ]]
[[ DATA: 00 54 31 30 91 A0 4B 00 9C 4D 98 0D 0C 19 00 20 54 65 73 74 ]]
[[ DATA: 20 31 30 31 31 20 61 74 20 74 65 73 74 5F 63 61 6C 6C 5F 63 ]]
[[ DATA: 68 61 69 6E 73 2E 63 3A 32 39 39 00 2A 10 4C 00 E6 89 B7 0E ]]
[[ DATA: 2C 01 00 00 37 20 4D 00 6A 93 B7 0E 90 0A 00 20 0F 00 00 00 ]]
[[ DATA: 30 10 4E 00 47 BE 81 0F CC 2C 00 20 37 20 4F 00 A8 C8 81 0F ]]
[[ DATA: CC 2C 00 20 00 00 00 00 2B 10 50 00 F8 CB 81 0F 00 00 00 00 ]]
[[ DATA: EA 20 51 00 7F E6 81 0F F0 0C 00 20 F4 02 00 00 2A 10 52 00 ]]
[[ DATA: 9C E8 81 0F FA 00 00 00 37 20 53 00 54 F1 81 0F 90 0A 00 20 ]]
[[ DATA: 0F 00 00 00 30 10 54 00 F6 F7 95 11 50 0B 00 20 37 20 55 00 ]]
[[ DATA: B4 01 96 11 50 0B 00 20 00 00 00 00 2B 10 56 00 F4 04 96 11 ]]
[[ DATA: 00 00 00 00 92 50 57 00 6D F0 96 11 3C 19 00 20 F6 03 00 00 ]]
[[ DATA: 54 25 75 20 42 45 47 49 4E 00 44 46 92 70 58 00 77 F4 96 11 ]]
[[ DATA: 3C 19 00 20 01 00 00 00 54 31 30 31 34 20 41 52 47 53 20 61 ]]
[[ DATA: 30 3D 25 75 00 54 31 30 92 70 59 00 20 F8 96 11 3C 19 00 20 ]]
[[ DATA: 06 00 00 00 54 31 30 31 34 20 41 52 47 53 20 61 35 3D 25 75 ]]
[[ DATA: 00 54 65 73 91 A0 5A 00 B0 FC 96 11 3C 19 00 20 54 31 30 31 ]]
[[ DATA: 34 20 50 41 54 48 20 70 75 62 6C 69 63 5F 61 70 69 20 2D 3E ]]
[[ DATA: 20 73 65 72 76 69 63 65 00 54 31 30 91 90 5B 00 2A 01 97 11 ]]
[[ DATA: 3C 19 00 20 54 31 30 31 34 20 50 41 54 48 20 73 65 72 76 69 ]]
[[ DATA: 63 65 20 2D 3E 20 74 72 61 70 5F 73 69 74 65 00 91 A0 5C 00 ]]
[[ DATA: 40 48 97 11 0C 19 00 20 54 65 73 74 20 31 30 31 34 20 61 74 ]]
[[ DATA: 20 74 65 73 74 5F 63 61 6C 6C 5F 63 68 61 69 6E 73 2E 63 3A ]]
[[ DATA: 33 32 00 00 30 10 5D 00 DA FA 1C 12 CC 2C 00 20 2A 10 5E 00 ]]
[[ DATA: 77 20 1E 12 2C 01 00 00 37 20 5F 00 AF 2E 1E 12 CC 2C 00 20 ]]
[[ DATA: 00 00 00 00 2B 10 60 00 F7 31 1E 12 00 00 00 00 EA 20 61 00 ]]
[[ DATA: B9 4E 1E 12 CC 2C 00 20 3C 03 00 00 2A 10 62 00 D1 50 1E 12 ]]
[[ DATA: FA 00 00 00 37 20 63 00 A2 5A 1E 12 90 0A 00 20 0F 00 00 00 ]]
[[ DATA: 30 10 64 00 FE 09 81 14 CC 2C 00 20 37 20 65 00 BC 13 81 14 ]]
[[ DATA: CC 2C 00 20 00 00 00 00 2B 10 66 00 FC 16 81 14 00 00 00 00 ]]
[[ DATA: EA 20 67 00 30 2D 81 14 50 0B 00 20 6C 02 00 00 2A 10 68 00 ]]
[[ DATA: 47 2F 81 14 FA 00 00 00 37 20 69 00 FF 37 81 14 90 0A 00 20 ]]
[[ DATA: 0F 00 00 00 30 10 6A 00 07 1C FB 14 50 0B 00 20 37 20 6B 00 ]]
[[ DATA: 35 26 FB 14 50 0B 00 20 00 00 00 00 2B 10 6C 00 75 29 FB 14 ]]
[[ DATA: 00 00 00 00 92 50 6D 00 F9 14 FC 14 3C 19 00 20 F8 03 00 00 ]]
[[ DATA: 54 25 75 20 42 45 47 49 4E 00 44 46 91 90 6E 00 BA 19 FC 14 ]]
[[ DATA: 3C 19 00 20 54 31 30 31 36 41 20 41 43 54 49 4F 4E 20 73 77 ]]
[[ DATA: 69 74 63 68 20 50 53 50 20 2D 3E 20 4D 53 50 00 92 70 6F 00 ]]
[[ DATA: 1C 1E FC 14 3C 19 00 20 00 00 00 00 54 31 30 31 36 41 20 43 ]]
[[ DATA: 54 58 20 49 50 53 52 3D 25 75 00 54 92 80 70 00 1A 22 FC 14 ]]
[[ DATA: 3C 19 00 20 00 00 00 00 54 31 30 31 36 41 20 43 54 58 20 43 ]]
[[ DATA: 4F 4E 54 52 4F 4C 3D 25 30 38 58 00 91 A0 71 00 6F 33 FC 14 ]]
[[ DATA: 0C 19 00 20 54 65 73 74 20 31 30 31 36 41 20 61 74 20 74 65 ]]
[[ DATA: 73 74 5F 63 6F 6E 74 65 78 74 73 2E 63 3A 31 37 32 00 00 00 ]]
[[ DATA: 92 90 72 00 5F B3 6D 1B 3C 19 00 20 00 00 00 00 54 31 30 31 ]]
[[ DATA: 36 42 20 52 45 54 55 52 4E 20 74 72 D4 D3 D2 D1 ]]

[[ DevAlert Data Ended. Checksum: 14791 ]]

[[ DevAlert Data Begins ]]
[[ DATA: D1 D2 D3 D4 F0 0F 01 00 71 83 02 00 06 00 07 00 09 00 00 00 ]]
[[ DATA: 20 00 20 00 10 00 00 00 E8 03 00 00 24 44 55 4D 4D 59 5F 53 ]]
[[ DATA: 45 53 53 49 4F 4E 5F 49 44 00 00 00 00 00 00 00 00 00 00 00 ]]
[[ DATA: 00 00 00 00 24 44 55 4D 4D 59 5F 44 45 56 49 43 45 5F 49 44 ]]
[[ DATA: 00 00 00 00 00 00 00 00 00 00 00 00 00 00 00 00 64 66 6D 5F ]]
[[ DATA: 74 72 61 63 65 2E 70 73 66 73 00 00 61 70 5F 43 54 4C 3D 25 ]]
[[ DATA: 30 38 58 00 92 90 73 00 D1 B7 6D 1B 3C 19 00 20 02 00 00 00 ]]
[[ DATA: 54 31 30 31 36 42 20 52 45 54 55 52 4E 20 6E 6F 77 5F 43 54 ]]
[[ DATA: 4C 3D 25 30 38 58 00 4D 91 A0 74 00 12 5A 75 1B 0C 19 00 20 ]]
[[ DATA: 54 65 73 74 20 31 30 31 36 42 20 61 74 20 74 65 73 74 5F 63 ]]
[[ DATA: 6F 6E 74 65 78 74 73 2E 63 3A 32 30 31 00 00 00 2A 10 75 00 ]]
[[ DATA: A7 5E 91 1C 2C 01 00 00 37 20 76 00 EE 6C 91 1C CC 2C 00 20 ]]
[[ DATA: 00 00 00 00 2B 10 77 00 38 70 91 1C 00 00 00 00 EA 20 78 00 ]]
[[ DATA: BC 7A 91 1C 90 0A 00 20 F4 00 00 00 2A 10 79 00 D6 7C 91 1C ]]
[[ DATA: FA 00 00 00 37 20 7A 00 A7 86 91 1C 90 0A 00 20 0F 00 00 00 ]]
[[ DATA: 30 10 7B 00 17 D2 F4 1E CC 2C 00 20 37 20 7C 00 00 DC F4 1E ]]
[[ DATA: CC 2C 00 20 00 00 00 00 2B 10 7D 00 42 DF F4 1E 00 00 00 00 ]]
[[ DATA: EA 20 7E 00 B8 F9 F4 1E F0 0C 00 20 F4 02 00 00 2A 10 7F 00 ]]
[[ DATA: D1 FB F4 1E FA 00 00 00 37 20 80 00 8B 04 F5 1E 90 0A 00 20 ]]
[[ DATA: 0F 00 00 00 30 10 81 00 09 E4 6E 1F 50 0B 00 20 37 20 82 00 ]]
[[ DATA: 39 EE 6E 1F 50 0B 00 20 00 00 00 00 2B 10 83 00 7B F1 6E 1F ]]
[[ DATA: 00 00 00 00 92 50 84 00 96 EA 6F 1F 3C 19 00 20 F9 03 00 00 ]]
[[ DATA: 54 25 75 20 42 45 47 49 4E 00 44 46 00 00 00 00 00 00 00 00 ]]
[[ DATA: 00 00 00 00 00 00 00 00 00 00 00 00 00 00 00 00 00 00 00 00 ]]
[[ DATA: 00 00 00 00 00 00 00 00 00 00 00 00 00 00 00 00 00 00 00 00 ]]
[[ DATA: 00 00 00 00 00 00 00 00 00 00 00 00 00 00 00 00 00 00 00 00 ]]
[[ DATA: 00 00 00 00 00 00 00 00 00 00 00 00 00 00 00 00 00 00 00 00 ]]
[[ DATA: 00 00 00 00 00 00 00 00 00 00 00 00 00 00 00 00 00 00 00 00 ]]
[[ DATA: 00 00 00 00 00 00 00 00 00 00 00 00 00 00 00 00 00 00 00 00 ]]
[[ DATA: 00 00 00 00 00 00 00 00 00 00 00 00 00 00 00 00 00 00 00 00 ]]
[[ DATA: 00 00 00 00 00 00 00 00 00 00 00 00 00 00 00 00 00 00 00 00 ]]
[[ DATA: 00 00 00 00 00 00 00 00 00 00 00 00 00 00 00 00 00 00 00 00 ]]
[[ DATA: 00 00 00 00 00 00 00 00 00 00 00 00 00 00 00 00 00 00 00 00 ]]
[[ DATA: 00 00 00 00 00 00 00 00 00 00 00 00 00 00 00 00 00 00 00 00 ]]
[[ DATA: 00 00 00 00 00 00 00 00 00 00 00 00 00 00 00 00 00 00 00 00 ]]
[[ DATA: 00 00 00 00 00 00 00 00 00 00 00 00 00 00 00 00 00 00 00 00 ]]
[[ DATA: 00 00 00 00 00 00 00 00 00 00 00 00 00 00 00 00 00 00 00 00 ]]
[[ DATA: 00 00 00 00 00 00 00 00 00 00 00 00 00 00 00 00 00 00 00 00 ]]
[[ DATA: 00 00 00 00 00 00 00 00 00 00 00 00 00 00 00 00 00 00 00 00 ]]
[[ DATA: 00 00 00 00 00 00 00 00 00 00 00 00 00 00 00 00 00 00 00 00 ]]
[[ DATA: 00 00 00 00 00 00 00 00 00 00 00 00 00 00 00 00 00 00 00 00 ]]
[[ DATA: 00 00 00 00 00 00 00 00 00 00 00 00 00 00 00 00 00 00 00 00 ]]
[[ DATA: 00 00 00 00 00 00 00 00 00 00 00 00 00 00 00 00 00 00 00 00 ]]
[[ DATA: 00 00 00 00 00 00 00 00 00 00 00 00 00 00 00 00 00 00 00 00 ]]
[[ DATA: 00 00 00 00 00 00 00 00 00 00 00 00 00 00 00 00 00 00 00 00 ]]
[[ DATA: 00 00 00 00 00 00 00 00 00 00 00 00 00 00 00 00 00 00 00 00 ]]
[[ DATA: 00 00 00 00 00 00 00 00 00 00 00 00 00 00 00 00 00 00 00 00 ]]
[[ DATA: 00 00 00 00 00 00 00 00 00 00 00 00 00 00 00 00 00 00 00 00 ]]
[[ DATA: 00 00 00 00 00 00 00 00 00 00 00 00 00 00 00 00 00 00 00 00 ]]
[[ DATA: 00 00 00 00 00 00 00 00 00 00 00 00 00 00 00 00 00 00 00 00 ]]
[[ DATA: 00 00 00 00 00 00 00 00 00 00 00 00 00 00 00 00 00 00 00 00 ]]
[[ DATA: 00 00 00 00 00 00 00 00 00 00 00 00 00 00 00 00 00 00 00 00 ]]
[[ DATA: 00 00 00 00 00 00 00 00 00 00 00 00 00 00 00 00 00 00 00 00 ]]
[[ DATA: 00 00 00 00 00 00 00 00 00 00 00 00 00 00 00 00 00 00 00 00 ]]
[[ DATA: 00 00 00 00 00 00 00 00 00 00 00 00 00 00 00 00 00 00 00 00 ]]
[[ DATA: 00 00 00 00 00 00 00 00 00 00 00 00 D4 D3 D2 D1 ]]

[[ DevAlert Data Ended. Checksum: 60426 ]]

[[ DevAlert Data Begins ]]
[[ DATA: D1 D2 D3 D4 F0 0F 01 00 71 83 02 00 07 00 07 00 09 00 00 00 ]]
[[ DATA: 20 00 20 00 10 00 00 00 80 03 00 00 24 44 55 4D 4D 59 5F 53 ]]
[[ DATA: 45 53 53 49 4F 4E 5F 49 44 00 00 00 00 00 00 00 00 00 00 00 ]]
[[ DATA: 00 00 00 00 24 44 55 4D 4D 59 5F 44 45 56 49 43 45 5F 49 44 ]]
[[ DATA: 00 00 00 00 00 00 00 00 00 00 00 00 00 00 00 00 64 66 6D 5F ]]
[[ DATA: 74 72 61 63 65 2E 70 73 66 73 00 00 00 00 00 00 00 00 00 00 ]]
[[ DATA: 00 00 00 00 00 00 00 00 00 00 00 00 00 00 00 00 00 00 00 00 ]]
[[ DATA: 00 00 00 00 00 00 00 00 00 00 00 00 00 00 00 00 00 00 00 00 ]]
[[ DATA: 00 00 00 00 00 00 00 00 00 00 00 00 00 00 00 00 00 00 00 00 ]]
[[ DATA: 00 00 00 00 00 00 00 00 00 00 00 00 00 00 00 00 00 00 00 00 ]]
[[ DATA: 00 00 00 00 00 00 00 00 00 00 00 00 00 00 00 00 00 00 00 00 ]]
[[ DATA: 00 00 00 00 00 00 00 00 00 00 00 00 00 00 00 00 00 00 00 00 ]]
[[ DATA: 00 00 00 00 00 00 00 00 00 00 00 00 00 00 00 00 00 00 00 00 ]]
[[ DATA: 00 00 00 00 00 00 00 00 00 00 00 00 00 00 00 00 00 00 00 00 ]]
[[ DATA: 00 00 00 00 00 00 00 00 00 00 00 00 00 00 00 00 00 00 00 00 ]]
[[ DATA: 00 00 00 00 00 00 00 00 00 00 00 00 00 00 00 00 00 00 00 00 ]]
[[ DATA: 00 00 00 00 00 00 00 00 00 00 00 00 00 00 00 00 00 00 00 00 ]]
[[ DATA: 00 00 00 00 00 00 00 00 00 00 00 00 00 00 00 00 00 00 00 00 ]]
[[ DATA: 00 00 00 00 00 00 00 00 00 00 00 00 00 00 00 00 00 00 00 00 ]]
[[ DATA: 00 00 00 00 00 00 00 00 00 00 00 00 00 00 00 00 00 00 00 00 ]]
[[ DATA: 00 00 00 00 00 00 00 00 00 00 00 00 00 00 00 00 00 00 00 00 ]]
[[ DATA: 00 00 00 00 00 00 00 00 00 00 00 00 00 00 00 00 00 00 00 00 ]]
[[ DATA: 00 00 00 00 00 00 00 00 00 00 00 00 00 00 00 00 00 00 00 00 ]]
[[ DATA: 00 00 00 00 00 00 00 00 00 00 00 00 00 00 00 00 00 00 00 00 ]]
[[ DATA: 00 00 00 00 00 00 00 00 00 00 00 00 00 00 00 00 00 00 00 00 ]]
[[ DATA: 00 00 00 00 00 00 00 00 00 00 00 00 00 00 00 00 00 00 00 00 ]]
[[ DATA: 00 00 00 00 00 00 00 00 00 00 00 00 00 00 00 00 00 00 00 00 ]]
[[ DATA: 00 00 00 00 00 00 00 00 00 00 00 00 00 00 00 00 00 00 00 00 ]]
[[ DATA: 00 00 00 00 00 00 00 00 00 00 00 00 00 00 00 00 00 00 00 00 ]]
[[ DATA: 00 00 00 00 00 00 00 00 00 00 00 00 00 00 00 00 00 00 00 00 ]]
[[ DATA: 00 00 00 00 00 00 00 00 00 00 00 00 00 00 00 00 00 00 00 00 ]]
[[ DATA: 00 00 00 00 00 00 00 00 00 00 00 00 00 00 00 00 00 00 00 00 ]]
[[ DATA: 00 00 00 00 00 00 00 00 00 00 00 00 00 00 00 00 00 00 00 00 ]]
[[ DATA: 00 00 00 00 00 00 00 00 00 00 00 00 00 00 00 00 00 00 00 00 ]]
[[ DATA: 00 00 00 00 00 00 00 00 00 00 00 00 00 00 00 00 00 00 00 00 ]]
[[ DATA: 00 00 00 00 00 00 00 00 00 00 00 00 00 00 00 00 00 00 00 00 ]]
[[ DATA: 00 00 00 00 00 00 00 00 00 00 00 00 00 00 00 00 00 00 00 00 ]]
[[ DATA: 00 00 00 00 00 00 00 00 00 00 00 00 00 00 00 00 00 00 00 00 ]]
[[ DATA: 00 00 00 00 00 00 00 00 00 00 00 00 00 00 00 00 00 00 00 00 ]]
[[ DATA: 00 00 00 00 00 00 00 00 00 00 00 00 00 00 00 00 00 00 00 00 ]]
[[ DATA: 00 00 00 00 00 00 00 00 00 00 00 00 00 00 00 00 00 00 00 00 ]]
[[ DATA: 00 00 00 00 00 00 00 00 00 00 00 00 00 00 00 00 00 00 00 00 ]]
[[ DATA: 00 00 00 00 00 00 00 00 00 00 00 00 00 00 00 00 00 00 00 00 ]]
[[ DATA: 00 00 00 00 00 00 00 00 00 00 00 00 00 00 00 00 00 00 00 00 ]]
[[ DATA: 00 00 00 00 00 00 00 00 00 00 00 00 00 00 00 00 00 00 00 00 ]]
[[ DATA: 00 00 00 00 00 00 00 00 00 00 00 00 00 00 00 00 00 00 00 00 ]]
[[ DATA: 00 00 00 00 00 00 00 00 00 00 00 00 00 00 00 00 00 00 00 00 ]]
[[ DATA: 00 00 00 00 00 00 00 00 00 00 00 00 00 00 00 00 00 00 00 00 ]]
[[ DATA: 00 00 00 00 00 00 00 00 00 00 00 00 00 00 00 00 00 00 00 00 ]]
[[ DATA: 00 00 00 00 00 00 00 00 00 00 00 00 0A 0B 0C 0D 71 72 73 74 ]]
[[ DATA: F1 F2 F3 F4 00 00 00 00 D4 D3 D2 D1 ]]

[[ DevAlert Data Ended. Checksum: 21886 ]]
DFMT:RETURNED:1019:0
DFMT:BEGIN:1021:13

[[ DevAlert Data Begins ]]
[[ DATA: D1 D2 D3 D4 F0 0F 01 00 12 15 00 00 01 00 01 00 0A 00 00 00 ]]
[[ DATA: 20 00 20 00 68 00 00 00 0C 01 00 00 24 44 55 4D 4D 59 5F 53 ]]
[[ DATA: 45 53 53 49 4F 4E 5F 49 44 00 00 00 00 00 00 00 00 00 00 00 ]]
[[ DATA: 00 00 00 00 24 44 55 4D 4D 59 5F 44 45 56 49 43 45 5F 49 44 ]]
[[ DATA: 00 00 00 00 00 00 00 00 00 00 00 00 00 00 00 00 54 65 73 74 ]]
[[ DATA: 20 31 30 32 31 41 20 61 74 20 74 65 73 74 5F 63 6F 6E 74 65 ]]
[[ DATA: 78 74 73 2E 63 3A 32 34 36 00 33 00 00 00 00 00 00 00 00 00 ]]
[[ DATA: 00 00 00 00 00 00 00 00 00 00 00 00 00 00 00 00 00 00 00 00 ]]
[[ DATA: 00 00 00 00 00 00 00 00 00 00 00 00 00 00 00 00 00 00 00 00 ]]
[[ DATA: 00 00 00 00 00 00 00 00 00 00 00 00 00 00 00 00 00 00 00 00 ]]
[[ DATA: 50 44 66 6D F0 0F 03 48 08 04 68 00 01 00 00 00 FD 03 00 00 ]]
[[ DATA: 01 00 00 00 A5 01 00 00 07 00 00 00 E0 53 00 20 02 00 00 00 ]]
[[ DATA: 28 06 00 00 04 00 00 00 F6 00 00 00 00 00 00 00 00 00 00 00 ]]
[[ DATA: 00 00 00 00 00 00 00 00 00 00 00 00 00 00 00 00 00 00 00 00 ]]
[[ DATA: 00 00 00 00 42 75 69 6C 64 2D 4D 33 2D 4F 73 00 00 00 00 00 ]]
[[ DATA: 00 00 00 00 00 00 00 00 00 00 00 00 00 00 00 00 00 00 00 00 ]]
[[ DATA: 00 00 00 00 00 00 00 00 00 00 00 00 00 00 00 00 00 00 00 00 ]]
[[ DATA: 00 00 00 00 00 00 00 00 00 00 00 00 00 00 00 00 54 65 73 74 ]]
[[ DATA: 20 31 30 32 31 41 20 61 74 20 74 65 73 74 5F 63 6F 6E 74 65 ]]
[[ DATA: 78 74 73 2E 63 3A 32 34 36 00 33 00 00 00 00 00 00 00 00 00 ]]
[[ DATA: 00 00 00 00 00 00 00 00 00 00 00 00 00 00 00 00 00 00 00 00 ]]
[[ DATA: 00 00 00 00 00 00 00 00 00 00 00 00 00 00 00 00 00 00 00 00 ]]
[[ DATA: 00 00 00 00 00 00 00 00 00 00 00 00 00 00 00 00 00 00 00 00 ]]
[[ DATA: 6D 66 44 50 00 00 00 00 D4 D3 D2 D1 ]]

[[ DevAlert Data Ended. Checksum: 10333 ]]

[[ DevAlert Data Begins ]]
[[ DATA: D1 D2 D3 D4 F0 0F 01 00 18 46 01 00 01 00 01 00 0A 00 00 00 ]]
[[ DATA: 20 00 20 00 10 00 00 00 24 00 00 00 24 44 55 4D 4D 59 5F 53 ]]
[[ DATA: 45 53 53 49 4F 4E 5F 49 44 00 00 00 00 00 00 00 00 00 00 00 ]]
[[ DATA: 00 00 00 00 24 44 55 4D 4D 59 5F 44 45 56 49 43 45 5F 49 44 ]]
[[ DATA: 00 00 00 00 00 00 00 00 00 00 00 00 00 00 00 00 74 72 61 70 ]]
[[ DATA: 2E 7A 70 72 00 2E 70 73 66 73 00 00 50 44 61 50 F0 0F 03 10 ]]
[[ DATA: 1B 02 00 00 74 72 61 70 2E 7A 70 72 00 00 00 00 00 00 00 00 ]]
[[ DATA: 50 61 44 50 00 00 00 00 D4 D3 D2 D1 ]]

[[ DevAlert Data Ended. Checksum: 10916 ]]

[[ DevAlert Data Begins ]]
[[ DATA: D1 D2 D3 D4 F0 0F 01 00 71 83 01 00 01 00 01 00 0A 00 00 00 ]]
[[ DATA: 20 00 20 00 10 00 00 00 1B 02 00 00 24 44 55 4D 4D 59 5F 53 ]]
[[ DATA: 45 53 53 49 4F 4E 5F 49 44 00 00 00 00 00 00 00 00 00 00 00 ]]
[[ DATA: 00 00 00 00 24 44 55 4D 4D 59 5F 44 45 56 49 43 45 5F 49 44 ]]
[[ DATA: 00 00 00 00 00 00 00 00 00 00 00 00 00 00 00 00 74 72 61 70 ]]
[[ DATA: 2E 7A 70 72 00 2E 70 73 66 73 00 00 5A 45 02 00 03 00 05 00 ]]
[[ DATA: 0D D0 00 00 41 03 00 4C 00 00 00 00 00 B4 1F 00 20 00 00 00 ]]
[[ DATA: 00 00 00 00 00 A5 21 5C 0A AF 87 00 08 EE 81 00 08 00 00 00 ]]
[[ DATA: 29 E0 53 00 20 08 0E 00 20 00 00 00 00 C4 38 00 20 40 E0 00 ]]
[[ DATA: 08 D0 0D 00 20 0C EA 00 08 50 0B 00 20 00 00 00 00 01 00 00 ]]
[[ DATA: 00 30 00 00 00 4D 01 00 50 0B 00 20 10 0C 00 20 84 38 00 20 ]]
[[ DATA: 00 01 00 20 00 00 00 00 01 00 05 FE 80 00 00 00 00 00 00 00 ]]
[[ DATA: 00 00 00 00 00 00 00 00 00 00 00 00 00 00 00 00 19 A3 00 08 ]]
[[ DATA: 00 00 00 00 00 00 00 00 6C 38 00 20 0A 12 00 00 2C 01 00 00 ]]
[[ DATA: 00 00 00 00 FB 03 00 00 FF FF FF FF FF FF FF FF F8 53 00 20 ]]
[[ DATA: 00 00 00 00 A8 0B 00 20 A8 0B 00 20 05 8A 00 08 00 00 00 00 ]]
[[ DATA: 00 00 00 00 00 00 00 00 00 00 00 00 6D 61 69 6E 00 00 00 00 ]]
[[ DATA: 00 00 00 00 00 00 00 00 00 00 00 00 00 00 00 00 00 00 00 00 ]]
[[ DATA: 00 00 00 00 C8 50 00 20 00 04 00 00 10 00 00 00 00 00 00 00 ]]
[[ DATA: B8 54 00 20 00 00 00 00 00 00 00 00 00 00 00 00 00 00 00 00 ]]
[[ DATA: 00 00 00 00 F5 FF FF FF 4D 01 00 E0 53 00 20 C8 54 00 20 00 ]]
[[ DATA: 00 00 00 B4 1F 00 20 00 00 00 00 00 00 00 00 50 38 00 20 71 ]]
[[ DATA: 21 00 08 00 00 00 00 00 00 00 00 00 00 00 00 00 00 00 00 00 ]]
[[ DATA: 00 00 00 61 69 00 08 00 00 00 00 00 00 00 00 FC E6 00 08 FC ]]
[[ DATA: E6 00 08 10 E1 00 08 00 00 00 00 40 E0 00 08 D0 0D 00 20 FD ]]
[[ DATA: 03 00 00 FF FF FF FF FF FF FF FF 39 14 00 08 06 00 00 00 02 ]]
[[ DATA: 00 00 00 5D E7 8F 09 0D 00 00 00 FD 03 00 00 02 00 00 00 02 ]]
[[ DATA: 00 00 00 00 00 00 00 00 00 00 00 00 FE D0 D5 00 00 00 00 54 ]]
[[ DATA: DF 00 08 54 DF 00 08 54 DF 00 08 00 00 00 00 00 00 00 00 08 ]]
[[ DATA: 00 00 00 F7 8A 00 08 AA AA AA AA AA AA AA AA AA AA AA AA AA ]]
[[ DATA: AA AA AA 05 8A 00 08 00 00 00 00 B8 54 00 20 05 8A 00 08 00 ]]
[[ DATA: 00 00 00 87 2B 00 08 00 00 00 00 B9 36 00 08 AA AA AA AA AA ]]
[[ DATA: AA AA AA 50 0B 00 20 00 00 00 00 D4 D3 D2 D1 ]]

[[ DevAlert Data Ended. Checksum: 64076 ]]

[[ DevAlert Data Begins ]]
[[ DATA: D1 D2 D3 D4 F0 0F 01 00 18 46 02 00 01 00 01 00 0A 00 00 00 ]]
[[ DATA: 20 00 20 00 10 00 00 00 24 00 00 00 24 44 55 4D 4D 59 5F 53 ]]
[[ DATA: 45 53 53 49 4F 4E 5F 49 44 00 00 00 00 00 00 00 00 00 00 00 ]]
[[ DATA: 00 00 00 00 24 44 55 4D 4D 59 5F 44 45 56 49 43 45 5F 49 44 ]]
[[ DATA: 00 00 00 00 00 00 00 00 00 00 00 00 00 00 00 00 64 66 6D 5F ]]
[[ DATA: 74 72 61 63 65 2E 70 73 66 73 00 00 50 44 61 50 F0 0F 03 10 ]]
[[ DATA: F0 1A 00 00 64 66 6D 5F 74 72 61 63 65 2E 70 73 66 73 00 00 ]]
[[ DATA: 50 61 44 50 00 00 00 00 D4 D3 D2 D1 ]]

[[ DevAlert Data Ended. Checksum: 42446 ]]

[[ DevAlert Data Begins ]]
[[ DATA: D1 D2 D3 D4 F0 0F 01 00 71 83 02 00 01 00 07 00 0A 00 00 00 ]]
[[ DATA: 20 00 20 00 10 00 00 00 E8 03 00 00 24 44 55 4D 4D 59 5F 53 ]]
[[ DATA: 45 53 53 49 4F 4E 5F 49 44 00 00 00 00 00 00 00 00 00 00 00 ]]
[[ DATA: 00 00 00 00 24 44 55 4D 4D 59 5F 44 45 56 49 43 45 5F 49 44 ]]
[[ DATA: 00 00 00 00 00 00 00 00 00 00 00 00 00 00 00 00 64 66 6D 5F ]]
[[ DATA: 74 72 61 63 65 2E 70 73 66 73 00 00 30 1A 00 20 00 00 00 00 ]]
[[ DATA: 05 06 07 08 75 76 77 78 F5 F6 F7 F8 00 46 53 50 0E 00 A9 9A ]]
[[ DATA: 00 00 00 00 01 03 00 00 00 00 00 00 00 00 03 04 5A 65 70 68 ]]
[[ DATA: 79 72 00 00 01 00 00 00 00 71 02 00 00 68 89 09 00 00 00 00 ]]
[[ DATA: E8 03 00 00 25 12 0C 2C 00 00 00 00 38 00 00 00 1C 00 00 00 ]]
[[ DATA: 03 00 00 00 AC 0F 00 20 63 00 04 04 88 01 00 00 3A 01 00 00 ]]
[[ DATA: 00 00 00 40 73 79 73 63 61 6C 6C 73 00 00 00 00 00 00 00 00 ]]
[[ DATA: 00 00 00 00 00 00 00 00 00 00 00 00 00 00 00 00 00 00 00 00 ]]
[[ DATA: 00 00 00 00 00 00 00 00 00 00 00 00 00 00 00 00 00 00 00 00 ]]
[[ DATA: 00 00 00 00 00 00 00 00 00 00 00 00 00 00 00 00 00 00 00 00 ]]
[[ DATA: 00 00 00 00 00 00 00 00 00 00 00 00 00 00 00 00 00 00 00 00 ]]
[[ DATA: 00 00 00 00 00 00 00 00 00 00 00 00 00 00 00 00 00 00 00 00 ]]
[[ DATA: 00 00 00 00 00 00 00 00 00 00 00 00 00 00 00 00 00 00 00 00 ]]
[[ DATA: 00 00 00 00 00 00 00 00 00 00 00 00 00 00 00 00 00 00 00 00 ]]
[[ DATA: 00 00 00 00 00 00 00 00 00 00 00 00 00 00 00 00 00 00 00 00 ]]
[[ DATA: 00 00 00 00 00 00 00 00 00 00 00 00 00 00 00 00 00 00 00 00 ]]
[[ DATA: 00 00 00 00 00 00 00 00 00 00 00 00 00 00 00 00 00 00 00 00 ]]
[[ DATA: 00 00 00 00 00 00 00 00 00 00 00 00 00 00 00 00 00 00 00 00 ]]
[[ DATA: 00 00 00 00 00 00 00 00 00 00 00 00 00 00 00 00 00 00 00 00 ]]
[[ DATA: 00 00 00 00 00 00 00 00 00 00 00 00 00 00 00 00 00 00 00 00 ]]
[[ DATA: 00 00 00 00 00 00 00 00 00 00 00 00 00 00 00 00 00 00 00 00 ]]
[[ DATA: 00 00 00 00 00 00 00 00 00 00 00 00 00 00 00 00 00 00 00 00 ]]
[[ DATA: 00 00 00 00 00 00 00 00 00 00 00 00 00 00 00 00 00 00 00 00 ]]
[[ DATA: 00 00 00 00 00 00 00 00 00 00 00 00 00 00 00 00 00 00 00 00 ]]
[[ DATA: 00 00 00 00 00 00 00 00 00 00 00 00 00 00 00 00 00 00 00 00 ]]
[[ DATA: 00 00 00 00 00 00 00 00 00 00 00 00 00 00 00 00 00 00 00 00 ]]
[[ DATA: 00 00 00 00 00 00 00 00 00 00 00 00 00 00 00 00 00 00 00 00 ]]
[[ DATA: 00 00 00 00 00 00 00 00 00 00 00 00 00 00 00 00 00 00 00 00 ]]
[[ DATA: 00 00 00 00 00 00 00 00 00 00 00 00 00 00 00 00 00 00 00 00 ]]
[[ DATA: 00 00 00 00 00 00 00 00 00 00 00 00 00 00 00 00 00 00 00 00 ]]
[[ DATA: 00 00 00 00 00 00 00 00 00 00 00 00 00 00 00 00 00 00 00 00 ]]
[[ DATA: 00 00 00 00 00 00 00 00 00 00 00 00 00 00 00 00 00 00 00 00 ]]
[[ DATA: 00 00 00 00 00 00 00 00 00 00 00 00 00 00 00 00 00 00 00 00 ]]
[[ DATA: 00 00 00 00 00 00 00 00 00 00 00 00 00 00 00 00 00 00 00 00 ]]
[[ DATA: 00 00 00 00 00 00 00 00 00 00 00 00 00 00 00 00 00 00 00 00 ]]
[[ DATA: 00 00 00 00 00 00 00 00 00 00 00 00 00 00 00 00 00 00 00 00 ]]
[[ DATA: 00 00 00 00 00 00 00 00 00 00 00 00 00 00 00 00 00 00 00 00 ]]
[[ DATA: 00 00 00 00 00 00 00 00 00 00 00 00 00 00 00 00 00 00 00 00 ]]
[[ DATA: 00 00 00 00 00 00 00 00 00 00 00 00 00 00 00 00 00 00 00 00 ]]
[[ DATA: 00 00 00 00 00 00 00 00 00 00 00 00 00 00 00 00 00 00 00 00 ]]
[[ DATA: 00 00 00 00 00 00 00 00 00 00 00 00 00 00 00 00 00 00 00 00 ]]
[[ DATA: 00 00 00 00 00 00 00 00 00 00 00 00 00 00 00 00 00 00 00 00 ]]
[[ DATA: 00 00 00 00 00 00 00 00 00 00 00 00 00 00 00 00 00 00 00 00 ]]
[[ DATA: 00 00 00 00 00 00 00 00 00 00 00 00 00 00 00 00 00 00 00 00 ]]
[[ DATA: 00 00 00 00 00 00 00 00 00 00 00 00 00 00 00 00 00 00 00 00 ]]
[[ DATA: 00 00 00 00 00 00 00 00 00 00 00 00 00 00 00 00 00 00 00 00 ]]
[[ DATA: 00 00 00 00 00 00 00 00 00 00 00 00 00 00 00 00 00 00 00 00 ]]
[[ DATA: 00 00 00 00 00 00 00 00 00 00 00 00 00 00 00 00 00 00 00 00 ]]
[[ DATA: 00 00 00 00 00 00 00 00 00 00 00 00 00 00 00 00 00 00 00 00 ]]
[[ DATA: 00 00 00 00 00 00 00 00 00 00 00 00 00 00 00 00 00 00 00 00 ]]
[[ DATA: 00 00 00 00 00 00 00 00 00 00 00 00 D4 D3 D2 D1 ]]

[[ DevAlert Data Ended. Checksum: 24673 ]]

[[ DevAlert Data Begins ]]
[[ DATA: D1 D2 D3 D4 F0 0F 01 00 71 83 02 00 02 00 07 00 0A 00 00 00 ]]
[[ DATA: 20 00 20 00 10 00 00 00 E8 03 00 00 24 44 55 4D 4D 59 5F 53 ]]
[[ DATA: 45 53 53 49 4F 4E 5F 49 44 00 00 00 00 00 00 00 00 00 00 00 ]]
[[ DATA: 00 00 00 00 24 44 55 4D 4D 59 5F 44 45 56 49 43 45 5F 49 44 ]]
[[ DATA: 00 00 00 00 00 00 00 00 00 00 00 00 00 00 00 00 64 66 6D 5F ]]
[[ DATA: 74 72 61 63 65 2E 70 73 66 73 00 00 00 00 00 00 00 00 00 00 ]]
[[ DATA: 00 00 00 00 00 00 00 00 00 00 00 00 00 00 00 00 00 00 00 00 ]]
[[ DATA: 00 00 00 00 00 00 00 00 00 00 00 00 00 00 00 00 00 00 00 00 ]]
[[ DATA: 00 00 00 00 00 00 00 00 00 00 00 00 00 00 00 00 00 00 00 00 ]]
[[ DATA: 00 00 00 00 00 00 00 00 00 00 00 00 00 00 00 00 00 00 00 00 ]]
[[ DATA: 00 00 00 00 00 00 00 00 00 00 00 00 00 00 00 00 00 00 00 00 ]]
[[ DATA: 00 00 00 00 00 00 00 00 00 00 00 00 00 00 00 00 00 00 00 00 ]]
[[ DATA: 00 00 00 00 00 00 00 00 00 00 00 00 00 00 00 00 00 00 00 00 ]]
[[ DATA: 00 00 00 00 00 00 00 00 00 00 00 00 00 00 00 00 00 00 00 00 ]]
[[ DATA: 00 00 00 00 00 00 00 00 00 00 00 00 00 00 00 00 00 00 00 00 ]]
[[ DATA: 00 00 00 00 00 00 00 00 00 00 00 00 00 00 00 00 00 00 00 00 ]]
[[ DATA: 00 00 00 00 00 00 00 00 00 00 00 00 00 00 00 00 00 00 00 00 ]]
[[ DATA: 00 00 00 00 00 00 00 00 00 00 00 00 00 00 00 00 00 00 00 00 ]]
[[ DATA: 00 00 00 00 00 00 00 00 00 00 00 00 00 00 00 00 00 00 00 00 ]]
[[ DATA: 00 00 00 00 00 00 00 00 00 00 00 00 00 00 00 00 00 00 00 00 ]]
[[ DATA: 00 00 00 00 00 00 00 00 00 00 00 00 00 00 00 00 00 00 00 00 ]]
[[ DATA: 00 00 00 00 00 00 00 00 00 00 00 00 00 00 00 00 00 00 00 00 ]]
[[ DATA: 00 00 00 00 00 00 00 00 00 00 00 00 00 00 00 00 00 00 00 00 ]]
[[ DATA: 00 00 00 00 00 00 00 00 00 00 00 00 00 00 00 00 00 00 00 00 ]]
[[ DATA: 00 00 00 00 00 00 00 00 00 00 00 00 00 00 00 00 00 00 00 00 ]]
[[ DATA: 00 00 00 00 00 00 00 00 00 00 00 00 00 00 00 00 00 00 00 00 ]]
[[ DATA: 00 00 00 00 00 00 00 00 00 00 00 00 00 00 00 00 00 00 00 00 ]]
[[ DATA: 00 00 00 00 00 00 00 00 00 00 00 00 00 00 00 00 00 00 00 00 ]]
[[ DATA: 00 00 00 00 00 00 00 00 00 00 00 00 00 00 00 00 00 00 00 00 ]]
[[ DATA: 00 00 00 00 00 00 00 00 00 00 00 00 00 00 00 00 00 00 00 00 ]]
[[ DATA: 00 00 00 00 00 00 00 00 00 00 00 00 00 00 00 00 00 00 00 00 ]]
[[ DATA: 00 00 00 00 00 00 00 00 00 00 00 00 00 00 00 00 00 00 00 00 ]]
[[ DATA: 00 00 00 00 00 00 00 00 00 00 00 00 00 00 00 00 00 00 00 00 ]]
[[ DATA: 00 00 00 00 00 00 00 00 00 00 00 00 00 00 00 00 00 00 00 00 ]]
[[ DATA: 00 00 00 00 00 00 00 00 00 00 00 00 00 00 00 00 00 00 00 00 ]]
[[ DATA: 00 00 00 00 00 00 00 00 00 00 00 00 00 00 00 00 00 00 00 00 ]]
[[ DATA: 00 00 00 00 00 00 00 00 00 00 00 00 00 00 00 00 00 00 00 00 ]]
[[ DATA: 00 00 00 00 00 00 00 00 00 00 00 00 00 00 00 00 00 00 00 00 ]]
[[ DATA: 00 00 00 00 00 00 00 00 00 00 00 00 00 00 00 00 00 00 00 00 ]]
[[ DATA: 00 00 00 00 00 00 00 00 00 00 00 00 00 00 00 00 00 00 00 00 ]]
[[ DATA: 00 00 00 00 00 00 00 00 00 00 00 00 00 00 00 00 00 00 00 00 ]]
[[ DATA: 00 00 00 00 00 00 00 00 00 00 00 00 00 00 00 00 00 00 00 00 ]]
[[ DATA: 00 00 00 00 00 00 00 00 00 00 00 00 00 00 00 00 00 00 00 00 ]]
[[ DATA: 00 00 00 00 00 00 00 00 00 00 00 00 00 00 00 00 00 00 00 00 ]]
[[ DATA: 00 00 00 00 00 00 00 00 00 00 00 00 00 00 00 00 00 00 00 00 ]]
[[ DATA: 00 00 00 00 00 00 00 00 00 00 00 00 00 00 00 00 00 00 00 00 ]]
[[ DATA: 00 00 00 00 00 00 00 00 00 00 00 00 00 00 00 00 00 00 00 00 ]]
[[ DATA: 00 00 00 00 00 00 00 00 00 00 00 00 00 00 00 00 00 00 00 00 ]]
[[ DATA: 00 00 00 00 00 00 00 00 00 00 00 00 00 00 00 00 00 00 00 00 ]]
[[ DATA: 00 00 00 00 00 00 00 00 00 00 00 00 00 00 00 00 00 00 00 00 ]]
[[ DATA: 00 00 00 00 00 00 00 00 00 00 00 00 00 00 00 00 00 00 00 00 ]]
[[ DATA: 00 00 00 00 00 00 00 00 00 00 00 00 00 00 00 00 00 00 00 00 ]]
[[ DATA: 00 00 00 00 00 00 00 00 00 00 00 00 00 00 00 00 00 00 00 00 ]]
[[ DATA: 00 00 00 00 00 00 00 00 00 00 00 00 00 00 00 00 00 00 00 00 ]]
[[ DATA: 00 00 00 00 00 00 00 00 00 00 00 00 00 00 00 00 00 00 00 00 ]]
[[ DATA: 00 00 00 00 00 00 00 00 00 00 00 00 D4 D3 D2 D1 ]]

[[ DevAlert Data Ended. Checksum: 37691 ]]

[[ DevAlert Data Begins ]]
[[ DATA: D1 D2 D3 D4 F0 0F 01 00 71 83 02 00 03 00 07 00 0A 00 00 00 ]]
[[ DATA: 20 00 20 00 10 00 00 00 E8 03 00 00 24 44 55 4D 4D 59 5F 53 ]]
[[ DATA: 45 53 53 49 4F 4E 5F 49 44 00 00 00 00 00 00 00 00 00 00 00 ]]
[[ DATA: 00 00 00 00 24 44 55 4D 4D 59 5F 44 45 56 49 43 45 5F 49 44 ]]
[[ DATA: 00 00 00 00 00 00 00 00 00 00 00 00 00 00 00 00 64 66 6D 5F ]]
[[ DATA: 74 72 61 63 65 2E 70 73 66 73 00 00 00 00 00 00 00 00 00 00 ]]
[[ DATA: 00 00 00 00 00 00 00 00 00 00 00 00 00 00 00 00 00 00 00 00 ]]
[[ DATA: 00 00 00 00 00 00 00 00 00 00 00 00 00 00 00 00 00 00 00 00 ]]
[[ DATA: 00 00 00 00 00 00 00 00 00 00 00 00 00 00 00 00 00 00 00 00 ]]
[[ DATA: 00 00 00 00 00 00 00 00 00 00 00 00 00 00 00 00 00 00 00 00 ]]
[[ DATA: 00 00 00 00 00 00 00 00 00 00 00 00 00 00 00 00 00 00 00 00 ]]
[[ DATA: 00 00 00 00 00 00 00 00 00 00 00 00 00 00 00 00 00 00 00 00 ]]
[[ DATA: 00 00 00 00 00 00 00 00 00 00 00 00 00 00 00 00 00 00 00 00 ]]
[[ DATA: 00 00 00 00 00 00 00 00 00 00 00 00 00 00 00 00 00 00 00 00 ]]
[[ DATA: 00 00 00 00 00 00 00 00 00 00 00 00 00 00 00 00 00 00 00 00 ]]
[[ DATA: 00 00 00 00 00 00 00 00 00 00 00 00 00 00 00 00 00 00 00 00 ]]
[[ DATA: 00 00 00 00 00 00 00 00 00 00 00 00 00 00 00 00 00 00 00 00 ]]
[[ DATA: 00 00 00 00 00 00 00 00 00 00 00 00 00 00 00 00 00 00 00 00 ]]
[[ DATA: 00 00 00 00 00 00 00 00 00 00 00 00 00 00 00 00 00 00 00 00 ]]
[[ DATA: 00 00 00 00 00 00 00 00 00 00 00 00 00 00 00 00 00 00 00 00 ]]
[[ DATA: 00 00 00 00 00 00 00 00 00 00 00 00 00 00 00 00 00 00 00 00 ]]
[[ DATA: 00 00 00 00 00 00 00 00 00 00 00 00 00 00 00 00 00 00 00 00 ]]
[[ DATA: 00 00 00 00 00 00 00 00 00 00 00 00 00 00 00 00 00 00 00 00 ]]
[[ DATA: 00 00 00 00 00 00 00 00 00 00 00 00 00 00 00 00 00 00 00 00 ]]
[[ DATA: 00 00 00 00 00 00 00 00 00 00 00 00 00 00 00 00 00 00 00 00 ]]
[[ DATA: 00 00 00 00 00 00 00 00 00 01 00 20 00 00 00 00 00 00 00 00 ]]
[[ DATA: 00 00 00 00 00 00 00 00 00 00 00 00 00 00 00 00 00 00 00 00 ]]
[[ DATA: 00 00 00 00 00 00 00 00 00 00 00 00 00 00 00 00 00 00 00 00 ]]
[[ DATA: 01 00 00 00 00 00 00 00 00 00 00 00 00 00 00 00 00 00 00 00 ]]
[[ DATA: 00 00 00 00 00 00 00 00 00 00 00 00 00 00 00 00 00 00 00 00 ]]
[[ DATA: 00 00 00 00 0C 19 00 20 00 00 00 00 00 00 00 00 00 00 00 00 ]]
[[ DATA: 00 00 00 00 41 4C 45 52 54 00 00 00 00 00 00 00 00 00 00 00 ]]
[[ DATA: 00 00 00 00 00 00 00 00 00 00 00 00 3C 19 00 20 00 00 00 00 ]]
[[ DATA: 00 00 00 00 00 00 00 00 00 00 00 00 44 46 4D 20 54 65 73 74 ]]
[[ DATA: 73 00 00 00 00 00 00 00 00 00 00 00 00 00 00 00 00 00 00 00 ]]
[[ DATA: CC 2C 00 20 00 00 00 00 00 00 00 00 00 00 00 00 00 00 00 00 ]]
[[ DATA: 54 7A 43 74 72 6C 00 00 00 00 00 00 00 00 00 00 00 00 00 00 ]]
[[ DATA: 00 00 00 00 00 00 00 00 F0 0C 00 20 FF FF FF FF 00 00 00 00 ]]
[[ DATA: 00 00 00 00 00 00 00 00 73 79 73 77 6F 72 6B 71 00 00 00 00 ]]
[[ DATA: 00 00 00 00 00 00 00 00 00 00 00 00 00 00 00 00 90 0A 00 20 ]]
[[ DATA: 0F 00 00 00 00 00 00 00 00 00 00 00 00 00 00 00 69 64 6C 65 ]]
[[ DATA: 00 00 00 00 00 00 00 00 00 00 00 00 00 00 00 00 00 00 00 00 ]]
[[ DATA: 00 00 00 00 50 0B 00 20 00 00 00 00 00 00 00 00 00 00 00 00 ]]
[[ DATA: 00 00 00 00 6D 61 69 6E 00 00 00 00 00 00 00 00 00 00 00 00 ]]
[[ DATA: 00 00 00 00 00 00 00 00 00 00 00 00 00 10 00 00 C8 05 00 00 ]]
[[ DATA: 00 00 00 00 D4 0F 00 00 01 00 00 00 00 00 00 00 D4 0F 00 00 ]]
[[ DATA: 00 00 00 00 C8 05 00 00 00 00 00 00 00 00 00 00 5C 1A 00 20 ]]
[[ DATA: 01 10 85 00 B1 B3 6F 20 50 0B 00 20 2A 10 86 00 15 DD 70 20 ]]
[[ DATA: 2C 01 00 00 37 20 87 00 C2 E6 70 20 90 0A 00 20 0F 00 00 00 ]]
[[ DATA: 30 10 88 00 6D 9D 59 21 CC 2C 00 20 37 20 89 00 D8 A7 59 21 ]]
[[ DATA: CC 2C 00 20 00 00 00 00 2B 10 8A 00 28 AB 59 21 00 00 00 00 ]]
[[ DATA: EA 20 8B 00 EF C7 59 21 CC 2C 00 20 3C 03 00 00 2A 10 8C 00 ]]
[[ DATA: 0C CA 59 21 FA 00 00 00 37 20 8D 00 C4 D2 59 21 90 0A 00 20 ]]
[[ DATA: 0F 00 00 00 30 10 8E 00 10 1A 4E 23 50 0B 00 20 37 20 8F 00 ]]
[[ DATA: CE 23 4E 23 50 0B 00 20 00 00 00 00 2B 10 90 00 0E 27 4E 23 ]]
[[ DATA: 00 00 00 00 92 50 91 00 18 20 4F 23 D4 D3 D2 D1 ]]

[[ DevAlert Data Ended. Checksum: 61565 ]]

[[ DevAlert Data Begins ]]
[[ DATA: D1 D2 D3 D4 F0 0F 01 00 71 83 02 00 04 00 07 00 0A 00 00 00 ]]
[[ DATA: 20 00 20 00 10 00 00 00 E8 03 00 00 24 44 55 4D 4D 59 5F 53 ]]
[[ DATA: 45 53 53 49 4F 4E 5F 49 44 00 00 00 00 00 00 00 00 00 00 00 ]]
[[ DATA: 00 00 00 00 24 44 55 4D 4D 59 5F 44 45 56 49 43 45 5F 49 44 ]]
[[ DATA: 00 00 00 00 00 00 00 00 00 00 00 00 00 00 00 00 64 66 6D 5F ]]
[[ DATA: 74 72 61 63 65 2E 70 73 66 73 00 00 3C 19 00 20 FA 03 00 00 ]]
[[ DATA: 54 25 75 20 42 45 47 49 4E 00 44 46 6A 10 92 00 D2 23 4F 23 ]]
[[ DATA: D8 00 00 20 10 30 93 00 94 7C 4F 23 C0 09 00 20 00 06 00 00 ]]
[[ DATA: 01 00 00 00 5D 11 94 00 18 7F 4F 23 C0 09 00 20 30 10 95 00 ]]
[[ DATA: 16 82 4F 23 C0 09 00 20 67 30 96 00 57 85 4F 23 D8 00 00 20 ]]
[[ DATA: 10 27 00 00 00 00 00 00 37 20 97 00 91 90 4F 23 C0 09 00 20 ]]
[[ DATA: 01 00 00 00 92 70 98 00 84 C2 4F 23 3C 19 00 20 00 06 00 00 ]]
[[ DATA: 54 31 30 31 38 20 53 54 41 43 4B 20 73 69 7A 65 3D 25 75 00 ]]
[[ DATA: 92 80 99 00 6B C6 4F 23 3C 19 00 20 B4 05 00 00 54 31 30 31 ]]
[[ DATA: 38 20 53 54 41 43 4B 20 75 6E 75 73 65 64 3D 25 75 00 54 65 ]]
[[ DATA: 91 A0 9A 00 85 08 50 23 0C 19 00 20 54 65 73 74 20 31 30 31 ]]
[[ DATA: 38 20 61 74 20 74 65 73 74 5F 62 6F 75 6E 64 61 72 69 65 73 ]]
[[ DATA: 2E 63 3A 35 31 00 00 00 30 10 9B 00 1F 45 25 24 CC 2C 00 20 ]]
[[ DATA: 37 20 9C 00 83 54 25 24 CC 2C 00 20 00 00 00 00 2B 10 9D 00 ]]
[[ DATA: D0 57 25 24 00 00 00 00 EA 20 9E 00 5A 83 25 24 C0 09 00 20 ]]
[[ DATA: 14 05 00 00 2A 10 9F 00 77 85 25 24 FA 00 00 00 37 20 A0 00 ]]
[[ DATA: EC 92 25 24 C0 09 00 20 01 00 00 00 51 20 A1 00 67 BE 25 24 ]]
[[ DATA: D8 00 00 20 00 00 00 00 30 10 A2 00 6F C1 25 24 50 0B 00 20 ]]
[[ DATA: 37 20 A3 00 A3 C9 25 24 50 0B 00 20 00 00 00 00 61 30 A4 00 ]]
[[ DATA: 2C CC 25 24 D8 00 00 20 00 00 00 00 00 00 00 00 2A 10 A5 00 ]]
[[ DATA: 0F 1B 33 24 2C 01 00 00 37 20 A6 00 4C 25 33 24 C0 09 00 20 ]]
[[ DATA: 01 00 00 00 20 10 A7 00 78 2E 33 24 C0 09 00 20 37 20 A8 00 ]]
[[ DATA: 89 34 33 24 90 0A 00 20 0F 00 00 00 30 10 A9 00 04 BD 89 26 ]]
[[ DATA: CC 2C 00 20 37 20 AA 00 CB C6 89 26 CC 2C 00 20 00 00 00 00 ]]
[[ DATA: 2B 10 AB 00 0B CA 89 26 00 00 00 00 EA 20 AC 00 87 DE 89 26 ]]
[[ DATA: 50 0B 00 20 34 02 00 00 2A 10 AD 00 9E E0 89 26 FA 00 00 00 ]]
[[ DATA: 37 20 AE 00 5C E9 89 26 90 0A 00 20 0F 00 00 00 30 10 AF 00 ]]
[[ DATA: 07 04 10 27 50 0B 00 20 37 20 B0 00 35 0E 10 27 50 0B 00 20 ]]
[[ DATA: 00 00 00 00 2B 10 B1 00 75 11 10 27 00 00 00 00 92 50 B2 00 ]]
[[ DATA: 87 0A 11 27 3C 19 00 20 FB 03 00 00 54 25 75 20 42 45 47 49 ]]
[[ DATA: 4E 00 44 46 92 C0 B3 00 04 A2 12 27 3C 19 00 20 0A 00 00 00 ]]
[[ DATA: 54 31 30 31 39 41 20 4D 53 47 20 63 68 61 72 73 3D 25 75 20 ]]
[[ DATA: 66 6F 72 6D 61 74 74 65 64 5F 6D 61 78 3D 34 39 00 54 31 30 ]]
[[ DATA: 91 A0 B4 00 FB E6 12 27 0C 19 00 20 54 65 73 74 20 31 30 31 ]]
[[ DATA: 39 41 20 61 74 20 74 65 73 74 5F 62 6F 75 6E 64 61 72 69 65 ]]
[[ DATA: 73 2E 63 3A 31 30 30 00 91 A0 B5 00 C3 9A 2C 28 3C 19 00 20 ]]
[[ DATA: 54 31 30 31 39 42 20 52 45 54 55 52 4E 20 66 69 72 73 74 20 ]]
[[ DATA: 74 72 61 70 20 63 6F 6D 70 6C 65 74 65 64 00 54 91 A0 B6 00 ]]
[[ DATA: A5 DE 2C 28 0C 19 00 20 54 65 73 74 20 31 30 31 39 42 20 61 ]]
[[ DATA: 74 20 74 65 73 74 5F 62 6F 75 6E 64 61 72 69 65 73 2E 63 3A ]]
[[ DATA: 31 30 33 00 30 10 B7 00 B5 6E 2A 29 CC 2C 00 20 2A 10 B8 00 ]]
[[ DATA: 72 94 2B 29 2C 01 00 00 37 20 B9 00 B5 A2 2B 29 CC 2C 00 20 ]]
[[ DATA: 00 00 00 00 2B 10 BA 00 FF A5 2B 29 00 00 00 00 EA 20 BB 00 ]]
[[ DATA: 89 B0 2B 29 90 0A 00 20 F4 00 00 00 2A 10 BC 00 A1 B2 2B 29 ]]
[[ DATA: FA 00 00 00 37 20 BD 00 72 BC 2B 29 90 0A 00 20 0F 00 00 00 ]]
[[ DATA: 30 10 BE 00 FE 5B 90 2B CC 2C 00 20 37 20 BF 00 BC 65 90 2B ]]
[[ DATA: CC 2C 00 20 00 00 00 00 2B 10 C0 00 FC 68 90 2B 00 00 00 00 ]]
[[ DATA: EA 20 C1 00 70 83 90 2B F0 0C 00 20 F4 02 00 00 2A 10 C2 00 ]]
[[ DATA: 87 85 90 2B FA 00 00 00 37 20 C3 00 3F 8E 90 2B 90 0A 00 20 ]]
[[ DATA: 0F 00 00 00 30 10 C4 00 07 6E 0A 2C 50 0B 00 20 37 20 C5 00 ]]
[[ DATA: 35 78 0A 2C 50 0B 00 20 00 00 00 00 D4 D3 D2 D1 ]]

[[ DevAlert Data Ended. Checksum: 7534 ]]

[[ DevAlert Data Begins ]]
[[ DATA: D1 D2 D3 D4 F0 0F 01 00 71 83 02 00 05 00 07 00 0A 00 00 00 ]]
[[ DATA: 20 00 20 00 10 00 00 00 E8 03 00 00 24 44 55 4D 4D 59 5F 53 ]]
[[ DATA: 45 53 53 49 4F 4E 5F 49 44 00 00 00 00 00 00 00 00 00 00 00 ]]
[[ DATA: 00 00 00 00 24 44 55 4D 4D 59 5F 44 45 56 49 43 45 5F 49 44 ]]
[[ DATA: 00 00 00 00 00 00 00 00 00 00 00 00 00 00 00 00 64 66 6D 5F ]]
[[ DATA: 74 72 61 63 65 2E 70 73 66 73 00 00 2B 10 C6 00 75 7B 0A 2C ]]
[[ DATA: 00 00 00 00 92 50 C7 00 79 74 0B 2C 3C 19 00 20 FD 03 00 00 ]]
[[ DATA: 54 25 75 20 42 45 47 49 4E 00 44 46 6A 10 C8 00 41 78 0B 2C ]]
[[ DATA: EC 00 00 20 04 20 C9 00 99 7C 0B 2C 50 0B 00 20 05 00 00 00 ]]
[[ DATA: 92 90 CA 00 50 80 0B 2C 3C 19 00 20 05 00 00 00 54 31 30 32 ]]
[[ DATA: 31 20 44 41 54 41 20 63 75 72 72 65 6E 74 5F 70 72 69 6F 3D ]]
[[ DATA: 25 64 00 54 92 80 CB 00 97 84 0B 2C 3C 19 00 20 00 00 00 00 ]]
[[ DATA: 54 31 30 32 31 20 44 41 54 41 20 68 69 67 68 5F 70 72 69 6F ]]
[[ DATA: 3D 25 64 00 10 30 CC 00 F3 C1 0B 2C 00 01 00 20 00 04 00 00 ]]
[[ DATA: 00 00 00 00 5D 11 CD 00 77 C4 0B 2C 00 01 00 20 30 10 CE 00 ]]
[[ DATA: 75 C7 0B 2C 00 01 00 20 91 E0 CF 00 9F CC 0B 2C 3C 19 00 20 ]]
[[ DATA: 54 31 30 32 31 41 20 53 54 41 54 45 20 68 69 67 68 20 74 68 ]]
[[ DATA: 72 65 61 64 20 72 65 61 64 79 3B 20 73 63 68 65 64 75 6C 65 ]]
[[ DATA: 72 20 6C 6F 63 6B 65 64 00 54 65 73 91 A0 D0 00 25 12 0C 2C ]]
[[ DATA: 0C 19 00 20 54 65 73 74 20 31 30 32 31 41 20 61 74 20 74 65 ]]
[[ DATA: 73 74 5F 63 6F 6E 74 65 78 74 73 2E 63 3A 32 34 36 00 33 00 ]]
[[ DATA: 00 00 00 00 92 50 57 00 6D F0 96 11 3C 19 00 20 F6 03 00 00 ]]
[[ DATA: 54 25 75 20 42 45 47 49 4E 00 44 46 92 70 58 00 77 F4 96 11 ]]
[[ DATA: 3C 19 00 20 01 00 00 00 54 31 30 31 34 20 41 52 47 53 20 61 ]]
[[ DATA: 30 3D 25 75 00 54 31 30 92 70 59 00 20 F8 96 11 3C 19 00 20 ]]
[[ DATA: 06 00 00 00 54 31 30 31 34 20 41 52 47 53 20 61 35 3D 25 75 ]]
[[ DATA: 00 54 65 73 91 A0 5A 00 B0 FC 96 11 3C 19 00 20 54 31 30 31 ]]
[[ DATA: 34 20 50 41 54 48 20 70 75 62 6C 69 63 5F 61 70 69 20 2D 3E ]]
[[ DATA: 20 73 65 72 76 69 63 65 00 54 31 30 91 90 5B 00 2A 01 97 11 ]]
[[ DATA: 3C 19 00 20 54 31 30 31 34 20 50 41 54 48 20 73 65 72 76 69 ]]
[[ DATA: 63 65 20 2D 3E 20 74 72 61 70 5F 73 69 74 65 00 91 A0 5C 00 ]]
[[ DATA: 40 48 97 11 0C 19 00 20 54 65 73 74 20 31 30 31 34 20 61 74 ]]
[[ DATA: 20 74 65 73 74 5F 63 61 6C 6C 5F 63 68 61 69 6E 73 2E 63 3A ]]
[[ DATA: 33 32 00 00 30 10 5D 00 DA FA 1C 12 CC 2C 00 20 2A 10 5E 00 ]]
[[ DATA: 77 20 1E 12 2C 01 00 00 37 20 5F 00 AF 2E 1E 12 CC 2C 00 20 ]]
[[ DATA: 00 00 00 00 2B 10 60 00 F7 31 1E 12 00 00 00 00 EA 20 61 00 ]]
[[ DATA: B9 4E 1E 12 CC 2C 00 20 3C 03 00 00 2A 10 62 00 D1 50 1E 12 ]]
[[ DATA: FA 00 00 00 37 20 63 00 A2 5A 1E 12 90 0A 00 20 0F 00 00 00 ]]
[[ DATA: 30 10 64 00 FE 09 81 14 CC 2C 00 20 37 20 65 00 BC 13 81 14 ]]
[[ DATA: CC 2C 00 20 00 00 00 00 2B 10 66 00 FC 16 81 14 00 00 00 00 ]]
[[ DATA: EA 20 67 00 30 2D 81 14 50 0B 00 20 6C 02 00 00 2A 10 68 00 ]]
[[ DATA: 47 2F 81 14 FA 00 00 00 37 20 69 00 FF 37 81 14 90 0A 00 20 ]]
[[ DATA: 0F 00 00 00 30 10 6A 00 07 1C FB 14 50 0B 00 20 37 20 6B 00 ]]
[[ DATA: 35 26 FB 14 50 0B 00 20 00 00 00 00 2B 10 6C 00 75 29 FB 14 ]]
[[ DATA: 00 00 00 00 92 50 6D 00 F9 14 FC 14 3C 19 00 20 F8 03 00 00 ]]
[[ DATA: 54 25 75 20 42 45 47 49 4E 00 44 46 91 90 6E 00 BA 19 FC 14 ]]
[[ DATA: 3C 19 00 20 54 31 30 31 36 41 20 41 43 54 49 4F 4E 20 73 77 ]]
[[ DATA: 69 74 63 68 20 50 53 50 20 2D 3E 20 4D 53 50 00 92 70 6F 00 ]]
[[ DATA: 1C 1E FC 14 3C 19 00 20 00 00 00 00 54 31 30 31 36 41 20 43 ]]
[[ DATA: 54 58 20 49 50 53 52 3D 25 75 00 54 92 80 70 00 1A 22 FC 14 ]]
[[ DATA: 3C 19 00 20 00 00 00 00 54 31 30 31 36 41 20 43 54 58 20 43 ]]
[[ DATA: 4F 4E 54 52 4F 4C 3D 25 30 38 58 00 91 A0 71 00 6F 33 FC 14 ]]
[[ DATA: 0C 19 00 20 54 65 73 74 20 31 30 31 36 41 20 61 74 20 74 65 ]]
[[ DATA: 73 74 5F 63 6F 6E 74 65 78 74 73 2E 63 3A 31 37 32 00 00 00 ]]
[[ DATA: 92 90 72 00 5F B3 6D 1B 3C 19 00 20 00 00 00 00 54 31 30 31 ]]
[[ DATA: 36 42 20 52 45 54 55 52 4E 20 74 72 D4 D3 D2 D1 ]]

[[ DevAlert Data Ended. Checksum: 17825 ]]

[[ DevAlert Data Begins ]]
[[ DATA: D1 D2 D3 D4 F0 0F 01 00 71 83 02 00 06 00 07 00 0A 00 00 00 ]]
[[ DATA: 20 00 20 00 10 00 00 00 E8 03 00 00 24 44 55 4D 4D 59 5F 53 ]]
[[ DATA: 45 53 53 49 4F 4E 5F 49 44 00 00 00 00 00 00 00 00 00 00 00 ]]
[[ DATA: 00 00 00 00 24 44 55 4D 4D 59 5F 44 45 56 49 43 45 5F 49 44 ]]
[[ DATA: 00 00 00 00 00 00 00 00 00 00 00 00 00 00 00 00 64 66 6D 5F ]]
[[ DATA: 74 72 61 63 65 2E 70 73 66 73 00 00 61 70 5F 43 54 4C 3D 25 ]]
[[ DATA: 30 38 58 00 92 90 73 00 D1 B7 6D 1B 3C 19 00 20 02 00 00 00 ]]
[[ DATA: 54 31 30 31 36 42 20 52 45 54 55 52 4E 20 6E 6F 77 5F 43 54 ]]
[[ DATA: 4C 3D 25 30 38 58 00 4D 91 A0 74 00 12 5A 75 1B 0C 19 00 20 ]]
[[ DATA: 54 65 73 74 20 31 30 31 36 42 20 61 74 20 74 65 73 74 5F 63 ]]
[[ DATA: 6F 6E 74 65 78 74 73 2E 63 3A 32 30 31 00 00 00 2A 10 75 00 ]]
[[ DATA: A7 5E 91 1C 2C 01 00 00 37 20 76 00 EE 6C 91 1C CC 2C 00 20 ]]
[[ DATA: 00 00 00 00 2B 10 77 00 38 70 91 1C 00 00 00 00 EA 20 78 00 ]]
[[ DATA: BC 7A 91 1C 90 0A 00 20 F4 00 00 00 2A 10 79 00 D6 7C 91 1C ]]
[[ DATA: FA 00 00 00 37 20 7A 00 A7 86 91 1C 90 0A 00 20 0F 00 00 00 ]]
[[ DATA: 30 10 7B 00 17 D2 F4 1E CC 2C 00 20 37 20 7C 00 00 DC F4 1E ]]
[[ DATA: CC 2C 00 20 00 00 00 00 2B 10 7D 00 42 DF F4 1E 00 00 00 00 ]]
[[ DATA: EA 20 7E 00 B8 F9 F4 1E F0 0C 00 20 F4 02 00 00 2A 10 7F 00 ]]
[[ DATA: D1 FB F4 1E FA 00 00 00 37 20 80 00 8B 04 F5 1E 90 0A 00 20 ]]
[[ DATA: 0F 00 00 00 30 10 81 00 09 E4 6E 1F 50 0B 00 20 37 20 82 00 ]]
[[ DATA: 39 EE 6E 1F 50 0B 00 20 00 00 00 00 2B 10 83 00 7B F1 6E 1F ]]
[[ DATA: 00 00 00 00 92 50 84 00 96 EA 6F 1F 3C 19 00 20 F9 03 00 00 ]]
[[ DATA: 54 25 75 20 42 45 47 49 4E 00 44 46 00 00 00 00 00 00 00 00 ]]
[[ DATA: 00 00 00 00 00 00 00 00 00 00 00 00 00 00 00 00 00 00 00 00 ]]
[[ DATA: 00 00 00 00 00 00 00 00 00 00 00 00 00 00 00 00 00 00 00 00 ]]
[[ DATA: 00 00 00 00 00 00 00 00 00 00 00 00 00 00 00 00 00 00 00 00 ]]
[[ DATA: 00 00 00 00 00 00 00 00 00 00 00 00 00 00 00 00 00 00 00 00 ]]
[[ DATA: 00 00 00 00 00 00 00 00 00 00 00 00 00 00 00 00 00 00 00 00 ]]
[[ DATA: 00 00 00 00 00 00 00 00 00 00 00 00 00 00 00 00 00 00 00 00 ]]
[[ DATA: 00 00 00 00 00 00 00 00 00 00 00 00 00 00 00 00 00 00 00 00 ]]
[[ DATA: 00 00 00 00 00 00 00 00 00 00 00 00 00 00 00 00 00 00 00 00 ]]
[[ DATA: 00 00 00 00 00 00 00 00 00 00 00 00 00 00 00 00 00 00 00 00 ]]
[[ DATA: 00 00 00 00 00 00 00 00 00 00 00 00 00 00 00 00 00 00 00 00 ]]
[[ DATA: 00 00 00 00 00 00 00 00 00 00 00 00 00 00 00 00 00 00 00 00 ]]
[[ DATA: 00 00 00 00 00 00 00 00 00 00 00 00 00 00 00 00 00 00 00 00 ]]
[[ DATA: 00 00 00 00 00 00 00 00 00 00 00 00 00 00 00 00 00 00 00 00 ]]
[[ DATA: 00 00 00 00 00 00 00 00 00 00 00 00 00 00 00 00 00 00 00 00 ]]
[[ DATA: 00 00 00 00 00 00 00 00 00 00 00 00 00 00 00 00 00 00 00 00 ]]
[[ DATA: 00 00 00 00 00 00 00 00 00 00 00 00 00 00 00 00 00 00 00 00 ]]
[[ DATA: 00 00 00 00 00 00 00 00 00 00 00 00 00 00 00 00 00 00 00 00 ]]
[[ DATA: 00 00 00 00 00 00 00 00 00 00 00 00 00 00 00 00 00 00 00 00 ]]
[[ DATA: 00 00 00 00 00 00 00 00 00 00 00 00 00 00 00 00 00 00 00 00 ]]
[[ DATA: 00 00 00 00 00 00 00 00 00 00 00 00 00 00 00 00 00 00 00 00 ]]
[[ DATA: 00 00 00 00 00 00 00 00 00 00 00 00 00 00 00 00 00 00 00 00 ]]
[[ DATA: 00 00 00 00 00 00 00 00 00 00 00 00 00 00 00 00 00 00 00 00 ]]
[[ DATA: 00 00 00 00 00 00 00 00 00 00 00 00 00 00 00 00 00 00 00 00 ]]
[[ DATA: 00 00 00 00 00 00 00 00 00 00 00 00 00 00 00 00 00 00 00 00 ]]
[[ DATA: 00 00 00 00 00 00 00 00 00 00 00 00 00 00 00 00 00 00 00 00 ]]
[[ DATA: 00 00 00 00 00 00 00 00 00 00 00 00 00 00 00 00 00 00 00 00 ]]
[[ DATA: 00 00 00 00 00 00 00 00 00 00 00 00 00 00 00 00 00 00 00 00 ]]
[[ DATA: 00 00 00 00 00 00 00 00 00 00 00 00 00 00 00 00 00 00 00 00 ]]
[[ DATA: 00 00 00 00 00 00 00 00 00 00 00 00 00 00 00 00 00 00 00 00 ]]
[[ DATA: 00 00 00 00 00 00 00 00 00 00 00 00 00 00 00 00 00 00 00 00 ]]
[[ DATA: 00 00 00 00 00 00 00 00 00 00 00 00 00 00 00 00 00 00 00 00 ]]
[[ DATA: 00 00 00 00 00 00 00 00 00 00 00 00 00 00 00 00 00 00 00 00 ]]
[[ DATA: 00 00 00 00 00 00 00 00 00 00 00 00 D4 D3 D2 D1 ]]

[[ DevAlert Data Ended. Checksum: 1165 ]]

[[ DevAlert Data Begins ]]
[[ DATA: D1 D2 D3 D4 F0 0F 01 00 71 83 02 00 07 00 07 00 0A 00 00 00 ]]
[[ DATA: 20 00 20 00 10 00 00 00 80 03 00 00 24 44 55 4D 4D 59 5F 53 ]]
[[ DATA: 45 53 53 49 4F 4E 5F 49 44 00 00 00 00 00 00 00 00 00 00 00 ]]
[[ DATA: 00 00 00 00 24 44 55 4D 4D 59 5F 44 45 56 49 43 45 5F 49 44 ]]
[[ DATA: 00 00 00 00 00 00 00 00 00 00 00 00 00 00 00 00 64 66 6D 5F ]]
[[ DATA: 74 72 61 63 65 2E 70 73 66 73 00 00 00 00 00 00 00 00 00 00 ]]
[[ DATA: 00 00 00 00 00 00 00 00 00 00 00 00 00 00 00 00 00 00 00 00 ]]
[[ DATA: 00 00 00 00 00 00 00 00 00 00 00 00 00 00 00 00 00 00 00 00 ]]
[[ DATA: 00 00 00 00 00 00 00 00 00 00 00 00 00 00 00 00 00 00 00 00 ]]
[[ DATA: 00 00 00 00 00 00 00 00 00 00 00 00 00 00 00 00 00 00 00 00 ]]
[[ DATA: 00 00 00 00 00 00 00 00 00 00 00 00 00 00 00 00 00 00 00 00 ]]
[[ DATA: 00 00 00 00 00 00 00 00 00 00 00 00 00 00 00 00 00 00 00 00 ]]
[[ DATA: 00 00 00 00 00 00 00 00 00 00 00 00 00 00 00 00 00 00 00 00 ]]
[[ DATA: 00 00 00 00 00 00 00 00 00 00 00 00 00 00 00 00 00 00 00 00 ]]
[[ DATA: 00 00 00 00 00 00 00 00 00 00 00 00 00 00 00 00 00 00 00 00 ]]
[[ DATA: 00 00 00 00 00 00 00 00 00 00 00 00 00 00 00 00 00 00 00 00 ]]
[[ DATA: 00 00 00 00 00 00 00 00 00 00 00 00 00 00 00 00 00 00 00 00 ]]
[[ DATA: 00 00 00 00 00 00 00 00 00 00 00 00 00 00 00 00 00 00 00 00 ]]
[[ DATA: 00 00 00 00 00 00 00 00 00 00 00 00 00 00 00 00 00 00 00 00 ]]
[[ DATA: 00 00 00 00 00 00 00 00 00 00 00 00 00 00 00 00 00 00 00 00 ]]
[[ DATA: 00 00 00 00 00 00 00 00 00 00 00 00 00 00 00 00 00 00 00 00 ]]
[[ DATA: 00 00 00 00 00 00 00 00 00 00 00 00 00 00 00 00 00 00 00 00 ]]
[[ DATA: 00 00 00 00 00 00 00 00 00 00 00 00 00 00 00 00 00 00 00 00 ]]
[[ DATA: 00 00 00 00 00 00 00 00 00 00 00 00 00 00 00 00 00 00 00 00 ]]
[[ DATA: 00 00 00 00 00 00 00 00 00 00 00 00 00 00 00 00 00 00 00 00 ]]
[[ DATA: 00 00 00 00 00 00 00 00 00 00 00 00 00 00 00 00 00 00 00 00 ]]
[[ DATA: 00 00 00 00 00 00 00 00 00 00 00 00 00 00 00 00 00 00 00 00 ]]
[[ DATA: 00 00 00 00 00 00 00 00 00 00 00 00 00 00 00 00 00 00 00 00 ]]
[[ DATA: 00 00 00 00 00 00 00 00 00 00 00 00 00 00 00 00 00 00 00 00 ]]
[[ DATA: 00 00 00 00 00 00 00 00 00 00 00 00 00 00 00 00 00 00 00 00 ]]
[[ DATA: 00 00 00 00 00 00 00 00 00 00 00 00 00 00 00 00 00 00 00 00 ]]
[[ DATA: 00 00 00 00 00 00 00 00 00 00 00 00 00 00 00 00 00 00 00 00 ]]
[[ DATA: 00 00 00 00 00 00 00 00 00 00 00 00 00 00 00 00 00 00 00 00 ]]
[[ DATA: 00 00 00 00 00 00 00 00 00 00 00 00 00 00 00 00 00 00 00 00 ]]
[[ DATA: 00 00 00 00 00 00 00 00 00 00 00 00 00 00 00 00 00 00 00 00 ]]
[[ DATA: 00 00 00 00 00 00 00 00 00 00 00 00 00 00 00 00 00 00 00 00 ]]
[[ DATA: 00 00 00 00 00 00 00 00 00 00 00 00 00 00 00 00 00 00 00 00 ]]
[[ DATA: 00 00 00 00 00 00 00 00 00 00 00 00 00 00 00 00 00 00 00 00 ]]
[[ DATA: 00 00 00 00 00 00 00 00 00 00 00 00 00 00 00 00 00 00 00 00 ]]
[[ DATA: 00 00 00 00 00 00 00 00 00 00 00 00 00 00 00 00 00 00 00 00 ]]
[[ DATA: 00 00 00 00 00 00 00 00 00 00 00 00 00 00 00 00 00 00 00 00 ]]
[[ DATA: 00 00 00 00 00 00 00 00 00 00 00 00 00 00 00 00 00 00 00 00 ]]
[[ DATA: 00 00 00 00 00 00 00 00 00 00 00 00 00 00 00 00 00 00 00 00 ]]
[[ DATA: 00 00 00 00 00 00 00 00 00 00 00 00 00 00 00 00 00 00 00 00 ]]
[[ DATA: 00 00 00 00 00 00 00 00 00 00 00 00 00 00 00 00 00 00 00 00 ]]
[[ DATA: 00 00 00 00 00 00 00 00 00 00 00 00 00 00 00 00 00 00 00 00 ]]
[[ DATA: 00 00 00 00 00 00 00 00 00 00 00 00 00 00 00 00 00 00 00 00 ]]
[[ DATA: 00 00 00 00 00 00 00 00 00 00 00 00 00 00 00 00 00 00 00 00 ]]
[[ DATA: 00 00 00 00 00 00 00 00 00 00 00 00 00 00 00 00 00 00 00 00 ]]
[[ DATA: 00 00 00 00 00 00 00 00 00 00 00 00 0A 0B 0C 0D 71 72 73 74 ]]
[[ DATA: F1 F2 F3 F4 00 00 00 00 D4 D3 D2 D1 ]]

[[ DevAlert Data Ended. Checksum: 42249 ]]
DFMT:CHECK:1021:PASS:OUTER_LOCK_PRESERVED
DFMT:CHECK:1021:PASS:HIGH_THREAD_RAN_AFTER_UNLOCK

[[ DevAlert Data Begins ]]
[[ DATA: D1 D2 D3 D4 F0 0F 01 00 12 15 00 00 01 00 01 00 0B 00 00 00 ]]
[[ DATA: 20 00 20 00 68 00 00 00 0C 01 00 00 24 44 55 4D 4D 59 5F 53 ]]
[[ DATA: 45 53 53 49 4F 4E 5F 49 44 00 00 00 00 00 00 00 00 00 00 00 ]]
[[ DATA: 00 00 00 00 24 44 55 4D 4D 59 5F 44 45 56 49 43 45 5F 49 44 ]]
[[ DATA: 00 00 00 00 00 00 00 00 00 00 00 00 00 00 00 00 54 65 73 74 ]]
[[ DATA: 20 31 30 32 31 42 20 61 74 20 74 65 73 74 5F 63 6F 6E 74 65 ]]
[[ DATA: 78 74 73 2E 63 3A 32 36 34 00 33 00 00 00 00 00 00 00 00 00 ]]
[[ DATA: 00 00 00 00 00 00 00 00 00 00 00 00 00 00 00 00 00 00 00 00 ]]
[[ DATA: 00 00 00 00 00 00 00 00 00 00 00 00 00 00 00 00 00 00 00 00 ]]
[[ DATA: 00 00 00 00 00 00 00 00 00 00 00 00 00 00 00 00 00 00 00 00 ]]
[[ DATA: 50 44 66 6D F0 0F 03 48 08 04 68 00 01 00 00 00 FD 03 00 00 ]]
[[ DATA: 01 00 00 00 A5 01 00 00 07 00 00 00 E0 53 00 20 02 00 00 00 ]]
[[ DATA: 28 06 00 00 04 00 00 00 08 01 00 00 00 00 00 00 00 00 00 00 ]]
[[ DATA: 00 00 00 00 00 00 00 00 00 00 00 00 00 00 00 00 00 00 00 00 ]]
[[ DATA: 00 00 00 00 42 75 69 6C 64 2D 4D 33 2D 4F 73 00 00 00 00 00 ]]
[[ DATA: 00 00 00 00 00 00 00 00 00 00 00 00 00 00 00 00 00 00 00 00 ]]
[[ DATA: 00 00 00 00 00 00 00 00 00 00 00 00 00 00 00 00 00 00 00 00 ]]
[[ DATA: 00 00 00 00 00 00 00 00 00 00 00 00 00 00 00 00 54 65 73 74 ]]
[[ DATA: 20 31 30 32 31 42 20 61 74 20 74 65 73 74 5F 63 6F 6E 74 65 ]]
[[ DATA: 78 74 73 2E 63 3A 32 36 34 00 33 00 00 00 00 00 00 00 00 00 ]]
[[ DATA: 00 00 00 00 00 00 00 00 00 00 00 00 00 00 00 00 00 00 00 00 ]]
[[ DATA: 00 00 00 00 00 00 00 00 00 00 00 00 00 00 00 00 00 00 00 00 ]]
[[ DATA: 00 00 00 00 00 00 00 00 00 00 00 00 00 00 00 00 00 00 00 00 ]]
[[ DATA: 6D 66 44 50 00 00 00 00 D4 D3 D2 D1 ]]

[[ DevAlert Data Ended. Checksum: 43770 ]]

[[ DevAlert Data Begins ]]
[[ DATA: D1 D2 D3 D4 F0 0F 01 00 18 46 01 00 01 00 01 00 0B 00 00 00 ]]
[[ DATA: 20 00 20 00 10 00 00 00 24 00 00 00 24 44 55 4D 4D 59 5F 53 ]]
[[ DATA: 45 53 53 49 4F 4E 5F 49 44 00 00 00 00 00 00 00 00 00 00 00 ]]
[[ DATA: 00 00 00 00 24 44 55 4D 4D 59 5F 44 45 56 49 43 45 5F 49 44 ]]
[[ DATA: 00 00 00 00 00 00 00 00 00 00 00 00 00 00 00 00 74 72 61 70 ]]
[[ DATA: 2E 7A 70 72 00 2E 70 73 66 73 00 00 50 44 61 50 F0 0F 03 10 ]]
[[ DATA: 1B 02 00 00 74 72 61 70 2E 7A 70 72 00 00 00 00 00 00 00 00 ]]
[[ DATA: 50 61 44 50 00 00 00 00 D4 D3 D2 D1 ]]

[[ DevAlert Data Ended. Checksum: 8238 ]]

[[ DevAlert Data Begins ]]
[[ DATA: D1 D2 D3 D4 F0 0F 01 00 71 83 01 00 01 00 01 00 0B 00 00 00 ]]
[[ DATA: 20 00 20 00 10 00 00 00 1B 02 00 00 24 44 55 4D 4D 59 5F 53 ]]
[[ DATA: 45 53 53 49 4F 4E 5F 49 44 00 00 00 00 00 00 00 00 00 00 00 ]]
[[ DATA: 00 00 00 00 24 44 55 4D 4D 59 5F 44 45 56 49 43 45 5F 49 44 ]]
[[ DATA: 00 00 00 00 00 00 00 00 00 00 00 00 00 00 00 00 74 72 61 70 ]]
[[ DATA: 2E 7A 70 72 00 2E 70 73 66 73 00 00 5A 45 02 00 03 00 05 00 ]]
[[ DATA: 0D D0 00 00 41 03 00 4C 00 32 00 00 00 32 E4 00 08 00 00 00 ]]
[[ DATA: 00 00 00 00 00 19 E4 00 08 AF 87 00 08 EE 81 00 08 00 00 00 ]]
[[ DATA: 29 E0 53 00 20 08 0E 00 20 00 00 00 00 C4 38 00 20 00 00 00 ]]
[[ DATA: 00 01 00 00 00 0C EA 00 08 50 0B 00 20 00 00 00 00 01 00 00 ]]
[[ DATA: 00 30 00 00 00 4D 01 00 50 0B 00 20 10 0C 00 20 84 38 00 20 ]]
[[ DATA: 84 38 00 20 00 00 00 00 01 00 00 FF 80 00 00 00 00 00 00 00 ]]
[[ DATA: 00 00 00 00 00 00 00 00 00 00 00 00 00 00 00 00 19 A3 00 08 ]]
[[ DATA: 00 00 00 00 00 00 00 00 50 38 00 20 C4 38 00 20 40 E0 00 08 ]]
[[ DATA: 01 00 00 00 0C EA 00 08 50 0B 00 20 00 00 00 00 D0 53 00 20 ]]
[[ DATA: 00 00 00 00 A8 0B 00 20 A8 0B 00 20 05 8A 00 08 00 00 00 00 ]]
[[ DATA: 00 00 00 00 00 00 00 00 00 00 00 00 6D 61 69 6E 00 00 00 00 ]]
[[ DATA: 00 00 00 00 00 00 00 00 00 00 00 00 00 00 00 00 00 00 00 00 ]]
[[ DATA: 00 00 00 00 C8 50 00 20 00 04 00 00 10 00 00 00 00 00 00 00 ]]
[[ DATA: B8 54 00 20 00 00 00 00 00 00 00 00 00 00 00 00 00 00 00 00 ]]
[[ DATA: 00 00 00 00 F5 FF FF FF 4D 01 00 E0 53 00 20 C8 54 00 20 32 ]]
[[ DATA: 00 00 00 32 E4 00 08 08 01 00 00 00 00 00 00 50 38 00 20 ED ]]
[[ DATA: 21 00 08 00 00 00 00 00 00 00 00 00 00 00 00 00 00 00 00 00 ]]
[[ DATA: 00 00 00 61 69 00 08 00 00 00 00 00 00 00 00 FC E6 00 08 FC ]]
[[ DATA: E6 00 08 10 E1 00 08 00 00 00 00 40 E0 00 08 D0 0D 00 20 FD ]]
[[ DATA: 03 00 00 FF FF FF FF FF FF FF FF 39 14 00 08 06 00 00 00 02 ]]
[[ DATA: 00 00 00 5D E7 8F 09 0D 00 00 00 FD 03 00 00 02 00 00 00 02 ]]
[[ DATA: 00 00 00 00 00 00 00 00 00 00 00 00 FE D0 D5 00 00 00 00 54 ]]
[[ DATA: DF 00 08 54 DF 00 08 54 DF 00 08 00 00 00 00 00 00 00 00 08 ]]
[[ DATA: 00 00 00 F7 8A 00 08 AA AA AA AA AA AA AA AA AA AA AA AA AA ]]
[[ DATA: AA AA AA 05 8A 00 08 00 00 00 00 B8 54 00 20 05 8A 00 08 00 ]]
[[ DATA: 00 00 00 87 2B 00 08 00 00 00 00 B9 36 00 08 AA AA AA AA AA ]]
[[ DATA: AA AA AA 50 0B 00 20 00 00 00 00 D4 D3 D2 D1 ]]

[[ DevAlert Data Ended. Checksum: 18991 ]]

[[ DevAlert Data Begins ]]
[[ DATA: D1 D2 D3 D4 F0 0F 01 00 18 46 02 00 01 00 01 00 0B 00 00 00 ]]
[[ DATA: 20 00 20 00 10 00 00 00 24 00 00 00 24 44 55 4D 4D 59 5F 53 ]]
[[ DATA: 45 53 53 49 4F 4E 5F 49 44 00 00 00 00 00 00 00 00 00 00 00 ]]
[[ DATA: 00 00 00 00 24 44 55 4D 4D 59 5F 44 45 56 49 43 45 5F 49 44 ]]
[[ DATA: 00 00 00 00 00 00 00 00 00 00 00 00 00 00 00 00 64 66 6D 5F ]]
[[ DATA: 74 72 61 63 65 2E 70 73 66 73 00 00 50 44 61 50 F0 0F 03 10 ]]
[[ DATA: F0 1A 00 00 64 66 6D 5F 74 72 61 63 65 2E 70 73 66 73 00 00 ]]
[[ DATA: 50 61 44 50 00 00 00 00 D4 D3 D2 D1 ]]

[[ DevAlert Data Ended. Checksum: 44868 ]]

[[ DevAlert Data Begins ]]
[[ DATA: D1 D2 D3 D4 F0 0F 01 00 71 83 02 00 01 00 07 00 0B 00 00 00 ]]
[[ DATA: 20 00 20 00 10 00 00 00 E8 03 00 00 24 44 55 4D 4D 59 5F 53 ]]
[[ DATA: 45 53 53 49 4F 4E 5F 49 44 00 00 00 00 00 00 00 00 00 00 00 ]]
[[ DATA: 00 00 00 00 24 44 55 4D 4D 59 5F 44 45 56 49 43 45 5F 49 44 ]]
[[ DATA: 00 00 00 00 00 00 00 00 00 00 00 00 00 00 00 00 64 66 6D 5F ]]
[[ DATA: 74 72 61 63 65 2E 70 73 66 73 00 00 30 1A 00 20 00 00 00 00 ]]
[[ DATA: 05 06 07 08 75 76 77 78 F5 F6 F7 F8 00 46 53 50 0E 00 A9 9A ]]
[[ DATA: 00 00 00 00 01 03 00 00 00 00 00 00 00 00 03 04 5A 65 70 68 ]]
[[ DATA: 79 72 00 00 01 00 00 00 00 71 02 00 00 68 89 09 00 00 00 00 ]]
[[ DATA: E8 03 00 00 0F 1B 34 2D 00 00 00 00 38 00 00 00 1C 00 00 00 ]]
[[ DATA: 03 00 00 00 AC 0F 00 20 63 00 04 04 88 01 00 00 3A 01 00 00 ]]
[[ DATA: 00 00 00 40 73 79 73 63 61 6C 6C 73 00 00 00 00 00 00 00 00 ]]
[[ DATA: 00 00 00 00 00 00 00 00 00 00 00 00 00 00 00 00 00 00 00 00 ]]
[[ DATA: 00 00 00 00 00 00 00 00 00 00 00 00 00 00 00 00 00 00 00 00 ]]
[[ DATA: 00 00 00 00 00 00 00 00 00 00 00 00 00 00 00 00 00 00 00 00 ]]
[[ DATA: 00 00 00 00 00 00 00 00 00 00 00 00 00 00 00 00 00 00 00 00 ]]
[[ DATA: 00 00 00 00 00 00 00 00 00 00 00 00 00 00 00 00 00 00 00 00 ]]
[[ DATA: 00 00 00 00 00 00 00 00 00 00 00 00 00 00 00 00 00 00 00 00 ]]
[[ DATA: 00 00 00 00 00 00 00 00 00 00 00 00 00 00 00 00 00 00 00 00 ]]
[[ DATA: 00 00 00 00 00 00 00 00 00 00 00 00 00 00 00 00 00 00 00 00 ]]
[[ DATA: 00 00 00 00 00 00 00 00 00 00 00 00 00 00 00 00 00 00 00 00 ]]
[[ DATA: 00 00 00 00 00 00 00 00 00 00 00 00 00 00 00 00 00 00 00 00 ]]
[[ DATA: 00 00 00 00 00 00 00 00 00 00 00 00 00 00 00 00 00 00 00 00 ]]
[[ DATA: 00 00 00 00 00 00 00 00 00 00 00 00 00 00 00 00 00 00 00 00 ]]
[[ DATA: 00 00 00 00 00 00 00 00 00 00 00 00 00 00 00 00 00 00 00 00 ]]
[[ DATA: 00 00 00 00 00 00 00 00 00 00 00 00 00 00 00 00 00 00 00 00 ]]
[[ DATA: 00 00 00 00 00 00 00 00 00 00 00 00 00 00 00 00 00 00 00 00 ]]
[[ DATA: 00 00 00 00 00 00 00 00 00 00 00 00 00 00 00 00 00 00 00 00 ]]
[[ DATA: 00 00 00 00 00 00 00 00 00 00 00 00 00 00 00 00 00 00 00 00 ]]
[[ DATA: 00 00 00 00 00 00 00 00 00 00 00 00 00 00 00 00 00 00 00 00 ]]
[[ DATA: 00 00 00 00 00 00 00 00 00 00 00 00 00 00 00 00 00 00 00 00 ]]
[[ DATA: 00 00 00 00 00 00 00 00 00 00 00 00 00 00 00 00 00 00 00 00 ]]
[[ DATA: 00 00 00 00 00 00 00 00 00 00 00 00 00 00 00 00 00 00 00 00 ]]
[[ DATA: 00 00 00 00 00 00 00 00 00 00 00 00 00 00 00 00 00 00 00 00 ]]
[[ DATA: 00 00 00 00 00 00 00 00 00 00 00 00 00 00 00 00 00 00 00 00 ]]
[[ DATA: 00 00 00 00 00 00 00 00 00 00 00 00 00 00 00 00 00 00 00 00 ]]
[[ DATA: 00 00 00 00 00 00 00 00 00 00 00 00 00 00 00 00 00 00 00 00 ]]
[[ DATA: 00 00 00 00 00 00 00 00 00 00 00 00 00 00 00 00 00 00 00 00 ]]
[[ DATA: 00 00 00 00 00 00 00 00 00 00 00 00 00 00 00 00 00 00 00 00 ]]
[[ DATA: 00 00 00 00 00 00 00 00 00 00 00 00 00 00 00 00 00 00 00 00 ]]
[[ DATA: 00 00 00 00 00 00 00 00 00 00 00 00 00 00 00 00 00 00 00 00 ]]
[[ DATA: 00 00 00 00 00 00 00 00 00 00 00 00 00 00 00 00 00 00 00 00 ]]
[[ DATA: 00 00 00 00 00 00 00 00 00 00 00 00 00 00 00 00 00 00 00 00 ]]
[[ DATA: 00 00 00 00 00 00 00 00 00 00 00 00 00 00 00 00 00 00 00 00 ]]
[[ DATA: 00 00 00 00 00 00 00 00 00 00 00 00 00 00 00 00 00 00 00 00 ]]
[[ DATA: 00 00 00 00 00 00 00 00 00 00 00 00 00 00 00 00 00 00 00 00 ]]
[[ DATA: 00 00 00 00 00 00 00 00 00 00 00 00 00 00 00 00 00 00 00 00 ]]
[[ DATA: 00 00 00 00 00 00 00 00 00 00 00 00 00 00 00 00 00 00 00 00 ]]
[[ DATA: 00 00 00 00 00 00 00 00 00 00 00 00 00 00 00 00 00 00 00 00 ]]
[[ DATA: 00 00 00 00 00 00 00 00 00 00 00 00 00 00 00 00 00 00 00 00 ]]
[[ DATA: 00 00 00 00 00 00 00 00 00 00 00 00 00 00 00 00 00 00 00 00 ]]
[[ DATA: 00 00 00 00 00 00 00 00 00 00 00 00 00 00 00 00 00 00 00 00 ]]
[[ DATA: 00 00 00 00 00 00 00 00 00 00 00 00 00 00 00 00 00 00 00 00 ]]
[[ DATA: 00 00 00 00 00 00 00 00 00 00 00 00 00 00 00 00 00 00 00 00 ]]
[[ DATA: 00 00 00 00 00 00 00 00 00 00 00 00 00 00 00 00 00 00 00 00 ]]
[[ DATA: 00 00 00 00 00 00 00 00 00 00 00 00 D4 D3 D2 D1 ]]

[[ DevAlert Data Ended. Checksum: 60626 ]]

[[ DevAlert Data Begins ]]
[[ DATA: D1 D2 D3 D4 F0 0F 01 00 71 83 02 00 02 00 07 00 0B 00 00 00 ]]
[[ DATA: 20 00 20 00 10 00 00 00 E8 03 00 00 24 44 55 4D 4D 59 5F 53 ]]
[[ DATA: 45 53 53 49 4F 4E 5F 49 44 00 00 00 00 00 00 00 00 00 00 00 ]]
[[ DATA: 00 00 00 00 24 44 55 4D 4D 59 5F 44 45 56 49 43 45 5F 49 44 ]]
[[ DATA: 00 00 00 00 00 00 00 00 00 00 00 00 00 00 00 00 64 66 6D 5F ]]
[[ DATA: 74 72 61 63 65 2E 70 73 66 73 00 00 00 00 00 00 00 00 00 00 ]]
[[ DATA: 00 00 00 00 00 00 00 00 00 00 00 00 00 00 00 00 00 00 00 00 ]]
[[ DATA: 00 00 00 00 00 00 00 00 00 00 00 00 00 00 00 00 00 00 00 00 ]]
[[ DATA: 00 00 00 00 00 00 00 00 00 00 00 00 00 00 00 00 00 00 00 00 ]]
[[ DATA: 00 00 00 00 00 00 00 00 00 00 00 00 00 00 00 00 00 00 00 00 ]]
[[ DATA: 00 00 00 00 00 00 00 00 00 00 00 00 00 00 00 00 00 00 00 00 ]]
[[ DATA: 00 00 00 00 00 00 00 00 00 00 00 00 00 00 00 00 00 00 00 00 ]]
[[ DATA: 00 00 00 00 00 00 00 00 00 00 00 00 00 00 00 00 00 00 00 00 ]]
[[ DATA: 00 00 00 00 00 00 00 00 00 00 00 00 00 00 00 00 00 00 00 00 ]]
[[ DATA: 00 00 00 00 00 00 00 00 00 00 00 00 00 00 00 00 00 00 00 00 ]]
[[ DATA: 00 00 00 00 00 00 00 00 00 00 00 00 00 00 00 00 00 00 00 00 ]]
[[ DATA: 00 00 00 00 00 00 00 00 00 00 00 00 00 00 00 00 00 00 00 00 ]]
[[ DATA: 00 00 00 00 00 00 00 00 00 00 00 00 00 00 00 00 00 00 00 00 ]]
[[ DATA: 00 00 00 00 00 00 00 00 00 00 00 00 00 00 00 00 00 00 00 00 ]]
[[ DATA: 00 00 00 00 00 00 00 00 00 00 00 00 00 00 00 00 00 00 00 00 ]]
[[ DATA: 00 00 00 00 00 00 00 00 00 00 00 00 00 00 00 00 00 00 00 00 ]]
[[ DATA: 00 00 00 00 00 00 00 00 00 00 00 00 00 00 00 00 00 00 00 00 ]]
[[ DATA: 00 00 00 00 00 00 00 00 00 00 00 00 00 00 00 00 00 00 00 00 ]]
[[ DATA: 00 00 00 00 00 00 00 00 00 00 00 00 00 00 00 00 00 00 00 00 ]]
[[ DATA: 00 00 00 00 00 00 00 00 00 00 00 00 00 00 00 00 00 00 00 00 ]]
[[ DATA: 00 00 00 00 00 00 00 00 00 00 00 00 00 00 00 00 00 00 00 00 ]]
[[ DATA: 00 00 00 00 00 00 00 00 00 00 00 00 00 00 00 00 00 00 00 00 ]]
[[ DATA: 00 00 00 00 00 00 00 00 00 00 00 00 00 00 00 00 00 00 00 00 ]]
[[ DATA: 00 00 00 00 00 00 00 00 00 00 00 00 00 00 00 00 00 00 00 00 ]]
[[ DATA: 00 00 00 00 00 00 00 00 00 00 00 00 00 00 00 00 00 00 00 00 ]]
[[ DATA: 00 00 00 00 00 00 00 00 00 00 00 00 00 00 00 00 00 00 00 00 ]]
[[ DATA: 00 00 00 00 00 00 00 00 00 00 00 00 00 00 00 00 00 00 00 00 ]]
[[ DATA: 00 00 00 00 00 00 00 00 00 00 00 00 00 00 00 00 00 00 00 00 ]]
[[ DATA: 00 00 00 00 00 00 00 00 00 00 00 00 00 00 00 00 00 00 00 00 ]]
[[ DATA: 00 00 00 00 00 00 00 00 00 00 00 00 00 00 00 00 00 00 00 00 ]]
[[ DATA: 00 00 00 00 00 00 00 00 00 00 00 00 00 00 00 00 00 00 00 00 ]]
[[ DATA: 00 00 00 00 00 00 00 00 00 00 00 00 00 00 00 00 00 00 00 00 ]]
[[ DATA: 00 00 00 00 00 00 00 00 00 00 00 00 00 00 00 00 00 00 00 00 ]]
[[ DATA: 00 00 00 00 00 00 00 00 00 00 00 00 00 00 00 00 00 00 00 00 ]]
[[ DATA: 00 00 00 00 00 00 00 00 00 00 00 00 00 00 00 00 00 00 00 00 ]]
[[ DATA: 00 00 00 00 00 00 00 00 00 00 00 00 00 00 00 00 00 00 00 00 ]]
[[ DATA: 00 00 00 00 00 00 00 00 00 00 00 00 00 00 00 00 00 00 00 00 ]]
[[ DATA: 00 00 00 00 00 00 00 00 00 00 00 00 00 00 00 00 00 00 00 00 ]]
[[ DATA: 00 00 00 00 00 00 00 00 00 00 00 00 00 00 00 00 00 00 00 00 ]]
[[ DATA: 00 00 00 00 00 00 00 00 00 00 00 00 00 00 00 00 00 00 00 00 ]]
[[ DATA: 00 00 00 00 00 00 00 00 00 00 00 00 00 00 00 00 00 00 00 00 ]]
[[ DATA: 00 00 00 00 00 00 00 00 00 00 00 00 00 00 00 00 00 00 00 00 ]]
[[ DATA: 00 00 00 00 00 00 00 00 00 00 00 00 00 00 00 00 00 00 00 00 ]]
[[ DATA: 00 00 00 00 00 00 00 00 00 00 00 00 00 00 00 00 00 00 00 00 ]]
[[ DATA: 00 00 00 00 00 00 00 00 00 00 00 00 00 00 00 00 00 00 00 00 ]]
[[ DATA: 00 00 00 00 00 00 00 00 00 00 00 00 00 00 00 00 00 00 00 00 ]]
[[ DATA: 00 00 00 00 00 00 00 00 00 00 00 00 00 00 00 00 00 00 00 00 ]]
[[ DATA: 00 00 00 00 00 00 00 00 00 00 00 00 00 00 00 00 00 00 00 00 ]]
[[ DATA: 00 00 00 00 00 00 00 00 00 00 00 00 00 00 00 00 00 00 00 00 ]]
[[ DATA: 00 00 00 00 00 00 00 00 00 00 00 00 00 00 00 00 00 00 00 00 ]]
[[ DATA: 00 00 00 00 00 00 00 00 00 00 00 00 D4 D3 D2 D1 ]]

[[ DevAlert Data Ended. Checksum: 52038 ]]

[[ DevAlert Data Begins ]]
[[ DATA: D1 D2 D3 D4 F0 0F 01 00 71 83 02 00 03 00 07 00 0B 00 00 00 ]]
[[ DATA: 20 00 20 00 10 00 00 00 E8 03 00 00 24 44 55 4D 4D 59 5F 53 ]]
[[ DATA: 45 53 53 49 4F 4E 5F 49 44 00 00 00 00 00 00 00 00 00 00 00 ]]
[[ DATA: 00 00 00 00 24 44 55 4D 4D 59 5F 44 45 56 49 43 45 5F 49 44 ]]
[[ DATA: 00 00 00 00 00 00 00 00 00 00 00 00 00 00 00 00 64 66 6D 5F ]]
[[ DATA: 74 72 61 63 65 2E 70 73 66 73 00 00 00 00 00 00 00 00 00 00 ]]
[[ DATA: 00 00 00 00 00 00 00 00 00 00 00 00 00 00 00 00 00 00 00 00 ]]
[[ DATA: 00 00 00 00 00 00 00 00 00 00 00 00 00 00 00 00 00 00 00 00 ]]
[[ DATA: 00 00 00 00 00 00 00 00 00 00 00 00 00 00 00 00 00 00 00 00 ]]
[[ DATA: 00 00 00 00 00 00 00 00 00 00 00 00 00 00 00 00 00 00 00 00 ]]
[[ DATA: 00 00 00 00 00 00 00 00 00 00 00 00 00 00 00 00 00 00 00 00 ]]
[[ DATA: 00 00 00 00 00 00 00 00 00 00 00 00 00 00 00 00 00 00 00 00 ]]
[[ DATA: 00 00 00 00 00 00 00 00 00 00 00 00 00 00 00 00 00 00 00 00 ]]
[[ DATA: 00 00 00 00 00 00 00 00 00 00 00 00 00 00 00 00 00 00 00 00 ]]
[[ DATA: 00 00 00 00 00 00 00 00 00 00 00 00 00 00 00 00 00 00 00 00 ]]
[[ DATA: 00 00 00 00 00 00 00 00 00 00 00 00 00 00 00 00 00 00 00 00 ]]
[[ DATA: 00 00 00 00 00 00 00 00 00 00 00 00 00 00 00 00 00 00 00 00 ]]
[[ DATA: 00 00 00 00 00 00 00 00 00 00 00 00 00 00 00 00 00 00 00 00 ]]
[[ DATA: 00 00 00 00 00 00 00 00 00 00 00 00 00 00 00 00 00 00 00 00 ]]
[[ DATA: 00 00 00 00 00 00 00 00 00 00 00 00 00 00 00 00 00 00 00 00 ]]
[[ DATA: 00 00 00 00 00 00 00 00 00 00 00 00 00 00 00 00 00 00 00 00 ]]
[[ DATA: 00 00 00 00 00 00 00 00 00 00 00 00 00 00 00 00 00 00 00 00 ]]
[[ DATA: 00 00 00 00 00 00 00 00 00 00 00 00 00 00 00 00 00 00 00 00 ]]
[[ DATA: 00 00 00 00 00 00 00 00 00 00 00 00 00 00 00 00 00 00 00 00 ]]
[[ DATA: 00 00 00 00 00 00 00 00 00 00 00 00 00 00 00 00 00 00 00 00 ]]
[[ DATA: 00 00 00 00 00 00 00 00 00 00 00 00 00 00 00 00 00 00 00 00 ]]
[[ DATA: 00 00 00 00 00 00 00 00 00 00 00 00 00 00 00 00 00 00 00 00 ]]
[[ DATA: 00 00 00 00 00 00 00 00 00 00 00 00 00 00 00 00 00 00 00 00 ]]
[[ DATA: 01 00 00 00 00 00 00 00 00 00 00 00 00 00 00 00 00 00 00 00 ]]
[[ DATA: 00 00 00 00 00 00 00 00 00 00 00 00 00 00 00 00 00 00 00 00 ]]
[[ DATA: 00 00 00 00 0C 19 00 20 00 00 00 00 00 00 00 00 00 00 00 00 ]]
[[ DATA: 00 00 00 00 41 4C 45 52 54 00 00 00 00 00 00 00 00 00 00 00 ]]
[[ DATA: 00 00 00 00 00 00 00 00 00 00 00 00 3C 19 00 20 00 00 00 00 ]]
[[ DATA: 00 00 00 00 00 00 00 00 00 00 00 00 44 46 4D 20 54 65 73 74 ]]
[[ DATA: 73 00 00 00 00 00 00 00 00 00 00 00 00 00 00 00 00 00 00 00 ]]
[[ DATA: CC 2C 00 20 00 00 00 00 00 00 00 00 00 00 00 00 00 00 00 00 ]]
[[ DATA: 54 7A 43 74 72 6C 00 00 00 00 00 00 00 00 00 00 00 00 00 00 ]]
[[ DATA: 00 00 00 00 00 00 00 00 F0 0C 00 20 FF FF FF FF 00 00 00 00 ]]
[[ DATA: 00 00 00 00 00 00 00 00 73 79 73 77 6F 72 6B 71 00 00 00 00 ]]
[[ DATA: 00 00 00 00 00 00 00 00 00 00 00 00 00 00 00 00 90 0A 00 20 ]]
[[ DATA: 0F 00 00 00 00 00 00 00 00 00 00 00 00 00 00 00 69 64 6C 65 ]]
[[ DATA: 00 00 00 00 00 00 00 00 00 00 00 00 00 00 00 00 00 00 00 00 ]]
[[ DATA: 00 00 00 00 50 0B 00 20 00 00 00 00 00 00 00 00 00 00 00 00 ]]
[[ DATA: 00 00 00 00 6D 61 69 6E 00 00 00 00 00 00 00 00 00 00 00 00 ]]
[[ DATA: 00 00 00 00 00 00 00 00 00 00 00 00 00 10 00 00 D0 06 00 00 ]]
[[ DATA: 00 00 00 00 D4 0F 00 00 01 00 00 00 00 00 00 00 D4 0F 00 00 ]]
[[ DATA: 00 00 00 00 D0 06 00 00 00 00 00 00 00 00 00 00 5C 1A 00 20 ]]
[[ DATA: 01 10 85 00 B1 B3 6F 20 50 0B 00 20 2A 10 86 00 15 DD 70 20 ]]
[[ DATA: 2C 01 00 00 37 20 87 00 C2 E6 70 20 90 0A 00 20 0F 00 00 00 ]]
[[ DATA: 30 10 88 00 6D 9D 59 21 CC 2C 00 20 37 20 89 00 D8 A7 59 21 ]]
[[ DATA: CC 2C 00 20 00 00 00 00 2B 10 8A 00 28 AB 59 21 00 00 00 00 ]]
[[ DATA: EA 20 8B 00 EF C7 59 21 CC 2C 00 20 3C 03 00 00 2A 10 8C 00 ]]
[[ DATA: 0C CA 59 21 FA 00 00 00 37 20 8D 00 C4 D2 59 21 90 0A 00 20 ]]
[[ DATA: 0F 00 00 00 30 10 8E 00 10 1A 4E 23 50 0B 00 20 37 20 8F 00 ]]
[[ DATA: CE 23 4E 23 50 0B 00 20 00 00 00 00 2B 10 90 00 0E 27 4E 23 ]]
[[ DATA: 00 00 00 00 92 50 91 00 18 20 4F 23 D4 D3 D2 D1 ]]

[[ DevAlert Data Ended. Checksum: 45590 ]]

[[ DevAlert Data Begins ]]
[[ DATA: D1 D2 D3 D4 F0 0F 01 00 71 83 02 00 04 00 07 00 0B 00 00 00 ]]
[[ DATA: 20 00 20 00 10 00 00 00 E8 03 00 00 24 44 55 4D 4D 59 5F 53 ]]
[[ DATA: 45 53 53 49 4F 4E 5F 49 44 00 00 00 00 00 00 00 00 00 00 00 ]]
[[ DATA: 00 00 00 00 24 44 55 4D 4D 59 5F 44 45 56 49 43 45 5F 49 44 ]]
[[ DATA: 00 00 00 00 00 00 00 00 00 00 00 00 00 00 00 00 64 66 6D 5F ]]
[[ DATA: 74 72 61 63 65 2E 70 73 66 73 00 00 3C 19 00 20 FA 03 00 00 ]]
[[ DATA: 54 25 75 20 42 45 47 49 4E 00 44 46 6A 10 92 00 D2 23 4F 23 ]]
[[ DATA: D8 00 00 20 10 30 93 00 94 7C 4F 23 C0 09 00 20 00 06 00 00 ]]
[[ DATA: 01 00 00 00 5D 11 94 00 18 7F 4F 23 C0 09 00 20 30 10 95 00 ]]
[[ DATA: 16 82 4F 23 C0 09 00 20 67 30 96 00 57 85 4F 23 D8 00 00 20 ]]
[[ DATA: 10 27 00 00 00 00 00 00 37 20 97 00 91 90 4F 23 C0 09 00 20 ]]
[[ DATA: 01 00 00 00 92 70 98 00 84 C2 4F 23 3C 19 00 20 00 06 00 00 ]]
[[ DATA: 54 31 30 31 38 20 53 54 41 43 4B 20 73 69 7A 65 3D 25 75 00 ]]
[[ DATA: 92 80 99 00 6B C6 4F 23 3C 19 00 20 B4 05 00 00 54 31 30 31 ]]
[[ DATA: 38 20 53 54 41 43 4B 20 75 6E 75 73 65 64 3D 25 75 00 54 65 ]]
[[ DATA: 91 A0 9A 00 85 08 50 23 0C 19 00 20 54 65 73 74 20 31 30 31 ]]
[[ DATA: 38 20 61 74 20 74 65 73 74 5F 62 6F 75 6E 64 61 72 69 65 73 ]]
[[ DATA: 2E 63 3A 35 31 00 00 00 30 10 9B 00 1F 45 25 24 CC 2C 00 20 ]]
[[ DATA: 37 20 9C 00 83 54 25 24 CC 2C 00 20 00 00 00 00 2B 10 9D 00 ]]
[[ DATA: D0 57 25 24 00 00 00 00 EA 20 9E 00 5A 83 25 24 C0 09 00 20 ]]
[[ DATA: 14 05 00 00 2A 10 9F 00 77 85 25 24 FA 00 00 00 37 20 A0 00 ]]
[[ DATA: EC 92 25 24 C0 09 00 20 01 00 00 00 51 20 A1 00 67 BE 25 24 ]]
[[ DATA: D8 00 00 20 00 00 00 00 30 10 A2 00 6F C1 25 24 50 0B 00 20 ]]
[[ DATA: 37 20 A3 00 A3 C9 25 24 50 0B 00 20 00 00 00 00 61 30 A4 00 ]]
[[ DATA: 2C CC 25 24 D8 00 00 20 00 00 00 00 00 00 00 00 2A 10 A5 00 ]]
[[ DATA: 0F 1B 33 24 2C 01 00 00 37 20 A6 00 4C 25 33 24 C0 09 00 20 ]]
[[ DATA: 01 00 00 00 20 10 A7 00 78 2E 33 24 C0 09 00 20 37 20 A8 00 ]]
[[ DATA: 89 34 33 24 90 0A 00 20 0F 00 00 00 30 10 A9 00 04 BD 89 26 ]]
[[ DATA: CC 2C 00 20 37 20 AA 00 CB C6 89 26 CC 2C 00 20 00 00 00 00 ]]
[[ DATA: 2B 10 AB 00 0B CA 89 26 00 00 00 00 EA 20 AC 00 87 DE 89 26 ]]
[[ DATA: 50 0B 00 20 34 02 00 00 2A 10 AD 00 9E E0 89 26 FA 00 00 00 ]]
[[ DATA: 37 20 AE 00 5C E9 89 26 90 0A 00 20 0F 00 00 00 30 10 AF 00 ]]
[[ DATA: 07 04 10 27 50 0B 00 20 37 20 B0 00 35 0E 10 27 50 0B 00 20 ]]
[[ DATA: 00 00 00 00 2B 10 B1 00 75 11 10 27 00 00 00 00 92 50 B2 00 ]]
[[ DATA: 87 0A 11 27 3C 19 00 20 FB 03 00 00 54 25 75 20 42 45 47 49 ]]
[[ DATA: 4E 00 44 46 92 C0 B3 00 04 A2 12 27 3C 19 00 20 0A 00 00 00 ]]
[[ DATA: 54 31 30 31 39 41 20 4D 53 47 20 63 68 61 72 73 3D 25 75 20 ]]
[[ DATA: 66 6F 72 6D 61 74 74 65 64 5F 6D 61 78 3D 34 39 00 54 31 30 ]]
[[ DATA: 91 A0 B4 00 FB E6 12 27 0C 19 00 20 54 65 73 74 20 31 30 31 ]]
[[ DATA: 39 41 20 61 74 20 74 65 73 74 5F 62 6F 75 6E 64 61 72 69 65 ]]
[[ DATA: 73 2E 63 3A 31 30 30 00 91 A0 B5 00 C3 9A 2C 28 3C 19 00 20 ]]
[[ DATA: 54 31 30 31 39 42 20 52 45 54 55 52 4E 20 66 69 72 73 74 20 ]]
[[ DATA: 74 72 61 70 20 63 6F 6D 70 6C 65 74 65 64 00 54 91 A0 B6 00 ]]
[[ DATA: A5 DE 2C 28 0C 19 00 20 54 65 73 74 20 31 30 31 39 42 20 61 ]]
[[ DATA: 74 20 74 65 73 74 5F 62 6F 75 6E 64 61 72 69 65 73 2E 63 3A ]]
[[ DATA: 31 30 33 00 30 10 B7 00 B5 6E 2A 29 CC 2C 00 20 2A 10 B8 00 ]]
[[ DATA: 72 94 2B 29 2C 01 00 00 37 20 B9 00 B5 A2 2B 29 CC 2C 00 20 ]]
[[ DATA: 00 00 00 00 2B 10 BA 00 FF A5 2B 29 00 00 00 00 EA 20 BB 00 ]]
[[ DATA: 89 B0 2B 29 90 0A 00 20 F4 00 00 00 2A 10 BC 00 A1 B2 2B 29 ]]
[[ DATA: FA 00 00 00 37 20 BD 00 72 BC 2B 29 90 0A 00 20 0F 00 00 00 ]]
[[ DATA: 30 10 BE 00 FE 5B 90 2B CC 2C 00 20 37 20 BF 00 BC 65 90 2B ]]
[[ DATA: CC 2C 00 20 00 00 00 00 2B 10 C0 00 FC 68 90 2B 00 00 00 00 ]]
[[ DATA: EA 20 C1 00 70 83 90 2B F0 0C 00 20 F4 02 00 00 2A 10 C2 00 ]]
[[ DATA: 87 85 90 2B FA 00 00 00 37 20 C3 00 3F 8E 90 2B 90 0A 00 20 ]]
[[ DATA: 0F 00 00 00 30 10 C4 00 07 6E 0A 2C 50 0B 00 20 37 20 C5 00 ]]
[[ DATA: 35 78 0A 2C 50 0B 00 20 00 00 00 00 D4 D3 D2 D1 ]]

[[ DevAlert Data Ended. Checksum: 17683 ]]

[[ DevAlert Data Begins ]]
[[ DATA: D1 D2 D3 D4 F0 0F 01 00 71 83 02 00 05 00 07 00 0B 00 00 00 ]]
[[ DATA: 20 00 20 00 10 00 00 00 E8 03 00 00 24 44 55 4D 4D 59 5F 53 ]]
[[ DATA: 45 53 53 49 4F 4E 5F 49 44 00 00 00 00 00 00 00 00 00 00 00 ]]
[[ DATA: 00 00 00 00 24 44 55 4D 4D 59 5F 44 45 56 49 43 45 5F 49 44 ]]
[[ DATA: 00 00 00 00 00 00 00 00 00 00 00 00 00 00 00 00 64 66 6D 5F ]]
[[ DATA: 74 72 61 63 65 2E 70 73 66 73 00 00 2B 10 C6 00 75 7B 0A 2C ]]
[[ DATA: 00 00 00 00 92 50 C7 00 79 74 0B 2C 3C 19 00 20 FD 03 00 00 ]]
[[ DATA: 54 25 75 20 42 45 47 49 4E 00 44 46 6A 10 C8 00 41 78 0B 2C ]]
[[ DATA: EC 00 00 20 04 20 C9 00 99 7C 0B 2C 50 0B 00 20 05 00 00 00 ]]
[[ DATA: 92 90 CA 00 50 80 0B 2C 3C 19 00 20 05 00 00 00 54 31 30 32 ]]
[[ DATA: 31 20 44 41 54 41 20 63 75 72 72 65 6E 74 5F 70 72 69 6F 3D ]]
[[ DATA: 25 64 00 54 92 80 CB 00 97 84 0B 2C 3C 19 00 20 00 00 00 00 ]]
[[ DATA: 54 31 30 32 31 20 44 41 54 41 20 68 69 67 68 5F 70 72 69 6F ]]
[[ DATA: 3D 25 64 00 10 30 CC 00 F3 C1 0B 2C 00 01 00 20 00 04 00 00 ]]
[[ DATA: 00 00 00 00 5D 11 CD 00 77 C4 0B 2C 00 01 00 20 30 10 CE 00 ]]
[[ DATA: 75 C7 0B 2C 00 01 00 20 91 E0 CF 00 9F CC 0B 2C 3C 19 00 20 ]]
[[ DATA: 54 31 30 32 31 41 20 53 54 41 54 45 20 68 69 67 68 20 74 68 ]]
[[ DATA: 72 65 61 64 20 72 65 61 64 79 3B 20 73 63 68 65 64 75 6C 65 ]]
[[ DATA: 72 20 6C 6F 63 6B 65 64 00 54 65 73 91 A0 D0 00 25 12 0C 2C ]]
[[ DATA: 0C 19 00 20 54 65 73 74 20 31 30 32 31 41 20 61 74 20 74 65 ]]
[[ DATA: 73 74 5F 63 6F 6E 74 65 78 74 73 2E 63 3A 32 34 36 00 33 00 ]]
[[ DATA: 92 90 D1 00 66 C9 2E 2D 3C 19 00 20 00 00 00 00 54 31 30 32 ]]
[[ DATA: 31 41 20 52 45 54 55 52 4E 20 68 69 67 68 5F 72 61 6E 3D 25 ]]
[[ DATA: 75 00 54 31 37 20 D2 00 FC D3 2E 2D 00 01 00 20 00 00 00 00 ]]
[[ DATA: 51 20 D3 00 C1 D6 2E 2D EC 00 00 20 00 00 00 00 20 10 D4 00 ]]
[[ DATA: 14 E1 2E 2D 00 01 00 20 37 20 D5 00 5D E7 2E 2D 50 0B 00 20 ]]
[[ DATA: 05 00 00 00 61 30 D6 00 8E EA 2E 2D EC 00 00 20 00 00 00 00 ]]
[[ DATA: 00 00 00 00 92 80 D7 00 1A EE 2E 2D 3C 19 00 20 01 00 00 00 ]]
[[ DATA: 54 31 30 32 31 42 20 50 4F 53 54 20 68 69 67 68 5F 72 61 6E ]]
[[ DATA: 3D 25 75 00 92 70 D8 00 18 F2 2E 2D 3C 19 00 20 00 00 00 00 ]]
[[ DATA: 54 31 30 32 31 42 20 50 4F 53 54 20 77 61 69 74 3D 25 64 00 ]]
[[ DATA: 04 20 D9 00 07 F6 2E 2D 50 0B 00 20 00 00 00 00 91 A0 DA 00 ]]
[[ DATA: 0F 1B 34 2D 0C 19 00 20 54 65 73 74 20 31 30 32 31 42 20 61 ]]
[[ DATA: 74 20 74 65 73 74 5F 63 6F 6E 74 65 78 74 73 2E 63 3A 32 36 ]]
[[ DATA: 34 00 33 00 2C 01 00 00 37 20 5F 00 AF 2E 1E 12 CC 2C 00 20 ]]
[[ DATA: 00 00 00 00 2B 10 60 00 F7 31 1E 12 00 00 00 00 EA 20 61 00 ]]
[[ DATA: B9 4E 1E 12 CC 2C 00 20 3C 03 00 00 2A 10 62 00 D1 50 1E 12 ]]
[[ DATA: FA 00 00 00 37 20 63 00 A2 5A 1E 12 90 0A 00 20 0F 00 00 00 ]]
[[ DATA: 30 10 64 00 FE 09 81 14 CC 2C 00 20 37 20 65 00 BC 13 81 14 ]]
[[ DATA: CC 2C 00 20 00 00 00 00 2B 10 66 00 FC 16 81 14 00 00 00 00 ]]
[[ DATA: EA 20 67 00 30 2D 81 14 50 0B 00 20 6C 02 00 00 2A 10 68 00 ]]
[[ DATA: 47 2F 81 14 FA 00 00 00 37 20 69 00 FF 37 81 14 90 0A 00 20 ]]
[[ DATA: 0F 00 00 00 30 10 6A 00 07 1C FB 14 50 0B 00 20 37 20 6B 00 ]]
[[ DATA: 35 26 FB 14 50 0B 00 20 00 00 00 00 2B 10 6C 00 75 29 FB 14 ]]
[[ DATA: 00 00 00 00 92 50 6D 00 F9 14 FC 14 3C 19 00 20 F8 03 00 00 ]]
[[ DATA: 54 25 75 20 42 45 47 49 4E 00 44 46 91 90 6E 00 BA 19 FC 14 ]]
[[ DATA: 3C 19 00 20 54 31 30 31 36 41 20 41 43 54 49 4F 4E 20 73 77 ]]
[[ DATA: 69 74 63 68 20 50 53 50 20 2D 3E 20 4D 53 50 00 92 70 6F 00 ]]
[[ DATA: 1C 1E FC 14 3C 19 00 20 00 00 00 00 54 31 30 31 36 41 20 43 ]]
[[ DATA: 54 58 20 49 50 53 52 3D 25 75 00 54 92 80 70 00 1A 22 FC 14 ]]
[[ DATA: 3C 19 00 20 00 00 00 00 54 31 30 31 36 41 20 43 54 58 20 43 ]]
[[ DATA: 4F 4E 54 52 4F 4C 3D 25 30 38 58 00 91 A0 71 00 6F 33 FC 14 ]]
[[ DATA: 0C 19 00 20 54 65 73 74 20 31 30 31 36 41 20 61 74 20 74 65 ]]
[[ DATA: 73 74 5F 63 6F 6E 74 65 78 74 73 2E 63 3A 31 37 32 00 00 00 ]]
[[ DATA: 92 90 72 00 5F B3 6D 1B 3C 19 00 20 00 00 00 00 54 31 30 31 ]]
[[ DATA: 36 42 20 52 45 54 55 52 4E 20 74 72 D4 D3 D2 D1 ]]

[[ DevAlert Data Ended. Checksum: 33058 ]]

[[ DevAlert Data Begins ]]
[[ DATA: D1 D2 D3 D4 F0 0F 01 00 71 83 02 00 06 00 07 00 0B 00 00 00 ]]
[[ DATA: 20 00 20 00 10 00 00 00 E8 03 00 00 24 44 55 4D 4D 59 5F 53 ]]
[[ DATA: 45 53 53 49 4F 4E 5F 49 44 00 00 00 00 00 00 00 00 00 00 00 ]]
[[ DATA: 00 00 00 00 24 44 55 4D 4D 59 5F 44 45 56 49 43 45 5F 49 44 ]]
[[ DATA: 00 00 00 00 00 00 00 00 00 00 00 00 00 00 00 00 64 66 6D 5F ]]
[[ DATA: 74 72 61 63 65 2E 70 73 66 73 00 00 61 70 5F 43 54 4C 3D 25 ]]
[[ DATA: 30 38 58 00 92 90 73 00 D1 B7 6D 1B 3C 19 00 20 02 00 00 00 ]]
[[ DATA: 54 31 30 31 36 42 20 52 45 54 55 52 4E 20 6E 6F 77 5F 43 54 ]]
[[ DATA: 4C 3D 25 30 38 58 00 4D 91 A0 74 00 12 5A 75 1B 0C 19 00 20 ]]
[[ DATA: 54 65 73 74 20 31 30 31 36 42 20 61 74 20 74 65 73 74 5F 63 ]]
[[ DATA: 6F 6E 74 65 78 74 73 2E 63 3A 32 30 31 00 00 00 2A 10 75 00 ]]
[[ DATA: A7 5E 91 1C 2C 01 00 00 37 20 76 00 EE 6C 91 1C CC 2C 00 20 ]]
[[ DATA: 00 00 00 00 2B 10 77 00 38 70 91 1C 00 00 00 00 EA 20 78 00 ]]
[[ DATA: BC 7A 91 1C 90 0A 00 20 F4 00 00 00 2A 10 79 00 D6 7C 91 1C ]]
[[ DATA: FA 00 00 00 37 20 7A 00 A7 86 91 1C 90 0A 00 20 0F 00 00 00 ]]
[[ DATA: 30 10 7B 00 17 D2 F4 1E CC 2C 00 20 37 20 7C 00 00 DC F4 1E ]]
[[ DATA: CC 2C 00 20 00 00 00 00 2B 10 7D 00 42 DF F4 1E 00 00 00 00 ]]
[[ DATA: EA 20 7E 00 B8 F9 F4 1E F0 0C 00 20 F4 02 00 00 2A 10 7F 00 ]]
[[ DATA: D1 FB F4 1E FA 00 00 00 37 20 80 00 8B 04 F5 1E 90 0A 00 20 ]]
[[ DATA: 0F 00 00 00 30 10 81 00 09 E4 6E 1F 50 0B 00 20 37 20 82 00 ]]
[[ DATA: 39 EE 6E 1F 50 0B 00 20 00 00 00 00 2B 10 83 00 7B F1 6E 1F ]]
[[ DATA: 00 00 00 00 92 50 84 00 96 EA 6F 1F 3C 19 00 20 F9 03 00 00 ]]
[[ DATA: 54 25 75 20 42 45 47 49 4E 00 44 46 00 00 00 00 00 00 00 00 ]]
[[ DATA: 00 00 00 00 00 00 00 00 00 00 00 00 00 00 00 00 00 00 00 00 ]]
[[ DATA: 00 00 00 00 00 00 00 00 00 00 00 00 00 00 00 00 00 00 00 00 ]]
[[ DATA: 00 00 00 00 00 00 00 00 00 00 00 00 00 00 00 00 00 00 00 00 ]]
[[ DATA: 00 00 00 00 00 00 00 00 00 00 00 00 00 00 00 00 00 00 00 00 ]]
[[ DATA: 00 00 00 00 00 00 00 00 00 00 00 00 00 00 00 00 00 00 00 00 ]]
[[ DATA: 00 00 00 00 00 00 00 00 00 00 00 00 00 00 00 00 00 00 00 00 ]]
[[ DATA: 00 00 00 00 00 00 00 00 00 00 00 00 00 00 00 00 00 00 00 00 ]]
[[ DATA: 00 00 00 00 00 00 00 00 00 00 00 00 00 00 00 00 00 00 00 00 ]]
[[ DATA: 00 00 00 00 00 00 00 00 00 00 00 00 00 00 00 00 00 00 00 00 ]]
[[ DATA: 00 00 00 00 00 00 00 00 00 00 00 00 00 00 00 00 00 00 00 00 ]]
[[ DATA: 00 00 00 00 00 00 00 00 00 00 00 00 00 00 00 00 00 00 00 00 ]]
[[ DATA: 00 00 00 00 00 00 00 00 00 00 00 00 00 00 00 00 00 00 00 00 ]]
[[ DATA: 00 00 00 00 00 00 00 00 00 00 00 00 00 00 00 00 00 00 00 00 ]]
[[ DATA: 00 00 00 00 00 00 00 00 00 00 00 00 00 00 00 00 00 00 00 00 ]]
[[ DATA: 00 00 00 00 00 00 00 00 00 00 00 00 00 00 00 00 00 00 00 00 ]]
[[ DATA: 00 00 00 00 00 00 00 00 00 00 00 00 00 00 00 00 00 00 00 00 ]]
[[ DATA: 00 00 00 00 00 00 00 00 00 00 00 00 00 00 00 00 00 00 00 00 ]]
[[ DATA: 00 00 00 00 00 00 00 00 00 00 00 00 00 00 00 00 00 00 00 00 ]]
[[ DATA: 00 00 00 00 00 00 00 00 00 00 00 00 00 00 00 00 00 00 00 00 ]]
[[ DATA: 00 00 00 00 00 00 00 00 00 00 00 00 00 00 00 00 00 00 00 00 ]]
[[ DATA: 00 00 00 00 00 00 00 00 00 00 00 00 00 00 00 00 00 00 00 00 ]]
[[ DATA: 00 00 00 00 00 00 00 00 00 00 00 00 00 00 00 00 00 00 00 00 ]]
[[ DATA: 00 00 00 00 00 00 00 00 00 00 00 00 00 00 00 00 00 00 00 00 ]]
[[ DATA: 00 00 00 00 00 00 00 00 00 00 00 00 00 00 00 00 00 00 00 00 ]]
[[ DATA: 00 00 00 00 00 00 00 00 00 00 00 00 00 00 00 00 00 00 00 00 ]]
[[ DATA: 00 00 00 00 00 00 00 00 00 00 00 00 00 00 00 00 00 00 00 00 ]]
[[ DATA: 00 00 00 00 00 00 00 00 00 00 00 00 00 00 00 00 00 00 00 00 ]]
[[ DATA: 00 00 00 00 00 00 00 00 00 00 00 00 00 00 00 00 00 00 00 00 ]]
[[ DATA: 00 00 00 00 00 00 00 00 00 00 00 00 00 00 00 00 00 00 00 00 ]]
[[ DATA: 00 00 00 00 00 00 00 00 00 00 00 00 00 00 00 00 00 00 00 00 ]]
[[ DATA: 00 00 00 00 00 00 00 00 00 00 00 00 00 00 00 00 00 00 00 00 ]]
[[ DATA: 00 00 00 00 00 00 00 00 00 00 00 00 00 00 00 00 00 00 00 00 ]]
[[ DATA: 00 00 00 00 00 00 00 00 00 00 00 00 D4 D3 D2 D1 ]]

[[ DevAlert Data Ended. Checksum: 23792 ]]

[[ DevAlert Data Begins ]]
[[ DATA: D1 D2 D3 D4 F0 0F 01 00 71 83 02 00 07 00 07 00 0B 00 00 00 ]]
[[ DATA: 20 00 20 00 10 00 00 00 80 03 00 00 24 44 55 4D 4D 59 5F 53 ]]
[[ DATA: 45 53 53 49 4F 4E 5F 49 44 00 00 00 00 00 00 00 00 00 00 00 ]]
[[ DATA: 00 00 00 00 24 44 55 4D 4D 59 5F 44 45 56 49 43 45 5F 49 44 ]]
[[ DATA: 00 00 00 00 00 00 00 00 00 00 00 00 00 00 00 00 64 66 6D 5F ]]
[[ DATA: 74 72 61 63 65 2E 70 73 66 73 00 00 00 00 00 00 00 00 00 00 ]]
[[ DATA: 00 00 00 00 00 00 00 00 00 00 00 00 00 00 00 00 00 00 00 00 ]]
[[ DATA: 00 00 00 00 00 00 00 00 00 00 00 00 00 00 00 00 00 00 00 00 ]]
[[ DATA: 00 00 00 00 00 00 00 00 00 00 00 00 00 00 00 00 00 00 00 00 ]]
[[ DATA: 00 00 00 00 00 00 00 00 00 00 00 00 00 00 00 00 00 00 00 00 ]]
[[ DATA: 00 00 00 00 00 00 00 00 00 00 00 00 00 00 00 00 00 00 00 00 ]]
[[ DATA: 00 00 00 00 00 00 00 00 00 00 00 00 00 00 00 00 00 00 00 00 ]]
[[ DATA: 00 00 00 00 00 00 00 00 00 00 00 00 00 00 00 00 00 00 00 00 ]]
[[ DATA: 00 00 00 00 00 00 00 00 00 00 00 00 00 00 00 00 00 00 00 00 ]]
[[ DATA: 00 00 00 00 00 00 00 00 00 00 00 00 00 00 00 00 00 00 00 00 ]]
[[ DATA: 00 00 00 00 00 00 00 00 00 00 00 00 00 00 00 00 00 00 00 00 ]]
[[ DATA: 00 00 00 00 00 00 00 00 00 00 00 00 00 00 00 00 00 00 00 00 ]]
[[ DATA: 00 00 00 00 00 00 00 00 00 00 00 00 00 00 00 00 00 00 00 00 ]]
[[ DATA: 00 00 00 00 00 00 00 00 00 00 00 00 00 00 00 00 00 00 00 00 ]]
[[ DATA: 00 00 00 00 00 00 00 00 00 00 00 00 00 00 00 00 00 00 00 00 ]]
[[ DATA: 00 00 00 00 00 00 00 00 00 00 00 00 00 00 00 00 00 00 00 00 ]]
[[ DATA: 00 00 00 00 00 00 00 00 00 00 00 00 00 00 00 00 00 00 00 00 ]]
[[ DATA: 00 00 00 00 00 00 00 00 00 00 00 00 00 00 00 00 00 00 00 00 ]]
[[ DATA: 00 00 00 00 00 00 00 00 00 00 00 00 00 00 00 00 00 00 00 00 ]]
[[ DATA: 00 00 00 00 00 00 00 00 00 00 00 00 00 00 00 00 00 00 00 00 ]]
[[ DATA: 00 00 00 00 00 00 00 00 00 00 00 00 00 00 00 00 00 00 00 00 ]]
[[ DATA: 00 00 00 00 00 00 00 00 00 00 00 00 00 00 00 00 00 00 00 00 ]]
[[ DATA: 00 00 00 00 00 00 00 00 00 00 00 00 00 00 00 00 00 00 00 00 ]]
[[ DATA: 00 00 00 00 00 00 00 00 00 00 00 00 00 00 00 00 00 00 00 00 ]]
[[ DATA: 00 00 00 00 00 00 00 00 00 00 00 00 00 00 00 00 00 00 00 00 ]]
[[ DATA: 00 00 00 00 00 00 00 00 00 00 00 00 00 00 00 00 00 00 00 00 ]]
[[ DATA: 00 00 00 00 00 00 00 00 00 00 00 00 00 00 00 00 00 00 00 00 ]]
[[ DATA: 00 00 00 00 00 00 00 00 00 00 00 00 00 00 00 00 00 00 00 00 ]]
[[ DATA: 00 00 00 00 00 00 00 00 00 00 00 00 00 00 00 00 00 00 00 00 ]]
[[ DATA: 00 00 00 00 00 00 00 00 00 00 00 00 00 00 00 00 00 00 00 00 ]]
[[ DATA: 00 00 00 00 00 00 00 00 00 00 00 00 00 00 00 00 00 00 00 00 ]]
[[ DATA: 00 00 00 00 00 00 00 00 00 00 00 00 00 00 00 00 00 00 00 00 ]]
[[ DATA: 00 00 00 00 00 00 00 00 00 00 00 00 00 00 00 00 00 00 00 00 ]]
[[ DATA: 00 00 00 00 00 00 00 00 00 00 00 00 00 00 00 00 00 00 00 00 ]]
[[ DATA: 00 00 00 00 00 00 00 00 00 00 00 00 00 00 00 00 00 00 00 00 ]]
[[ DATA: 00 00 00 00 00 00 00 00 00 00 00 00 00 00 00 00 00 00 00 00 ]]
[[ DATA: 00 00 00 00 00 00 00 00 00 00 00 00 00 00 00 00 00 00 00 00 ]]
[[ DATA: 00 00 00 00 00 00 00 00 00 00 00 00 00 00 00 00 00 00 00 00 ]]
[[ DATA: 00 00 00 00 00 00 00 00 00 00 00 00 00 00 00 00 00 00 00 00 ]]
[[ DATA: 00 00 00 00 00 00 00 00 00 00 00 00 00 00 00 00 00 00 00 00 ]]
[[ DATA: 00 00 00 00 00 00 00 00 00 00 00 00 00 00 00 00 00 00 00 00 ]]
[[ DATA: 00 00 00 00 00 00 00 00 00 00 00 00 00 00 00 00 00 00 00 00 ]]
[[ DATA: 00 00 00 00 00 00 00 00 00 00 00 00 00 00 00 00 00 00 00 00 ]]
[[ DATA: 00 00 00 00 00 00 00 00 00 00 00 00 00 00 00 00 00 00 00 00 ]]
[[ DATA: 00 00 00 00 00 00 00 00 00 00 00 00 0A 0B 0C 0D 71 72 73 74 ]]
[[ DATA: F1 F2 F3 F4 00 00 00 00 D4 D3 D2 D1 ]]

[[ DevAlert Data Ended. Checksum: 3371 ]]
DFMT:RETURNED:1021:0
DFMT:BEGIN:1010:14
DFMT:REBOOT_EXPECTED:1010:startup
*** Booting Zephyr OS build v4.4.0-12302-gc0bba90c366a ***
Starting Percepio Detect test
DFMT:BOOT:m3_os:098fe75d:phase=5:index=14:reboots=3
DFMT:RETURNED:1010:startup:ipsr=0:control=0x2
DFMT:CHECK:1010:PASS:THREAD_MODE
DFMT:CHECK:1010:PASS:PSP_SELECTED
DFMT:RESUMED:1010:END
DFMT:CHECK:HARNESS:PASS:TRACE_CHANNEL_REGISTERED
DFMT:SUITE_COMPLETE:m3_os:098fe75d
